origin,destination,time,dest_alt1,dest_alt2,dest_alt3,value
4,5,43206.569821566096,999999,2,3,1
1,5,43219.99578815405,999999,6,2,1
1,6,43222.45775347315,999999,5,0,1
6,1,43222.45775347315,999999,6,5,1
5,2,43228.65883698218,999999,3,0,1
8,5,43228.65883698218,999999,6,2,1
1,1,43230.61819705938,5,999999,6,1
1,8,43240.94471146854,999999,1,5,1
4,6,43240.94471146854,7,0,999999,1
1,2,43241.106283159155,999999,0,3,1
1,6,43241.106283159155,6,999999,5,1
5,6,43241.106283159155,999999,6,6,1
6,1,43241.106283159155,7,999999,6,1
4,5,43271.24632327174,999999,5,3,1
6,6,43271.24632327174,999999,8,1,1
5,1,43272.37091438689,999999,1,3,1
5,2,43272.37091438689,999999,5,2,1
6,2,43272.37091438689,5,6,999999,1
1,6,43273.70232898347,2,4,5,1
6,5,43277.19704528414,1,999999,8,1
6,5,43277.19704528414,999999,1,4,1
5,1,43281.32420871746,5,999999,5,1
6,7,43288.781102337685,999999,5,6,1
4,5,43294.018626472265,999999,1,6,1
5,2,43294.018626472265,999999,5,3,1
6,7,43294.018626472265,999999,5,6,1
1,8,43294.31320782413,999999,0,3,1
5,4,43299.182533298175,999999,8,2,1
6,2,43301.381347133334,999999,4,1,1
6,6,43301.381347133334,4,999999,5,1
5,5,43305.822187132515,5,999999,1,1
6,8,43305.822187132515,5,999999,5,1
8,0,43308.155423294214,999999,6,1,1
8,6,43308.155423294214,999999,6,1,1
6,2,43310.72696286827,999999,5,8,1
1,4,43315.592451019016,999999,3,5,1
4,8,43320.107463577406,999999,5,0,1
5,5,43320.107463577406,7,3,999999,1
8,2,43320.107463577406,999999,3,0,1
5,1,43323.65050429588,999999,7,4,1
6,5,43323.65050429588,999999,5,0,1
5,6,43326.24061130444,1,1,8,1
6,6,43326.24061130444,999999,6,5,1
8,8,43326.24061130444,2,999999,1,1
1,3,43332.005694659856,999999,6,8,1
5,1,43332.005694659856,2,3,4,1
5,2,43332.005694659856,999999,6,1,1
6,5,43332.44402470776,2,999999,6,1
8,5,43332.44402470776,999999,6,6,1
5,5,43339.55166682919,999999,4,0,1
6,6,43339.55166682919,999999,6,8,1
1,3,43350.0821657834,999999,5,6,1
5,6,43350.0821657834,999999,2,1,1
6,6,43372.747455932236,8,6,3,1
6,1,43375.40437051272,999999,7,6,1
6,7,43375.40437051272,1,999999,2,1
6,5,43376.43127977391,999999,1,2,1
6,5,43376.43127977391,999999,1,8,1
1,0,43387.26876008727,999999,2,6,1
4,7,43387.26876008727,999999,6,5,1
5,5,43387.26876008727,999999,8,4,1
6,8,43387.26876008727,999999,0,5,1
5,8,43393.965418728985,2,999999,1,1
5,5,43403.39240559717,999999,1,3,1
6,5,43414.511002509935,999999,2,6,1
5,6,43414.95147326364,999999,1,2,1
5,0,43416.25711403224,999999,8,7,1
5,4,43419.86703343866,999999,3,1,1
6,0,43419.86703343866,5,3,999999,1
5,4,43425.263481986425,999999,1,6,1
4,2,43426.636272828924,999999,5,4,1
5,5,43426.636272828924,2,999999,4,1
8,6,43426.700524991844,999999,8,6,1
5,4,43430.84066708242,999999,6,1,1
6,6,43436.21284984593,999999,3,0,1
8,6,43436.21284984593,999999,8,1,1
1,6,43438.78416987149,2,999999,5,1
2,6,43438.78416987149,999999,5,5,1
4,2,43438.78416987149,999999,6,1,1
6,0,43439.71125012715,3,5,999999,1
5,0,43442.41425064092,3,5,6,1
5,6,43442.41425064092,2,999999,8,1
5,6,43442.41425064092,999999,5,1,1
1,5,43444.3261323111,5,999999,4,1
5,7,43444.3261323111,999999,8,6,1
4,5,43446.42891475031,999999,1,8,1
6,8,43446.42891475031,1,1,999999,1
6,5,43456.51236660559,999999,5,5,1
8,4,43456.51236660559,2,5,1,1
2,1,43458.01665678584,999999,1,5,1
5,1,43458.01665678584,999999,8,3,1
6,8,43458.01665678584,999999,5,3,1
6,1,43460.02890411956,999999,5,2,1
1,6,43464.476269798666,999999,6,5,1
5,4,43464.476269798666,999999,1,7,1
8,8,43465.131008969765,999999,3,1,1
6,5,43467.462484221214,0,999999,0,1
1,7,43483.290514411834,3,2,999999,1
2,5,43483.290514411834,8,999999,4,1
5,1,43483.290514411834,1,6,999999,1
5,6,43483.290514411834,3,5,999999,1
6,5,43483.290514411834,0,999999,4,1
6,5,43483.290514411834,8,999999,6,1
5,6,43484.52392707553,999999,0,4,1
6,5,43489.07938447038,3,3,999999,1
6,5,43491.71657165006,999999,8,5,1
8,3,43491.71657165006,999999,6,5,1
6,4,43505.16444761509,999999,5,6,1
6,6,43505.16444761509,999999,1,6,1
6,6,43505.16444761509,999999,2,5,1
8,4,43516.93761611001,999999,8,8,1
8,6,43516.93761611001,999999,1,1,1
5,0,43522.17125351559,999999,1,5,1
5,6,43522.17125351559,999999,8,6,1
6,0,43525.49146875916,1,999999,2,1
6,5,43530.43048227989,999999,8,7,1
1,3,43533.11947341571,999999,6,0,1
5,4,43533.11947341571,2,999999,4,1
1,2,43533.90800999231,3,0,1,1
2,6,43533.90800999231,999999,1,0,1
4,1,43533.90800999231,8,999999,5,1
1,5,43542.9692012593,999999,5,0,1
6,1,43542.9692012593,6,999999,5,1
6,1,43545.53523902522,999999,2,0,1
6,5,43545.53523902522,5,3,4,1
5,1,43554.9591731864,999999,8,5,1
6,2,43554.9591731864,999999,5,3,1
6,4,43554.9591731864,8,6,3,1
4,0,43568.55987948015,999999,5,4,1
6,2,43568.55987948015,999999,6,5,1
8,6,43568.55987948015,999999,2,4,1
1,5,43572.44023789598,999999,6,6,1
5,8,43572.44023789598,1,6,999999,1
1,6,43577.662718828295,999999,3,5,1
6,5,43579.34108073389,999999,4,6,1
1,0,43582.322604046596,999999,8,3,1
5,6,43582.322604046596,999999,6,2,1
1,0,43587.8619994193,999999,1,3,1
5,0,43600.40958843847,999999,1,6,1
5,6,43600.40958843847,999999,8,4,1
5,2,43601.13403608793,5,999999,8,1
5,5,43601.13403608793,999999,2,4,1
6,0,43601.13403608793,999999,2,8,1
5,6,43612.142265210845,2,999999,5,1
1,6,43624.36895812826,5,6,999999,1
5,0,43624.36895812826,8,999999,3,1
6,8,43624.36895812826,999999,6,1,1
5,5,43630.56794650394,6,999999,1,1
6,8,43630.56794650394,999999,0,2,1
4,0,43635.24485535482,6,999999,6,1
5,7,43637.13552330473,999999,1,5,1
6,3,43637.13552330473,999999,2,4,1
4,1,43645.89584590693,999999,8,6,1
6,6,43650.57207236968,999999,2,0,1
1,0,43652.11973423579,999999,6,5,1
5,5,43653.14281517768,6,999999,6,1
8,8,43653.14281517768,999999,6,5,1
6,5,43673.00503541207,999999,3,1,1
5,6,43675.957330707286,999999,1,0,1
4,8,43698.63553332293,999999,6,3,1
6,5,43698.63553332293,6,999999,4,1
4,2,43705.12998166679,999999,5,5,1
5,3,43714.89372239065,999999,0,6,1
5,6,43716.64005377954,999999,5,1,1
6,0,43717.00956918989,999999,2,6,1
1,6,43727.53422082314,999999,4,7,1
1,7,43727.53422082314,3,5,999999,1
6,2,43727.53422082314,999999,1,4,1
1,5,43732.09003071754,999999,5,6,1
5,1,43738.66300243176,8,2,999999,1
5,8,43738.66300243176,999999,6,4,1
5,3,43742.41173882643,999999,1,5,1
8,6,43742.41173882643,999999,4,7,1
1,2,43759.79290317232,8,999999,6,1
5,2,43759.79290317232,999999,2,5,1
5,6,43759.79290317232,999999,6,1,1
4,4,43763.11663099616,6,999999,8,1
1,3,43777.5409158464,999999,5,2,1
1,4,43777.5409158464,999999,0,3,1
6,4,43777.5409158464,999999,6,6,1
5,6,43787.3281038129,999999,5,1,1
6,5,43790.04650708564,999999,1,4,1
2,2,43790.6890072046,999999,0,5,1
6,2,43791.27411520948,999999,6,6,1
4,8,43800.11749984756,999999,5,5,1
6,6,43804.14800107901,999999,0,1,1
5,8,43805.84508562097,3,5,999999,1
1,7,43809.64956705681,999999,5,6,1
4,5,43809.64956705681,4,2,999999,1
8,2,43809.64956705681,999999,4,3,1
5,3,43812.94025038444,999999,5,8,1
6,2,43812.94025038444,999999,1,6,1
1,6,43817.07511835887,999999,0,0,1
2,7,43817.07511835887,999999,6,5,1
1,5,43817.824163617406,999999,4,5,1
2,6,43821.20346889796,999999,8,3,1
6,2,43821.20346889796,999999,5,1,1
6,1,43822.89504520151,999999,4,6,1
6,2,43830.653778419684,4,999999,0,1
5,8,43836.83469291373,0,5,6,1
8,2,43836.83469291373,999999,1,3,1
6,6,43857.865584864754,5,2,999999,1
1,0,43860.68893195615,5,999999,5,1
6,2,43860.68893195615,999999,0,6,1
4,5,43871.79717647382,999999,5,6,1
5,4,43871.79717647382,999999,3,8,1
5,6,43871.79717647382,6,999999,5,1
4,4,43884.94075037426,0,999999,2,1
8,3,43884.94075037426,999999,4,7,1
6,3,43886.673662263864,6,999999,1,1
6,8,43886.673662263864,6,999999,7,1
5,1,43893.73916732413,6,999999,5,1
5,2,43893.73916732413,999999,3,4,1
6,6,43896.67782763484,999999,6,1,1
5,6,43897.05262644406,999999,999999,8,1
6,2,43897.05262644406,999999,6,2,1
6,6,43897.05262644406,999999,0,5,1
5,5,43907.32700184361,6,999999,1,1
6,4,43907.32700184361,999999,6,8,1
5,0,43920.003707347954,999999,3,8,1
5,1,43920.003707347954,999999,3,6,1
6,7,43923.3945943076,999999,2,6,1
6,8,43923.3945943076,999999,6,3,1
8,7,43929.70697791839,999999,8,8,1
8,5,43936.04583206593,5,4,999999,1
6,4,43938.86288115589,5,2,999999,1
6,5,43938.86288115589,999999,8,2,1
4,7,43939.40833894604,999999,8,2,1
6,3,43940.62278083249,999999,0,0,1
6,5,43940.62278083249,999999,4,999999,1
4,0,43942.26383289962,999999,6,2,1
1,6,43948.19451142574,999999,1,6,1
5,2,43955.3916738752,999999,0,6,1
6,3,43955.3916738752,999999,5,8,1
6,5,43955.3916738752,999999,6,6,1
6,6,43955.3916738752,999999,6,2,1
6,4,43960.499355705695,999999,0,8,1
6,5,43960.499355705695,999999,2,6,1
1,3,43962.75374310098,999999,1,1,1
5,4,43962.75374310098,999999,1,5,1
6,1,43963.397605158476,999999,0,5,1
1,3,43973.01812111739,999999,0,0,1
4,5,43973.01812111739,999999,2,5,1
1,8,43978.3366564933,6,2,6,1
4,7,43985.94806605761,999999,5,4,1
6,1,43985.94806605761,999999,5,4,1
1,3,43989.864990322494,999999,5,1,1
5,2,43989.864990322494,999999,0,3,1
6,8,43993.55023456903,6,999999,2,1
6,3,43993.61489225976,999999,2,0,1
6,5,43993.61489225976,999999,6,2,1
2,7,43994.21720337865,999999,1,5,1
6,7,43994.21720337865,999999,1,8,1
5,1,43995.628965139476,999999,3,6,1
1,0,44014.53042021733,2,2,8,1
1,7,44019.48615864481,999999,1,2,1
8,1,44019.48615864481,999999,5,2,1
8,5,44019.48615864481,999999,5,5,1
5,3,44024.12974964749,999999,4,8,1
5,5,44024.12974964749,999999,5,1,1
6,6,44024.12974964749,999999,1,0,1
4,2,44028.50816640907,999999,5,4,1
5,5,44028.50816640907,999999,6,5,1
8,2,44028.50816640907,999999,5,1,1
6,6,44032.55748405181,999999,2,0,1
5,3,44044.61772267414,999999,6,5,1
1,2,44057.25385106205,999999,0,5,1
6,2,44057.25385106205,8,999999,0,1
6,4,44057.25385106205,999999,6,3,1
1,8,44062.464747632206,999999,3,5,1
6,1,44062.464747632206,999999,5,6,1
5,3,44065.16960304693,1,6,999999,1
6,5,44065.16960304693,999999,6,1,1
8,4,44067.46411554121,5,8,999999,1
5,8,44072.23423155012,2,999999,5,1
8,4,44072.23423155012,999999,7,3,1
4,6,44079.96028179723,999999,0,5,1
8,1,44079.96028179723,999999,8,6,1
4,6,44081.88189290054,999999,3,5,1
5,0,44087.58946309516,8,1,999999,1
6,5,44087.58946309516,999999,6,5,1
5,8,44092.85677439021,999999,5,6,1
8,6,44106.4448688336,999999,5,1,1
4,6,44112.65436046591,999999,5,5,1
8,4,44112.65436046591,999999,6,3,1
5,6,44113.20774305479,999999,6,4,1
5,0,44114.295994260494,999999,8,1,1
6,2,44114.295994260494,999999,4,6,1
5,8,44117.85342074149,999999,6,2,1
6,2,44117.85342074149,999999,6,3,1
7,6,44117.85342074149,999999,4,6,1
2,6,44122.29004473744,999999,5,1,1
4,4,44122.29004473744,999999,0,8,1
5,4,44126.63723919762,999999,6,6,1
2,2,44138.713281094126,999999,0,5,1
6,2,44141.11919500761,999999,5,0,1
5,2,44144.13863057077,999999,5,1,1
4,8,44150.62130834857,5,999999,4,1
5,6,44153.428417587995,999999,5,1,1
4,4,44153.98508389792,8,999999,3,1
5,8,44153.98508389792,5,999999,5,1
6,4,44155.41273742034,7,999999,8,1
2,0,44163.27065290547,999999,6,8,1
8,2,44163.27065290547,999999,5,0,1
6,2,44163.7139204841,999999,1,5,1
6,3,44163.7139204841,999999,0,1,1
4,1,44167.460037058096,999999,0,5,1
5,4,44167.460037058096,999999,1,4,1
6,5,44167.460037058096,999999,3,8,1
8,8,44169.14246128129,0,999999,3,1
5,7,44169.37353347668,999999,3,8,1
4,6,44171.824528148005,999999,3,5,1
5,4,44171.824528148005,999999,0,3,1
6,4,44171.824528148005,6,999999,2,1
1,8,44173.67297403995,999999,5,4,1
2,5,44182.73057868691,999999,6,4,1
6,1,44182.73057868691,999999,6,5,1
4,8,44195.13757626032,999999,5,0,1
5,6,44198.045110056686,999999,5,8,1
1,2,44201.255659505165,999999,2,6,1
5,3,44201.255659505165,999999,5,2,1
6,6,44201.255659505165,999999,2,3,1
1,7,44218.19395809401,4,999999,2,1
8,6,44227.27097989564,999999,8,2,1
4,8,44237.04281624603,999999,5,0,1
5,1,44237.04281624603,999999,6,8,1
6,0,44246.48569541506,999999,6,2,1
5,2,44275.264333909465,999999,6,0,1
6,1,44275.264333909465,999999,5,0,1
1,6,44278.13079262494,999999,4,4,1
6,6,44278.13079262494,0,999999,3,1
4,0,44296.97607857914,999999,6,1,1
6,5,44296.97607857914,999999,0,5,1
5,2,44306.88929954627,999999,1,5,1
6,0,44306.88929954627,1,999999,6,1
6,2,44314.9285742058,999999,6,2,1
5,5,44315.69370685651,6,999999,8,1
5,8,44317.58778439684,5,999999,4,1
6,2,44317.58778439684,999999,5,5,1
6,3,44317.58778439684,999999,6,1,1
6,5,44323.72624440736,999999,2,5,1
6,5,44323.72624440736,999999,4,2,1
5,3,44345.63618939728,999999,1,5,1
5,5,44345.63618939728,999999,6,2,1
6,5,44347.67099616469,6,999999,5,1
6,5,44347.67099616469,999999,0,1,1
5,3,44349.09201224511,0,999999,6,1
5,3,44349.09201224511,999999,1,0,1
5,6,44350.715724474416,999999,6,5,1
6,2,44350.715724474416,999999,1,6,1
5,5,44356.03119226598,5,999999,3,1
6,2,44356.03119226598,999999,6,5,1
6,4,44356.03119226598,999999,3,6,1
4,5,44359.47220772992,1,999999,6,1
4,6,44359.47220772992,5,999999,6,1
6,6,44365.711016556554,999999,0,5,1
6,4,44367.15833763678,999999,1,3,1
8,8,44367.15833763678,4,1,999999,1
2,6,44369.598444121264,999999,5,8,1
8,8,44369.598444121264,999999,5,1,1
5,3,44375.37079984807,999999,1,4,1
5,7,44375.37079984807,999999,4,3,1
5,3,44375.54334221089,3,5,2,1
8,2,44375.54334221089,999999,4,6,1
5,5,44379.553419368196,999999,2,1,1
8,0,44379.553419368196,1,999999,5,1
5,2,44384.7438780572,6,999999,4,1
5,6,44392.84349538492,5,6,999999,1
5,6,44393.504100646394,999999,1,5,1
8,5,44393.504100646394,999999,0,6,1
4,3,44400.59976485759,999999,8,1,1
1,6,44402.707920932495,5,6,999999,1
5,3,44402.707920932495,999999,5,6,1
5,8,44408.259637996685,999999,6,3,1
6,3,44412.05798765494,999999,0,6,1
1,6,44415.80774551784,999999,5,0,1
6,2,44415.80774551784,6,999999,5,1
1,5,44421.39132720447,4,999999,5,1
2,5,44421.39132720447,6,999999,0,1
6,3,44421.39132720447,999999,6,8,1
6,3,44421.39132720447,999999,8,2,1
4,5,44425.852986078266,999999,2,8,1
5,2,44425.852986078266,999999,6,5,1
6,0,44425.852986078266,8,1,999999,1
6,5,44425.852986078266,999999,8,2,1
5,1,44436.10439980025,999999,2,5,1
5,6,44436.10439980025,999999,3,1,1
6,6,44446.759867522276,5,2,999999,1
5,1,44451.13399182114,999999,5,6,1
5,2,44451.13399182114,999999,4,5,1
5,3,44451.13399182114,999999,5,4,1
5,8,44455.58118824789,999999,3,1,1
5,6,44459.17747014841,999999,5,8,1
6,5,44466.06108047485,999999,0,8,1
6,6,44466.06108047485,2,999999,3,1
4,6,44486.79468802008,999999,5,4,1
4,2,44487.48790322456,0,1,999999,1
6,4,44487.48790322456,6,999999,8,1
6,0,44489.10646819598,999999,1,6,1
1,5,44490.36318067769,5,6,999999,1
4,0,44490.36318067769,999999,3,1,1
5,4,44490.36318067769,999999,8,5,1
5,8,44491.19325646628,3,8,999999,1
4,6,44492.02913277721,999999,0,5,1
1,6,44493.976871215,999999,5,6,1
1,8,44493.976871215,999999,5,3,1
6,2,44493.976871215,999999,6,3,1
5,1,44494.13501945189,6,999999,5,1
1,6,44495.334279950526,5,999999,7,1
6,2,44495.334279950526,999999,5,1,1
6,6,44495.334279950526,999999,0,5,1
6,8,44497.74931043963,999999,5,2,1
5,6,44502.888444151744,5,6,3,1
6,2,44522.45044767428,999999,6,1,1
5,4,44522.625998648444,999999,8,3,1
6,0,44522.625998648444,8,4,999999,1
5,0,44526.10942387898,999999,5,2,1
5,3,44526.10942387898,999999,6,1,1
6,3,44526.10942387898,999999,4,6,1
1,3,44528.64050120447,5,8,999999,1
2,2,44536.00824541779,5,999999,4,1
4,4,44536.00824541779,999999,5,6,1
5,1,44536.00824541779,999999,5,6,1
6,2,44536.08721685031,3,999999,1,1
8,4,44536.08721685031,999999,0,1,1
2,8,44540.08696671799,999999,0,5,1
5,6,44545.8086168867,999999,5,5,1
6,6,44545.8086168867,999999,4,0,1
1,3,44546.66003580744,999999,5,8,1
5,2,44546.66003580744,3,2,5,1
5,3,44546.66003580744,5,6,999999,1
5,4,44546.66003580744,999999,5,3,1
6,6,44546.66003580744,999999,5,4,1
5,3,44547.01448640084,999999,1,2,1
5,8,44547.01448640084,2,6,2,1
6,4,44547.01448640084,999999,2,6,1
6,6,44552.303864260975,3,999999,1,1
6,3,44568.67453307239,999999,1,8,1
1,5,44585.37126931665,999999,3,8,1
5,3,44585.37126931665,999999,6,6,1
6,2,44585.37126931665,999999,6,1,1
5,6,44585.52617107232,8,999999,3,1
6,5,44585.52617107232,999999,6,5,1
1,5,44591.490520005646,3,999999,2,1
4,4,44591.490520005646,999999,5,6,1
4,4,44608.3735428371,999999,0,2,1
6,2,44608.3735428371,1,999999,5,1
4,3,44609.97623468365,2,5,999999,1
5,1,44609.97623468365,999999,6,6,1
6,5,44609.97623468365,999999,2,6,1
5,5,44615.73682457046,999999,7,3,1
6,8,44624.937996105946,999999,0,3,1
4,5,44626.39819231213,999999,5,6,1
4,6,44632.150618765656,999999,8,5,1
5,3,44632.150618765656,999999,1,0,1
2,0,44639.36090338262,8,999999,5,1
4,8,44639.36090338262,999999,0,6,1
5,3,44639.36090338262,999999,1,4,1
5,3,44639.36090338262,999999,5,4,1
4,2,44653.39608724742,999999,3,5,1
5,0,44653.39608724742,999999,3,8,1
5,0,44654.257214871745,1,999999,0,1
5,2,44658.03893753857,999999,1,2,1
1,6,44659.29156454301,999999,8,5,1
1,6,44660.21881891365,999999,3,5,1
6,1,44660.21881891365,999999,4,6,1
1,5,44660.33826048176,999999,0,6,1
1,0,44660.83091265508,999999,1,6,1
6,0,44660.83091265508,999999,2,6,1
4,2,44669.38457005731,5,999999,3,1
5,2,44669.38457005731,999999,5,4,1
5,8,44669.38457005731,0,999999,2,1
2,1,44671.678127556785,999999,5,6,1
2,8,44674.96865337482,999999,5,6,1
6,5,44674.96865337482,999999,6,5,1
6,6,44679.960974849004,8,999999,6,1
1,6,44689.92785819984,5,6,6,1
6,5,44689.92785819984,999999,3,1,1
6,2,44698.138377520365,6,999999,0,1
6,0,44699.319540462035,2,999999,8,1
5,5,44722.60321267027,999999,1,0,1
5,5,44722.60321267027,999999,1,3,1
8,5,44722.60321267027,6,8,3,1
8,6,44722.60321267027,999999,6,1,1
1,1,44723.05369217804,2,999999,5,1
6,4,44723.05369217804,999999,8,3,1
6,6,44723.05369217804,1,999999,8,1
6,8,44734.852835653444,999999,3,6,1
8,8,44737.66850936413,999999,4,1,1
4,3,44738.932029543306,999999,6,4,1
6,4,44738.932029543306,999999,6,5,1
1,3,44750.05750124101,1,999999,5,1
8,0,44750.05750124101,999999,6,0,1
6,6,44751.32066888103,8,999999,3,1
5,5,44754.55218258617,8,3,4,1
6,3,44755.26359587895,999999,8,6,1
5,2,44758.72715026202,999999,3,6,1
5,0,44760.91166644814,999999,999999,6,1
6,1,44766.93369694501,7,999999,6,1
1,6,44768.65027537694,999999,8,2,1
6,2,44768.65027537694,999999,6,3,1
6,6,44768.65027537694,6,999999,1,1
4,7,44769.0456963021,6,999999,5,1
6,4,44769.0456963021,999999,8,6,1
4,2,44776.44833613264,999999,1,6,1
6,5,44776.44833613264,1,999999,5,1
5,6,44779.926765726705,999999,6,3,1
6,2,44779.926765726705,999999,1,8,1
5,0,44783.31743896026,999999,5,6,1
5,0,44783.31743896026,999999,6,6,1
6,1,44783.71431139335,999999,5,2,1
6,6,44785.85151856916,5,999999,4,1
8,5,44785.85151856916,999999,6,2,1
6,1,44790.82484765571,999999,5,6,1
5,3,44796.6428197063,6,999999,8,1
5,3,44796.94147663177,999999,4,1,1
6,2,44796.94147663177,999999,5,1,1
4,8,44800.331557191545,999999,6,1,1
5,1,44804.3878136305,999999,3,1,1
1,5,44809.71475520752,999999,2,8,1
5,5,44809.71475520752,999999,2,6,1
6,0,44809.71475520752,2,999999,6,1
6,3,44809.71475520752,999999,5,7,1
1,5,44810.82452702409,999999,4,6,1
6,3,44810.82452702409,999999,2,3,1
4,3,44812.600521769535,999999,6,0,1
5,5,44812.600521769535,999999,6,6,1
1,1,44827.7660299703,999999,5,8,1
6,5,44827.7660299703,999999,6,6,1
6,7,44827.7660299703,999999,8,0,1
5,8,44828.76838783296,999999,6,5,1
6,2,44846.22310802888,999999,6,0,1
4,1,44848.17911175327,999999,2,1,1
6,5,44848.17911175327,999999,6,5,1
5,1,44854.64548510792,999999,5,0,1
5,1,44854.64548510792,999999,5,1,1
5,1,44866.91975149051,7,999999,6,1
8,0,44866.91975149051,999999,4,6,1
5,8,44871.26119997745,999999,0,5,1
6,2,44871.26119997745,6,999999,0,1
5,0,44872.49066543371,999999,1,6,1
5,6,44872.49066543371,6,999999,5,1
6,1,44872.49066543371,999999,6,4,1
6,5,44882.21192134509,6,999999,3,1
8,2,44882.21192134509,999999,5,8,1
4,3,44882.697181667296,999999,5,1,1
6,7,44882.697181667296,6,999999,0,1
8,4,44882.697181667296,999999,6,1,1
8,4,44892.21105926865,999999,6,3,1
6,3,44899.152715703785,999999,1,5,1
5,3,44900.124285495694,999999,5,1,1
8,5,44902.814215390914,999999,2,3,1
1,1,44906.28207540669,999999,2,5,1
5,7,44906.28207540669,999999,6,1,1
6,2,44906.28207540669,6,999999,8,1
1,5,44908.041119104375,999999,1,7,1
6,2,44908.041119104375,999999,8,6,1
5,4,44910.847928255265,999999,4,1,1
5,5,44910.847928255265,8,6,999999,1
6,6,44910.847928255265,999999,5,0,1
6,2,44915.614055084436,1,999999,5,1
1,8,44916.21512786724,999999,5,1,1
4,2,44916.21512786724,8,999999,6,1
5,1,44916.21512786724,8,4,999999,1
5,5,44916.21512786724,999999,5,4,1
6,2,44916.21512786724,5,6,999999,1
8,3,44916.21512786724,999999,4,6,1
8,0,44916.421805023834,999999,0,1,1
6,5,44919.79908703541,999999,3,6,1
1,8,44931.02882927168,6,999999,5,1
4,5,44931.02882927168,999999,6,4,1
6,6,44939.91958264926,999999,5,0,1
2,8,44943.812759642235,999999,6,1,1
5,3,44943.812759642235,999999,2,4,1
4,5,44944.08667344478,4,999999,1,1
5,8,44944.08667344478,5,999999,6,1
5,8,44950.132525418245,999999,6,5,1
4,1,44952.61053437359,6,999999,2,1
5,4,44952.61053437359,0,999999,6,1
5,5,44952.61053437359,999999,2,8,1
6,5,44952.61053437359,999999,2,1,1
8,3,44966.87308302639,999999,0,8,1
5,6,44971.37160790728,999999,0,1,1
1,5,44992.22140254336,999999,5,6,1
1,2,44993.98259178022,999999,5,4,1
5,3,44999.82694745986,4,999999,0,1
6,5,44999.82694745986,999999,2,4,1
8,6,45010.33923005019,999999,5,3,1
5,1,45016.57003013519,999999,1,2,1
5,5,45016.57003013519,999999,0,0,1
4,0,45026.67595204556,999999,2,5,1
4,5,45026.67595204556,999999,1,8,1
5,3,45026.67595204556,999999,2,6,1
4,2,45027.09159741057,999999,5,4,1
5,2,45027.09159741057,999999,1,6,1
4,5,45027.80513878081,999999,6,4,1
4,2,45032.509719489964,999999,8,0,1
6,5,45032.509719489964,8,999999,6,1
5,0,45032.772741531284,999999,8,8,1
5,1,45032.772741531284,999999,4,6,1
8,8,45032.772741531284,5,999999,0,1
5,2,45036.70816800121,6,8,999999,1
5,2,45038.16195492879,1,999999,5,1
5,1,45044.086208013716,999999,5,5,1
5,8,45050.407925128755,6,999999,5,1
8,4,45050.407925128755,6,999999,5,1
4,5,45053.47705814554,999999,6,3,1
6,2,45053.47705814554,6,999999,1,1
6,6,45053.47705814554,999999,5,6,1
1,1,45056.116077409475,8,999999,5,1
1,8,45056.116077409475,6,999999,5,1
5,7,45056.116077409475,6,6,5,1
5,2,45061.17186881686,999999,2,8,1
6,1,45061.17186881686,999999,5,6,1
5,0,45068.01243925403,999999,6,6,1
1,6,45075.681308361236,999999,0,2,1
1,7,45075.681308361236,999999,2,3,1
2,5,45088.493080081884,999999,6,0,1
5,6,45088.493080081884,0,999999,5,1
4,6,45089.76236269596,999999,6,6,1
6,6,45089.76236269596,6,3,999999,1
6,5,45101.38239636799,999999,0,3,1
1,6,45103.446775405726,999999,8,5,1
4,3,45103.446775405726,999999,6,1,1
4,5,45103.446775405726,999999,4,4,1
8,6,45108.11440591819,5,999999,3,1
5,5,45119.10489922248,3,4,999999,1
6,6,45119.10489922248,3,999999,0,1
8,3,45119.10489922248,999999,5,1,1
4,0,45128.97133431024,999999,1,8,1
5,5,45128.97133431024,999999,3,1,1
6,6,45128.97133431024,0,999999,3,1
1,2,45130.340917994996,999999,1,6,1
5,2,45130.340917994996,999999,5,4,1
6,6,45130.340917994996,2,4,999999,1
1,5,45132.56953484515,5,999999,6,1
6,7,45132.56953484515,6,5,6,1
5,2,45136.71086652816,6,999999,4,1
5,2,45138.771595553415,999999,6,4,1
5,5,45138.771595553415,999999,4,6,1
5,3,45143.91624846649,999999,4,0,1
6,2,45153.04608037061,8,999999,8,1
6,3,45153.04608037061,999999,0,1,1
1,7,45157.79570519332,6,2,999999,1
6,2,45168.74182762174,999999,3,8,1
1,4,45169.31766118549,2,6,5,1
5,5,45169.54031972487,6,999999,8,1
5,1,45171.26233434618,999999,0,1,1
8,3,45184.24048006296,999999,7,0,1
5,4,45186.111615459624,999999,5,3,1
6,2,45186.111615459624,999999,0,5,1
8,1,45186.111615459624,999999,2,6,1
1,0,45195.99631870925,999999,6,3,1
5,1,45195.99631870925,6,999999,3,1
5,2,45208.21157797442,999999,4,6,1
5,4,45208.21157797442,999999,8,5,1
5,6,45208.21157797442,1,2,999999,1
6,0,45208.21157797442,999999,2,1,1
5,3,45208.3597653913,999999,1,6,1
6,3,45208.3597653913,999999,8,0,1
6,6,45215.0202961631,999999,2,6,1
6,1,45215.75826951716,999999,999999,2,1
5,1,45217.82906554648,999999,5,1,1
5,2,45221.915480208394,5,999999,1,1
6,2,45221.915480208394,3,999999,1,1
6,2,45221.915480208394,999999,4,8,1
1,3,45227.49518953642,999999,5,1,1
1,3,45232.352101657656,999999,6,1,1
6,6,45232.352101657656,999999,2,5,1
6,6,45244.541961831645,999999,1,6,1
6,6,45244.541961831645,999999,5,4,1
4,2,45248.61640644277,999999,5,5,1
5,2,45248.61640644277,999999,8,6,1
6,2,45248.61640644277,6,999999,0,1
5,1,45256.20360776452,0,999999,3,1
5,6,45276.80227060262,999999,3,0,1
5,6,45277.94848962952,999999,0,6,1
6,3,45277.94848962952,999999,5,6,1
6,8,45277.94848962952,999999,1,6,1
5,5,45280.50698469424,999999,5,5,1
6,3,45282.111617911985,999999,6,6,1
6,6,45282.111617911985,999999,7,5,1
5,0,45305.303506506905,999999,5,6,1
5,2,45306.45820569541,8,6,999999,1
5,8,45306.45820569541,999999,6,2,1
6,5,45306.45820569541,5,6,999999,1
6,6,45306.45820569541,999999,5,2,1
5,4,45310.200860884186,999999,5,5,1
4,2,45314.52212742682,5,3,999999,1
6,8,45314.52212742682,999999,1,6,1
4,1,45320.51976927109,999999,5,6,1
6,3,45320.51976927109,5,6,999999,1
4,8,45323.606503556395,999999,6,3,1
5,6,45323.606503556395,999999,4,2,1
5,4,45329.43804611863,1,6,3,1
6,2,45329.43804611863,999999,4,0,1
6,0,45332.6345379034,999999,5,8,1
8,5,45336.32936504608,999999,2,5,1
5,0,45342.804506110006,999999,5,6,1
5,2,45342.804506110006,6,999999,1,1
1,0,45344.90701027811,999999,5,6,1
5,8,45344.90701027811,2,999999,2,1
8,6,45344.90701027811,999999,2,1,1
6,6,45351.5074481639,999999,6,0,1
1,5,45355.72470305201,999999,2,0,1
5,1,45355.72470305201,999999,8,6,1
5,5,45355.72470305201,999999,8,7,1
5,6,45367.04142881659,999999,1,0,1
6,2,45367.26664730992,999999,4,0,1
8,2,45370.15852524973,999999,8,1,1
1,3,45373.24021877049,5,4,8,1
5,5,45373.24021877049,999999,3,8,1
2,2,45376.31212266113,999999,8,6,1
5,1,45376.31212266113,999999,4,6,1
5,6,45379.7985217346,999999,1,0,1
6,5,45381.49063411635,999999,1,8,1
4,5,45382.55739798971,999999,0,6,1
4,2,45383.02483447317,999999,2,8,1
4,5,45383.29162758446,999999,2,3,1
5,1,45383.29162758446,8,999999,3,1
5,1,45383.29162758446,999999,5,2,1
4,5,45390.540683320374,999999,6,6,1
4,5,45396.054652743005,8,999999,5,1
5,1,45407.59716891143,999999,3,2,1
6,2,45407.59716891143,1,999999,6,1
8,4,45407.59716891143,6,999999,6,1
4,5,45414.18448631108,999999,5,0,1
5,2,45414.18448631108,1,999999,1,1
5,5,45416.27690798343,999999,8,2,1
6,6,45416.27690798343,999999,1,2,1
8,6,45416.27690798343,999999,2,5,1
5,1,45422.21129543556,999999,2,0,1
6,3,45422.21129543556,4,999999,6,1
5,8,45423.88908137502,999999,1,5,1
1,2,45431.87090527686,999999,5,5,1
2,4,45439.560333965004,999999,4,0,1
6,1,45443.74543087946,999999,3,5,1
6,6,45443.74543087946,5,2,999999,1
2,3,45446.13951091927,6,5,999999,1
8,3,45446.13951091927,999999,8,6,1
4,8,45451.026258769016,999999,3,1,1
5,5,45453.43858796147,999999,1,6,1
5,6,45453.43858796147,999999,5,1,1
6,0,45456.626177693375,999999,5,2,1
5,1,45467.09988883039,6,999999,5,1
6,2,45467.09988883039,6,999999,6,1
4,6,45467.794197544325,0,999999,6,1
6,3,45467.794197544325,999999,1,5,1
5,6,45472.4824895322,999999,3,6,1
5,7,45472.4824895322,999999,1,5,1
7,0,45477.66342513813,5,4,999999,1
1,6,45485.33501996993,1,999999,8,1
6,0,45485.33501996993,999999,2,6,1
4,8,45489.06080369523,999999,3,6,1
4,1,45492.7595730335,999999,8,6,1
4,2,45492.7595730335,999999,2,0,1
6,2,45492.7595730335,999999,5,4,1
5,0,45495.8073501785,999999,1,1,1
5,5,45495.8073501785,999999,1,0,1
6,8,45495.8073501785,999999,3,4,1
1,1,45503.983410746034,999999,5,3,1
6,1,45503.983410746034,6,4,999999,1
5,3,45505.90893904822,5,1,999999,1
6,7,45505.90893904822,5,999999,3,1
5,6,45509.785856073155,2,999999,6,1
1,0,45522.23334148309,999999,6,1,1
2,5,45522.23334148309,999999,3,4,1
5,3,45523.61031767591,8,999999,0,1
5,6,45523.61031767591,999999,4,5,1
5,8,45523.61031767591,5,999999,2,1
6,5,45523.61031767591,999999,4,3,1
6,0,45532.52253521013,999999,6,8,1
1,8,45548.07088813547,1,1,999999,1
5,6,45548.07088813547,999999,5,2,1
6,6,45548.07088813547,999999,8,6,1
5,6,45549.64880910482,1,999999,5,1
6,5,45549.64880910482,6,999999,8,1
8,6,45549.64880910482,4,999999,8,1
5,6,45557.56269918043,999999,6,1,1
8,7,45557.56269918043,999999,6,1,1
4,7,45561.45142992474,6,999999,0,1
5,6,45561.45142992474,999999,999999,3,1
1,2,45564.095597228945,999999,6,5,1
5,2,45564.095597228945,999999,0,1,1
6,0,45564.095597228945,8,6,999999,1
7,3,45572.765689471074,999999,5,3,1
1,4,45575.796025636584,999999,5,6,1
1,5,45576.985941087405,999999,6,0,1
6,6,45576.985941087405,4,7,999999,1
6,6,45576.985941087405,999999,3,8,1
1,3,45581.61894772493,999999,6,4,1
6,6,45581.61894772493,5,999999,8,1
5,2,45582.027391134885,6,999999,4,1
6,8,45582.027391134885,999999,1,4,1
4,7,45583.138791125675,999999,3,1,1
5,5,45583.138791125675,999999,8,8,1
5,5,45587.73556130177,999999,1,8,1
6,7,45587.73556130177,999999,1,8,1
5,6,45590.45965518394,999999,1,5,1
6,8,45590.45965518394,4,999999,1,1
5,4,45592.456054845614,999999,1,6,1
5,8,45592.456054845614,0,999999,6,1
5,8,45601.48344861652,999999,5,1,1
8,8,45601.48344861652,999999,3,2,1
1,6,45604.00528602395,999999,6,6,1
5,5,45608.24720789397,999999,8,7,1
4,3,45609.32996703672,999999,1,2,1
6,8,45609.32996703672,1,999999,2,1
5,8,45611.657024981476,6,999999,1,1
6,4,45611.657024981476,999999,2,1,1
6,8,45611.657024981476,999999,2,4,1
5,2,45618.480326272125,6,5,0,1
5,8,45618.480326272125,999999,2,3,1
6,0,45619.41817881662,999999,8,5,1
6,5,45619.41817881662,3,999999,6,1
5,4,45620.82038074913,6,999999,5,1
5,7,45620.82038074913,999999,5,4,1
5,0,45639.799438451264,999999,6,1,1
5,5,45639.799438451264,999999,6,8,1
1,0,45640.65135234617,999999,4,5,1
4,2,45645.255450850615,999999,7,5,1
6,5,45645.255450850615,999999,0,1,1
5,6,45650.263380653814,999999,1,2,1
5,2,45665.64148010941,999999,6,4,1
8,5,45666.27970064379,999999,6,1,1
1,3,45677.03859167912,999999,8,7,1
5,5,45677.03859167912,999999,5,6,1
2,6,45679.007740929104,8,0,999999,1
4,4,45679.007740929104,6,5,6,1
1,3,45682.16213316675,999999,6,1,1
8,7,45682.16213316675,999999,6,5,1
4,3,45682.88522954884,999999,8,5,1
5,4,45682.88522954884,999999,4,3,1
5,5,45682.88522954884,999999,7,4,1
6,8,45682.88522954884,0,999999,6,1
5,2,45695.01479255925,3,999999,6,1
5,3,45699.08607686868,8,999999,0,1
1,4,45700.82772989864,999999,5,6,1
1,6,45700.82772989864,999999,0,2,1
5,6,45706.21387657974,8,999999,8,1
6,8,45706.21387657974,999999,4,5,1
4,6,45707.509500183485,999999,5,2,1
5,5,45707.509500183485,1,999999,2,1
2,0,45709.06120017977,4,5,2,1
5,1,45709.06120017977,4,999999,4,1
6,7,45709.06120017977,999999,6,6,1
5,1,45717.84793386732,999999,5,6,1
5,2,45717.84793386732,999999,5,4,1
1,0,45720.11360445584,5,5,999999,1
8,3,45720.11360445584,999999,6,2,1
5,3,45723.688294560605,999999,5,6,1
5,3,45723.688294560605,999999,7,5,1
6,6,45731.2990569358,1,999999,6,1
4,5,45737.92856004581,999999,2,6,1
1,6,45740.52059984957,999999,1,2,1
5,3,45755.7459696155,5,6,1,1
1,5,45773.90445723855,999999,0,3,1
2,5,45773.90445723855,999999,6,1,1
6,3,45784.825365745986,6,999999,1,1
5,1,45794.38010432827,6,999999,3,1
1,5,45797.70071173648,999999,6,3,1
5,6,45797.70071173648,999999,4,8,1
8,5,45797.97718597823,999999,8,6,1
1,3,45803.25679511586,999999,3,8,1
5,5,45803.25679511586,6,0,999999,1
5,5,45803.25679511586,999999,0,6,1
5,6,45803.25679511586,999999,6,5,1
5,3,45804.61103855913,5,999999,1,1
5,8,45804.61103855913,999999,6,5,1
1,8,45807.02329951983,999999,6,5,1
8,7,45807.02329951983,999999,8,6,1
1,0,45808.110157476636,6,999999,8,1
6,2,45808.110157476636,999999,4,0,1
5,1,45809.458203130154,8,4,999999,1
5,6,45809.458203130154,1,999999,5,1
1,5,45812.00925340078,999999,6,6,1
1,6,45812.00925340078,999999,3,5,1
5,5,45812.00925340078,999999,4,1,1
6,0,45812.00925340078,999999,6,6,1
6,8,45812.00925340078,999999,1,6,1
5,5,45816.42273142946,999999,3,0,1
5,6,45816.42273142946,999999,8,3,1
6,0,45816.42273142946,5,999999,8,1
6,3,45816.42273142946,999999,5,0,1
6,1,45829.88404656108,999999,6,8,1
1,4,45830.71820927882,999999,2,5,1
6,8,45830.71820927882,6,999999,1,1
6,6,45830.92484219907,999999,4,5,1
6,8,45830.92484219907,999999,4,5,1
5,2,45832.9820549375,999999,6,5,1
2,2,45834.97805983411,999999,6,6,1
6,1,45839.84560612019,999999,5,6,1
8,5,45843.31749428165,6,999999,5,1
6,8,45856.79847144173,999999,0,1,1
1,3,45875.04918000621,5,8,999999,1
6,6,45875.04918000621,3,5,999999,1
6,6,45890.18318560414,999999,0,6,1
4,6,45893.09588418659,999999,5,4,1
8,0,45893.09588418659,999999,5,2,1
1,3,45898.82800363019,999999,6,6,1
5,5,45901.087400987104,999999,2,1,1
5,1,45909.663086448774,999999,0,6,1
6,2,45909.663086448774,999999,1,6,1
5,1,45910.5038609387,999999,5,8,1
8,2,45910.5038609387,999999,5,1,1
1,5,45911.69763459256,999999,3,6,1
5,8,45911.69763459256,999999,1,6,1
6,6,45911.69763459256,999999,3,5,1
5,6,45918.55762522442,999999,8,7,1
6,6,45918.55762522442,999999,5,5,1
5,1,45924.168686457735,999999,2,1,1
5,3,45924.42188216785,999999,4,0,1
5,6,45924.42188216785,999999,8,6,1
8,5,45924.42188216785,999999,2,3,1
6,0,45931.778103503144,999999,2,2,1
8,8,45931.778103503144,2,999999,6,1
1,5,45933.36733231256,999999,6,3,1
5,8,45933.36733231256,999999,3,2,1
6,6,45937.967965578566,999999,1,5,1
4,3,45948.591830162615,999999,8,6,1
1,3,45952.28348515616,999999,5,6,1
1,5,45969.283495173004,0,999999,0,1
6,6,45969.283495173004,999999,5,1,1
5,2,45971.61997269691,999999,6,5,1
5,5,45971.61997269691,999999,3,2,1
4,5,45981.813973014956,999999,2,6,1
8,3,45981.813973014956,4,999999,5,1
5,0,45986.75417102092,999999,6,5,1
6,1,45986.75417102092,999999,3,2,1
5,0,45990.86886034862,999999,8,5,1
5,5,45990.86886034862,999999,0,1,1
8,5,45990.86886034862,999999,0,6,1
5,1,45996.20351925227,999999,7,2,1
5,8,45996.20351925227,999999,1,6,1
2,5,46006.31612525023,6,999999,0,1
5,1,46006.31612525023,999999,5,8,1
5,4,46006.31612525023,999999,5,8,1
1,5,46006.42288929653,2,5,999999,1
5,8,46006.42288929653,999999,1,5,1
1,5,46011.71925654828,999999,7,0,1
4,2,46011.71925654828,999999,3,8,1
6,6,46011.71925654828,999999,4,3,1
6,8,46011.71925654828,6,999999,8,1
1,6,46021.269216895555,999999,6,5,1
5,8,46021.269216895555,3,0,999999,1
6,6,46021.269216895555,999999,0,6,1
5,8,46023.90982381241,1,999999,5,1
8,1,46023.90982381241,999999,6,8,1
5,5,46028.39633573701,1,3,999999,1
1,6,46030.08371165364,7,999999,2,1
5,1,46030.08371165364,999999,6,4,1
5,2,46031.0269459592,999999,4,3,1
5,5,46031.0269459592,5,2,8,1
4,2,46040.09626114603,999999,6,5,1
5,2,46040.09626114603,5,5,999999,1
5,8,46040.09626114603,999999,5,5,1
5,5,46040.71141410089,999999,8,6,1
5,2,46043.6191617213,1,5,999999,1
5,6,46043.6191617213,999999,8,1,1
5,2,46045.23212165544,999999,8,6,1
5,4,46045.55348794446,999999,2,1,1
5,8,46045.55348794446,999999,5,0,1
1,6,46051.202359357005,999999,5,5,1
5,5,46051.202359357005,999999,5,6,1
6,1,46051.202359357005,999999,5,4,1
8,0,46053.799275160454,999999,4,2,1
4,0,46055.69225292416,999999,5,8,1
1,0,46058.94835286724,999999,4,1,1
2,4,46058.94835286724,2,999999,6,1
6,1,46058.94835286724,999999,1,6,1
5,1,46076.25270569338,999999,6,2,1
6,5,46076.25270569338,999999,5,2,1
6,6,46076.31209638978,999999,1,6,1
1,1,46086.11989119552,999999,3,6,1
1,1,46087.014608170015,999999,8,7,1
5,2,46087.014608170015,999999,1,2,1
5,5,46087.014608170015,999999,0,5,1
6,4,46087.014608170015,999999,5,6,1
8,1,46087.014608170015,999999,3,6,1
1,6,46088.1233881713,999999,0,1,1
6,6,46088.1233881713,999999,2,5,1
5,2,46109.67554132995,999999,4,8,1
6,6,46109.67554132995,999999,3,8,1
6,5,46111.41673680278,999999,0,1,1
8,2,46111.41673680278,999999,5,0,1
1,1,46117.78144809215,5,999999,6,1
8,6,46118.12901927378,999999,3,1,1
6,0,46120.64399416947,999999,5,8,1
4,8,46124.33000745888,999999,2,5,1
5,3,46124.33000745888,5,999999,5,1
5,3,46124.33000745888,999999,5,1,1
6,3,46124.33000745888,999999,4,6,1
4,3,46126.59090451329,999999,5,1,1
5,5,46126.59090451329,999999,4,2,1
1,5,46126.986478253384,5,6,999999,1
1,6,46126.986478253384,6,999999,1,1
4,1,46132.98953795591,3,7,6,1
4,3,46132.98953795591,999999,5,3,1
1,5,46134.833513711514,999999,6,6,1
5,2,46137.054225751686,6,999999,3,1
5,6,46137.054225751686,999999,5,2,1
8,3,46137.689201563706,6,999999,0,1
5,5,46161.29623995372,0,999999,2,1
4,1,46164.68534726597,999999,8,4,1
6,5,46164.68534726597,5,999999,3,1
6,6,46178.895443485235,999999,6,8,1
8,1,46178.895443485235,999999,5,8,1
5,0,46187.19636540634,999999,4,6,1
5,5,46190.927339521186,0,999999,1,1
5,4,46195.30479873133,999999,0,5,1
1,2,46197.521812460844,1,999999,2,1
4,2,46197.521812460844,999999,3,5,1
1,2,46206.97263942632,999999,6,8,1
5,1,46213.37438631645,999999,6,1,1
6,5,46216.79756709306,6,999999,8,1
1,6,46220.412912401174,1,999999,5,1
4,2,46220.412912401174,999999,2,6,1
6,3,46223.666092060375,999999,1,8,1
2,2,46225.553361696526,999999,1,3,1
1,1,46227.12134503159,999999,1,2,1
8,6,46227.12134503159,3,6,999999,1
5,6,46230.716628780014,999999,2,5,1
6,4,46230.716628780014,999999,2,1,1
5,2,46233.821265023325,999999,5,5,1
6,6,46233.821265023325,999999,5,0,1
5,5,46250.3323089844,999999,6,6,1
1,4,46252.82774485843,999999,4,5,1
4,2,46252.82774485843,999999,7,5,1
6,5,46256.69900046867,999999,3,6,1
6,5,46257.91034399293,999999,2,5,1
5,2,46260.71457872341,3,999999,1,1
6,6,46260.71457872341,999999,1,6,1
5,2,46262.00797114688,8,5,999999,1
1,1,46268.912450164455,999999,5,2,1
4,6,46269.95904334331,3,5,1,1
5,6,46269.95904334331,999999,2,8,1
5,3,46283.39584750317,1,4,999999,1
5,8,46283.39584750317,3,999999,0,1
5,7,46294.55856478201,999999,5,6,1
6,6,46294.55856478201,4,999999,5,1
5,2,46294.691101693534,999999,4,5,1
6,1,46294.691101693534,999999,6,4,1
4,2,46299.12193012602,999999,8,6,1
6,6,46299.12193012602,1,999999,6,1
5,6,46300.36059922288,999999,1,5,1
6,0,46310.44032584456,6,6,999999,1
4,1,46324.53252377532,999999,5,6,1
4,6,46331.92881722892,999999,2,1,1
6,6,46331.92881722892,999999,5,3,1
5,0,46334.943753298445,999999,3,2,1
5,8,46334.943753298445,999999,5,2,1
6,8,46334.943753298445,999999,7,0,1
6,2,46336.61017662178,999999,3,1,1
6,2,46340.932579078006,999999,2,1,1
5,5,46345.805455687376,999999,7,3,1
5,8,46347.38322679496,999999,2,0,1
6,0,46347.38322679496,999999,5,6,1
5,6,46349.937204227936,999999,2,4,1
5,8,46349.937204227936,999999,0,5,1
5,3,46363.96745457131,999999,1,0,1
6,2,46363.96745457131,6,1,999999,1
5,3,46367.01925665198,999999,6,6,1
6,5,46367.01925665198,999999,6,999999,1
6,6,46367.01925665198,999999,1,5,1
8,6,46367.01925665198,999999,3,8,1
6,6,46367.305827995566,999999,2,1,1
6,6,46369.2539902934,999999,2,5,1
2,6,46380.45913052685,999999,6,8,1
5,2,46380.45913052685,999999,5,8,1
6,6,46380.45913052685,999999,1,6,1
1,8,46381.31891493971,999999,6,3,1
1,3,46382.422012911884,999999,5,6,1
5,6,46390.20231656494,999999,6,1,1
8,8,46392.31716000179,999999,1,3,1
4,6,46394.51559135909,999999,3,5,1
4,8,46394.51559135909,5,5,6,1
6,1,46394.51559135909,999999,3,2,1
6,5,46394.61996969808,999999,6,1,1
1,2,46399.674261494954,999999,5,3,1
5,2,46401.09893754072,8,999999,1,1
5,3,46412.14416317966,999999,2,6,1
5,4,46412.14416317966,999999,6,3,1
5,6,46412.14416317966,999999,2,1,1
2,4,46415.029332395025,999999,5,6,1
5,2,46415.029332395025,999999,6,6,1
6,5,46415.029332395025,999999,1,6,1
5,8,46419.90364029006,999999,0,1,1
6,3,46419.90364029006,999999,6,3,1
6,6,46419.90364029006,999999,7,5,1
8,4,46419.90364029006,999999,0,1,1
5,2,46420.33380907369,999999,5,5,1
5,5,46420.33380907369,999999,1,6,1
1,6,46424.553685854065,999999,6,0,1
6,2,46424.553685854065,999999,6,1,1
5,3,46426.16351392926,999999,8,5,1
5,5,46426.16351392926,999999,3,6,1
4,2,46428.08746999179,999999,2,8,1
5,2,46428.08746999179,999999,5,6,1
8,6,46428.332330167985,999999,3,1,1
4,8,46438.053763506534,999999,2,3,1
6,6,46439.261674619556,999999,5,0,1
6,3,46456.762858816124,999999,1,8,1
1,6,46462.382667445105,999999,5,7,1
1,3,46470.39666754285,999999,6,6,1
4,5,46473.93646506126,999999,4,2,1
6,6,46473.93646506126,1,0,999999,1
1,1,46476.62393086144,3,999999,2,1
1,6,46477.60123529058,999999,8,6,1
1,3,46479.90946473985,999999,6,2,1
6,6,46484.401159173685,999999,3,0,1
8,5,46484.401159173685,999999,1,2,1
5,2,46485.244371899025,999999,4,3,1
6,2,46485.244371899025,999999,1,5,1
6,2,46485.244371899025,999999,2,0,1
5,6,46485.48669422818,999999,3,2,1
6,2,46485.48669422818,999999,6,0,1
6,5,46485.48669422818,999999,5,6,1
2,2,46497.18894276147,999999,6,1,1
5,2,46509.48076031672,999999,6,6,1
5,6,46509.48076031672,999999,5,2,1
5,3,46515.60455697216,0,4,2,1
5,4,46515.60455697216,999999,1,4,1
1,1,46518.663262088616,999999,4,4,1
6,6,46518.663262088616,8,999999,6,1
5,7,46520.07625047288,1,999999,6,1
8,8,46524.234186106376,999999,6,6,1
5,5,46524.49224948367,999999,6,2,1
6,3,46526.92076874312,999999,1,6,1
5,2,46531.44973381654,999999,1,0,1
4,0,46532.33518284376,999999,1,3,1
5,1,46532.33518284376,999999,6,5,1
5,7,46532.33518284376,999999,6,6,1
6,8,46532.33518284376,6,6,999999,1
8,3,46532.33518284376,999999,6,6,1
5,4,46539.98032364968,999999,999999,1,1
8,5,46549.75677670207,999999,6,1,1
8,2,46554.22859836124,999999,0,6,1
1,6,46566.69435150624,6,999999,6,1
1,1,46581.16763419952,4,8,999999,1
5,4,46581.16763419952,999999,6,6,1
5,6,46581.16763419952,999999,3,6,1
1,1,46601.06278151929,999999,5,8,1
5,2,46603.29197077871,999999,1,7,1
8,5,46603.29197077871,999999,4,2,1
6,2,46604.4679749613,1,999999,6,1
4,6,46608.1011122316,6,999999,1,1
5,7,46611.51359352782,999999,6,8,1
5,3,46629.630187165836,999999,2,5,1
1,5,46630.93087813145,3,999999,1,1
6,6,46630.93087813145,999999,2,1,1
1,3,46631.19179304408,999999,5,2,1
6,5,46631.19179304408,999999,8,2,1
5,5,46631.433141787435,6,0,999999,1
5,5,46635.57886700443,999999,8,1,1
6,2,46635.57886700443,999999,1,1,1
8,2,46637.016376121726,5,999999,6,1
5,1,46637.654365726055,6,999999,5,1
5,4,46637.654365726055,999999,2,3,1
8,1,46637.654365726055,5,999999,5,1
1,6,46638.37381193211,999999,5,0,1
5,5,46638.37381193211,999999,1,7,1
5,6,46638.37381193211,0,999999,6,1
8,4,46638.37381193211,1,999999,6,1
1,0,46639.187320529534,999999,6,8,1
5,4,46641.103972226265,999999,2,1,1
5,8,46651.41493019656,999999,2,4,1
6,6,46651.41493019656,5,7,999999,1
4,6,46657.003404047835,999999,8,8,1
4,5,46658.42481036951,999999,5,3,1
6,3,46658.42481036951,5,999999,0,1
1,5,46670.38753767984,999999,8,2,1
1,6,46670.38753767984,3,5,999999,1
1,6,46670.38753767984,5,999999,1,1
1,8,46673.17897453586,999999,0,8,1
5,5,46673.17897453586,999999,2,3,1
6,2,46673.17897453586,6,999999,8,1
5,5,46675.59044075368,999999,0,6,1
6,5,46675.59044075368,999999,2,8,1
6,0,46676.27581617439,999999,6,6,1
6,7,46676.27581617439,999999,0,4,1
4,3,46677.30041091608,999999,6,6,1
2,5,46678.4755240452,999999,5,0,1
5,6,46678.4755240452,999999,5,1,1
6,2,46678.4755240452,6,999999,4,1
6,2,46699.37289526222,6,5,999999,1
6,2,46713.783214343144,999999,5,8,1
4,6,46718.54014256481,999999,1,5,1
6,1,46718.54014256481,5,999999,3,1
6,0,46734.646252928054,999999,5,0,1
4,0,46736.74863595886,999999,1,3,1
5,1,46737.586944045,999999,6,6,1
6,7,46737.586944045,999999,0,5,1
1,0,46741.80219315743,999999,5,6,1
5,6,46741.80219315743,999999,2,4,1
4,2,46748.263694724075,999999,5,1,1
5,2,46757.24598939982,8,2,999999,1
5,0,46762.63687990405,999999,5,1,1
5,5,46762.63687990405,999999,2,2,1
6,4,46762.63687990405,999999,0,3,1
5,2,46765.594568941015,999999,6,5,1
6,6,46765.594568941015,999999,0,2,1
8,6,46767.089586349866,999999,3,5,1
8,6,46767.089586349866,999999,7,5,1
4,8,46770.820791320606,999999,2,6,1
5,5,46770.820791320606,1,6,999999,1
6,3,46773.893540520214,4,999999,6,1
8,3,46773.893540520214,6,999999,0,1
5,3,46787.35537212185,8,6,999999,1
5,6,46787.35537212185,8,999999,3,1
6,2,46787.35537212185,999999,1,8,1
2,8,46799.85576940609,3,6,999999,1
6,2,46799.85576940609,999999,8,5,1
6,5,46799.85576940609,999999,6,3,1
5,1,46830.30152660959,999999,5,5,1
5,3,46831.041877079995,999999,1,5,1
8,1,46831.041877079995,4,5,999999,1
5,6,46843.14307177744,999999,2,5,1
6,5,46843.14307177744,999999,0,4,1
4,5,46858.21012829031,999999,0,6,1
1,4,46860.29617483403,999999,3,7,1
5,6,46876.60930140597,999999,6,0,1
6,1,46876.60930140597,999999,6,5,1
1,7,46886.89506628172,999999,4,1,1
8,0,46886.89506628172,6,999999,2,1
5,1,46892.69074750814,0,999999,8,1
4,5,46895.1196023378,999999,6,2,1
5,5,46895.1196023378,999999,5,7,1
5,7,46896.8289694341,999999,5,1,1
6,3,46896.8289694341,999999,5,6,1
5,4,46904.0764200401,999999,3,4,1
6,2,46904.0764200401,999999,0,8,1
6,6,46905.26219229644,999999,5,1,1
4,6,46907.60946223613,999999,3,6,1
5,5,46907.60946223613,999999,5,4,1
4,4,46909.62851948072,999999,6,1,1
6,2,46909.62851948072,999999,0,6,1
5,8,46911.79520970365,999999,3,4,1
4,4,46914.08007525491,999999,5,8,1
5,3,46914.08007525491,6,999999,1,1
1,3,46916.60739320916,999999,2,8,1
5,1,46916.978435229044,999999,6,4,1
1,6,46919.70893297796,5,999999,6,1
4,5,46919.70893297796,6,999999,2,1
6,5,46919.70893297796,4,999999,6,1
4,6,46920.31956923018,999999,0,5,1
5,1,46920.31956923018,5,999999,5,1
5,3,46920.31956923018,999999,6,6,1
1,6,46927.86995000953,999999,2,1,1
5,5,46927.86995000953,999999,1,8,1
5,1,46932.14135647548,999999,5,6,1
5,1,46933.554993509526,999999,6,6,1
6,2,46933.554993509526,999999,1,5,1
6,5,46933.554993509526,999999,7,1,1
5,1,46948.64090364709,8,999999,0,1
5,6,46948.64090364709,999999,7,2,1
5,5,46961.78565815673,999999,1,2,1
5,5,46966.767121594145,999999,3,5,1
1,1,46977.75807134964,999999,0,8,1
2,0,46977.75807134964,999999,5,2,1
5,2,46977.75807134964,0,999999,5,1
5,2,46977.75807134964,8,6,999999,1
5,2,46978.40022814427,999999,2,6,1
5,5,46987.54186032661,8,999999,6,1
5,5,46987.54186032661,999999,1,6,1
5,6,46996.07773596485,999999,1,2,1
6,4,46996.07773596485,999999,5,6,1
8,6,46996.07773596485,999999,2,3,1
6,5,47003.305341774285,999999,5,6,1
2,1,47013.46149871435,6,999999,5,1
6,5,47013.46149871435,3,1,999999,1
6,5,47013.46149871435,999999,5,6,1
2,5,47020.46529575502,2,999999,8,1
6,1,47020.46529575502,8,999999,6,1
6,5,47021.3919827219,999999,5,6,1
8,0,47021.3919827219,5,999999,2,1
5,2,47032.8107448833,999999,1,2,1
5,4,47032.8107448833,999999,5,5,1
6,6,47032.8107448833,999999,6,6,1
1,6,47037.71699816523,2,999999,0,1
5,5,47037.71699816523,1,999999,8,1
6,6,47037.71699816523,2,999999,2,1
4,0,47038.166599404605,999999,3,8,1
6,8,47038.166599404605,0,5,999999,1
6,6,47045.44032051261,3,999999,0,1
8,5,47045.44032051261,999999,6,2,1
5,5,47054.01837748355,6,4,999999,1
8,6,47054.01837748355,999999,5,8,1
5,5,47058.521618450446,5,999999,1,1
6,3,47062.71804533098,5,5,999999,1
4,0,47067.91751538562,999999,6,4,1
6,0,47067.91751538562,999999,6,8,1
8,5,47067.91751538562,999999,1,6,1
6,6,47069.42524955494,999999,0,6,1
6,7,47069.42524955494,0,999999,2,1
1,1,47071.61041189377,5,999999,4,1
1,6,47071.61041189377,999999,5,3,1
8,0,47071.61041189377,999999,6,5,1
1,2,47080.99253975872,999999,1,6,1
4,3,47080.99253975872,999999,7,1,1
6,5,47080.99253975872,999999,3,6,1
6,6,47080.99253975872,999999,6,4,1
4,5,47100.89789808853,999999,3,6,1
5,6,47100.89789808853,999999,2,5,1
6,1,47100.89789808853,999999,0,6,1
5,5,47101.94335837177,999999,6,3,1
6,4,47101.94335837177,5,999999,6,1
1,3,47102.727982553886,999999,0,5,1
5,3,47102.727982553886,999999,6,4,1
5,6,47102.727982553886,5,2,1,1
1,6,47102.93442870051,999999,2,5,1
5,2,47102.93442870051,999999,5,0,1
4,8,47103.59768348614,999999,0,6,1
1,6,47105.62139515831,999999,3,5,1
5,1,47105.864599593646,6,3,999999,1
6,5,47105.864599593646,6,999999,5,1
6,6,47106.31459416285,2,999999,1,1
5,8,47113.28042745159,5,999999,8,1
6,5,47113.28042745159,999999,6,6,1
6,8,47113.28042745159,999999,5,1,1
5,3,47116.11926788438,999999,5,4,1
8,5,47116.11926788438,4,999999,5,1
4,2,47116.29519962858,8,999999,1,1
5,1,47116.29519962858,5,999999,8,1
5,6,47116.29519962858,1,3,0,1
8,5,47116.29519962858,999999,6,1,1
4,3,47128.78574616268,999999,1,8,1
8,5,47128.78574616268,999999,0,2,1
2,3,47152.53218846638,8,2,999999,1
6,8,47152.53218846638,6,0,999999,1
6,5,47161.285386448566,999999,5,0,1
6,8,47161.285386448566,999999,1,5,1
4,6,47164.448989547076,999999,2,5,1
6,8,47164.448989547076,4,999999,5,1
5,2,47174.11976115143,8,999999,5,1
6,4,47174.11976115143,999999,5,8,1
5,1,47174.77927783627,0,999999,5,1
5,6,47174.77927783627,999999,1,1,1
6,5,47176.617310255366,999999,6,8,1
6,6,47176.617310255366,999999,6,0,1
4,4,47181.42815958863,2,1,999999,1
5,4,47181.42815958863,999999,0,6,1
4,6,47187.62094314743,999999,1,5,1
5,5,47187.62094314743,999999,1,8,1
5,7,47194.54951684366,5,1,999999,1
1,1,47194.65442211328,6,999999,5,1
1,3,47194.65442211328,999999,5,2,1
5,1,47194.65442211328,999999,5,8,1
6,5,47199.643688831435,999999,6,4,1
5,5,47203.023950457835,999999,7,0,1
2,1,47212.66816078667,999999,6,3,1
5,1,47212.66816078667,6,3,999999,1
5,3,47212.66816078667,6,999999,5,1
8,3,47212.66816078667,999999,5,1,1
4,2,47214.84602862709,999999,1,8,1
1,8,47225.38548729547,999999,5,1,1
5,6,47225.38548729547,999999,2,5,1
6,5,47225.38548729547,999999,0,5,1
6,1,47225.43979579767,999999,0,2,1
6,7,47231.042064482186,999999,5,3,1
8,4,47231.042064482186,999999,5,8,1
1,6,47233.62927755958,999999,2,5,1
5,6,47233.62927755958,1,5,6,1
6,6,47233.62927755958,5,2,6,1
8,0,47233.62927755958,999999,5,3,1
4,3,47238.90882924527,999999,2,0,1
2,5,47239.14862982117,999999,8,0,1
5,5,47239.14862982117,6,999999,1,1
5,5,47239.14862982117,999999,6,2,1
6,1,47239.14862982117,999999,2,6,1
6,1,47239.74267059288,999999,6,0,1
5,1,47243.13756481403,6,999999,2,1
1,6,47244.82468025862,1,999999,5,1
6,0,47244.82468025862,999999,6,6,1
8,3,47244.82468025862,999999,4,7,1
8,4,47244.82468025862,999999,2,1,1
8,6,47252.53572961648,999999,5,5,1
6,8,47258.444283290446,6,0,999999,1
4,6,47268.62342504739,2,4,999999,1
5,1,47276.566267616494,999999,2,2,1
1,1,47283.41982357057,999999,6,1,1
5,8,47283.41982357057,999999,4,2,1
4,4,47289.531218225435,999999,6,5,1
6,3,47295.885346916075,999999,6,1,1
5,0,47297.64637615368,1,999999,4,1
5,6,47297.64637615368,999999,6,0,1
1,3,47303.951370707495,999999,6,8,1
6,0,47303.951370707495,999999,2,6,1
5,1,47314.27068119339,0,999999,8,1
6,7,47314.27068119339,999999,8,0,1
4,2,47316.48985267951,0,1,999999,1
5,3,47316.48985267951,4,999999,5,1
5,4,47316.48985267951,999999,0,3,1
6,2,47316.48985267951,999999,3,6,1
6,5,47316.48985267951,999999,2,8,1
5,5,47318.21462687657,999999,5,5,1
6,6,47318.887186585926,999999,1,0,1
5,1,47323.94914078507,999999,3,6,1
5,0,47332.03568302842,6,999999,6,1
1,2,47334.99291495235,999999,6,5,1
5,5,47334.99291495235,999999,0,6,1
6,6,47345.18126031094,999999,8,1,1
1,8,47346.456589171765,999999,2,3,1
6,3,47347.27940902101,5,999999,6,1
1,4,47348.507674880784,999999,3,5,1
5,2,47348.507674880784,999999,6,5,1
5,8,47376.23521128971,5,999999,1,1
5,2,47377.3157063842,999999,0,1,1
6,5,47377.3157063842,5,4,999999,1
5,1,47378.190428496535,999999,5,8,1
5,6,47378.190428496535,999999,8,0,1
6,3,47389.64398606917,999999,1,2,1
6,4,47389.64398606917,999999,0,5,1
6,4,47389.64398606917,999999,1,3,1
5,2,47408.43696372371,999999,2,3,1
5,5,47427.971828132606,999999,6,6,1
5,1,47434.35469591892,0,4,999999,1
8,1,47437.00073147147,999999,2,6,1
4,0,47442.41605830712,999999,2,6,1
6,2,47442.41605830712,999999,5,0,1
6,8,47447.71450614866,8,999999,6,1
4,0,47449.60030402185,5,999999,3,1
5,1,47449.60030402185,0,999999,8,1
5,2,47449.60030402185,999999,1,6,1
6,0,47458.82655468789,999999,6,6,1
6,3,47458.82655468789,999999,6,1,1
6,0,47460.46734894186,999999,6,6,1
8,4,47460.46734894186,6,5,1,1
5,2,47463.37891498382,999999,3,5,1
5,2,47463.37891498382,999999,5,4,1
5,6,47463.37891498382,8,999999,1,1
1,0,47472.49800694035,999999,6,5,1
6,2,47472.49800694035,999999,6,3,1
8,6,47472.49800694035,999999,1,1,1
6,2,47478.48498555911,4,999999,6,1
6,5,47478.48498555911,6,999999,6,1
1,5,47479.32240682235,999999,5,8,1
8,4,47479.32240682235,999999,2,8,1
4,1,47504.552172382675,999999,5,3,1
5,5,47504.552172382675,999999,6,8,1
8,7,47505.04853659605,8,999999,6,1
4,6,47510.872476872115,999999,2,5,1
5,4,47512.99500637303,999999,5,6,1
5,6,47512.99500637303,999999,2,8,1
5,5,47520.095626278155,999999,6,1,1
5,5,47522.12630220735,999999,6,4,1
6,3,47522.12630220735,999999,1,0,1
1,5,47523.651080181335,999999,3,6,1
6,6,47523.72395725817,999999,6,1,1
6,5,47527.07512607142,999999,1,3,1
5,5,47540.39057807936,1,1,3,1
5,6,47540.39057807936,999999,6,5,1
1,4,47542.79960539175,999999,1,2,1
6,6,47542.79960539175,999999,5,1,1
8,2,47542.79960539175,999999,1,5,1
5,1,47545.49765486529,4,3,6,1
6,2,47545.49765486529,999999,5,999999,1
1,5,47549.02489626984,999999,5,2,1
6,2,47549.02489626984,0,999999,5,1
5,0,47558.60828622645,999999,2,3,1
5,1,47566.589554217804,999999,4,3,1
6,2,47566.589554217804,999999,2,6,1
5,4,47571.37486203313,999999,2,0,1
8,6,47571.37486203313,999999,4,5,1
1,2,47574.373480214716,999999,6,6,1
6,6,47574.373480214716,999999,6,6,1
6,3,47576.23916959046,999999,5,6,1
6,6,47579.0786937924,999999,8,2,1
5,5,47581.40859819115,999999,3,2,1
6,6,47581.40859819115,2,999999,3,1
6,3,47582.13934408724,999999,1,4,1
6,8,47582.13934408724,999999,3,3,1
5,0,47582.4162940675,999999,4,2,1
2,5,47584.31180411845,999999,6,2,1
6,4,47584.31180411845,999999,3,5,1
5,3,47587.76891819035,8,3,6,1
1,7,47588.33710894305,999999,6,4,1
6,8,47590.0470758774,6,999999,2,1
4,5,47593.46799242598,999999,6,2,1
5,4,47593.46799242598,999999,6,0,1
1,1,47602.81298865441,999999,2,7,1
5,5,47602.81298865441,999999,3,8,1
5,5,47602.81298865441,999999,5,1,1
8,0,47602.81298865441,999999,6,3,1
2,0,47604.447611483665,2,3,5,1
7,2,47604.447611483665,999999,1,3,1
2,5,47604.52562968277,999999,1,8,1
5,3,47604.52562968277,999999,0,1,1
6,2,47606.83686285478,999999,2,3,1
4,2,47609.119426687765,999999,8,6,1
5,5,47609.119426687765,999999,8,5,1
8,5,47609.119426687765,999999,6,2,1
1,6,47610.64284902556,999999,3,5,1
5,8,47610.64284902556,999999,2,1,1
6,1,47610.64284902556,999999,6,5,1
2,4,47613.80978763132,999999,8,1,1
5,3,47613.80978763132,999999,1,5,1
5,5,47613.80978763132,999999,8,5,1
6,4,47613.80978763132,5,999999,8,1
6,6,47613.80978763132,999999,6,6,1
6,0,47617.011412477776,999999,5,1,1
6,2,47617.011412477776,999999,0,5,1
6,5,47624.19696896181,999999,0,2,1
1,5,47626.976788512606,999999,5,2,1
8,3,47626.976788512606,6,999999,0,1
5,3,47631.01679774663,8,999999,6,1
5,6,47631.01679774663,999999,6,5,1
5,2,47632.48283870805,999999,6,4,1
5,5,47632.48283870805,999999,1,5,1
6,2,47632.48283870805,999999,5,1,1
8,7,47632.48283870805,999999,8,5,1
4,4,47632.91629922202,999999,8,6,1
1,6,47638.88960069424,999999,6,0,1
8,5,47638.88960069424,999999,6,5,1
1,5,47652.4503483491,999999,5,1,1
5,5,47652.4503483491,5,999999,8,1
5,4,47653.44705677518,5,999999,6,1
5,6,47653.44705677518,999999,0,1,1
1,5,47657.444547247746,999999,8,0,1
1,8,47657.444547247746,999999,5,1,1
1,3,47672.007377782276,4,999999,8,1
1,8,47672.007377782276,999999,6,4,1
5,8,47672.007377782276,999999,5,0,1
6,1,47673.45595596316,999999,5,6,1
8,3,47673.45595596316,999999,6,1,1
6,4,47682.27798132601,6,999999,0,1
6,5,47682.27798132601,0,999999,6,1
6,4,47683.019478665294,999999,3,1,1
8,2,47683.019478665294,6,999999,6,1
6,4,47684.83467783346,5,999999,1,1
5,5,47697.785852392735,999999,6,5,1
4,2,47716.00077496367,999999,5,6,1
6,3,47716.00077496367,4,6,6,1
6,5,47718.13735234176,999999,1,5,1
5,5,47722.260842378026,999999,6,1,1
6,6,47722.260842378026,999999,4,5,1
1,4,47733.596868024404,1,999999,3,1
4,2,47733.596868024404,999999,4,2,1
5,2,47733.596868024404,999999,8,0,1
1,5,47742.0662296539,8,999999,8,1
5,6,47742.0662296539,0,999999,6,1
6,2,47742.0662296539,1,999999,4,1
5,2,47748.149708390294,999999,3,8,1
8,4,47748.149708390294,999999,6,1,1
5,1,47751.67835616665,6,6,999999,1
1,2,47765.43187830737,8,999999,1,1
6,1,47765.43187830737,6,999999,6,1
1,3,47766.481791358936,999999,6,6,1
5,3,47767.22131899852,999999,2,8,1
8,4,47767.22131899852,999999,3,7,1
8,8,47767.22131899852,2,6,999999,1
5,0,47768.80444030967,999999,5,0,1
6,2,47768.80444030967,999999,1,5,1
8,2,47768.80444030967,999999,0,1,1
8,5,47769.67635755358,999999,6,2,1
1,6,47773.78963833114,999999,1,2,1
5,0,47773.78963833114,999999,6,6,1
1,0,47776.79895706998,3,5,999999,1
8,6,47776.79895706998,999999,6,3,1
8,1,47779.478307123805,5,6,3,1
6,3,47779.94930517543,999999,1,5,1
6,1,47781.367474699495,999999,5,0,1
6,8,47781.367474699495,999999,3,5,1
4,5,47786.25392405345,8,6,999999,1
4,2,47788.667826208686,999999,5,3,1
1,0,47800.81989849168,4,999999,2,1
5,2,47800.81989849168,999999,8,0,1
1,6,47804.82654276669,999999,4,0,1
5,8,47809.75787499693,999999,5,2,1
5,2,47810.18464219204,999999,1,6,1
5,3,47810.18464219204,999999,0,5,1
1,6,47819.640237250656,999999,1,8,1
5,2,47819.640237250656,999999,5,8,1
1,5,47823.12405763737,3,999999,6,1
5,2,47823.12405763737,999999,8,0,1
6,4,47826.43195015152,999999,1,3,1
6,8,47826.43195015152,6,999999,0,1
5,6,47827.53871248195,999999,1,1,1
8,1,47827.53871248195,6,999999,0,1
6,2,47830.29786330176,999999,5,0,1
5,4,47831.02671287887,999999,1,2,1
6,2,47831.566796199906,999999,5,8,1
6,4,47831.71601996161,999999,5,6,1
1,2,47835.64524154973,999999,3,8,1
5,6,47837.11710894515,999999,6,0,1
6,3,47837.11710894515,5,5,999999,1
5,0,47839.2873537741,999999,2,1,1
4,4,47852.440157058365,999999,3,5,1
6,0,47852.440157058365,5,999999,2,1
6,6,47852.440157058365,0,999999,2,1
6,2,47853.88498210508,999999,1,5,1
2,6,47860.63119536947,999999,5,0,1
5,4,47860.63119536947,999999,0,2,1
4,2,47862.2445969542,999999,3,4,1
5,2,47862.2445969542,999999,3,4,1
5,5,47862.2445969542,999999,1,8,1
1,2,47872.847264239375,999999,5,0,1
5,0,47872.847264239375,999999,1,5,1
6,5,47872.847264239375,999999,6,2,1
5,6,47873.89968649767,999999,1,6,1
6,8,47873.89968649767,999999,4,5,1
1,3,47879.07353892286,999999,5,2,1
1,6,47879.07353892286,5,6,999999,1
4,5,47880.227575795514,1,999999,4,1
5,1,47887.52790101065,999999,2,2,1
6,5,47887.52790101065,999999,3,4,1
6,6,47900.3990918067,999999,0,5,1
8,8,47907.23592058892,0,5,6,1
5,5,47914.291866025516,6,999999,5,1
6,5,47922.5552627615,999999,2,6,1
6,6,47922.5552627615,0,999999,8,1
1,6,47924.596760600456,999999,8,6,1
5,5,47924.596760600456,999999,1,6,1
5,6,47924.596760600456,999999,1,8,1
8,5,47929.93885371343,999999,6,0,1
8,4,47933.19751019623,999999,4,8,1
5,1,47940.99686353655,999999,1,5,1
5,6,47941.24950278255,1,999999,5,1
6,2,47941.24950278255,5,999999,8,1
5,7,47948.867209927645,999999,6,8,1
1,0,47954.582204132625,6,5,999999,1
5,6,47954.582204132625,999999,6,4,1
5,2,47960.40682233574,999999,5,1,1
6,0,47960.40682233574,999999,5,6,1
1,0,47967.4271147133,6,999999,3,1
6,0,47971.02748929095,999999,8,2,1
4,1,47981.628591179535,5,999999,5,1
6,5,47981.628591179535,2,999999,0,1
5,5,47983.989843011695,999999,4,6,1
5,7,47983.989843011695,999999,6,6,1
6,5,47983.989843011695,999999,8,0,1
5,3,47990.47104773445,999999,6,6,1
6,2,47990.47104773445,6,3,8,1
4,4,47992.73611344393,999999,5,3,1
6,8,47992.73611344393,8,999999,5,1
8,1,48006.06054287789,1,3,999999,1
5,2,48031.851623769304,999999,3,3,1
6,6,48031.851623769304,4,999999,6,1
5,5,48045.97257409671,4,999999,5,1
5,3,48047.99460870817,999999,6,6,1
5,6,48047.99460870817,5,999999,1,1
1,1,48066.00526016822,999999,5,6,1
5,5,48066.00526016822,999999,6,5,1
6,1,48067.15675269176,1,999999,3,1
8,2,48067.15675269176,999999,6,6,1
1,6,48070.8678110479,999999,5,5,1
5,1,48073.11293485151,999999,6,6,1
5,6,48073.11293485151,999999,2,2,1
6,8,48073.11293485151,999999,1,6,1
5,3,48076.09381132869,999999,8,6,1
5,6,48078.70105210007,999999,8,5,1
5,8,48078.70105210007,999999,6,0,1
6,7,48078.885112806856,2,999999,1,1
1,6,48082.18404312844,999999,3,0,1
1,1,48084.11512745078,999999,1,7,1
5,5,48084.11512745078,3,4,999999,1
6,3,48091.85837263505,999999,5,5,1
6,5,48091.85837263505,0,999999,3,1
6,1,48092.851269508785,999999,0,5,1
6,1,48092.851269508785,999999,6,4,1
6,6,48105.0838943282,4,999999,5,1
5,1,48111.888193005674,999999,7,4,1
5,7,48111.888193005674,2,999999,0,1
5,0,48115.705293861254,999999,5,3,1
8,8,48115.705293861254,999999,4,6,1
5,5,48119.51853234754,999999,8,6,1
5,6,48127.42347953597,8,999999,0,1
6,4,48127.42347953597,999999,4,1,1
1,0,48129.95015018547,999999,4,6,1
1,5,48129.95015018547,999999,6,3,1
5,6,48129.95015018547,999999,3,1,1
1,6,48133.21866480948,999999,6,8,1
6,1,48140.01226403255,999999,2,5,1
6,2,48141.96565767009,999999,3,1,1
5,2,48146.87687946351,999999,5,4,1
5,2,48146.87687946351,999999,6,3,1
5,5,48146.87687946351,999999,1,6,1
6,6,48146.87687946351,999999,8,8,1
5,4,48150.88655138677,999999,8,1,1
5,8,48161.43544694772,999999,5,5,1
6,2,48175.00251203619,999999,2,3,1
5,2,48179.47607029806,999999,3,8,1
5,2,48190.12241998457,999999,1,6,1
5,0,48192.16871385006,999999,8,5,1
5,8,48192.4099458678,6,5,999999,1
1,8,48197.641025730256,4,999999,6,1
6,2,48210.653019053134,6,3,999999,1
5,4,48212.53039834856,999999,2,7,1
6,2,48212.53039834856,999999,999999,6,1
6,5,48212.53039834856,999999,0,4,1
5,5,48221.94343405016,1,3,999999,1
5,8,48221.94343405016,999999,8,3,1
4,1,48232.42725786354,999999,2,5,1
5,0,48232.42725786354,999999,1,5,1
4,8,48245.910026863734,999999,4,6,1
6,5,48245.910026863734,999999,5,1,1
6,6,48245.910026863734,6,999999,6,1
6,3,48259.4734200969,999999,6,1,1
5,0,48262.153577169,999999,3,5,1
4,6,48263.444882204734,6,999999,1,1
6,6,48263.444882204734,999999,4,8,1
5,6,48264.79391626334,999999,5,6,1
6,2,48264.79391626334,5,999999,6,1
5,6,48273.07711727988,999999,1,0,1
6,1,48273.07711727988,999999,0,8,1
8,4,48273.07711727988,5,999999,1,1
6,5,48279.66025177591,6,999999,5,1
6,5,48279.66025177591,8,999999,6,1
1,6,48284.44663622195,6,999999,5,1
5,5,48285.86814542059,8,999999,0,1
6,0,48285.86814542059,999999,2,6,1
8,6,48285.86814542059,999999,0,0,1
1,5,48289.854078248776,999999,6,0,1
6,1,48289.854078248776,999999,2,0,1
4,3,48291.86994079789,6,999999,6,1
6,4,48291.86994079789,1,999999,2,1
1,6,48307.88110152792,999999,1,8,1
6,3,48307.88110152792,999999,6,8,1
6,2,48309.805142207304,6,999999,8,1
6,3,48313.335136018366,6,6,999999,1
6,8,48313.335136018366,6,999999,6,1
1,5,48315.26256284453,999999,8,3,1
5,3,48315.26256284453,999999,8,6,1
5,5,48315.26256284453,999999,0,5,1
6,8,48315.26256284453,999999,5,5,1
5,8,48325.87739708275,999999,5,6,1
1,0,48339.91999638715,999999,5,1,1
5,2,48339.91999638715,999999,1,8,1
5,0,48343.514795982424,999999,1,5,1
6,8,48343.514795982424,999999,1,4,1
1,3,48348.692289445185,999999,6,5,1
6,1,48348.692289445185,3,999999,6,1
5,0,48354.108383868836,3,999999,0,1
6,2,48354.108383868836,6,1,6,1
4,1,48356.66348020316,999999,3,5,1
1,3,48356.984860753655,999999,5,6,1
4,1,48358.79547334959,5,5,999999,1
5,3,48359.55818760745,999999,1,8,1
6,0,48359.55818760745,6,999999,2,1
6,6,48359.55818760745,999999,8,8,1
6,8,48359.55818760745,6,999999,4,1
5,3,48361.36731081286,1,999999,5,1
5,5,48366.4759930678,999999,1,8,1
6,2,48366.4759930678,999999,6,5,1
1,8,48368.08036673329,6,1,999999,1
1,4,48376.280257271275,0,1,999999,1
4,2,48376.280257271275,999999,6,3,1
5,0,48376.280257271275,999999,6,5,1
5,2,48385.78703861574,999999,8,5,1
6,0,48385.78703861574,999999,8,4,1
6,6,48385.78703861574,4,999999,8,1
6,6,48385.78703861574,999999,7,1,1
6,1,48393.111208377355,999999,5,4,1
6,5,48393.111208377355,999999,0,8,1
5,1,48393.39129211842,999999,0,3,1
1,5,48393.570753146094,999999,8,6,1
5,0,48393.570753146094,999999,6,5,1
4,6,48393.750547823336,5,999999,8,1
5,5,48402.96826736528,999999,3,6,1
5,5,48402.96826736528,999999,8,3,1
6,4,48402.96826736528,999999,6,6,1
5,3,48407.42927944318,999999,6,6,1
6,2,48410.7294980155,2,999999,1,1
5,7,48414.80128566395,6,999999,4,1
1,8,48418.48705912133,999999,0,2,1
6,2,48418.48705912133,999999,1,3,1
6,5,48418.48705912133,999999,1,6,1
6,8,48418.48705912133,1,999999,1,1
1,0,48422.121058610755,5,999999,8,1
4,8,48453.840665118136,999999,0,6,1
6,5,48453.840665118136,999999,1,2,1
5,1,48456.489462856734,999999,3,6,1
5,6,48456.489462856734,2,999999,2,1
6,2,48456.489462856734,999999,2,6,1
5,5,48464.63119874889,5,6,999999,1
6,1,48464.63119874889,999999,3,6,1
6,0,48467.76343338348,999999,1,2,1
6,6,48467.76343338348,1,999999,2,1
1,6,48473.99741693259,999999,6,5,1
4,6,48473.99741693259,999999,0,7,1
6,2,48475.1685698081,999999,5,3,1
6,5,48475.18640218569,999999,4,1,1
6,3,48476.14535108472,4,999999,6,1
6,5,48476.14535108472,999999,8,6,1
8,3,48485.094115289576,999999,3,4,1
1,3,48498.55418546433,999999,4,2,1
5,5,48501.83482686222,999999,4,8,1
5,5,48515.15080810496,3,4,999999,1
1,4,48515.725095099406,999999,0,5,1
5,7,48515.725095099406,0,6,5,1
5,0,48520.536616495476,999999,5,8,1
5,2,48520.536616495476,999999,5,5,1
5,2,48520.536616495476,999999,6,5,1
6,0,48520.536616495476,999999,3,1,1
5,6,48520.59809164105,6,999999,1,1
8,5,48520.59809164105,4,999999,3,1
6,5,48521.859240816986,999999,2,0,1
4,0,48526.394311244636,999999,5,1,1
5,4,48540.41171861,2,999999,1,1
6,8,48540.41171861,999999,6,5,1
1,0,48544.12306132047,6,999999,8,1
4,3,48544.12306132047,999999,8,5,1
5,1,48544.12306132047,999999,2,4,1
1,7,48551.855797744036,999999,5,4,1
5,4,48551.855797744036,999999,6,5,1
5,2,48556.95444624452,999999,3,5,1
6,2,48556.95444624452,8,999999,0,1
5,3,48563.15759324825,999999,2,6,1
5,3,48564.28481418321,4,8,999999,1
5,3,48573.546154417,999999,5,2,1
6,8,48577.61886000596,999999,3,0,1
4,1,48583.08641959042,999999,8,6,1
5,5,48583.08641959042,999999,8,4,1
5,1,48588.49120470664,999999,6,6,1
5,2,48588.49120470664,999999,4,5,1
6,5,48588.49120470664,6,5,999999,1
5,6,48598.573896989576,999999,5,8,1
6,2,48598.573896989576,999999,5,6,1
1,6,48605.41158826796,8,999999,0,1
5,1,48605.41158826796,999999,999999,6,1
1,3,48614.58723840921,999999,6,2,1
5,5,48614.58723840921,999999,0,5,1
6,5,48614.58723840921,999999,4,2,1
1,2,48636.71258453727,999999,5,2,1
6,5,48637.25876140452,999999,3,4,1
6,5,48638.16821216362,1,999999,8,1
8,3,48638.16821216362,1,999999,2,1
5,1,48641.22190015953,999999,2,5,1
2,8,48647.332117925216,999999,6,5,1
5,0,48647.332117925216,999999,2,5,1
8,4,48650.15037281124,999999,0,1,1
8,4,48650.15037281124,999999,6,6,1
5,1,48655.73421013629,999999,5,0,1
5,8,48656.01170319388,999999,6,0,1
8,8,48656.01170319388,999999,5,8,1
8,8,48661.00978643735,6,999999,2,1
1,1,48661.676611191084,999999,6,6,1
5,0,48661.676611191084,999999,6,0,1
6,2,48661.676611191084,999999,5,6,1
5,5,48662.87122807206,999999,4,5,1
5,6,48662.87122807206,2,999999,5,1
5,8,48663.924043556035,999999,6,8,1
8,5,48663.924043556035,999999,6,0,1
8,1,48664.82437646273,999999,1,6,1
6,6,48666.429028528706,999999,8,0,1
1,3,48671.03997734633,0,6,999999,1
2,5,48671.03997734633,999999,6,1,1
1,5,48672.555973239796,999999,5,6,1
6,2,48672.555973239796,6,999999,0,1
6,8,48672.555973239796,5,999999,5,1
6,8,48672.555973239796,999999,0,6,1
5,5,48678.7554228554,999999,1,5,1
1,3,48679.62851952897,4,999999,6,1
5,3,48679.62851952897,0,999999,6,1
5,1,48682.46590868182,4,999999,5,1
6,3,48682.46590868182,999999,6,5,1
5,5,48686.357566902196,999999,1,5,1
5,6,48686.357566902196,5,999999,4,1
1,6,48692.26611575015,999999,5,3,1
8,5,48692.26611575015,999999,5,8,1
1,1,48707.723663895325,999999,2,3,1
2,3,48707.723663895325,2,999999,1,1
5,6,48707.723663895325,999999,0,5,1
5,6,48707.723663895325,999999,2,6,1
6,0,48716.661145899496,999999,0,4,1
1,0,48719.5605564429,999999,5,8,1
4,6,48720.3949130046,999999,3,4,1
5,4,48720.3949130046,6,999999,3,1
6,1,48720.3949130046,5,999999,8,1
5,6,48721.35865111716,999999,6,8,1
2,5,48727.75391091253,999999,3,4,1
5,4,48727.75391091253,2,999999,5,1
5,4,48730.908103675196,999999,0,1,1
6,4,48730.908103675196,999999,2,6,1
6,6,48730.908103675196,2,999999,3,1
6,2,48731.44386964394,3,999999,1,1
6,8,48731.44386964394,999999,5,1,1
6,1,48737.946849738946,999999,0,1,1
4,4,48738.19390934026,999999,3,6,1
5,3,48738.19390934026,5,6,999999,1
2,0,48740.097638042935,999999,6,4,1
6,8,48745.78396552446,999999,0,3,1
5,6,48752.3088046591,999999,1,2,1
6,5,48753.45209749752,999999,0,0,1
5,6,48755.71270829973,4,999999,8,1
6,8,48755.71270829973,999999,3,5,1
4,3,48766.84004608691,5,999999,4,1
5,6,48766.84004608691,999999,6,0,1
1,3,48766.99401063845,6,999999,5,1
8,1,48766.99401063845,6,999999,6,1
6,1,48773.931171496355,999999,0,1,1
5,8,48776.30749595419,999999,3,5,1
8,5,48776.30749595419,999999,8,6,1
6,8,48777.24616149381,999999,4,5,1
8,8,48783.126669296544,999999,6,5,1
5,5,48789.743244128455,999999,6,0,1
6,5,48789.743244128455,999999,8,6,1
6,6,48789.743244128455,999999,3,5,1
6,6,48794.112263306815,999999,0,1,1
6,4,48798.16717553944,999999,6,2,1
6,6,48798.16717553944,999999,6,6,1
5,1,48802.15556769145,999999,3,6,1
5,4,48809.253114770196,999999,6,1,1
5,1,48810.04050425442,5,999999,8,1
5,1,48810.04050425442,999999,5,5,1
5,5,48810.04050425442,3,2,6,1
1,5,48816.22458827903,6,6,999999,1
5,3,48816.22458827903,2,999999,6,1
5,5,48822.84424053367,999999,0,5,1
5,6,48822.84424053367,999999,4,6,1
6,6,48822.84424053367,999999,5,6,1
5,5,48825.25021444984,999999,0,2,1
1,3,48826.769904136745,7,999999,0,1
6,1,48826.769904136745,999999,8,1,1
6,1,48826.769904136745,999999,8,3,1
6,4,48826.769904136745,999999,6,1,1
8,8,48826.769904136745,999999,0,3,1
8,7,48831.24745809031,999999,6,5,1
8,8,48832.91042876496,999999,8,6,1
4,5,48834.821516138916,999999,8,1,1
5,5,48839.13060958575,999999,6,2,1
5,8,48839.13060958575,999999,4,0,1
5,5,48843.8233248914,999999,8,3,1
6,6,48843.8233248914,5,8,999999,1
8,2,48843.8233248914,999999,1,8,1
5,6,48844.36315172233,5,4,999999,1
6,6,48851.65935472778,2,5,999999,1
8,8,48851.65935472778,999999,999999,6,1
2,1,48854.34618960179,5,4,999999,1
8,3,48854.34618960179,999999,1,6,1
6,3,48855.838119606204,999999,5,2,1
5,2,48864.08150292689,3,999999,4,1
8,2,48878.764142161366,999999,4,3,1
1,6,48893.96264884767,0,999999,1,1
5,1,48893.96264884767,999999,8,0,1
5,3,48893.96264884767,999999,6,4,1
6,4,48893.96264884767,999999,8,6,1
6,5,48893.96264884767,2,999999,8,1
6,4,48904.43181935428,999999,8,5,1
5,2,48908.43525468674,999999,8,5,1
5,5,48908.43525468674,999999,5,1,1
6,1,48911.27023578291,5,999999,6,1
6,2,48911.27023578291,999999,5,0,1
5,4,48912.085412251276,6,999999,8,1
1,3,48916.42406955774,1,999999,2,1
4,4,48916.42406955774,999999,8,0,1
4,5,48920.499813107504,5,999999,1,1
5,3,48920.499813107504,8,999999,4,1
6,3,48920.499813107504,999999,3,4,1
6,2,48921.40340952929,999999,6,3,1
8,5,48921.40340952929,999999,5,0,1
1,4,48923.85524324415,999999,6,0,1
4,5,48931.838369458994,999999,6,1,1
4,6,48933.706281039325,5,999999,6,1
5,3,48933.706281039325,6,1,999999,1
5,3,48933.706281039325,6,999999,6,1
1,5,48936.07313723836,999999,0,2,1
8,5,48936.07313723836,999999,8,0,1
5,6,48940.65551662222,999999,3,6,1
6,2,48940.65551662222,999999,0,3,1
5,6,48943.5793923601,999999,4,5,1
5,6,48943.5793923601,999999,5,3,1
6,2,48943.5793923601,999999,8,6,1
4,5,48944.43823057166,999999,4,8,1
4,5,48944.43823057166,999999,6,5,1
5,3,48944.43823057166,4,8,999999,1
5,8,48944.43823057166,999999,3,6,1
5,5,48947.10108018539,999999,2,0,1
6,0,48949.01358149087,6,3,6,1
6,3,48949.01358149087,6,999999,5,1
5,7,48953.84985852317,999999,5,8,1
5,5,48954.810842761784,6,5,999999,1
5,5,48959.23501958511,999999,0,6,1
8,2,48964.12666951771,999999,6,0,1
8,4,48964.12666951771,0,999999,5,1
5,2,48965.94240026649,999999,3,4,1
6,0,48965.94240026649,2,999999,5,1
5,6,48966.291873327595,999999,8,5,1
6,1,48966.291873327595,999999,5,6,1
1,1,48966.70532865097,999999,6,0,1
4,6,48966.70532865097,999999,3,6,1
6,2,48972.84103085448,5,999999,8,1
1,7,48978.931253825765,999999,2,0,1
5,8,48985.55811415486,999999,8,5,1
6,3,48985.55811415486,999999,2,6,1
5,1,48990.42367145505,999999,6,4,1
5,4,48990.42367145505,999999,6,1,1
5,7,48990.42367145505,8,999999,4,1
5,7,48990.42367145505,999999,1,5,1
5,5,48999.11777217751,999999,2,3,1
5,8,49000.70083246134,3,2,999999,1
6,6,49000.70083246134,999999,1,5,1
5,2,49006.267921122264,999999,1,7,1
5,6,49006.267921122264,999999,4,2,1
8,2,49006.267921122264,6,999999,3,1
8,8,49009.54062092794,5,6,999999,1
1,1,49010.18608621025,999999,5,8,1
6,3,49010.18608621025,6,999999,5,1
5,1,49011.28915593818,999999,2,6,1
5,3,49011.28915593818,999999,6,5,1
8,5,49011.28915593818,999999,6,1,1
5,7,49011.30073598077,999999,5,3,1
5,8,49011.30073598077,999999,3,1,1
5,0,49012.513636173506,999999,1,5,1
6,3,49012.513636173506,999999,5,6,1
6,5,49018.51243720199,999999,3,2,1
8,6,49031.6821621799,6,999999,6,1
1,0,49032.96466233666,999999,1,5,1
5,6,49039.97018286786,999999,4,1,1
6,3,49039.97018286786,8,999999,5,1
2,6,49042.76957850171,999999,5,8,1
6,0,49042.76957850171,999999,5,6,1
6,5,49059.88706546647,2,6,999999,1
8,1,49059.88706546647,999999,5,2,1
5,5,49060.19208765476,999999,0,5,1
5,5,49061.6389550944,999999,6,8,1
1,0,49064.278686174635,999999,4,6,1
5,7,49064.278686174635,999999,2,6,1
4,0,49070.82463816841,999999,5,7,1
5,4,49070.82463816841,2,6,999999,1
1,3,49076.4592788494,999999,5,6,1
5,5,49076.72591293352,999999,5,4,1
5,8,49076.72591293352,999999,2,6,1
6,0,49078.6139640571,999999,5,6,1
1,6,49082.75923627581,999999,5,1,1
4,5,49083.80928854587,2,999999,5,1
8,0,49087.09978694524,1,2,999999,1
1,6,49088.97250729569,999999,1,5,1
4,8,49088.97250729569,999999,6,2,1
4,3,49090.766028741884,999999,5,5,1
6,0,49090.766028741884,999999,6,5,1
6,5,49100.868107441034,999999,0,5,1
6,2,49111.71570957184,6,999999,0,1
8,4,49111.71570957184,999999,6,2,1
4,2,49114.03671288187,1,999999,5,1
6,7,49114.03671288187,999999,8,6,1
5,3,49116.993980019535,999999,6,1,1
5,5,49131.60650027038,2,999999,1,1
5,5,49133.3034571738,2,999999,2,1
6,1,49133.3034571738,999999,8,3,1
5,6,49136.48772417336,6,999999,3,1
5,3,49137.561410248716,999999,0,5,1
5,6,49137.561410248716,999999,8,6,1
5,4,49141.37861125643,999999,5,1,1
8,2,49141.37861125643,999999,5,1,1
1,0,49155.659395719886,6,999999,3,1
5,6,49155.659395719886,999999,8,1,1
6,6,49157.19899620762,999999,5,5,1
5,1,49159.85349021211,999999,2,0,1
5,2,49159.85349021211,999999,0,3,1
5,6,49159.85349021211,0,999999,5,1
5,7,49159.85349021211,2,999999,3,1
5,3,49166.80875875818,999999,2,5,1
6,6,49166.80875875818,999999,8,5,1
5,0,49169.26050378907,999999,3,6,1
5,6,49169.26050378907,6,999999,5,1
6,6,49169.26050378907,999999,3,8,1
8,2,49169.26050378907,6,999999,3,1
4,6,49174.77201013966,999999,3,6,1
6,1,49176.18965387674,999999,1,2,1
5,3,49181.0998228008,999999,2,1,1
5,5,49181.0998228008,999999,8,6,1
5,2,49181.36577573385,999999,3,4,1
1,6,49182.57736054645,999999,0,2,1
5,3,49182.83579157212,999999,5,4,1
5,8,49182.83579157212,5,2,999999,1
8,0,49182.83579157212,3,5,999999,1
6,4,49184.01043066549,999999,3,8,1
5,3,49193.48118296961,999999,6,1,1
5,5,49195.86048367821,999999,2,3,1
6,0,49195.86048367821,999999,5,1,1
6,8,49197.98045586975,6,8,999999,1
5,2,49201.07991452629,999999,1,2,1
5,8,49201.07991452629,999999,5,5,1
6,5,49201.07991452629,2,999999,8,1
4,8,49201.39342278666,999999,1,6,1
8,6,49201.39342278666,5,999999,5,1
5,5,49203.91270093375,2,999999,6,1
5,0,49210.371987537124,5,2,8,1
1,1,49211.48374121228,999999,3,5,1
5,5,49211.48374121228,1,999999,8,1
4,5,49211.85941644259,999999,1,6,1
6,3,49212.346175948725,999999,5,6,1
5,3,49214.10005177334,999999,8,5,1
5,5,49221.56629233136,999999,2,8,1
1,5,49225.598079061434,999999,5,1,1
8,6,49225.598079061434,999999,2,2,1
4,1,49236.782057050834,999999,6,3,1
6,6,49236.782057050834,999999,4,5,1
4,5,49240.47210120857,2,2,3,1
5,6,49241.19085091686,5,3,999999,1
6,6,49241.19085091686,999999,5,2,1
1,3,49244.78324443258,999999,6,5,1
1,4,49244.78324443258,0,999999,3,1
1,6,49244.78324443258,999999,5,6,1
8,1,49251.844168629366,999999,6,6,1
8,1,49269.48941802036,999999,0,5,1
2,3,49272.2327203227,999999,8,6,1
5,5,49272.2327203227,5,999999,2,1
5,8,49278.932001885354,999999,3,0,1
1,6,49290.86177574959,999999,4,8,1
6,1,49290.86177574959,6,5,999999,1
5,5,49295.12453871979,999999,0,2,1
6,5,49295.12453871979,999999,5,1,1
1,6,49297.63746778066,5,999999,3,1
2,8,49297.63746778066,6,999999,6,1
4,1,49299.563768722954,999999,4,6,1
5,1,49299.563768722954,999999,5,6,1
6,5,49299.563768722954,2,999999,5,1
2,0,49305.817882837175,6,999999,5,1
5,1,49305.817882837175,999999,6,1,1
6,5,49305.817882837175,999999,1,6,1
8,5,49305.817882837175,999999,5,6,1
1,5,49310.75582115011,999999,3,5,1
5,8,49310.75582115011,999999,999999,4,1
8,6,49313.276297512995,999999,8,3,1
5,6,49327.10123214116,999999,0,2,1
5,8,49327.10123214116,999999,2,2,1
6,3,49327.10123214116,2,999999,1,1
6,8,49329.49880297079,999999,5,6,1
8,6,49329.49880297079,0,999999,6,1
5,3,49331.54882319953,5,999999,8,1
6,1,49331.54882319953,999999,6,3,1
4,1,49333.65079016693,999999,6,5,1
4,8,49333.65079016693,999999,5,6,1
5,5,49333.65079016693,8,999999,5,1
6,7,49333.65079016693,999999,6,5,1
5,7,49343.465256209376,6,999999,5,1
6,3,49343.465256209376,999999,6,1,1
8,3,49343.465256209376,999999,6,2,1
5,3,49343.499628361096,999999,6,1,1
6,5,49343.499628361096,999999,0,6,1
8,6,49343.499628361096,999999,8,2,1
1,1,49346.92328799612,7,999999,1,1
8,8,49346.92328799612,999999,2,4,1
5,2,49350.10391314951,999999,5,0,1
6,4,49350.10391314951,8,999999,5,1
6,1,49354.36326693436,6,999999,6,1
2,0,49354.51736497794,999999,8,4,1
2,4,49354.51736497794,999999,1,6,1
5,2,49354.51736497794,999999,1,3,1
6,8,49354.51736497794,0,999999,2,1
5,1,49361.25564646461,999999,3,5,1
2,4,49362.53708636415,999999,1,0,1
2,6,49362.53708636415,999999,5,1,1
4,5,49362.53708636415,999999,6,0,1
4,5,49371.68459963676,999999,1,0,1
6,1,49371.68459963676,999999,3,6,1
8,8,49371.68459963676,2,999999,3,1
5,5,49373.812098165756,999999,0,5,1
6,7,49373.812098165756,999999,2,6,1
5,5,49374.7228511883,999999,0,5,1
5,5,49374.7228511883,999999,6,5,1
4,8,49375.76416453334,999999,2,5,1
6,6,49375.76416453334,4,999999,8,1
8,3,49375.76416453334,999999,4,6,1
8,8,49375.76416453334,3,999999,6,1
5,7,49376.20517118294,999999,2,6,1
6,3,49384.90053305546,999999,0,2,1
5,1,49401.12993041119,999999,6,5,1
6,8,49401.12993041119,7,5,999999,1
5,1,49411.482447186405,3,999999,7,1
8,1,49411.482447186405,8,999999,0,1
5,6,49430.431598792966,999999,0,2,1
4,0,49436.70067886228,999999,5,1,1
5,6,49436.70067886228,3,999999,8,1
5,8,49436.70067886228,999999,5,6,1
6,5,49436.70067886228,2,999999,5,1
2,1,49440.44066851831,999999,3,7,1
5,5,49440.44066851831,1,6,999999,1
5,5,49440.44066851831,999999,6,8,1
5,4,49464.04638698393,999999,0,2,1
5,8,49464.04638698393,999999,6,2,1
1,8,49464.274952148866,999999,3,6,1
5,5,49464.274952148866,1,999999,2,1
5,0,49468.690737741555,999999,8,5,1
5,5,49468.690737741555,999999,0,1,1
5,4,49471.52783237235,999999,6,6,1
1,1,49472.12950167037,999999,5,5,1
1,8,49486.73625442224,999999,6,3,1
5,2,49486.73625442224,5,999999,1,1
5,5,49486.73625442224,999999,8,1,1
6,7,49491.71097949184,999999,8,0,1
5,5,49492.410516645454,5,999999,8,1
1,3,49497.85055600201,999999,7,2,1
8,6,49497.85055600201,4,999999,8,1
6,5,49502.42787631543,999999,0,5,1
1,6,49514.744409472354,999999,999999,2,1
5,1,49514.744409472354,999999,2,6,1
5,3,49517.155889062225,999999,6,6,1
4,7,49525.414122065326,999999,2,6,1
6,2,49525.414122065326,5,999999,6,1
5,6,49526.52286940145,999999,4,3,1
6,6,49530.93393921026,999999,5,2,1
8,2,49530.93393921026,999999,0,1,1
8,8,49530.93393921026,999999,0,6,1
5,2,49531.70398989279,8,2,999999,1
5,6,49531.70398989279,1,999999,4,1
6,6,49533.20502115317,1,999999,6,1
8,4,49533.20502115317,999999,0,3,1
6,1,49537.900316431784,8,999999,2,1
5,1,49545.445096295596,999999,5,0,1
5,6,49545.445096295596,999999,2,4,1
6,6,49546.06239447156,999999,6,5,1
4,6,49546.103761411505,999999,3,5,1
4,7,49546.103761411505,6,999999,5,1
6,5,49551.98101544561,999999,4,6,1
5,3,49555.66027609574,3,999999,5,1
6,2,49555.66027609574,999999,5,2,1
6,3,49555.66027609574,999999,1,8,1
6,6,49555.66027609574,999999,8,5,1
5,2,49571.323006743565,3,999999,4,1
5,2,49571.323006743565,999999,6,8,1
5,6,49571.323006743565,999999,5,6,1
4,0,49576.649499274725,999999,3,5,1
6,6,49576.649499274725,999999,4,5,1
8,8,49576.649499274725,1,999999,5,1
2,2,49578.956463116214,999999,3,5,1
5,4,49582.51719881542,6,999999,3,1
6,6,49582.51719881542,999999,3,0,1
1,2,49584.38481558101,999999,6,6,1
5,4,49584.38481558101,999999,5,3,1
5,2,49586.95415708314,5,0,999999,1
6,3,49586.95415708314,999999,2,6,1
6,5,49586.95415708314,999999,4,3,1
6,8,49592.23015713262,999999,5,999999,1
1,1,49608.9822881776,999999,8,7,1
5,4,49608.9822881776,1,3,999999,1
4,2,49610.147487151175,999999,5,6,1
6,6,49610.147487151175,999999,2,8,1
5,5,49627.79258710784,999999,1,5,1
5,6,49632.767384911574,999999,6,8,1
6,5,49635.08906303317,999999,5,1,1
6,2,49637.92543689415,5,3,999999,1
5,1,49643.80777750188,999999,7,6,1
8,2,49643.80777750188,999999,1,6,1
1,8,49646.494673366666,999999,999999,4,1
5,3,49652.65575315622,2,999999,0,1
6,8,49661.88883951572,999999,0,6,1
6,5,49662.02389533483,999999,7,6,1
4,6,49667.239140644015,6,999999,3,1
5,6,49682.10554522827,999999,5,0,1
6,8,49682.10554522827,4,999999,6,1
5,2,49684.37177964443,6,6,999999,1
5,2,49684.37177964443,999999,0,2,1
5,6,49684.37177964443,999999,5,1,1
5,1,49688.49532308701,999999,2,5,1
5,2,49688.49532308701,999999,999999,7,1
6,5,49688.49532308701,999999,8,6,1
5,5,49694.75471536121,999999,5,2,1
4,4,49703.47621892724,999999,3,5,1
6,4,49719.656777814394,999999,4,2,1
8,6,49720.373748610706,999999,6,6,1
5,8,49726.34256391417,4,999999,6,1
8,2,49727.975880587255,5,999999,1,1
5,2,49740.76952076845,999999,3,8,1
6,1,49740.76952076845,999999,6,2,1
6,6,49747.72637962595,999999,7,5,1
5,3,49755.313773669506,999999,1,2,1
4,2,49758.159276564416,999999,5,4,1
1,6,49761.69511493512,999999,3,4,1
4,2,49761.69511493512,999999,1,6,1
5,5,49761.69511493512,999999,8,3,1
1,6,49768.67025304547,999999,5,8,1
4,0,49768.67025304547,999999,2,8,1
4,4,49768.67025304547,999999,999999,5,1
6,2,49768.67025304547,999999,8,5,1
1,6,49788.692203121296,2,999999,0,1
1,6,49788.692203121296,999999,8,1,1
8,5,49792.72678247168,999999,8,1,1
8,0,49796.47827106052,6,999999,2,1
5,5,49802.27601864224,5,999999,6,1
5,6,49802.27601864224,2,999999,8,1
5,5,49804.09221477395,999999,0,3,1
6,6,49804.09221477395,999999,1,6,1
6,0,49806.60886853723,999999,8,7,1
6,3,49806.60886853723,999999,6,1,1
5,5,49806.748136233284,999999,1,6,1
5,5,49806.748136233284,999999,5,6,1
6,2,49809.671762801336,999999,1,5,1
2,4,49809.738204020796,999999,6,5,1
5,1,49809.738204020796,999999,0,5,1
6,1,49809.738204020796,0,999999,4,1
5,4,49820.7268655216,999999,8,6,1
6,4,49820.7268655216,8,8,999999,1
4,6,49824.97286080269,999999,2,6,1
5,4,49824.97286080269,999999,8,6,1
5,7,49824.97286080269,2,5,2,1
8,1,49824.97286080269,999999,8,4,1
4,1,49826.168337012125,999999,5,5,1
6,6,49826.168337012125,999999,4,5,1
5,3,49831.302844731115,5,1,999999,1
8,8,49831.302844731115,999999,6,1,1
8,1,49831.82135027813,999999,6,3,1
5,2,49838.34671088569,4,999999,3,1
8,2,49838.34671088569,999999,2,5,1
6,5,49838.69171719994,6,2,999999,1
8,8,49846.37202218231,999999,8,4,1
1,5,49853.203910846205,999999,6,0,1
1,5,49858.8121285861,999999,6,8,1
1,2,49874.15871280889,999999,5,2,1
1,6,49874.15871280889,1,999999,1,1
5,5,49874.15871280889,999999,4,0,1
6,4,49891.70384810227,999999,6,8,1
4,5,49897.31158180297,6,999999,4,1
1,3,49907.954102071126,999999,1,3,1
4,1,49907.954102071126,999999,1,2,1
8,5,49907.954102071126,2,999999,6,1
6,0,49916.436257562804,999999,3,2,1
6,1,49922.816607163324,3,999999,8,1
4,2,49924.63531325492,999999,5,3,1
6,0,49937.145196907644,999999,1,8,1
5,1,49944.73067754257,5,8,999999,1
5,5,49944.73067754257,5,8,2,1
8,7,49944.73067754257,2,0,999999,1
5,8,49949.61044771061,999999,8,6,1
1,0,49957.92539526557,999999,7,6,1
5,1,49957.92539526557,5,999999,2,1
5,2,49957.92539526557,5,999999,5,1
2,5,49961.662512077906,1,999999,4,1
2,5,49961.662512077906,999999,8,1,1
5,2,49965.262413527285,999999,3,8,1
5,4,49965.262413527285,999999,6,6,1
6,2,49965.262413527285,5,999999,0,1
1,5,49978.74514485455,999999,8,0,1
5,3,49978.74514485455,2,999999,6,1
4,6,49985.30502223472,999999,4,5,1
5,3,49996.60433031615,999999,1,2,1
6,1,49996.60433031615,999999,0,2,1
1,6,49999.63223597507,999999,8,6,1
6,4,49999.63223597507,999999,3,8,1
1,5,50006.4521348012,999999,5,6,1
5,2,50006.4521348012,999999,6,5,1
6,6,50009.125109336215,6,999999,3,1
1,7,50015.857738367275,999999,6,8,1
6,2,50024.03252756526,5,999999,1,1
5,5,50029.36102930955,999999,8,6,1
6,2,50029.36102930955,999999,5,6,1
6,2,50038.57942733846,999999,8,0,1
4,2,50044.47912069074,999999,5,1,1
5,2,50044.47912069074,1,999999,1,1
6,6,50044.47912069074,999999,5,8,1
4,1,50044.77015007124,999999,3,5,1
5,1,50044.77015007124,999999,5,3,1
5,4,50068.759672998196,999999,0,1,1
6,0,50075.709095399914,999999,5,0,1
1,4,50078.368519907875,999999,2,5,1
6,3,50078.368519907875,6,6,999999,1
6,6,50078.368519907875,999999,5,0,1
1,1,50080.98779878667,999999,6,0,1
5,4,50081.1083497094,2,999999,6,1
6,8,50084.958369029635,5,999999,6,1
4,2,50086.95082721215,999999,3,4,1
5,8,50086.95082721215,999999,7,6,1
5,3,50088.58918262737,999999,5,3,1
6,1,50088.58918262737,999999,3,2,1
6,1,50092.343917114384,999999,5,3,1
7,5,50092.343917114384,999999,5,0,1
1,5,50095.55444021377,999999,3,8,1
5,5,50096.54403724314,999999,1,1,1
6,6,50096.54403724314,999999,3,8,1
6,6,50096.54403724314,999999,6,6,1
1,6,50097.75224922468,6,999999,5,1
5,5,50097.75224922468,2,1,999999,1
6,2,50097.75224922468,999999,5,8,1
6,3,50097.95337753766,999999,8,6,1
5,8,50098.04328388995,999999,2,3,1
5,5,50100.99508158743,6,2,2,1
5,8,50100.99508158743,999999,8,5,1
6,4,50100.99508158743,5,999999,1,1
1,5,50108.30917093299,999999,6,0,1
4,4,50108.30917093299,999999,8,8,1
1,5,50109.495878759786,1,999999,3,1
6,0,50109.495878759786,6,999999,6,1
8,8,50109.495878759786,999999,5,6,1
6,2,50113.22956354127,999999,8,0,1
6,3,50113.22956354127,6,2,6,1
6,4,50113.8121825142,2,999999,6,1
1,6,50125.868486710286,999999,4,0,1
5,5,50125.868486710286,999999,0,8,1
8,4,50125.868486710286,999999,6,8,1
1,0,50129.46005340287,999999,8,1,1
5,4,50129.46005340287,999999,6,1,1
5,8,50133.78619308284,999999,4,2,1
8,0,50139.75790554512,999999,6,5,1
8,6,50154.588978346095,0,6,999999,1
5,8,50157.46280169282,6,999999,4,1
6,6,50157.46280169282,1,2,999999,1
6,6,50157.46280169282,999999,8,0,1
5,6,50159.0756266442,999999,6,3,1
6,1,50176.30671362686,999999,2,6,1
8,0,50176.30671362686,999999,6,1,1
5,2,50180.16148715905,5,999999,5,1
5,2,50180.16148715905,6,1,999999,1
5,2,50180.16148715905,999999,3,0,1
6,1,50186.45812879721,999999,5,4,1
1,3,50190.757470804936,5,999999,8,1
2,5,50190.757470804936,999999,1,2,1
6,5,50201.71889599819,999999,5,3,1
5,5,50205.25992615966,999999,0,6,1
2,1,50215.99485925199,999999,5,5,1
6,5,50215.99485925199,999999,2,3,1
1,1,50218.87675173073,5,999999,6,1
6,1,50220.617880640646,999999,6,5,1
1,7,50223.369132602566,4,4,999999,1
5,0,50223.369132602566,999999,5,8,1
5,5,50223.369132602566,999999,5,8,1
7,8,50223.699495485664,4,999999,5,1
5,0,50230.635305041505,4,999999,7,1
5,1,50230.635305041505,999999,5,6,1
5,1,50235.26952403329,5,999999,2,1
5,3,50243.72137334008,999999,4,0,1
6,6,50243.72137334008,999999,6,5,1
6,5,50249.31656822587,999999,1,2,1
1,5,50249.757404781834,999999,5,0,1
5,5,50249.757404781834,999999,5,3,1
6,6,50249.757404781834,999999,0,2,1
5,3,50262.64476732308,8,0,999999,1
6,0,50262.64476732308,999999,8,2,1
6,2,50262.64476732308,999999,3,5,1
1,6,50272.42226442494,2,0,999999,1
5,4,50272.42226442494,999999,5,6,1
5,6,50272.42226442494,999999,5,6,1
6,3,50272.42226442494,999999,8,0,1
6,5,50286.639401868226,999999,8,4,1
1,8,50288.62143880824,6,3,999999,1
5,6,50293.19470920137,999999,0,6,1
5,5,50297.392869983545,6,999999,7,1
1,5,50297.594782829394,4,3,999999,1
5,3,50310.58462223419,999999,0,2,1
5,2,50311.96949385704,999999,3,1,1
5,6,50311.96949385704,3,999999,4,1
5,6,50311.96949385704,999999,5,3,1
6,6,50311.96949385704,999999,1,8,1
1,3,50312.52706533097,999999,5,8,1
5,6,50312.52706533097,1,999999,6,1
5,4,50312.715058201924,0,999999,6,1
5,8,50312.715058201924,999999,1,0,1
8,5,50312.715058201924,999999,8,1,1
5,8,50313.21335311071,999999,6,5,1
8,5,50313.21335311071,999999,8,5,1
4,3,50337.064491005745,999999,8,5,1
5,5,50337.064491005745,0,999999,4,1
8,3,50337.064491005745,999999,6,5,1
6,2,50342.175780784804,6,999999,8,1
1,1,50342.40357604495,999999,5,6,1
1,1,50377.01111127207,999999,4,5,1
2,8,50382.95226885809,999999,3,8,1
5,1,50382.95226885809,999999,5,8,1
5,3,50382.95226885809,999999,5,4,1
6,0,50382.95226885809,2,999999,0,1
5,2,50384.127834550236,999999,1,3,1
5,6,50390.04964157623,999999,2,3,1
5,0,50392.27468103874,999999,8,8,1
1,3,50392.44295369255,8,6,2,1
8,8,50392.44295369255,2,999999,3,1
5,1,50409.6921422978,999999,4,0,1
5,2,50409.6921422978,999999,0,1,1
5,5,50409.6921422978,4,999999,2,1
1,6,50410.25222532505,999999,0,6,1
5,5,50410.25222532505,999999,4,1,1
4,2,50420.62274492892,999999,5,3,1
5,2,50422.729796934706,999999,6,5,1
5,6,50422.729796934706,999999,6,5,1
1,2,50424.26424057107,999999,1,6,1
5,4,50429.05110625645,999999,1,6,1
8,5,50429.05110625645,999999,4,4,1
5,1,50442.11978897378,999999,7,5,1
5,4,50442.11978897378,999999,5,0,1
6,1,50442.11978897378,999999,6,4,1
6,6,50443.79599834251,4,2,8,1
1,5,50446.49682245342,999999,4,6,1
4,5,50446.49682245342,999999,6,6,1
5,2,50446.49682245342,999999,8,4,1
4,5,50446.60115218453,999999,8,6,1
5,1,50446.60115218453,1,999999,8,1
5,2,50447.84865555746,999999,6,8,1
1,6,50453.28198564498,999999,5,2,1
5,5,50453.28198564498,999999,3,6,1
5,1,50453.39814229779,999999,4,6,1
8,0,50453.39814229779,999999,6,6,1
5,5,50455.79994398365,999999,1,7,1
6,3,50458.16939730321,999999,1,0,1
6,6,50462.22524891725,999999,3,2,1
1,0,50466.8120226452,1,5,999999,1
6,4,50466.8120226452,5,3,999999,1
8,8,50469.05738269842,2,999999,2,1
5,1,50476.00802036689,999999,6,8,1
5,5,50476.00802036689,0,999999,5,1
8,6,50476.00802036689,999999,2,1,1
4,1,50482.19795122869,999999,5,7,1
5,5,50482.19795122869,999999,1,0,1
6,7,50482.19795122869,999999,6,5,1
1,2,50482.590130015,999999,5,5,1
5,2,50482.590130015,999999,8,6,1
4,2,50486.07885782322,999999,6,8,1
1,0,50488.99818412396,4,0,999999,1
6,1,50488.99818412396,999999,6,4,1
6,6,50492.07567316174,999999,6,5,1
6,8,50492.07567316174,999999,1,2,1
8,2,50501.85524331634,999999,5,3,1
5,6,50502.476705876594,999999,5,5,1
6,5,50502.476705876594,999999,5,4,1
6,5,50502.476705876594,999999,8,6,1
5,3,50504.91553630522,999999,5,0,1
2,6,50505.79276561422,999999,1,0,1
5,4,50505.79276561422,999999,0,5,1
6,1,50505.79276561422,6,999999,5,1
4,0,50507.513685976715,999999,1,6,1
6,3,50507.513685976715,1,2,5,1
5,2,50508.66982201191,3,999999,1,1
4,0,50523.15367777448,999999,4,1,1
6,5,50523.15367777448,2,999999,2,1
6,2,50524.388693924426,1,5,999999,1
6,5,50529.320428291576,999999,2,8,1
6,6,50529.320428291576,999999,5,6,1
5,3,50530.38741075531,999999,6,5,1
8,3,50530.38741075531,999999,0,5,1
5,2,50539.8168537273,8,3,999999,1
8,6,50539.8168537273,999999,8,6,1
6,0,50550.803040987936,999999,4,8,1
6,6,50550.803040987936,999999,6,4,1
1,5,50556.922657127274,999999,4,2,1
8,1,50557.520164996786,999999,4,8,1
5,8,50559.655716882306,2,999999,0,1
5,6,50561.89741278444,999999,5,4,1
5,0,50566.42561829359,999999,6,6,1
6,5,50566.42561829359,6,999999,5,1
6,5,50566.42561829359,999999,5,6,1
6,8,50566.42561829359,999999,8,6,1
6,3,50567.07374896253,999999,8,0,1
5,6,50573.36290582312,999999,5,2,1
8,0,50573.36290582312,999999,8,2,1
1,5,50579.565338499044,999999,8,6,1
5,4,50579.565338499044,999999,0,8,1
6,5,50579.565338499044,999999,0,6,1
2,4,50582.6273480278,999999,6,3,1
5,5,50582.6273480278,1,999999,5,1
6,2,50582.6273480278,6,999999,8,1
6,8,50582.6273480278,999999,6,6,1
8,1,50611.05832760654,6,2,4,1
8,3,50613.40806916367,6,999999,1,1
1,5,50618.48760075001,5,999999,8,1
4,2,50619.80664949334,999999,0,8,1
6,1,50619.80664949334,999999,5,1,1
1,1,50622.75211622015,999999,2,5,1
6,3,50622.75211622015,999999,1,1,1
6,5,50622.75211622015,999999,3,8,1
4,2,50631.23634233669,999999,5,3,1
5,8,50631.23634233669,6,999999,5,1
8,4,50631.23634233669,1,7,5,1
2,5,50636.54581194005,999999,0,6,1
5,1,50636.54581194005,6,999999,5,1
6,1,50639.804317251466,5,999999,6,1
6,0,50647.96809361299,999999,3,4,1
8,2,50647.96809361299,999999,0,1,1
6,3,50648.869746775075,4,0,999999,1
4,5,50656.33594588893,999999,6,4,1
6,6,50656.33594588893,999999,4,2,1
8,5,50656.33594588893,999999,8,1,1
4,2,50656.3360563935,8,999999,1,1
5,5,50662.45501021655,999999,8,2,1
6,2,50662.45501021655,999999,5,4,1
5,2,50668.40860140527,999999,4,5,1
5,3,50668.40860140527,999999,8,6,1
6,2,50668.40860140527,3,999999,0,1
6,5,50668.40860140527,999999,0,8,1
8,2,50670.57596690802,999999,3,0,1
8,8,50670.57596690802,5,999999,1,1
5,3,50672.60319046036,999999,5,2,1
5,5,50675.78808054038,999999,2,6,1
2,5,50682.23842716905,6,999999,1,1
6,5,50682.23842716905,999999,2,8,1
1,4,50685.07757209612,999999,6,0,1
6,0,50685.07757209612,999999,6,6,1
5,3,50686.839973924914,999999,5,1,1
5,5,50686.839973924914,999999,6,0,1
8,2,50686.839973924914,999999,7,2,1
5,2,50687.97932202964,999999,6,4,1
4,8,50690.35108067529,999999,3,2,1
6,0,50693.09838797968,999999,8,6,1
5,6,50698.56706950186,3,0,999999,1
5,3,50698.896627857765,2,999999,1,1
4,8,50704.72445035551,0,5,999999,1
5,3,50704.72445035551,5,999999,2,1
4,5,50705.33368337912,999999,1,3,1
5,6,50708.17779170765,4,999999,0,1
6,6,50714.07355135224,8,6,6,1
5,3,50717.05678228701,999999,5,0,1
4,0,50724.15488253773,999999,1,5,1
5,1,50724.35657848604,999999,6,6,1
1,2,50724.604435961955,999999,6,0,1
8,1,50724.604435961955,999999,5,5,1
8,1,50732.21194919468,999999,5,2,1
1,5,50734.14518476592,999999,4,2,1
5,4,50734.14518476592,999999,5,6,1
1,2,50749.05953081293,999999,3,5,1
6,1,50749.05953081293,999999,5,4,1
6,0,50751.71655476512,999999,3,2,1
6,3,50751.71655476512,2,999999,6,1
8,7,50751.71655476512,0,999999,8,1
1,6,50756.98310133528,1,999999,8,1
1,6,50756.98310133528,999999,0,4,1
6,4,50756.98310133528,6,5,999999,1
6,5,50756.98310133528,999999,6,0,1
5,2,50760.3746607673,999999,4,3,1
5,8,50760.3746607673,999999,1,1,1
1,6,50771.51967875602,999999,5,5,1
6,8,50775.77987482193,999999,3,0,1
5,0,50776.97421236042,999999,5,1,1
8,5,50776.97421236042,999999,6,0,1
1,3,50779.75095526302,999999,7,5,1
2,4,50779.75095526302,3,999999,6,1
6,2,50779.75095526302,6,999999,1,1
6,4,50779.75095526302,999999,2,5,1
5,1,50784.491449992165,999999,2,5,1
6,3,50784.491449992165,4,999999,6,1
1,3,50786.27614468282,999999,6,1,1
6,6,50790.26562933992,5,3,999999,1
6,2,50793.93072407119,999999,999999,2,1
8,2,50796.274172893434,3,999999,4,1
5,5,50803.40073023041,999999,6,7,1
8,1,50803.40073023041,999999,8,6,1
4,8,50804.44012817452,5,6,999999,1
8,6,50805.65008199752,999999,1,2,1
5,5,50812.05614184248,0,999999,0,1
5,6,50812.05614184248,999999,5,8,1
6,2,50812.05614184248,999999,8,1,1
6,4,50812.05614184248,999999,1,5,1
6,7,50821.83555835575,999999,6,1,1
5,8,50823.6093911716,0,5,999999,1
2,1,50825.92996248395,999999,5,8,1
4,1,50825.92996248395,999999,6,4,1
5,0,50825.92996248395,999999,5,3,1
1,5,50826.51045924828,7,999999,2,1
5,5,50826.99807949401,999999,0,1,1
5,6,50826.99807949401,8,999999,8,1
5,1,50828.49284914586,2,999999,8,1
5,1,50828.49284914586,999999,8,6,1
5,6,50828.49284914586,999999,8,5,1
6,5,50828.49284914586,7,999999,5,1
6,5,50828.49284914586,999999,2,4,1
5,5,50829.692194523035,999999,3,5,1
5,6,50829.692194523035,999999,8,6,1
1,8,50829.7367508722,999999,5,6,1
4,3,50829.7367508722,999999,1,8,1
6,8,50829.7367508722,999999,0,6,1
4,4,50838.71034581024,3,6,6,1
4,6,50839.175662332775,999999,3,8,1
4,5,50840.658676984516,999999,6,8,1
4,8,50840.658676984516,5,999999,6,1
6,5,50840.658676984516,3,0,999999,1
6,5,50840.658676984516,999999,0,2,1
1,5,50841.93602017612,999999,4,2,1
6,1,50841.93602017612,999999,1,5,1
5,4,50850.95621627686,999999,1,6,1
5,3,50854.835016913916,999999,6,8,1
2,3,50858.77921320726,999999,8,4,1
8,4,50866.53211666253,999999,2,1,1
8,5,50866.53211666253,999999,2,8,1
2,0,50866.96062132652,999999,5,6,1
5,5,50866.96062132652,1,0,999999,1
4,4,50870.65799642996,4,999999,2,1
5,5,50874.94536884949,999999,6,4,1
5,5,50874.94536884949,999999,8,0,1
6,6,50874.94536884949,999999,6,5,1
1,5,50875.1184414058,3,999999,2,1
5,4,50877.3969334574,8,0,999999,1
6,1,50879.1937883937,999999,3,4,1
6,4,50879.1937883937,999999,3,2,1
5,3,50886.119448603946,5,6,999999,1
6,6,50889.73450762436,999999,6,3,1
8,3,50894.04351462177,999999,3,6,1
6,6,50907.3486079038,999999,1,2,1
5,3,50910.49104738171,999999,6,1,1
5,4,50910.49104738171,999999,3,5,1
6,3,50910.49104738171,999999,4,6,1
6,5,50910.49104738171,6,999999,8,1
1,6,50911.93792771995,999999,4,5,1
5,2,50911.93792771995,999999,5,1,1
5,5,50914.03597721112,0,999999,4,1
6,1,50914.03597721112,999999,6,8,1
5,5,50916.104200181886,2,999999,1,1
5,6,50916.104200181886,5,999999,2,1
5,2,50918.659859968386,999999,8,5,1
5,8,50919.562190179684,999999,1,6,1
1,2,50925.79976372189,4,999999,6,1
8,5,50925.79976372189,999999,1,5,1
5,2,50927.5433042472,999999,6,4,1
5,1,50928.240548607086,999999,5,5,1
5,4,50928.240548607086,999999,0,5,1
6,1,50937.38526931387,5,999999,3,1
6,5,50940.64189770334,999999,5,0,1
6,1,50951.88579842979,6,999999,3,1
6,1,50951.88579842979,999999,4,3,1
8,7,50951.88579842979,999999,1,5,1
5,0,50952.634230895,999999,8,2,1
5,5,50955.59525367822,6,999999,999999,1
5,2,50975.879056390404,999999,3,8,1
5,3,50975.879056390404,999999,7,6,1
5,3,50975.879056390404,999999,8,0,1
5,1,50976.025479816264,8,999999,2,1
1,6,50981.517679998506,999999,0,6,1
5,5,50981.517679998506,999999,8,6,1
8,1,50981.517679998506,999999,1,8,1
1,0,50982.42481727637,999999,4,3,1
5,4,50982.42481727637,999999,5,0,1
6,0,50982.42481727637,5,7,2,1
8,8,50982.42481727637,999999,6,2,1
1,2,50991.096958938084,6,999999,5,1
5,5,50991.096958938084,999999,2,5,1
5,3,51000.154249904284,999999,3,5,1
5,4,51000.154249904284,999999,8,5,1
8,1,51000.154249904284,5,999999,6,1
6,6,51004.25102754315,2,999999,8,1
8,7,51004.25102754315,999999,6,3,1
5,2,51005.95401145513,999999,1,8,1
5,6,51005.95401145513,999999,1,1,1
6,5,51005.95401145513,999999,0,4,1
6,8,51005.95401145513,999999,1,3,1
5,6,51028.62570000165,999999,2,4,1
5,0,51041.10059492935,999999,8,1,1
5,3,51041.10059492935,999999,1,0,1
6,4,51041.10059492935,6,999999,3,1
6,5,51041.10059492935,999999,6,3,1
1,6,51042.641115340324,5,999999,0,1
8,2,51042.641115340324,999999,1,6,1
5,6,51047.04507146043,999999,5,5,1
5,0,51055.681656020664,999999,2,6,1
5,3,51055.681656020664,999999,6,1,1
6,7,51055.681656020664,999999,8,5,1
8,0,51055.681656020664,999999,6,8,1
1,6,51059.261688942715,999999,3,5,1
6,2,51059.261688942715,999999,4,1,1
5,3,51062.854435581205,999999,6,1,1
5,2,51064.23177118793,999999,1,5,1
5,4,51064.23177118793,8,999999,5,1
6,2,51064.23177118793,999999,1,5,1
5,8,51068.26360673457,999999,5,5,1
6,7,51073.28983832137,999999,1,5,1
5,8,51076.03706564803,999999,5,4,1
1,2,51080.907371728536,999999,6,8,1
6,6,51080.907371728536,999999,5,7,1
5,5,51083.919333785125,999999,1,2,1
6,3,51083.919333785125,999999,2,6,1
6,5,51083.919333785125,999999,1,6,1
4,1,51087.908039296664,5,5,999999,1
1,8,51099.60334424843,999999,5,0,1
5,1,51099.60334424843,6,3,999999,1
5,5,51099.60334424843,999999,0,4,1
5,2,51110.920662781566,999999,5,1,1
8,8,51111.36685337134,5,2,999999,1
4,5,51113.87746637589,999999,2,6,1
8,6,51113.87746637589,999999,0,1,1
6,3,51117.404628523786,5,6,999999,1
1,3,51117.84005485342,5,0,4,1
5,3,51117.84005485342,999999,1,0,1
2,6,51121.9446697972,0,5,999999,1
6,6,51121.9446697972,999999,8,5,1
5,0,51124.12807641456,1,999999,3,1
5,5,51124.12807641456,999999,1,0,1
6,2,51124.12807641456,999999,5,0,1
5,2,51125.308834959076,999999,999999,7,1
6,8,51125.308834959076,2,999999,0,1
5,6,51138.02065287154,999999,6,5,1
4,5,51139.36448416741,0,8,6,1
6,5,51139.36448416741,999999,2,2,1
6,2,51140.22228697553,999999,5,0,1
6,6,51140.22228697553,999999,5,6,1
8,5,51159.62399776485,999999,2,3,1
1,6,51162.13309227804,999999,8,8,1
6,8,51162.13309227804,999999,0,5,1
5,2,51166.4947245925,999999,1,3,1
1,6,51166.923351721765,1,3,999999,1
6,7,51166.923351721765,999999,5,2,1
5,1,51169.9438818197,0,999999,4,1
8,8,51169.9438818197,6,2,999999,1
1,3,51170.19750556733,999999,0,5,1
5,5,51170.19750556733,999999,1,8,1
8,8,51174.068801893605,999999,5,1,1
5,5,51182.54940430589,999999,4,3,1
8,0,51183.159517943306,999999,7,6,1
8,8,51184.38285109165,999999,1,6,1
5,6,51187.17351058876,999999,8,2,1
8,2,51187.17351058876,2,999999,4,1
5,8,51189.10103114369,999999,2,0,1
6,1,51189.10103114369,999999,5,4,1
5,6,51191.03989527537,999999,0,5,1
8,1,51191.03989527537,999999,2,6,1
5,3,51195.65543007002,6,999999,5,1
6,8,51195.65543007002,1,999999,2,1
5,1,51204.198310745196,8,999999,3,1
5,6,51204.198310745196,999999,6,3,1
6,6,51204.198310745196,5,999999,8,1
4,6,51205.42524564988,999999,5,0,1
5,5,51206.5677807356,999999,6,1,1
8,8,51206.5677807356,999999,1,3,1
1,3,51208.08904030844,999999,6,6,1
4,7,51208.08904030844,999999,3,2,1
8,8,51208.08904030844,999999,0,6,1
5,2,51212.22050266718,999999,6,8,1
6,4,51217.058370109735,999999,1,1,1
4,5,51217.148042506225,2,999999,2,1
5,4,51217.148042506225,5,8,8,1
5,7,51217.148042506225,5,999999,3,1
1,6,51220.55803828677,999999,4,4,1
5,2,51220.72523082332,6,999999,7,1
5,0,51222.02770833644,999999,3,5,1
8,1,51222.02770833644,999999,0,5,1
6,3,51223.20296036727,999999,5,6,1
6,6,51223.20296036727,999999,6,1,1
6,2,51224.896154732065,999999,4,8,1
4,7,51226.807836177686,999999,5,6,1
6,2,51226.807836177686,999999,5,0,1
6,5,51226.807836177686,999999,8,3,1
1,1,51233.867735169224,5,999999,4,1
1,5,51236.16079544326,999999,1,2,1
1,6,51236.16079544326,999999,6,1,1
6,8,51236.16079544326,999999,2,1,1
1,5,51236.91440518494,999999,5,2,1
4,2,51236.977784490984,999999,5,4,1
6,5,51236.977784490984,999999,2,5,1
6,1,51238.47857937206,5,999999,5,1
8,6,51238.47857937206,999999,5,8,1
6,5,51238.59491462012,999999,5,3,1
6,6,51244.15958853086,999999,1,3,1
6,0,51250.86525753915,2,999999,1,1
6,8,51250.86525753915,8,999999,0,1
1,4,51252.72220989321,999999,6,6,1
5,7,51252.72220989321,999999,5,6,1
6,5,51252.72220989321,999999,6,2,1
1,2,51255.41875844047,999999,5,4,1
1,3,51255.41875844047,999999,5,1,1
6,2,51255.41875844047,999999,1,8,1
1,6,51255.78628638309,0,999999,6,1
5,6,51257.006512105116,999999,6,0,1
6,6,51257.006512105116,1,8,999999,1
8,1,51257.006512105116,2,999999,2,1
4,3,51262.251314759924,999999,1,5,1
5,0,51262.251314759924,999999,5,6,1
5,5,51262.251314759924,5,6,999999,1
5,7,51262.251314759924,999999,1,3,1
6,6,51262.251314759924,999999,6,3,1
5,5,51262.81614837347,1,999999,6,1
8,5,51263.76836022266,999999,6,5,1
1,5,51265.38267105333,999999,1,6,1
1,3,51271.297022174585,999999,1,1,1
5,1,51271.297022174585,8,6,5,1
5,1,51272.10663440883,999999,6,4,1
4,2,51296.6714406154,999999,5,8,1
5,1,51298.944302328644,999999,3,2,1
6,2,51298.944302328644,3,999999,0,1
5,5,51303.473787794916,4,999999,1,1
6,1,51303.473787794916,999999,6,8,1
5,1,51304.00695504031,0,999999,1,1
6,1,51306.0300674795,999999,3,2,1
5,0,51308.48972327442,999999,3,5,1
5,5,51315.59123278532,0,999999,1,1
6,1,51324.479779918605,999999,1,8,1
6,6,51324.479779918605,999999,6,4,1
6,2,51339.011396542875,999999,1,5,1
5,7,51340.18920952949,999999,8,6,1
5,6,51340.76077990222,3,999999,4,1
4,5,51344.230645615855,999999,3,5,1
5,0,51344.230645615855,999999,8,5,1
6,0,51344.230645615855,999999,0,6,1
6,6,51344.37025357787,999999,6,6,1
5,5,51346.61749194223,999999,6,8,1
5,6,51346.61749194223,999999,6,5,1
6,1,51348.994865316774,999999,5,2,1
6,6,51348.994865316774,8,999999,2,1
5,2,51351.01867906553,999999,5,1,1
5,6,51351.01867906553,999999,8,3,1
6,6,51373.56566731801,999999,6,0,1
8,6,51373.56566731801,4,999999,3,1
6,8,51373.714757622045,999999,6,5,1
6,3,51374.16856520634,5,999999,5,1
6,3,51374.16856520634,999999,2,6,1
6,5,51375.84306068085,8,999999,6,1
1,5,51377.80488858235,6,999999,2,1
6,5,51380.48417833807,999999,4,5,1
6,6,51380.48417833807,999999,1,5,1
6,8,51380.48417833807,999999,8,5,1
1,3,51385.400198588504,1,999999,6,1
6,5,51386.79000994831,999999,4,4,1
8,0,51386.79000994831,6,999999,2,1
4,5,51397.61078991098,999999,2,2,1
5,6,51397.61078991098,999999,4,6,1
5,8,51400.6242278114,1,999999,0,1
6,5,51400.6242278114,0,999999,6,1
5,0,51402.20326094219,999999,3,4,1
5,8,51405.298249029336,999999,6,3,1
6,2,51412.606762784686,999999,2,1,1
6,4,51412.606762784686,999999,2,6,1
8,6,51412.606762784686,999999,4,3,1
5,6,51413.05105953837,999999,2,1,1
4,0,51413.140655153606,999999,6,6,1
5,1,51413.140655153606,999999,2,5,1
6,8,51413.140655153606,5,4,999999,1
4,5,51414.938459166704,999999,0,4,1
6,3,51414.938459166704,4,999999,2,1
6,4,51414.938459166704,999999,1,8,1
6,5,51419.40900907865,999999,3,6,1
6,2,51422.23200699768,0,999999,5,1
6,6,51422.23200699768,999999,0,2,1
4,6,51422.554346475925,999999,2,5,1
6,4,51422.554346475925,999999,0,6,1
8,3,51422.554346475925,999999,5,6,1
6,5,51423.13439814785,999999,0,0,1
6,1,51425.536326865695,999999,3,6,1
6,2,51425.536326865695,6,999999,1,1
4,6,51433.77628333968,5,999999,6,1
5,6,51433.77628333968,999999,0,6,1
1,5,51435.72957528106,999999,0,4,1
5,3,51435.72957528106,999999,8,6,1
5,6,51435.72957528106,999999,6,5,1
6,1,51435.72957528106,8,999999,4,1
6,3,51435.72957528106,999999,4,5,1
5,0,51437.187600027515,999999,2,6,1
1,5,51438.90669364182,5,999999,0,1
1,1,51443.19985248447,999999,5,6,1
5,2,51445.034325268905,999999,4,6,1
5,3,51445.034325268905,999999,0,6,1
6,5,51445.034325268905,999999,1,6,1
5,2,51446.68240884022,999999,6,6,1
5,5,51447.33015140469,999999,0,1,1
6,2,51447.33015140469,999999,6,3,1
6,5,51449.80147545217,999999,0,5,1
8,3,51449.80147545217,999999,8,4,1
1,8,51453.24389078511,999999,0,6,1
5,4,51453.24389078511,999999,2,1,1
5,8,51462.5758739462,999999,8,6,1
8,5,51462.5758739462,999999,2,8,1
5,5,51463.18276234825,3,6,8,1
5,6,51463.18276234825,999999,0,3,1
6,5,51469.97318253643,999999,6,6,1
1,5,51476.531270209845,999999,5,8,1
8,1,51477.56304593773,999999,2,6,1
5,2,51478.21930645165,999999,0,3,1
6,8,51478.21930645165,999999,5,0,1
4,6,51484.46000366544,2,1,0,1
1,3,51492.60314937284,999999,0,8,1
5,6,51493.129753471454,999999,6,5,1
6,2,51493.129753471454,999999,3,1,1
6,6,51493.129753471454,0,999999,8,1
5,1,51493.923507014595,5,999999,1,1
6,8,51493.923507014595,999999,7,3,1
8,8,51495.23435562881,3,2,999999,1
5,1,51495.320571138924,999999,5,0,1
1,3,51500.35425243499,999999,5,6,1
5,5,51500.35425243499,999999,6,8,1
6,1,51500.35425243499,999999,999999,5,1
8,8,51500.35425243499,6,999999,6,1
5,5,51501.96721344344,999999,0,3,1
5,5,51501.96721344344,999999,8,6,1
8,8,51501.96721344344,2,999999,6,1
1,4,51505.96035283048,999999,2,5,1
5,6,51505.96035283048,999999,4,8,1
1,4,51512.249601447125,999999,3,6,1
2,4,51512.249601447125,999999,5,5,1
6,2,51513.50671151291,999999,8,1,1
5,6,51516.35402201937,0,999999,5,1
1,0,51517.00739656331,999999,4,2,1
1,8,51517.00739656331,999999,3,2,1
5,7,51517.00739656331,999999,3,1,1
7,5,51517.00739656331,999999,1,5,1
6,5,51520.47299626218,999999,1,0,1
1,8,51525.280745157776,999999,0,3,1
6,2,51525.280745157776,999999,1,1,1
4,3,51525.79810376477,999999,1,6,1
6,0,51525.79810376477,8,999999,5,1
5,1,51529.45163543405,999999,0,2,1
5,5,51529.45163543405,6,999999,5,1
6,5,51529.45163543405,999999,0,5,1
4,3,51531.13536521106,999999,0,8,1
6,7,51531.13536521106,999999,5,8,1
5,7,51546.97556784515,999999,6,8,1
1,5,51552.67354965905,999999,0,7,1
6,1,51557.07548369082,999999,4,2,1
1,8,51569.90202959993,999999,5,4,1
5,3,51569.90202959993,4,8,1,1
6,2,51572.5268124899,999999,7,5,1
5,6,51573.44100644278,999999,1,3,1
6,2,51573.44100644278,999999,5,0,1
6,6,51582.63006679556,2,999999,6,1
2,4,51586.402775323666,5,999999,2,1
5,5,51586.402775323666,0,999999,2,1
4,3,51588.458369316206,999999,6,4,1
5,8,51597.664206351175,999999,3,2,1
6,1,51597.664206351175,999999,5,0,1
6,2,51597.80359373337,999999,4,1,1
6,5,51597.80359373337,999999,0,6,1
6,5,51597.80359373337,999999,4,6,1
5,3,51606.7468885838,999999,4,1,1
5,5,51606.7468885838,999999,6,0,1
5,1,51607.56582892782,999999,5,0,1
5,5,51607.56582892782,8,999999,3,1
1,6,51613.644907115784,5,999999,0,1
5,5,51613.644907115784,0,999999,1,1
6,3,51613.644907115784,6,2,999999,1
6,6,51615.0537518725,999999,6,5,1
6,0,51619.743811910346,999999,5,5,1
6,4,51620.51062555883,8,4,5,1
1,2,51623.17080139368,999999,8,1,1
1,7,51623.17080139368,999999,3,6,1
6,2,51624.890435212714,6,1,999999,1
6,5,51625.66801502027,999999,0,6,1
1,1,51628.81261885863,7,999999,1,1
8,8,51628.81261885863,999999,3,2,1
4,5,51631.85355388489,6,999999,6,1
1,6,51634.10375584188,6,999999,5,1
4,6,51634.10375584188,5,999999,6,1
2,6,51646.67694130334,8,0,999999,1
5,2,51646.67694130334,999999,6,5,1
5,4,51646.67694130334,999999,3,6,1
6,1,51646.67694130334,999999,6,8,1
6,7,51646.67694130334,999999,6,5,1
5,6,51647.86259702216,999999,5,1,1
5,8,51647.86259702216,999999,0,8,1
6,2,51657.92489535234,999999,8,2,1
4,0,51661.32694112624,999999,3,6,1
6,2,51661.32694112624,1,5,999999,1
4,6,51662.23799950085,999999,5,0,1
6,6,51668.14712579056,999999,5,6,1
2,6,51669.6594300781,999999,4,6,1
5,1,51669.6594300781,999999,5,3,1
5,2,51669.6594300781,999999,5,5,1
8,3,51669.6594300781,999999,3,1,1
5,8,51685.77728892965,999999,6,6,1
6,2,51685.77728892965,999999,6,5,1
6,6,51685.77728892965,999999,5,4,1
6,5,51687.109431467776,999999,6,5,1
5,3,51687.83186155111,999999,1,5,1
6,1,51688.43993594325,999999,5,2,1
1,5,51690.7401820444,999999,5,8,1
5,8,51693.43934743519,999999,5,0,1
6,3,51693.43934743519,999999,6,0,1
8,5,51693.43934743519,5,999999,6,1
5,3,51703.820776737106,6,6,5,1
5,5,51703.820776737106,5,999999,5,1
6,1,51703.820776737106,999999,0,3,1
6,1,51703.820776737106,999999,6,5,1
5,0,51710.34944315981,999999,5,5,1
4,4,51715.63687742428,5,999999,6,1
4,8,51715.63687742428,999999,4,4,1
5,1,51715.63687742428,999999,4,6,1
1,2,51723.11588345494,999999,3,1,1
1,3,51723.11588345494,999999,6,6,1
1,4,51738.22331734031,999999,2,5,1
6,5,51744.22047277163,999999,6,5,1
6,2,51746.60995780281,0,999999,6,1
8,4,51746.60995780281,999999,2,8,1
6,6,51750.593259919915,0,999999,1,1
8,5,51750.593259919915,999999,1,3,1
1,2,51753.99334849879,999999,0,5,1
8,1,51763.73529677926,999999,8,6,1
5,3,51764.79430490324,2,1,999999,1
5,4,51766.88434014011,5,1,0,1
5,2,51768.40269393229,999999,3,5,1
5,4,51768.40269393229,0,6,8,1
8,3,51770.39916092282,1,999999,5,1
1,4,51773.58048608503,999999,4,0,1
6,5,51773.58048608503,999999,2,6,1
6,6,51778.110949156944,999999,2,5,1
4,8,51784.06083170343,6,6,1,1
5,3,51784.06083170343,999999,5,1,1
6,5,51784.06083170343,999999,3,6,1
8,2,51784.06083170343,999999,5,1,1
1,1,51785.15784727276,999999,5,5,1
6,1,51785.15784727276,999999,4,5,1
8,2,51785.15784727276,999999,3,0,1
2,1,51799.06493457864,999999,8,2,1
1,2,51805.84946309892,999999,3,1,1
5,5,51805.84946309892,999999,1,4,1
1,0,51806.465063866366,999999,4,6,1
5,0,51807.426505898155,5,0,999999,1
5,8,51807.426505898155,999999,4,8,1
6,2,51807.426505898155,999999,1,6,1
5,6,51815.12362825844,2,999999,7,1
6,8,51815.12362825844,999999,7,6,1
6,8,51818.06985444538,999999,4,5,1
5,0,51820.87602321829,999999,6,7,1
8,5,51820.87602321829,6,6,999999,1
8,8,51831.73824397057,999999,5,0,1
5,4,51831.85617233899,999999,5,1,1
4,1,51839.85631157336,999999,2,8,1
5,0,51839.85631157336,6,999999,8,1
4,4,51839.972500271855,8,999999,0,1
5,7,51839.972500271855,999999,2,0,1
4,3,51844.03286066197,8,999999,5,1
6,2,51844.03286066197,999999,1,1,1
6,2,51844.089296893304,999999,5,8,1
8,5,51848.9239597595,999999,8,3,1
1,1,51869.313531299595,999999,6,5,1
4,2,51873.668800832515,999999,6,3,1
2,2,51874.27371491149,999999,8,6,1
6,3,51874.27371491149,999999,1,4,1
6,2,51876.0160757416,5,999999,0,1
8,8,51876.0160757416,999999,4,5,1
6,1,51893.918504660345,999999,8,6,1
6,6,51894.76694324516,999999,8,2,1
6,5,51895.3362162828,8,6,999999,1
4,7,51896.72130798073,6,999999,1,1
5,1,51896.72130798073,999999,5,6,1
4,2,51896.86520467499,3,999999,0,1
8,6,51896.86520467499,4,999999,3,1
4,5,51897.4028249675,999999,1,6,1
1,6,51900.42980642538,999999,4,4,1
5,8,51900.42980642538,999999,6,0,1
6,2,51900.42980642538,999999,0,6,1
6,2,51913.4577161832,5,999999,999999,1
8,5,51913.60318462699,999999,3,5,1
6,0,51921.78094626307,3,5,999999,1
2,2,51923.027002161296,999999,1,6,1
5,1,51923.027002161296,999999,8,5,1
5,5,51923.027002161296,999999,4,3,1
5,5,51929.001715481056,999999,0,6,1
5,7,51931.72533245917,5,999999,1,1
2,3,51933.81919273346,999999,8,5,1
5,3,51933.81919273346,999999,6,7,1
6,8,51933.81919273346,999999,7,1,1
8,6,51934.353925265335,5,999999,3,1
6,2,51946.528039811514,999999,4,2,1
6,5,51946.528039811514,999999,8,2,1
5,3,51946.86065827336,6,5,999999,1
6,3,51946.86065827336,999999,5,0,1
8,7,51946.86065827336,4,999999,6,1
5,2,51951.315713515476,999999,5,8,1
6,2,51951.315713515476,6,999999,6,1
2,1,51952.09299531808,999999,1,2,1
5,4,51952.09299531808,999999,2,6,1
6,2,51952.09299531808,3,999999,5,1
8,3,51962.83801969384,999999,4,6,1
5,5,51965.619324898405,4,999999,3,1
5,5,51965.619324898405,999999,3,5,1
5,8,51965.619324898405,999999,3,5,1
6,1,51968.3897790289,999999,6,4,1
8,5,51968.3897790289,999999,5,5,1
5,4,51969.05199056436,999999,1,6,1
5,2,51973.73751783929,999999,0,3,1
6,2,51973.73751783929,999999,2,1,1
6,6,51974.74011721862,999999,3,8,1
5,6,51975.97869953797,999999,8,0,1
6,2,51975.97869953797,999999,5,1,1
5,5,51976.21308788884,999999,5,6,1
6,3,51978.251354564854,999999,8,6,1
6,0,51986.33415148214,5,999999,5,1
5,6,51987.15716417272,999999,5,5,1
6,5,51987.15716417272,8,999999,7,1
8,4,51987.15716417272,6,999999,6,1
5,7,51993.757295981115,4,8,2,1
6,0,51993.757295981115,999999,2,5,1
8,8,51993.757295981115,999999,2,1,1
2,6,51996.73950772387,999999,5,8,1
5,1,51996.73950772387,999999,5,3,1
6,2,51996.73950772387,999999,2,1,1
4,4,52003.065184712446,999999,0,6,1
5,8,52003.065184712446,999999,4,2,1
1,6,52008.38694925665,999999,2,8,1
5,1,52008.38694925665,999999,6,5,1
5,5,52008.38694925665,4,999999,8,1
6,1,52008.38694925665,4,999999,3,1
5,1,52025.09831989577,4,999999,6,1
5,5,52025.09831989577,999999,6,1,1
6,5,52025.09831989577,1,999999,2,1
1,2,52029.58008211423,999999,0,5,1
5,6,52029.58008211423,999999,0,1,1
1,3,52029.69112088491,999999,0,0,1
4,6,52032.65083628002,999999,1,2,1
5,8,52032.65083628002,999999,5,6,1
6,3,52032.65083628002,5,999999,4,1
5,5,52036.45916624966,0,999999,6,1
5,5,52036.45916624966,999999,6,2,1
4,1,52038.062208109404,4,5,999999,1
1,1,52043.98795961388,999999,2,6,1
5,0,52043.98795961388,999999,5,4,1
4,4,52047.61483330913,999999,8,6,1
8,4,52047.61483330913,999999,6,5,1
6,4,52050.99204294626,5,999999,6,1
6,8,52050.99204294626,1,999999,6,1
5,6,52051.40343405277,999999,5,0,1
5,4,52053.20919140792,999999,4,8,1
6,0,52053.20919140792,999999,6,6,1
8,0,52053.20919140792,999999,5,4,1
5,5,52053.2528422194,999999,8,5,1
4,3,52065.218008819196,999999,5,0,1
1,6,52068.91559375581,6,999999,7,1
2,6,52068.91559375581,999999,2,8,1
5,8,52075.18964033043,999999,1,5,1
6,8,52075.18964033043,999999,5,3,1
6,1,52080.19046415357,5,999999,3,1
6,4,52080.19046415357,999999,5,6,1
4,4,52080.933470871285,999999,5,0,1
6,4,52090.06644065067,999999,1,4,1
4,2,52093.19037746164,999999,6,1,1
5,6,52093.19037746164,5,999999,8,1
5,5,52093.64291140862,999999,1,8,1
6,0,52093.64291140862,999999,5,3,1
6,3,52097.49856609094,6,999999,1,1
1,5,52103.24693030192,999999,5,6,1
1,5,52107.691039608326,999999,0,4,1
4,3,52107.691039608326,0,5,999999,1
6,8,52111.36110699118,999999,4,6,1
1,7,52116.50349347435,999999,2,5,1
4,6,52116.50349347435,6,8,999999,1
8,8,52116.50349347435,999999,5,6,1
5,5,52123.526293575844,999999,0,6,1
5,5,52123.526293575844,999999,6,6,1
5,6,52123.526293575844,2,0,8,1
8,3,52129.2776124385,999999,8,4,1
8,6,52129.2776124385,6,999999,6,1
1,8,52137.28170499353,999999,5,1,1
5,1,52138.320581870394,999999,6,6,1
6,0,52138.320581870394,5,8,999999,1
6,2,52141.67115798163,999999,5,8,1
8,5,52141.67115798163,999999,0,6,1
1,2,52143.12070652936,999999,3,6,1
4,1,52143.12070652936,999999,8,1,1
1,6,52149.974662937224,999999,0,5,1
4,8,52153.102476337524,999999,8,1,1
6,2,52153.102476337524,8,8,999999,1
1,2,52154.018274346825,999999,6,0,1
5,0,52156.63077665391,999999,3,2,1
5,7,52156.63077665391,999999,6,1,1
6,2,52156.63077665391,5,999999,8,1
1,1,52159.6139615591,6,999999,2,1
5,6,52164.8192996276,999999,6,5,1
5,1,52168.747584501885,999999,4,8,1
4,5,52169.05962107447,999999,4,6,1
5,1,52170.34711540974,999999,2,2,1
6,1,52170.34711540974,999999,3,6,1
6,7,52172.04146486663,5,999999,5,1
6,4,52175.82534086906,999999,5,0,1
5,5,52177.56629844611,1,6,2,1
4,0,52186.33647946396,999999,1,6,1
6,6,52186.33647946396,6,999999,1,1
5,6,52187.37334645582,999999,5,0,1
6,2,52187.37334645582,999999,5,1,1
1,2,52190.64827760401,999999,5,6,1
6,0,52190.64827760401,999999,1,0,1
6,6,52190.64827760401,999999,3,1,1
1,2,52194.37436027544,999999,6,0,1
1,8,52194.37436027544,999999,2,5,1
6,3,52194.37436027544,6,999999,5,1
6,8,52194.37436027544,999999,3,0,1
6,4,52198.39571229423,5,999999,2,1
4,8,52198.77489335335,999999,0,5,1
6,7,52198.77489335335,999999,1,3,1
5,3,52199.08927498884,999999,4,6,1
8,3,52199.08927498884,999999,6,4,1
4,6,52199.699297350264,6,3,5,1
2,8,52199.80307009748,999999,3,5,1
6,5,52201.26743355402,2,999999,5,1
1,3,52201.4933729423,999999,1,4,1
6,5,52201.4933729423,999999,3,2,1
8,0,52203.19635948063,999999,6,3,1
4,4,52206.30966400181,999999,5,6,1
6,1,52206.30966400181,1,999999,3,1
4,4,52210.07748940891,1,999999,2,1
5,2,52210.07748940891,3,999999,5,1
5,2,52210.07748940891,999999,6,5,1
5,3,52210.07748940891,999999,0,0,1
5,2,52213.607831979425,999999,5,5,1
6,8,52213.607831979425,5,5,999999,1
5,5,52215.11719177378,999999,0,5,1
6,1,52215.11719177378,999999,5,5,1
4,3,52215.53858838968,999999,1,1,1
5,6,52215.53858838968,999999,2,1,1
8,0,52215.53858838968,1,999999,8,1
6,5,52218.77913590932,999999,2,5,1
8,2,52218.77913590932,999999,0,5,1
5,6,52222.790663012696,999999,6,8,1
5,6,52224.710053866045,999999,8,5,1
6,8,52224.710053866045,0,5,999999,1
1,4,52228.99677924368,999999,5,1,1
1,1,52229.14949746762,0,999999,2,1
5,4,52229.14949746762,999999,1,5,1
5,6,52229.14949746762,999999,8,5,1
6,2,52229.14949746762,999999,5,5,1
5,2,52231.39566074249,0,8,999999,1
5,1,52238.450281642385,4,999999,4,1
5,6,52238.450281642385,999999,3,0,1
6,5,52238.96998970707,999999,5,5,1
1,2,52249.064209897115,999999,5,5,1
1,5,52249.064209897115,999999,8,6,1
2,6,52249.064209897115,999999,5,6,1
5,1,52249.064209897115,8,999999,2,1
5,4,52249.064209897115,6,999999,2,1
8,6,52260.59322467518,999999,1,6,1
5,5,52270.45772195167,999999,2,1,1
6,6,52270.45772195167,6,999999,5,1
6,0,52271.837335619944,5,999999,5,1
5,6,52272.12771735477,999999,5,1,1
6,6,52272.12771735477,999999,6,4,1
5,5,52273.797446296965,999999,6,2,1
1,5,52275.57730883916,999999,6,6,1
6,5,52284.3565500395,999999,0,8,1
5,0,52284.46346777512,999999,2,4,1
6,2,52284.46346777512,999999,6,3,1
5,1,52284.577317524854,999999,5,8,1
5,8,52284.577317524854,999999,3,2,1
5,1,52285.00722694576,0,999999,1,1
6,2,52285.00722694576,999999,6,0,1
8,0,52286.867586214306,5,999999,8,1
6,3,52287.1470968261,999999,6,6,1
4,5,52294.390000274805,999999,2,6,1
6,1,52294.390000274805,6,999999,5,1
6,6,52294.390000274805,999999,4,3,1
8,5,52295.23379291761,999999,6,5,1
4,5,52299.2278978097,6,999999,4,1
4,7,52299.2278978097,999999,3,2,1
5,5,52299.2278978097,999999,0,6,1
5,5,52299.89297442054,999999,1,4,1
8,8,52299.89297442054,999999,1,6,1
5,0,52307.34198957673,999999,4,2,1
5,3,52307.34198957673,999999,0,8,1
6,2,52307.34198957673,999999,5,0,1
8,4,52307.34198957673,999999,3,0,1
6,6,52313.34140298883,999999,6,0,1
8,7,52316.17243669763,999999,5,2,1
2,1,52318.76431174024,999999,6,6,1
5,6,52318.76431174024,999999,6,2,1
6,2,52318.76431174024,6,3,8,1
5,5,52320.91301788301,5,999999,0,1
2,7,52324.42615661337,5,999999,5,1
1,3,52327.09837345237,999999,6,1,1
1,6,52327.09837345237,999999,3,5,1
8,3,52329.5521956191,999999,5,6,1
5,6,52330.98582275503,999999,6,3,1
8,1,52330.98582275503,999999,1,6,1
1,6,52334.25928882105,999999,5,0,1
5,5,52334.25928882105,999999,1,5,1
8,2,52334.25928882105,5,999999,6,1
2,8,52334.30910104533,999999,6,6,1
5,8,52334.30910104533,999999,3,5,1
5,5,52338.9003597643,999999,5,1,1
5,2,52339.427181350264,1,999999,1,1
6,6,52339.427181350264,999999,5,3,1
8,0,52352.693012990756,999999,2,6,1
6,5,52360.07724885715,999999,2,8,1
1,6,52361.35407004189,999999,2,8,1
5,6,52361.35407004189,999999,5,5,1
6,4,52361.35407004189,999999,3,4,1
5,6,52363.731789591795,999999,5,5,1
5,2,52371.309889997305,999999,6,5,1
6,5,52384.35539742548,999999,6,3,1
2,6,52386.027647662886,999999,6,0,1
8,2,52387.04815012484,999999,4,5,1
5,6,52392.20459783796,999999,6,3,1
5,2,52395.77516733406,3,999999,5,1
5,1,52396.86440861718,1,1,999999,1
5,2,52396.86440861718,999999,4,5,1
5,5,52396.86440861718,999999,4,6,1
6,1,52396.86440861718,999999,1,5,1
5,0,52397.144687379914,999999,5,8,1
5,6,52397.144687379914,999999,0,0,1
5,6,52413.04951337296,999999,5,6,1
1,1,52414.840222872685,3,999999,2,1
6,8,52414.840222872685,999999,6,4,1
4,3,52420.65152622581,999999,1,5,1
5,6,52420.65152622581,999999,7,5,1
1,3,52424.02646707906,6,999999,3,1
1,6,52424.02646707906,3,5,4,1
5,4,52424.02646707906,999999,2,8,1
1,8,52426.65517041972,999999,6,6,1
6,6,52426.65517041972,999999,3,8,1
5,5,52428.97587333314,999999,3,5,1
8,3,52434.006687562185,4,999999,8,1
6,3,52435.393150609045,999999,0,0,1
1,5,52451.22821790174,999999,6,0,1
1,5,52451.22821790174,999999,8,0,1
1,6,52451.22821790174,999999,3,4,1
6,2,52451.22821790174,999999,6,6,1
5,2,52453.34061725841,999999,3,6,1
6,2,52455.85761827693,8,3,999999,1
5,1,52463.96175068547,999999,6,6,1
8,0,52463.96175068547,999999,2,5,1
5,1,52467.172495043706,6,999999,2,1
5,5,52467.172495043706,999999,5,0,1
5,1,52471.1155285428,6,999999,1,1
1,0,52477.164640482144,5,999999,1,1
5,4,52477.164640482144,1,999999,3,1
6,5,52477.164640482144,999999,5,1,1
6,5,52477.164640482144,999999,6,1,1
4,4,52484.43789071875,999999,5,3,1
6,1,52484.43789071875,999999,6,1,1
6,7,52484.43789071875,999999,6,1,1
7,6,52486.81919323289,999999,8,6,1
4,5,52488.21962837975,0,2,999999,1
5,2,52492.70028529389,999999,6,2,1
6,6,52492.70028529389,2,999999,8,1
4,5,52497.100973203436,999999,3,6,1
5,2,52497.191275023724,999999,1,3,1
5,5,52497.191275023724,2,3,999999,1
5,7,52504.50324553437,2,6,999999,1
5,1,52516.44955537942,999999,2,4,1
5,5,52516.44955537942,999999,6,5,1
5,6,52516.44955537942,2,0,8,1
5,8,52516.44955537942,999999,6,1,1
8,3,52516.44955537942,0,999999,6,1
2,8,52523.03738156996,8,999999,6,1
5,2,52523.03738156996,999999,6,4,1
5,5,52525.63270061433,999999,6,6,1
6,6,52525.63270061433,5,0,1,1
6,6,52527.54963067866,999999,6,2,1
6,6,52530.368084589754,0,999999,2,1
6,6,52530.368084589754,999999,3,6,1
6,3,52534.49244665758,999999,5,4,1
6,5,52534.49244665758,6,999999,6,1
5,1,52535.09745078032,999999,3,6,1
6,3,52538.936209059815,999999,2,6,1
6,6,52544.76570003722,999999,1,5,1
6,6,52544.76570003722,999999,4,8,1
8,4,52544.76570003722,5,999999,8,1
5,2,52563.550038127854,3,999999,1,1
6,6,52563.550038127854,999999,6,0,1
6,2,52566.5850143485,999999,1,8,1
5,0,52569.123135733505,999999,1,5,1
1,6,52571.99641546826,999999,8,5,1
4,4,52573.12804143331,999999,5,3,1
5,5,52573.12804143331,999999,3,0,1
6,6,52573.12804143331,6,1,999999,1
1,6,52577.05625421028,999999,4,0,1
6,1,52577.653813728684,999999,8,6,1
5,3,52582.32208085916,2,999999,5,1
8,6,52582.32208085916,999999,5,2,1
4,0,52587.33788939439,999999,5,5,1
6,2,52587.33788939439,999999,4,2,1
5,5,52588.08282333628,999999,2,0,1
5,3,52588.672402729964,999999,6,3,1
6,8,52588.672402729964,999999,2,6,1
8,2,52590.066430723564,999999,7,2,1
5,8,52594.822657799385,999999,2,4,1
8,0,52594.822657799385,999999,6,5,1
5,2,52607.42249415379,4,999999,3,1
1,1,52607.43561204385,999999,5,6,1
5,5,52607.43561204385,999999,0,8,1
5,2,52614.4739591877,999999,5,4,1
1,5,52619.64839352455,999999,3,0,1
5,1,52620.830653565245,999999,3,2,1
8,2,52620.830653565245,999999,6,6,1
1,4,52627.2861167491,999999,3,1,1
1,7,52627.2861167491,999999,6,6,1
5,3,52627.2861167491,999999,6,8,1
8,7,52627.2861167491,999999,6,6,1
4,6,52631.04612758725,999999,1,2,1
6,5,52631.04612758725,999999,2,4,1
8,0,52634.49817099417,999999,3,8,1
6,0,52638.34333878528,999999,1,5,1
1,5,52641.54040845187,6,999999,5,1
6,1,52641.54040845187,999999,1,3,1
1,6,52642.612010389224,999999,6,2,1
5,6,52642.612010389224,4,999999,4,1
5,8,52642.612010389224,6,999999,6,1
1,5,52644.584390395874,3,999999,6,1
1,6,52644.584390395874,999999,5,6,1
1,5,52650.70292194699,6,6,999999,1
4,3,52650.70292194699,6,999999,5,1
5,3,52650.70292194699,999999,1,5,1
6,6,52650.70292194699,0,999999,6,1
2,6,52652.033176964374,999999,5,6,1
5,1,52652.033176964374,4,5,999999,1
5,3,52652.033176964374,999999,6,5,1
5,5,52652.033176964374,999999,6,2,1
7,5,52652.033176964374,4,999999,6,1
1,6,52652.832173017225,999999,2,1,1
4,0,52652.832173017225,999999,1,2,1
5,1,52652.832173017225,8,999999,5,1
5,6,52657.82994228209,999999,5,2,1
6,6,52660.086357061504,999999,8,2,1
5,1,52666.20094601248,999999,5,6,1
6,3,52666.20094601248,999999,1,5,1
6,2,52667.60344076487,4,999999,5,1
5,5,52672.5759329431,999999,0,6,1
6,6,52672.5759329431,8,999999,1,1
6,5,52681.53510754889,999999,6,0,1
4,1,52687.772971523314,999999,2,8,1
4,2,52687.772971523314,999999,3,8,1
5,2,52689.141403536865,999999,6,5,1
6,3,52696.76468181487,5,999999,2,1
6,5,52696.76468181487,999999,2,6,1
5,2,52696.87668466266,999999,0,5,1
6,2,52696.87668466266,999999,5,8,1
1,5,52700.67864638452,8,6,999999,1
6,2,52700.67864638452,5,999999,6,1
2,5,52701.83655609367,999999,8,5,1
4,5,52711.41918019543,999999,2,0,1
6,2,52711.41918019543,999999,6,0,1
8,6,52711.41918019543,999999,8,6,1
1,4,52715.571297423536,8,999999,1,1
5,1,52715.571297423536,6,999999,5,1
5,7,52716.68036802758,999999,8,3,1
8,6,52716.68036802758,2,999999,0,1
2,5,52723.97107562274,6,999999,3,1
5,1,52723.97107562274,999999,4,6,1
6,4,52723.97107562274,999999,1,5,1
8,1,52723.97107562274,6,999999,0,1
1,3,52725.74488755941,999999,2,0,1
5,8,52725.74488755941,999999,5,2,1
5,3,52726.69924417297,999999,6,0,1
5,6,52730.22011718152,3,999999,4,1
6,1,52730.22011718152,999999,4,2,1
4,2,52738.98503296736,999999,8,0,1
6,3,52738.98503296736,1,999999,6,1
6,5,52738.98503296736,999999,1,0,1
6,8,52744.770152707366,999999,1,1,1
2,0,52746.74517231542,999999,3,8,1
5,4,52746.74517231542,999999,4,2,1
4,5,52758.3195851435,999999,2,2,1
6,6,52763.526496289334,999999,6,2,1
5,3,52763.68744352109,2,999999,4,1
6,2,52763.68744352109,999999,1,1,1
5,8,52764.30570976544,999999,3,1,1
6,6,52764.30570976544,999999,6,1,1
8,5,52764.30570976544,4,999999,3,1
8,8,52764.30570976544,999999,6,0,1
8,5,52765.00768728286,999999,4,3,1
1,6,52765.64834928191,999999,3,7,1
8,5,52768.499391599275,999999,0,1,1
5,6,52772.36856838414,999999,1,2,1
5,0,52772.904803623795,999999,4,6,1
5,2,52772.904803623795,999999,4,1,1
6,1,52772.904803623795,999999,6,4,1
5,2,52782.69843481062,999999,3,5,1
5,8,52782.69843481062,3,999999,5,1
6,2,52782.69843481062,5,999999,6,1
1,6,52792.242071048066,2,4,999999,1
4,1,52792.51328579138,999999,5,5,1
5,5,52792.51328579138,999999,0,1,1
1,5,52797.944195063144,2,999999,5,1
6,2,52797.944195063144,999999,3,5,1
6,5,52816.823219627986,999999,0,4,1
8,3,52819.88770306274,999999,2,6,1
5,2,52821.07572469423,6,999999,1,1
8,5,52826.193103085265,6,999999,0,1
5,6,52828.47808624776,999999,6,5,1
6,1,52828.47808624776,999999,6,2,1
6,5,52828.47808624776,999999,8,3,1
4,3,52828.72022711181,999999,1,5,1
5,6,52830.60423233948,5,6,2,1
5,6,52830.60423233948,999999,8,0,1
6,3,52830.60423233948,999999,6,6,1
6,6,52834.50305181894,1,999999,6,1
1,6,52837.62262258589,2,999999,4,1
4,6,52837.62262258589,999999,3,1,1
6,5,52837.62262258589,999999,5,1,1
6,5,52837.62262258589,999999,6,4,1
6,8,52837.62262258589,999999,2,0,1
6,4,52838.09288856953,999999,5,2,1
6,7,52840.08815311499,999999,4,2,1
4,6,52870.284402074576,999999,5,6,1
8,4,52870.284402074576,999999,0,6,1
1,8,52875.76350307045,999999,0,6,1
6,0,52877.3559818501,999999,6,6,1
8,1,52877.3559818501,999999,2,6,1
1,3,52880.007756624254,2,999999,0,1
4,8,52880.007756624254,0,999999,5,1
5,3,52884.202518024984,999999,6,1,1
6,1,52884.202518024984,999999,6,6,1
6,1,52884.696822775724,999999,5,0,1
6,6,52884.696822775724,999999,1,2,1
5,8,52886.45292191705,2,2,4,1
6,3,52886.45292191705,999999,1,1,1
1,8,52888.10180927467,999999,6,5,1
5,4,52888.10180927467,3,999999,6,1
1,1,52898.54693157331,999999,6,2,1
6,6,52898.54693157331,999999,1,0,1
8,5,52898.54693157331,6,999999,0,1
1,5,52900.45912358268,999999,6,0,1
6,6,52900.45912358268,2,999999,4,1
5,6,52909.24332863981,999999,5,6,1
4,7,52915.999129062046,999999,4,6,1
5,3,52915.999129062046,999999,1,0,1
8,7,52915.999129062046,999999,6,3,1
6,6,52917.70964722494,3,999999,6,1
6,7,52917.70964722494,999999,3,4,1
6,5,52929.75884455789,6,2,0,1
6,8,52929.75884455789,999999,0,6,1
5,0,52934.641408852796,999999,2,2,1
4,4,52943.35593724205,999999,5,6,1
6,1,52943.35593724205,5,999999,5,1
5,1,52943.46462755522,999999,6,2,1
6,8,52951.59742840557,7,999999,8,1
5,1,52958.83352680097,999999,4,4,1
6,2,52958.83352680097,3,999999,0,1
5,0,52959.038440773584,8,999999,4,1
5,5,52959.038440773584,999999,5,3,1
6,8,52965.903087244056,5,5,999999,1
5,2,52968.635164213774,5,999999,3,1
5,6,52968.635164213774,999999,8,6,1
5,5,52970.41765793274,999999,0,2,1
1,8,52980.90739744667,999999,2,5,1
5,1,52987.690729376154,999999,8,4,1
6,5,52987.690729376154,999999,6,5,1
8,8,52987.690729376154,999999,0,6,1
1,6,52996.378013289504,999999,0,5,1
5,3,52996.378013289504,6,999999,1,1
5,6,52996.378013289504,999999,6,8,1
2,6,53003.585509588986,999999,6,6,1
7,5,53005.667750839464,6,999999,3,1
8,5,53005.667750839464,999999,8,1,1
8,3,53010.67900416404,999999,0,1,1
5,5,53012.27438880535,999999,1,8,1
6,1,53012.27438880535,999999,5,1,1
6,1,53012.27438880535,999999,6,5,1
6,2,53015.269641607265,999999,4,0,1
8,1,53015.269641607265,999999,3,6,1
1,2,53024.04106913144,999999,1,6,1
1,3,53026.47584939086,999999,5,1,1
5,2,53026.47584939086,999999,8,4,1
6,5,53037.5962548029,999999,6,8,1
5,2,53038.51037633421,3,999999,4,1
5,2,53038.51037633421,999999,6,5,1
5,4,53060.58293399957,0,999999,6,1
5,5,53060.58293399957,1,999999,0,1
8,6,53060.58293399957,999999,3,6,1
1,3,53061.52697677665,5,1,999999,1
5,2,53061.52697677665,999999,2,6,1
5,2,53061.52697677665,999999,8,6,1
6,8,53062.49545021194,999999,0,2,1
4,4,53063.3681137253,0,5,999999,1
5,3,53063.3681137253,6,1,999999,1
5,0,53068.234685619194,999999,1,8,1
8,6,53068.234685619194,999999,1,6,1
4,5,53077.21192708688,999999,2,8,1
6,6,53077.21192708688,4,999999,6,1
5,2,53091.711776674776,1,999999,1,1
5,5,53091.711776674776,999999,6,1,1
6,5,53092.644392936825,3,999999,0,1
6,5,53092.644392936825,999999,6,0,1
7,8,53093.76232181158,999999,5,1,1
1,3,53102.3894282262,999999,2,0,1
5,6,53102.3894282262,6,999999,7,1
6,1,53102.3894282262,999999,3,1,1
6,6,53102.3894282262,8,999999,4,1
5,1,53105.441890018636,999999,2,2,1
1,1,53115.96467436436,999999,6,6,1
1,2,53118.50756808908,999999,6,5,1
1,0,53124.320769126236,999999,2,6,1
4,1,53124.320769126236,6,2,4,1
5,3,53124.320769126236,999999,6,2,1
4,4,53125.803621626896,5,2,999999,1
6,2,53125.803621626896,3,999999,4,1
6,6,53125.803621626896,999999,8,2,1
5,5,53126.96343841499,1,6,5,1
5,2,53129.950017053605,1,3,999999,1
5,5,53129.950017053605,8,0,999999,1
6,8,53129.950017053605,999999,5,5,1
8,8,53129.950017053605,999999,3,2,1
5,4,53148.41608446663,999999,2,1,1
4,5,53149.233100044694,999999,0,3,1
5,6,53149.233100044694,1,999999,4,1
5,7,53153.04770295067,3,2,999999,1
6,8,53154.36156686894,999999,3,0,1
4,1,53156.87763500971,999999,2,6,1
4,8,53164.573191184034,999999,0,3,1
5,3,53164.573191184034,999999,2,6,1
2,2,53167.88708989977,999999,4,6,1
5,5,53167.88708989977,1,6,999999,1
5,5,53167.88708989977,999999,3,0,1
6,2,53167.88708989977,999999,8,3,1
4,7,53168.408776935576,5,999999,5,1
5,6,53173.52640841575,999999,1,3,1
6,1,53173.52640841575,999999,6,2,1
1,5,53173.82419731376,999999,3,8,1
5,0,53173.82419731376,999999,2,6,1
6,5,53173.82419731376,999999,5,0,1
5,0,53178.260376981256,999999,6,5,1
8,2,53181.469151967976,999999,0,5,1
1,2,53185.72053242927,999999,5,5,1
4,3,53185.72053242927,999999,6,4,1
1,2,53191.04883296239,999999,3,1,1
5,5,53191.04883296239,1,999999,2,1
6,5,53191.04883296239,999999,5,2,1
5,6,53193.68198661851,999999,2,8,1
5,7,53198.206835258934,999999,5,5,1
6,8,53198.206835258934,999999,5,1,1
1,6,53199.50471390723,999999,5,0,1
5,5,53199.50471390723,999999,3,4,1
6,7,53200.156223578575,999999,6,8,1
1,2,53203.09479772755,999999,6,8,1
8,5,53207.05943016135,999999,7,6,1
6,5,53211.91864700682,999999,5,5,1
5,1,53213.812200536515,999999,2,1,1
8,8,53213.812200536515,1,2,999999,1
5,1,53214.156616335706,999999,2,6,1
4,6,53216.843836762055,8,999999,6,1
6,6,53216.843836762055,999999,6,6,1
2,6,53217.139242223515,999999,2,5,1
6,5,53217.139242223515,999999,6,3,1
6,0,53217.42258478127,999999,5,4,1
8,4,53218.276302380524,8,999999,5,1
6,0,53218.31334003821,999999,1,4,1
6,3,53218.31334003821,999999,7,6,1
4,5,53218.34311259173,6,3,999999,1
6,1,53218.34311259173,2,3,999999,1
8,7,53218.34311259173,999999,2,6,1
5,5,53222.21579394557,8,4,6,1
4,5,53224.76216697641,999999,0,4,1
6,4,53226.13664092627,999999,6,5,1
5,1,53227.90891735453,999999,0,5,1
5,3,53227.90891735453,5,999999,6,1
5,5,53232.40480647975,999999,8,1,1
6,1,53232.40480647975,999999,6,4,1
5,4,53232.95783933244,6,999999,8,1
5,6,53234.00281535087,999999,2,5,1
6,3,53234.00281535087,999999,4,8,1
1,8,53238.46553559786,0,999999,5,1
5,0,53238.46553559786,999999,6,1,1
6,1,53238.46553559786,999999,1,3,1
6,5,53246.923425450266,5,5,999999,1
5,1,53251.521397150755,999999,2,6,1
5,5,53251.521397150755,999999,7,4,1
6,4,53256.8660083622,999999,8,4,1
6,2,53262.95483091114,3,999999,5,1
1,6,53263.459093483165,999999,0,5,1
4,5,53263.459093483165,999999,5,8,1
5,1,53263.459093483165,999999,1,5,1
5,5,53265.45098916791,999999,8,6,1
6,1,53270.654890485304,999999,8,2,1
6,5,53278.128382806324,6,999999,0,1
5,5,53279.89552160544,999999,5,2,1
5,1,53288.93800312664,5,999999,5,1
5,8,53288.93800312664,1,999999,6,1
6,5,53288.93800312664,999999,6,8,1
6,1,53291.94149431772,999999,8,3,1
1,4,53292.493710497045,1,999999,2,1
5,5,53292.493710497045,999999,3,5,1
5,8,53296.28276418132,5,999999,1,1
8,3,53296.28276418132,999999,6,5,1
5,7,53297.589440360476,999999,6,1,1
8,8,53310.14572615368,999999,2,6,1
6,2,53310.820669055676,6,999999,0,1
5,1,53314.82002701249,5,999999,8,1
4,1,53315.05708108267,5,5,999999,1
5,6,53317.429828272,999999,1,5,1
5,2,53321.653896478565,999999,2,6,1
6,2,53322.75647835939,999999,1,5,1
5,8,53325.977670577304,999999,4,6,1
5,2,53328.58860095036,999999,0,5,1
6,3,53329.25103324718,1,999999,5,1
6,6,53329.25103324718,999999,8,6,1
5,5,53342.531313510255,6,999999,1,1
1,2,53346.61450909573,999999,0,5,1
5,4,53346.61450909573,999999,1,6,1
5,8,53346.75191638744,999999,3,6,1
6,6,53346.75191638744,999999,6,7,1
8,6,53346.75191638744,6,999999,1,1
5,6,53357.32409473241,5,999999,5,1
6,1,53357.32409473241,999999,0,6,1
1,2,53360.18310288945,999999,6,6,1
5,4,53360.18310288945,999999,5,3,1
4,2,53360.56554753351,999999,3,5,1
5,2,53366.06460225816,7,999999,6,1
6,1,53366.06460225816,0,5,999999,1
6,5,53366.06460225816,999999,6,4,1
6,6,53366.06460225816,999999,3,2,1
6,8,53366.06460225816,999999,6,5,1
5,6,53371.25088508552,6,0,999999,1
5,5,53383.07709133782,999999,5,1,1
6,8,53383.07709133782,999999,6,6,1
5,3,53384.41555572012,3,999999,4,1
5,3,53384.868523219026,6,5,999999,1
6,2,53384.868523219026,999999,6,5,1
8,2,53384.868523219026,999999,3,5,1
1,5,53385.01493811439,999999,6,8,1
2,5,53385.01493811439,5,999999,8,1
1,6,53391.32849548749,999999,8,0,1
5,2,53391.32849548749,999999,4,2,1
4,3,53396.25902874942,999999,8,2,1
5,1,53396.25902874942,999999,3,8,1
4,1,53397.932440624616,999999,6,4,1
8,2,53398.94820261486,999999,1,8,1
6,6,53402.48850628402,999999,8,6,1
6,4,53403.024668501406,6,999999,6,1
5,4,53403.54397124272,999999,8,5,1
8,3,53403.58891542266,999999,6,6,1
1,5,53416.57071947507,999999,3,8,1
5,1,53416.57071947507,999999,2,4,1
5,6,53416.57071947507,999999,6,5,1
8,0,53416.57071947507,999999,8,5,1
8,5,53416.57071947507,999999,0,1,1
5,3,53425.98875813459,999999,2,6,1
8,0,53425.98875813459,999999,6,4,1
5,6,53433.80612065932,999999,8,5,1
5,5,53437.01825662046,8,999999,4,1
1,8,53445.18512284006,999999,5,0,1
1,5,53462.56151031268,999999,8,0,1
5,6,53462.56151031268,999999,4,1,1
2,2,53465.9593216374,999999,1,3,1
4,3,53465.9593216374,999999,6,6,1
5,3,53465.9593216374,999999,6,2,1
5,3,53466.763457526504,0,999999,5,1
5,6,53466.763457526504,999999,8,3,1
5,4,53484.00878636928,999999,6,6,1
5,8,53484.00878636928,999999,6,5,1
6,5,53484.00878636928,0,999999,3,1
6,3,53485.96761210664,999999,5,0,1
1,6,53493.43328883547,2,4,5,1
5,2,53494.28777594363,5,999999,4,1
6,7,53494.28777594363,999999,5,4,1
4,8,53498.76842522013,999999,1,6,1
6,4,53498.950931393476,999999,5,3,1
5,4,53508.26677569134,5,999999,3,1
5,6,53508.26677569134,999999,1,3,1
6,2,53509.34648238656,3,8,999999,1
8,5,53509.34648238656,999999,1,3,1
5,3,53515.08774788259,999999,5,0,1
6,2,53515.08774788259,0,999999,5,1
5,8,53530.98385712045,999999,3,4,1
5,0,53532.06512884435,999999,1,7,1
6,0,53532.06512884435,999999,4,6,1
1,6,53532.73512681991,999999,2,0,1
5,8,53532.73512681991,999999,0,2,1
5,1,53544.58098145335,999999,6,1,1
5,5,53548.38749609024,999999,5,5,1
8,8,53548.38749609024,999999,1,6,1
1,5,53549.17197990303,999999,4,6,1
6,6,53549.17197990303,999999,6,5,1
6,2,53563.115891207,999999,5,0,1
6,8,53563.115891207,999999,5,5,1
4,3,53563.92299675684,999999,5,8,1
5,8,53563.92299675684,999999,5,1,1
1,1,53576.14228162604,999999,2,6,1
8,5,53577.54567370966,999999,3,6,1
1,6,53591.44316228415,999999,6,8,1
5,3,53591.44316228415,6,5,999999,1
5,5,53591.44316228415,4,999999,8,1
5,6,53596.566298609665,999999,8,1,1
6,5,53596.566298609665,999999,4,6,1
6,5,53601.82627622871,6,999999,3,1
6,2,53606.649862276594,999999,1,5,1
6,6,53606.649862276594,6,999999,2,1
1,2,53608.4713671643,999999,8,1,1
1,5,53608.4713671643,3,999999,2,1
8,8,53608.4713671643,999999,6,3,1
4,2,53618.67104756102,999999,6,5,1
6,6,53630.10949070983,6,0,999999,1
5,5,53632.89935459889,2,999999,1,1
8,5,53632.89935459889,2,6,999999,1
6,2,53637.86495081731,999999,8,5,1
6,6,53637.86495081731,999999,5,2,1
5,4,53643.52890933623,999999,5,1,1
5,6,53643.52890933623,5,999999,4,1
6,6,53643.52890933623,999999,5,8,1
5,0,53646.748059566824,999999,3,6,1
5,2,53649.27618446397,999999,3,4,1
6,5,53650.43155844021,1,6,6,1
5,1,53652.00751348814,999999,4,5,1
5,3,53652.41692226505,999999,2,6,1
1,5,53662.34928305116,6,999999,6,1
6,6,53662.34928305116,999999,1,8,1
6,8,53662.34928305116,999999,5,0,1
4,0,53674.68238856992,999999,4,6,1
1,5,53679.30834076546,999999,1,3,1
6,4,53679.30834076546,8,999999,0,1
6,5,53679.30834076546,999999,8,5,1
5,6,53682.688605149815,5,999999,2,1
6,6,53687.42347850535,999999,1,8,1
4,1,53688.09506622549,1,999999,6,1
5,4,53688.09506622549,999999,6,2,1
8,5,53688.09506622549,999999,7,5,1
5,4,53691.80529365232,999999,5,3,1
6,1,53704.51267428195,999999,0,5,1
6,1,53704.51267428195,999999,4,2,1
8,8,53705.33488492267,999999,2,4,1
6,4,53707.05405914137,6,999999,5,1
5,6,53713.545453045925,999999,2,1,1
5,6,53713.545453045925,999999,2,2,1
4,0,53714.57478760692,999999,6,3,1
6,2,53714.57478760692,8,999999,1,1
1,8,53715.87910295156,999999,2,3,1
5,5,53715.87910295156,999999,2,1,1
5,1,53726.241454345414,999999,6,1,1
5,3,53734.14662604453,5,999999,2,1
5,5,53736.99740160434,999999,1,8,1
5,5,53736.99740160434,999999,3,1,1
6,5,53736.99740160434,6,999999,1,1
5,6,53740.06549430115,999999,6,4,1
6,3,53744.14861450991,8,6,0,1
6,6,53744.14861450991,4,999999,1,1
1,2,53746.660469904,999999,1,6,1
1,6,53746.660469904,6,999999,6,1
1,6,53746.660469904,999999,5,3,1
8,4,53746.660469904,8,999999,5,1
1,4,53747.28830913142,999999,3,0,1
5,6,53747.28830913142,999999,5,7,1
5,6,53751.06321762323,999999,0,2,1
6,2,53751.06321762323,999999,0,8,1
8,4,53751.06321762323,999999,2,1,1
5,8,53752.319723160086,999999,1,5,1
6,5,53757.094951047184,999999,4,0,1
6,6,53758.12344606032,0,999999,6,1
4,8,53758.71745210202,999999,6,1,1
5,4,53758.71745210202,999999,8,4,1
2,1,53763.42516834069,999999,5,1,1
1,8,53768.30708046056,999999,0,3,1
5,6,53768.30708046056,999999,5,3,1
6,3,53768.30708046056,999999,6,5,1
5,5,53768.68063982252,3,999999,1,1
1,3,53773.00493453409,999999,6,6,1
1,6,53773.00493453409,999999,8,0,1
1,3,53775.383104473076,999999,0,6,1
5,3,53775.383104473076,999999,1,8,1
6,4,53775.383104473076,8,999999,8,1
6,6,53775.383104473076,6,3,999999,1
5,2,53777.66533176975,3,999999,5,1
8,8,53777.66533176975,999999,4,1,1
1,6,53779.17905548623,999999,2,8,1
6,5,53779.17905548623,999999,1,4,1
5,6,53781.522695684704,999999,5,2,1
1,4,53786.42306312122,999999,3,4,1
1,6,53788.60777508049,8,999999,6,1
5,5,53806.68712441255,1,999999,8,1
6,2,53806.68712441255,999999,5,6,1
1,1,53808.02616374909,4,999999,6,1
1,5,53808.02616374909,999999,3,5,1
4,2,53808.827498450184,999999,999999,0,1
6,5,53808.827498450184,999999,6,6,1
5,6,53808.87430634995,999999,5,1,1
6,5,53816.28330491811,999999,6,6,1
4,5,53826.217605666185,5,999999,2,1
5,1,53826.217605666185,999999,5,8,1
5,6,53826.217605666185,999999,0,5,1
5,5,53827.461651649435,999999,6,2,1
6,2,53827.461651649435,999999,5,0,1
4,5,53832.45762868136,999999,5,3,1
1,1,53835.24384116789,999999,0,5,1
1,1,53835.80222112421,999999,0,5,1
2,5,53855.83156527271,1,2,999999,1
6,0,53855.83156527271,999999,3,5,1
6,2,53855.83156527271,999999,6,0,1
6,3,53855.83156527271,6,999999,4,1
4,8,53858.21624439333,999999,5,0,1
2,2,53867.173184531035,999999,8,3,1
5,0,53867.173184531035,5,999999,4,1
6,6,53867.173184531035,999999,8,6,1
8,8,53867.173184531035,999999,6,5,1
5,4,53878.8892043286,999999,3,8,1
6,6,53878.8892043286,999999,2,3,1
8,2,53879.74574705858,5,999999,6,1
8,1,53887.134215260594,999999,1,6,1
5,5,53887.4905834951,6,999999,0,1
5,2,53890.803953946284,999999,0,2,1
5,6,53890.803953946284,999999,5,3,1
5,1,53893.16507202796,8,999999,3,1
5,2,53893.16507202796,999999,5,4,1
6,2,53893.16507202796,999999,5,6,1
6,2,53895.20995095515,999999,0,8,1
8,6,53895.20995095515,6,4,999999,1
5,5,53900.44228295941,999999,2,6,1
5,1,53911.81648648519,0,999999,8,1
6,5,53917.98354188103,999999,6,2,1
8,3,53917.98354188103,2,999999,6,1
1,6,53923.76027937427,6,999999,5,1
5,3,53923.86784721823,6,6,999999,1
5,3,53923.86784721823,999999,2,6,1
5,5,53923.86784721823,999999,3,1,1
1,7,53937.3015545458,6,0,999999,1
1,0,53945.99701229024,3,999999,5,1
1,8,53945.99701229024,999999,2,3,1
4,0,53945.99701229024,999999,8,5,1
5,6,53945.99701229024,999999,6,5,1
6,2,53945.99701229024,999999,5,5,1
8,4,53945.99701229024,999999,3,6,1
2,3,53947.53942658258,999999,6,0,1
6,3,53962.84768680317,999999,5,6,1
8,2,53962.84768680317,6,999999,3,1
5,5,53976.072851216486,999999,2,5,1
5,5,53976.072851216486,999999,5,1,1
6,2,53984.82975608592,999999,5,6,1
1,6,53986.015616446806,999999,6,3,1
4,8,53986.015616446806,999999,8,6,1
5,4,53986.015616446806,999999,1,6,1
6,4,53986.015616446806,999999,5,2,1
1,5,53989.71754806574,999999,1,0,1
6,3,53992.66015486261,999999,4,6,1
6,6,53992.66015486261,4,999999,6,1
5,4,53995.11951050053,999999,5,6,1
6,6,53995.11951050053,999999,5,1,1
1,2,54009.147725284565,999999,5,8,1
4,5,54009.147725284565,999999,5,8,1
4,6,54009.147725284565,999999,3,4,1
6,7,54009.147725284565,8,999999,6,1
5,6,54009.77559673391,999999,6,0,1
6,5,54009.77559673391,999999,1,6,1
5,0,54015.996432080516,999999,6,6,1
1,3,54017.44949355386,999999,8,2,1
5,5,54017.44949355386,999999,2,6,1
1,5,54022.81342502441,999999,6,1,1
4,5,54022.81342502441,2,999999,8,1
4,6,54024.34627100012,999999,3,8,1
5,1,54027.275000506444,6,999999,3,1
5,4,54027.275000506444,999999,2,0,1
5,8,54031.21475446136,999999,1,1,1
1,6,54041.376556316,999999,0,5,1
1,8,54041.376556316,5,2,6,1
5,8,54041.376556316,2,2,4,1
4,5,54051.06830013853,999999,1,8,1
1,2,54057.45250377976,999999,6,1,1
5,3,54057.45250377976,999999,5,8,1
6,6,54061.99545152898,999999,1,3,1
4,3,54068.442227212145,999999,6,6,1
5,6,54068.442227212145,999999,0,6,1
6,5,54084.59044867445,999999,4,3,1
6,2,54098.49112325241,2,999999,8,1
6,5,54098.49112325241,999999,1,6,1
1,6,54102.75420917067,4,3,999999,1
1,8,54102.75420917067,999999,2,5,1
6,5,54102.75420917067,999999,6,6,1
4,5,54108.02458356169,999999,6,4,1
1,8,54112.03714008928,2,999999,8,1
1,6,54113.41986008961,999999,6,0,1
1,7,54113.41986008961,999999,3,6,1
6,1,54113.41986008961,999999,5,0,1
8,1,54113.41986008961,999999,3,6,1
5,8,54114.21510218018,5,2,999999,1
6,4,54114.21510218018,1,999999,3,1
1,3,54125.93215765797,999999,0,6,1
1,6,54136.701124444306,999999,5,0,1
6,1,54136.701124444306,999999,6,1,1
6,7,54136.701124444306,999999,1,5,1
5,1,54140.84779896807,999999,3,6,1
5,5,54140.84779896807,999999,0,6,1
6,1,54140.84779896807,999999,6,4,1
2,6,54141.4119012496,999999,5,0,1
6,3,54141.452382813586,999999,8,0,1
4,3,54142.022801558844,999999,1,6,1
5,5,54142.022801558844,999999,1,7,1
4,1,54152.01521066391,1,999999,6,1
5,1,54155.64517919416,999999,5,6,1
6,4,54155.64517919416,999999,6,6,1
5,0,54156.78670519417,999999,5,0,1
5,2,54156.78670519417,999999,3,5,1
5,6,54156.78670519417,999999,1,8,1
6,5,54156.78670519417,999999,0,5,1
5,2,54161.89963032551,999999,5,6,1
2,5,54165.82915396903,999999,1,2,1
2,5,54165.82915396903,999999,8,6,1
6,4,54165.82915396903,999999,2,0,1
1,0,54168.66898504351,999999,1,8,1
6,1,54168.66898504351,999999,8,6,1
8,8,54169.199806587174,6,999999,0,1
1,6,54174.87955566493,999999,4,0,1
4,5,54182.27494226349,999999,6,1,1
5,6,54182.27494226349,999999,8,1,1
5,1,54186.64310731232,0,999999,8,1
5,5,54186.64310731232,999999,0,1,1
6,2,54189.182233158914,6,1,999999,1
6,5,54192.45653385048,999999,6,0,1
6,2,54192.7975527893,999999,6,6,1
6,3,54192.7975527893,1,999999,0,1
5,3,54210.179666876866,999999,6,7,1
6,2,54210.179666876866,999999,6,0,1
5,3,54211.238427002456,999999,6,5,1
5,5,54211.238427002456,6,999999,3,1
1,4,54218.803097845725,0,6,999999,1
5,2,54218.803097845725,999999,4,5,1
5,5,54218.803097845725,999999,0,1,1
6,2,54223.535763910855,5,999999,6,1
5,2,54225.72099693777,1,5,999999,1
5,5,54225.72099693777,999999,0,6,1
5,4,54234.331929549604,999999,2,4,1
8,0,54234.331929549604,999999,8,6,1
5,6,54244.15389446945,0,999999,6,1
5,4,54257.389120103486,999999,1,0,1
5,6,54257.389120103486,999999,8,6,1
8,4,54257.389120103486,999999,2,1,1
8,4,54257.389120103486,999999,5,8,1
5,2,54259.04688940219,999999,3,5,1
5,2,54259.04688940219,999999,3,8,1
6,2,54259.04688940219,999999,2,6,1
5,6,54259.17424263346,999999,4,6,1
6,5,54259.17424263346,999999,6,2,1
6,5,54261.504379609876,999999,6,4,1
5,2,54261.737343763074,999999,5,8,1
5,2,54262.02991542552,999999,0,6,1
6,6,54262.02991542552,5,2,999999,1
6,6,54262.6221072291,999999,3,0,1
6,7,54263.625046899964,2,4,999999,1
5,5,54263.926515329455,999999,1,6,1
5,5,54263.926515329455,999999,2,6,1
8,3,54263.926515329455,999999,8,6,1
5,5,54265.10580434411,999999,8,5,1
4,6,54267.095665051,999999,2,2,1
5,1,54267.095665051,999999,5,5,1
6,4,54267.095665051,6,999999,2,1
6,6,54267.095665051,999999,5,6,1
6,4,54267.52727201274,999999,3,1,1
1,5,54268.74066303227,3,999999,1,1
8,5,54268.74066303227,4,5,999999,1
4,6,54270.911302035856,7,999999,6,1
8,5,54277.88597274358,999999,1,5,1
6,1,54290.22115523531,999999,2,0,1
5,2,54295.44043211312,0,8,999999,1
5,6,54295.44043211312,8,999999,8,1
8,0,54295.44043211312,999999,2,2,1
5,6,54296.045110792336,0,999999,8,1
6,1,54296.045110792336,999999,5,5,1
8,3,54303.6269260412,999999,8,6,1
1,4,54313.75916223002,999999,5,4,1
5,8,54327.37799190839,999999,4,2,1
6,5,54327.37799190839,999999,8,6,1
8,5,54327.55378225403,999999,4,8,1
5,4,54330.35117829799,1,999999,0,1
6,2,54330.35117829799,999999,6,3,1
1,1,54330.449259786124,2,999999,5,1
4,0,54330.449259786124,999999,8,6,1
1,5,54330.95396009675,999999,0,2,1
2,8,54333.82878641317,6,999999,6,1
1,6,54334.37515448195,999999,2,0,1
5,5,54334.37515448195,8,999999,3,1
6,0,54334.37515448195,999999,5,6,1
5,1,54336.17166751254,999999,4,6,1
6,6,54339.32311439531,999999,4,5,1
1,2,54339.37666939813,1,5,999999,1
5,8,54345.576187562394,999999,999999,4,1
6,6,54345.576187562394,6,999999,1,1
5,5,54347.28444056751,6,0,999999,1
5,3,54357.30405092721,5,999999,1,1
2,2,54360.935097998896,999999,8,6,1
5,2,54382.35656409921,999999,4,5,1
6,5,54382.35656409921,999999,1,0,1
6,3,54384.97217553684,999999,8,1,1
6,6,54384.97217553684,999999,1,4,1
1,5,54395.312234286714,999999,6,6,1
6,4,54395.312234286714,999999,5,1,1
5,5,54401.48567271977,999999,0,1,1
5,7,54401.48567271977,5,999999,2,1
6,2,54401.48567271977,6,999999,8,1
8,8,54401.48567271977,999999,3,8,1
4,8,54405.14404088705,999999,5,2,1
1,6,54405.95943895275,999999,1,8,1
4,5,54405.95943895275,6,999999,3,1
6,2,54405.95943895275,6,999999,0,1
1,6,54407.212162868345,999999,5,0,1
6,3,54408.93176497538,999999,1,6,1
5,2,54410.33343793758,999999,1,2,1
6,4,54410.33343793758,0,3,999999,1
1,8,54415.62446822411,999999,2,5,1
6,2,54415.62446822411,4,999999,5,1
1,5,54423.837581296626,999999,3,1,1
5,4,54423.837581296626,999999,6,6,1
4,3,54426.38769409834,999999,5,5,1
5,5,54426.38769409834,999999,1,4,1
1,2,54430.17070462494,999999,5,3,1
6,6,54430.17070462494,999999,2,8,1
2,2,54434.83420592576,999999,1,3,1
5,1,54434.83420592576,999999,0,5,1
4,6,54435.265282230415,999999,2,1,1
6,4,54442.08832663035,999999,6,1,1
8,0,54442.08832663035,999999,6,4,1
5,8,54454.8427849533,2,999999,5,1
6,5,54454.8427849533,5,999999,3,1
1,7,54456.489091006435,999999,8,6,1
5,1,54456.489091006435,999999,6,8,1
6,6,54456.489091006435,1,999999,6,1
6,6,54456.489091006435,999999,0,6,1
4,2,54463.97582416469,999999,6,3,1
6,5,54463.97582416469,999999,6,1,1
5,1,54464.90482052013,0,999999,3,1
6,1,54464.90482052013,999999,8,6,1
8,3,54464.90482052013,999999,5,4,1
5,4,54466.85222777087,999999,5,5,1
5,8,54466.85222777087,999999,1,0,1
6,6,54480.4886493758,999999,2,1,1
4,0,54482.19774903963,2,8,999999,1
5,1,54482.19774903963,999999,5,3,1
6,6,54482.19774903963,999999,4,1,1
8,4,54482.19774903963,5,999999,6,1
1,8,54483.24840607623,999999,1,0,1
6,2,54500.40533813055,1,5,999999,1
6,6,54500.40533813055,999999,0,6,1
6,2,54504.28090009601,999999,5,8,1
8,6,54505.86225325367,999999,2,8,1
5,3,54512.19192699507,999999,5,0,1
5,5,54514.02683281954,999999,1,2,1
4,8,54514.14615370347,8,1,999999,1
8,1,54514.429710119286,6,999999,5,1
5,2,54514.559540069306,5,0,999999,1
5,5,54514.559540069306,3,3,999999,1
4,8,54517.2981716683,999999,5,5,1
5,7,54520.59099241044,999999,8,3,1
4,1,54522.14558948251,999999,6,6,1
6,7,54522.14558948251,999999,3,0,1
6,0,54522.29465068565,5,999999,6,1
6,7,54522.29465068565,999999,1,4,1
6,1,54527.29700667871,999999,5,0,1
6,2,54531.596210990996,999999,4,2,1
6,8,54541.01721865454,999999,0,5,1
5,1,54543.013848501476,6,999999,6,1
6,0,54546.17044359984,999999,8,2,1
1,5,54546.63688862139,4,999999,8,1
4,0,54546.63688862139,999999,6,2,1
6,3,54546.63688862139,999999,4,6,1
6,5,54546.63688862139,999999,2,5,1
1,5,54562.51945610682,4,999999,5,1
5,2,54562.51945610682,999999,3,4,1
1,5,54571.38795923191,5,999999,0,1
4,5,54571.38795923191,2,8,999999,1
5,6,54571.92687911848,3,999999,3,1
4,3,54574.911646895496,5,6,1,1
2,5,54576.40219992743,999999,6,1,1
4,4,54576.40219992743,999999,1,5,1
1,5,54578.17446090505,999999,5,8,1
1,0,54586.989061575616,999999,5,8,1
5,2,54586.989061575616,999999,3,6,1
5,5,54586.989061575616,999999,6,8,1
6,4,54586.989061575616,999999,6,5,1
6,0,54591.22512578604,999999,6,3,1
5,2,54595.60170537325,999999,6,5,1
6,6,54597.14542519044,999999,8,2,1
1,5,54600.109618511065,999999,8,8,1
4,2,54600.109618511065,999999,6,1,1
4,6,54607.037288926695,999999,8,1,1
8,1,54607.47608984454,1,999999,5,1
5,3,54609.0798388609,999999,0,7,1
5,6,54609.0798388609,999999,0,8,1
6,5,54610.43883055907,999999,0,2,1
5,7,54611.67114840069,1,999999,4,1
6,5,54611.67114840069,999999,7,8,1
5,3,54613.12619398337,8,999999,5,1
5,6,54613.12619398337,4,999999,8,1
5,0,54615.11710088047,999999,6,8,1
1,1,54619.15582902051,999999,2,6,1
1,6,54619.15582902051,999999,4,0,1
6,5,54619.15582902051,1,999999,3,1
1,6,54632.32803621861,999999,6,5,1
4,6,54632.32803621861,999999,8,6,1
1,7,54649.340745993104,999999,5,2,1
5,3,54649.340745993104,2,999999,5,1
6,0,54651.57010316855,999999,6,2,1
5,1,54654.07632870219,999999,5,6,1
1,4,54671.39662213463,1,999999,2,1
1,5,54671.39662213463,999999,6,2,1
5,3,54671.39662213463,4,999999,0,1
6,6,54676.41635513809,999999,1,1,1
5,4,54679.46232692545,1,999999,3,1
1,3,54683.45377354032,999999,4,1,1
4,6,54683.45377354032,999999,5,5,1
6,2,54683.45377354032,999999,3,1,1
1,2,54699.01065359809,999999,6,0,1
6,1,54699.01065359809,3,999999,6,1
8,6,54699.01065359809,999999,1,4,1
4,6,54699.96029173465,999999,8,1,1
6,0,54699.96029173465,999999,0,4,1
2,3,54704.928317395425,999999,8,6,1
6,1,54716.86470377958,999999,2,6,1
8,3,54716.86470377958,999999,6,5,1
5,0,54720.71179810681,999999,6,5,1
5,5,54720.71179810681,999999,5,4,1
8,5,54720.71179810681,999999,8,0,1
1,5,54724.71779819136,999999,0,5,1
4,1,54724.71779819136,8,1,6,1
6,3,54724.71779819136,999999,0,8,1
1,6,54727.92780563852,7,999999,5,1
5,4,54727.92780563852,999999,1,1,1
6,2,54727.92780563852,1,999999,4,1
5,1,54728.61620494845,6,999999,3,1
5,1,54728.61620494845,999999,0,5,1
8,1,54728.61620494845,999999,2,5,1
4,5,54730.49714187447,4,999999,1,1
6,6,54730.49714187447,3,999999,2,1
4,2,54731.26625030186,999999,5,0,1
4,5,54731.26625030186,999999,1,6,1
6,5,54731.26625030186,999999,1,5,1
6,5,54735.51765300495,999999,6,1,1
5,3,54737.435355506816,5,999999,0,1
6,4,54747.17567316066,999999,8,5,1
5,6,54750.14956795216,999999,1,0,1
8,5,54750.14956795216,999999,8,2,1
1,1,54751.993159032034,3,4,999999,1
5,2,54751.993159032034,999999,6,5,1
1,1,54752.477597910474,4,999999,6,1
5,8,54752.477597910474,2,999999,1,1
5,3,54761.82121497204,2,999999,6,1
5,4,54777.88578790337,999999,8,2,1
4,1,54797.813755956464,6,4,3,1
1,2,54802.38336507218,999999,5,4,1
1,6,54802.38336507218,8,999999,2,1
8,2,54802.38336507218,999999,5,0,1
1,5,54810.9062682588,999999,0,7,1
8,8,54810.9062682588,999999,1,5,1
6,6,54815.07404404289,8,999999,8,1
5,6,54827.89175611247,0,999999,5,1
8,2,54827.89175611247,6,6,6,1
5,3,54835.77165841756,999999,5,5,1
6,5,54843.069980080014,999999,4,1,1
6,5,54843.069980080014,999999,4,6,1
6,6,54843.71865942595,999999,6,8,1
5,8,54844.5512921728,999999,1,1,1
6,0,54844.5512921728,999999,2,4,1
4,2,54845.874947735305,6,6,7,1
6,1,54847.17150773078,999999,6,5,1
5,0,54854.543712521794,999999,3,8,1
5,2,54854.543712521794,999999,5,8,1
5,5,54854.543712521794,999999,2,8,1
5,8,54862.142156081354,5,1,8,1
1,3,54863.77204431522,5,999999,1,1
1,3,54874.583499503664,5,0,4,1
2,4,54874.583499503664,999999,5,1,1
6,2,54881.318309215014,0,999999,8,1
5,1,54883.450876369876,4,999999,5,1
6,2,54883.450876369876,999999,1,5,1
6,1,54890.691043016755,999999,0,3,1
6,4,54890.691043016755,999999,2,5,1
6,5,54890.691043016755,999999,4,6,1
8,8,54890.691043016755,999999,1,8,1
5,0,54892.98973220176,999999,1,5,1
6,4,54895.31256528455,999999,6,5,1
1,0,54896.60382264349,999999,3,1,1
6,7,54896.60382264349,999999,8,5,1
6,8,54896.60382264349,999999,2,4,1
5,1,54897.863287223205,6,999999,3,1
5,2,54897.863287223205,999999,8,5,1
5,1,54901.678331292336,999999,4,4,1
8,1,54901.678331292336,999999,2,5,1
5,4,54911.16658168865,999999,7,5,1
6,3,54911.16658168865,999999,5,2,1
1,5,54921.540675373195,999999,5,1,1
4,5,54922.70962952533,999999,6,0,1
5,6,54922.70962952533,999999,1,1,1
6,4,54926.17045382884,5,999999,6,1
2,2,54926.40193434442,999999,8,6,1
5,2,54926.40193434442,999999,999999,7,1
6,5,54926.40193434442,999999,2,6,1
6,2,54930.9014695531,999999,8,5,1
1,2,54938.616984965556,999999,1,8,1
6,8,54938.616984965556,999999,1,5,1
1,5,54941.19413145064,7,999999,2,1
5,2,54941.19413145064,5,0,999999,1
8,4,54941.3295385977,999999,5,6,1
8,6,54941.3295385977,999999,8,5,1
4,6,54945.76957386807,5,999999,1,1
5,4,54946.103607141886,999999,0,5,1
5,5,54946.103607141886,2,999999,1,1
5,8,54946.103607141886,999999,6,5,1
6,2,54947.72854516061,999999,4,0,1
6,5,54947.72854516061,5,999999,1,1
6,8,54947.72854516061,999999,5,6,1
6,5,54950.71278880515,999999,0,1,1
6,1,54950.74557723701,999999,6,8,1
5,2,54955.08628492561,999999,5,6,1
5,6,54955.08628492561,999999,4,2,1
5,4,54962.67517052487,2,4,8,1
5,1,54966.80689283174,999999,3,5,1
5,6,54966.80689283174,999999,2,5,1
6,2,54967.52936646755,999999,1,1,1
1,6,54973.31822341316,999999,6,2,1
4,1,54973.31822341316,0,999999,5,1
5,8,54973.31822341316,999999,6,0,1
5,2,54976.3715547314,999999,5,2,1
5,3,54976.3715547314,999999,6,0,1
1,3,54989.93670583062,999999,3,1,1
1,6,54989.93670583062,999999,2,5,1
5,8,54989.93670583062,999999,3,2,1
6,1,54989.93670583062,999999,0,2,1
6,6,54989.93670583062,0,999999,6,1
1,5,54991.30445967394,999999,0,6,1
5,5,54991.30445967394,999999,1,5,1
6,5,54998.45971600802,8,999999,8,1
6,0,55007.106142857796,999999,5,6,1
8,0,55007.106142857796,8,999999,4,1
5,1,55013.04205977316,8,999999,0,1
6,4,55013.04205977316,999999,1,8,1
6,5,55023.22091571535,999999,5,0,1
5,5,55024.81528237124,999999,999999,4,1
8,5,55024.81528237124,6,6,3,1
1,5,55030.083619544625,999999,0,6,1
5,2,55030.083619544625,999999,1,0,1
5,6,55034.31685419663,999999,5,1,1
6,7,55034.31685419663,8,999999,1,1
4,5,55040.41625351428,999999,4,2,1
5,8,55040.41625351428,999999,3,5,1
5,8,55042.81917521935,2,999999,0,1
6,4,55045.670353125366,999999,8,5,1
8,2,55046.479406399114,3,999999,6,1
5,1,55046.68453170215,999999,3,4,1
5,2,55046.68453170215,3,999999,5,1
5,0,55047.60578897104,999999,6,6,1
5,2,55047.60578897104,3,999999,1,1
5,5,55047.60578897104,999999,6,5,1
6,2,55048.231398874705,999999,5,5,1
5,4,55048.47833122954,2,999999,5,1
6,5,55048.47833122954,999999,6,7,1
1,7,55051.58344680145,999999,2,3,1
6,1,55051.58344680145,999999,3,2,1
6,5,55051.58344680145,999999,1,1,1
1,5,55054.633703709216,999999,6,6,1
4,2,55054.633703709216,999999,5,4,1
4,5,55054.633703709216,999999,2,2,1
8,1,55079.36911656214,999999,3,6,1
4,6,55085.60337394296,0,999999,5,1
1,5,55090.131192826135,999999,5,1,1
8,5,55090.559927517126,999999,0,6,1
4,2,55094.248761529634,999999,5,6,1
5,3,55105.609954795065,999999,4,1,1
6,5,55105.609954795065,999999,3,1,1
5,6,55110.4206277865,999999,4,8,1
8,8,55110.4206277865,999999,5,6,1
5,4,55110.94697881509,999999,1,6,1
6,5,55110.94697881509,3,999999,1,1
6,5,55113.280528785916,999999,1,6,1
1,8,55115.46746508957,999999,6,6,1
8,6,55115.46746508957,999999,4,5,1
4,0,55121.054239332916,999999,8,8,1
1,1,55122.226727675836,999999,8,1,1
6,0,55122.226727675836,1,999999,6,1
4,2,55123.65163598711,5,999999,5,1
5,6,55123.65163598711,999999,2,5,1
5,6,55123.65163598711,999999,4,1,1
6,8,55128.899266018736,999999,5,1,1
6,5,55132.41100420727,999999,6,2,1
8,6,55132.41100420727,999999,2,4,1
5,5,55144.42286246632,999999,6,1,1
6,1,55144.42286246632,8,999999,2,1
5,1,55150.29249399261,999999,5,5,1
5,2,55158.765695032904,999999,4,6,1
5,1,55162.720875072664,0,6,999999,1
5,5,55162.720875072664,999999,0,2,1
6,2,55163.78125176732,999999,3,5,1
1,5,55164.07598420922,999999,5,1,1
5,3,55164.07598420922,2,999999,5,1
5,5,55164.07598420922,999999,3,0,1
4,0,55171.409848747055,999999,7,5,1
5,2,55171.409848747055,999999,1,2,1
8,7,55171.409848747055,999999,3,5,1
6,2,55175.318787279306,999999,4,1,1
6,2,55175.318787279306,999999,6,3,1
5,3,55178.07197167961,999999,5,6,1
6,6,55178.07197167961,999999,8,0,1
8,6,55178.07197167961,5,999999,3,1
5,8,55178.09426241522,4,999999,6,1
6,5,55180.646846906035,999999,5,6,1
5,6,55186.062076486196,999999,0,6,1
8,6,55186.062076486196,1,3,999999,1
4,5,55193.808527249064,999999,6,1,1
1,4,55199.468148977285,999999,2,5,1
2,2,55199.468148977285,7,999999,7,1
8,8,55199.91752576981,999999,3,4,1
5,4,55204.12701201589,999999,5,6,1
6,5,55204.12701201589,8,999999,5,1
5,6,55204.80222157815,7,999999,6,1
6,6,55204.80222157815,999999,2,4,1
4,6,55206.93158776323,999999,5,4,1
5,3,55206.93158776323,999999,2,4,1
5,6,55206.93158776323,999999,7,6,1
4,6,55209.5970115875,999999,1,6,1
6,1,55210.49978700055,999999,0,2,1
4,5,55213.50598837145,999999,5,5,1
5,7,55215.089885150686,999999,5,0,1
6,2,55215.85883723718,999999,4,2,1
1,1,55224.47410060869,999999,5,3,1
8,5,55224.47410060869,1,2,999999,1
1,5,55231.76371384717,999999,6,6,1
1,6,55234.26083405,999999,2,7,1
1,0,55236.614145681764,999999,6,5,1
4,6,55240.934327615825,999999,1,3,1
5,2,55240.934327615825,999999,5,2,1
5,5,55240.934327615825,999999,6,8,1
6,4,55251.38786866455,3,999999,0,1
6,5,55251.38786866455,999999,0,8,1
8,7,55253.04942683555,999999,5,7,1
5,0,55254.679935017135,999999,6,5,1
4,3,55262.65461217295,999999,1,5,1
5,3,55262.65461217295,7,999999,6,1
4,2,55264.725395104164,999999,3,4,1
5,0,55265.0613286215,999999,6,0,1
5,1,55269.42001499467,4,999999,8,1
5,2,55270.03583805127,999999,5,6,1
5,5,55270.03583805127,1,999999,8,1
6,0,55270.03583805127,5,999999,8,1
6,7,55270.03583805127,999999,6,1,1
5,2,55276.2277841269,999999,6,1,1
6,0,55276.2277841269,999999,4,5,1
6,1,55276.2277841269,999999,1,6,1
5,0,55280.06512649583,3,1,999999,1
5,4,55280.06512649583,6,999999,1,1
8,1,55280.06512649583,999999,5,7,1
5,2,55281.44566405879,0,8,999999,1
6,1,55281.44566405879,999999,8,6,1
5,6,55282.433926726706,5,999999,1,1
6,6,55282.433926726706,5,999999,6,1
6,0,55286.19899864546,999999,6,6,1
6,3,55286.19899864546,1,999999,8,1
5,5,55288.801691454966,999999,2,8,1
6,4,55288.801691454966,6,999999,6,1
5,3,55295.06123472886,0,999999,8,1
8,5,55295.06123472886,999999,0,1,1
5,4,55303.418892709924,3,999999,6,1
6,3,55303.418892709924,999999,6,6,1
6,7,55316.79739454462,999999,6,5,1
2,5,55318.301535585604,5,3,7,1
4,2,55318.301535585604,999999,6,1,1
5,8,55327.033540887904,999999,3,2,1
6,5,55327.033540887904,999999,1,1,1
5,6,55341.580431652015,6,999999,5,1
1,6,55348.23943398461,999999,1,5,1
5,1,55348.23943398461,999999,6,1,1
6,8,55348.23943398461,999999,0,6,1
4,2,55353.41706409592,999999,5,0,1
5,5,55353.41706409592,999999,4,6,1
1,6,55356.44813395656,999999,0,2,1
1,5,55357.99488968136,999999,7,6,1
4,3,55357.99488968136,999999,5,5,1
5,7,55357.99488968136,2,999999,6,1
6,2,55357.99488968136,999999,6,0,1
8,6,55360.85030732824,999999,1,6,1
8,5,55369.58183834596,999999,4,3,1
8,1,55371.19441548804,999999,4,3,1
8,8,55371.19441548804,8,6,1,1
1,0,55383.14591658696,5,999999,6,1
5,6,55383.14591658696,999999,8,2,1
6,8,55383.14591658696,999999,3,5,1
5,1,55387.707666858645,999999,0,5,1
6,6,55387.707666858645,999999,0,5,1
5,2,55395.42548093667,999999,5,0,1
5,5,55395.42548093667,999999,5,2,1
5,6,55395.42548093667,999999,5,6,1
6,3,55403.049862436965,999999,1,0,1
8,1,55403.93100612921,999999,1,6,1
8,4,55403.93100612921,999999,2,5,1
6,4,55405.62210943732,1,5,999999,1
2,5,55407.59952727785,5,3,7,1
5,6,55407.59952727785,999999,8,1,1
6,2,55407.59952727785,6,5,999999,1
1,3,55415.667161846286,999999,6,2,1
1,5,55421.04164963277,6,999999,2,1
5,0,55421.04164963277,999999,3,8,1
5,2,55421.04164963277,999999,3,0,1
4,0,55426.13454480177,999999,1,3,1
5,6,55437.98491275655,999999,3,2,1
6,2,55437.98491275655,999999,6,5,1
8,8,55437.98491275655,6,2,999999,1
1,6,55441.155039638346,999999,1,4,1
5,5,55441.155039638346,999999,5,0,1
5,8,55441.155039638346,999999,5,3,1
6,6,55441.155039638346,999999,5,8,1
6,0,55442.069929506855,5,999999,2,1
6,3,55442.069929506855,999999,6,2,1
8,0,55442.069929506855,999999,8,6,1
5,6,55443.99355671655,999999,3,1,1
5,7,55443.99355671655,999999,6,1,1
6,2,55443.99355671655,999999,0,6,1
6,3,55448.01350632879,999999,2,5,1
8,6,55448.01350632879,6,5,999999,1
1,5,55454.59400572519,999999,0,1,1
6,5,55454.59400572519,999999,5,7,1
6,8,55454.59400572519,999999,5,5,1
5,0,55455.53248556146,2,999999,6,1
5,2,55455.53248556146,3,2,5,1
5,4,55455.53248556146,3,999999,6,1
6,6,55455.53248556146,5,999999,5,1
1,6,55458.55202213301,5,999999,0,1
6,2,55458.55202213301,5,8,999999,1
6,2,55458.55202213301,999999,1,3,1
1,3,55467.52782238063,999999,5,1,1
6,5,55467.52782238063,999999,6,6,1
1,1,55474.40510987908,999999,5,6,1
5,6,55478.14664989231,999999,1,0,1
6,3,55478.14664989231,999999,5,0,1
1,6,55480.61803107985,999999,6,6,1
4,5,55480.61803107985,999999,6,8,1
8,7,55480.61803107985,999999,5,7,1
5,2,55489.522794245015,999999,6,0,1
5,8,55489.522794245015,2,999999,0,1
6,3,55491.67619498029,999999,5,5,1
6,3,55492.239531927604,999999,5,2,1
6,8,55492.239531927604,999999,3,5,1
5,0,55492.7607628102,999999,7,4,1
6,1,55492.7607628102,999999,5,6,1
8,0,55492.7607628102,999999,5,5,1
5,5,55493.067669534066,999999,5,5,1
5,6,55493.067669534066,999999,4,3,1
8,6,55493.067669534066,999999,1,0,1
2,8,55494.90136826009,3,999999,2,1
5,3,55494.90136826009,999999,1,8,1
6,1,55494.99317638785,999999,6,5,1
6,2,55507.092533808696,6,3,999999,1
1,4,55510.30780293128,999999,6,3,1
5,0,55510.30780293128,5,2,999999,1
6,5,55510.30780293128,999999,8,6,1
1,8,55513.93829907803,5,999999,2,1
8,8,55514.8071285736,1,6,999999,1
8,6,55515.457639312175,999999,5,1,1
5,2,55515.904461123675,999999,6,5,1
5,7,55518.880731144374,999999,5,3,1
8,8,55524.37635019084,999999,2,0,1
4,6,55524.895858339914,999999,3,6,1
6,6,55524.895858339914,6,999999,5,1
4,3,55527.30469809876,999999,5,1,1
6,0,55527.30469809876,999999,6,5,1
5,5,55536.31694342079,999999,4,2,1
1,2,55536.433063169905,999999,5,5,1
5,5,55536.433063169905,4,999999,2,1
6,8,55537.63974413234,999999,6,6,1
1,6,55538.532310733826,999999,3,5,1
5,6,55538.532310733826,2,999999,0,1
6,0,55538.532310733826,6,6,999999,1
6,0,55539.00287123942,999999,8,1,1
5,5,55540.55188579255,999999,6,999999,1
6,2,55540.55188579255,8,999999,1,1
4,6,55551.10769427266,6,2,999999,1
6,0,55551.10769427266,999999,1,5,1
6,4,55551.10769427266,5,999999,3,1
1,3,55553.72943636709,1,999999,6,1
6,2,55553.72943636709,999999,5,0,1
2,6,55555.47586414172,999999,6,6,1
4,6,55555.47586414172,999999,7,3,1
6,8,55555.47586414172,999999,3,3,1
1,5,55555.635433516865,999999,5,8,1
5,6,55555.928406838546,999999,3,2,1
6,2,55555.928406838546,999999,2,6,1
5,5,55562.098322580314,8,999999,0,1
1,6,55569.32269120853,2,4,999999,1
1,6,55569.32269120853,999999,2,0,1
1,6,55572.38183725969,999999,3,5,1
5,0,55572.38183725969,999999,6,5,1
8,8,55572.38183725969,999999,1,6,1
2,8,55576.747108386466,999999,6,1,1
5,5,55576.747108386466,999999,1,2,1
2,5,55576.835633145514,6,6,999999,1
6,5,55583.431814071904,6,999999,0,1
4,5,55601.966590607415,8,999999,8,1
6,8,55601.966590607415,2,999999,6,1
6,2,55614.59646081827,999999,3,5,1
5,0,55620.41897683883,999999,5,6,1
5,4,55620.41897683883,999999,2,5,1
5,3,55620.95953429001,999999,8,6,1
5,5,55620.95953429001,999999,8,6,1
6,1,55641.15505870132,999999,6,5,1
6,0,55652.36697119906,999999,5,8,1
1,3,55653.472275706255,999999,0,0,1
6,2,55653.472275706255,8,999999,1,1
6,8,55657.346168858596,999999,6,5,1
6,7,55662.324965755965,6,999999,5,1
5,2,55667.60412712364,999999,8,5,1
6,4,55674.37767032461,3,999999,8,1
8,2,55674.931485615554,999999,5,0,1
1,6,55677.047681968754,999999,4,7,1
5,1,55681.108544719704,6,999999,6,1
5,8,55681.108544719704,2,999999,3,1
5,8,55681.108544719704,5,2,5,1
6,1,55681.108544719704,999999,2,0,1
5,5,55684.30421024961,999999,0,6,1
1,8,55693.37720737507,999999,3,5,1
5,3,55693.37720737507,999999,6,5,1
5,5,55693.37720737507,999999,6,1,1
1,1,55700.502015415776,999999,2,6,1
5,6,55700.502015415776,4,999999,2,1
5,6,55700.502015415776,5,999999,1,1
1,5,55702.70190546447,0,999999,7,1
5,6,55702.70190546447,999999,5,6,1
5,0,55703.60467466354,999999,5,3,1
6,1,55704.94777124617,999999,5,1,1
8,6,55704.94777124617,999999,6,5,1
5,4,55717.59704700018,999999,6,6,1
5,1,55718.766605177734,8,999999,2,1
5,2,55718.766605177734,7,999999,6,1
5,2,55718.766605177734,999999,1,0,1
5,2,55718.766605177734,999999,5,4,1
8,8,55718.766605177734,999999,0,7,1
2,8,55723.133664239176,999999,4,2,1
4,4,55723.133664239176,999999,8,6,1
5,6,55723.133664239176,999999,5,1,1
2,6,55728.95259729883,999999,1,4,1
8,2,55728.95259729883,999999,5,0,1
8,8,55731.991363063426,999999,8,2,1
6,0,55736.66920673568,999999,2,8,1
5,5,55744.14090277335,999999,5,1,1
6,4,55744.14090277335,999999,6,5,1
1,4,55754.89701857818,999999,3,1,1
6,8,55754.89701857818,999999,2,4,1
6,2,55756.07041682943,999999,6,5,1
6,4,55756.07041682943,0,999999,3,1
4,1,55762.80488031596,999999,4,6,1
5,6,55772.217888193714,999999,5,8,1
5,8,55772.217888193714,999999,1,2,1
5,8,55772.217888193714,999999,5,6,1
6,2,55774.35495626715,999999,1,4,1
6,6,55774.35495626715,999999,7,5,1
6,1,55789.35930758607,999999,4,5,1
1,1,55798.43657422063,3,999999,2,1
5,2,55809.226878725494,5,999999,8,1
4,8,55809.53491467933,999999,6,6,1
2,3,55814.088483047286,999999,8,6,1
5,2,55824.47785059511,0,6,3,1
6,2,55824.47785059511,999999,6,2,1
6,5,55826.15276580755,4,999999,5,1
6,3,55828.93486219467,999999,2,1,1
1,1,55844.78841871729,999999,2,5,1
6,2,55850.227144068645,999999,4,3,1
6,2,55850.227144068645,999999,5,8,1
6,8,55850.227144068645,999999,4,6,1
6,5,55851.548043275965,999999,5,2,1
1,3,55853.750366575965,999999,6,8,1
5,6,55858.380665721,999999,2,6,1
6,1,55858.77077457295,999999,8,2,1
6,6,55858.77077457295,999999,6,1,1
1,1,55859.12435936558,999999,2,6,1
1,5,55859.12435936558,4,999999,8,1
5,5,55859.12435936558,999999,6,5,1
6,3,55859.12435936558,6,999999,3,1
5,1,55867.01104785128,6,999999,5,1
5,6,55867.01104785128,999999,6,1,1
6,1,55867.01104785128,999999,1,4,1
5,6,55868.007510153846,999999,5,1,1
5,8,55868.35208470536,999999,6,5,1
6,6,55868.909944046514,3,999999,8,1
6,6,55868.909944046514,6,3,999999,1
5,2,55882.45570754146,999999,1,7,1
5,3,55882.45570754146,5,999999,1,1
5,8,55882.45570754146,999999,3,5,1
5,1,55882.735538624096,999999,5,6,1
5,6,55882.735538624096,999999,5,4,1
6,4,55882.735538624096,999999,6,5,1
2,6,55902.64985598943,999999,2,8,1
6,6,55903.12712096217,999999,5,1,1
5,4,55907.66295833018,5,999999,6,1
5,5,55910.2632681514,999999,0,5,1
5,5,55915.20708473389,4,0,999999,1
8,8,55930.69411778629,999999,6,2,1
4,6,55931.25812888778,999999,5,0,1
6,2,55931.25812888778,999999,5,8,1
6,0,55934.138142167656,999999,1,5,1
5,5,55935.48514573606,999999,3,5,1
1,5,55935.51732722983,999999,3,0,1
5,5,55935.51732722983,999999,5,2,1
6,4,55935.51732722983,999999,3,2,1
8,6,55938.386912725204,5,999999,5,1
6,3,55939.15464241161,999999,6,1,1
6,8,55939.15464241161,999999,0,2,1
1,0,55949.10772049757,6,999999,1,1
8,2,55949.10772049757,999999,4,6,1
8,8,55949.10772049757,6,999999,6,1
4,6,55949.95177889455,999999,8,0,1
6,1,55949.95177889455,999999,3,1,1
6,6,55949.95177889455,999999,5,6,1
1,8,55961.17560584794,5,0,999999,1
5,4,55961.17560584794,6,999999,2,1
8,6,55961.17560584794,999999,1,8,1
5,2,55964.539917627764,999999,1,0,1
5,5,55964.539917627764,999999,5,4,1
5,2,55966.23266989199,999999,4,5,1
1,5,55969.631446948835,5,6,999999,1
5,2,55969.631446948835,999999,7,2,1
5,5,55969.631446948835,2,3,999999,1
8,5,55969.631446948835,999999,6,6,1
1,8,55971.76415828558,999999,0,5,1
5,1,55971.76415828558,5,999999,8,1
6,8,55971.76415828558,999999,4,5,1
5,5,55986.86468344836,999999,5,4,1
6,8,55986.86468344836,999999,6,3,1
5,0,55994.94976118316,6,999999,7,1
8,2,55994.94976118316,999999,5,4,1
1,0,55995.47578150318,5,999999,4,1
1,6,55995.47578150318,999999,6,2,1
6,2,55995.47578150318,999999,5,0,1
5,2,55995.76412356019,999999,5,5,1
5,8,55995.76412356019,999999,2,4,1
6,4,56000.95632091837,999999,6,5,1
5,2,56003.19239364715,999999,8,1,1
5,5,56003.19239364715,2,999999,4,1
8,4,56003.19239364715,1,999999,6,1
1,3,56017.323275914714,999999,0,8,1
5,4,56017.323275914714,999999,5,6,1
1,5,56018.10679866772,1,999999,5,1
5,4,56018.10679866772,999999,7,2,1
8,7,56018.10679866772,999999,6,1,1
8,8,56018.10679866772,999999,6,5,1
5,8,56019.61431503469,999999,6,6,1
8,0,56019.61431503469,999999,8,5,1
5,0,56020.83073956402,999999,6,2,1
5,5,56020.83073956402,999999,5,8,1
6,8,56020.83073956402,999999,0,5,1
5,0,56029.59075735678,7,999999,8,1
5,3,56029.59075735678,6,2,999999,1
8,6,56029.59075735678,999999,5,6,1
5,8,56032.72459832435,999999,5,6,1
6,5,56032.72459832435,4,999999,6,1
2,5,56033.18409434827,6,8,999999,1
4,6,56035.5957326366,6,5,8,1
5,6,56035.5957326366,3,999999,6,1
6,5,56035.72504341363,2,1,5,1
6,2,56035.881333029356,6,3,999999,1
6,5,56045.471541928964,999999,8,2,1
6,4,56045.686465464845,3,2,999999,1
8,2,56045.686465464845,999999,3,5,1
5,6,56047.347270128914,999999,0,6,1
6,6,56047.347270128914,999999,0,6,1
5,3,56049.897537857265,999999,5,6,1
5,4,56050.458704821685,999999,1,0,1
8,5,56055.44527620959,6,999999,5,1
6,2,56061.79603299935,1,5,999999,1
6,2,56064.25461342861,999999,8,0,1
8,2,56064.25461342861,999999,5,1,1
6,3,56068.09282808708,999999,8,5,1
6,4,56068.34188058164,0,999999,1,1
1,3,56069.23696057753,2,8,999999,1
4,6,56069.23696057753,999999,5,1,1
6,2,56069.23696057753,0,5,999999,1
5,2,56093.02920584851,999999,6,5,1
5,8,56093.02920584851,999999,5,3,1
6,2,56093.02920584851,5,3,999999,1
1,5,56112.59223133725,0,3,999999,1
4,2,56112.59223133725,999999,4,8,1
6,2,56113.502978273755,6,999999,0,1
6,2,56113.502978273755,6,999999,3,1
8,0,56113.502978273755,999999,8,5,1
1,3,56114.27035525838,999999,2,6,1
8,2,56116.18530008359,3,999999,6,1
6,5,56121.47498266879,999999,6,0,1
1,3,56123.44330791368,999999,1,8,1
1,6,56125.652513885885,999999,6,6,1
4,0,56125.652513885885,999999,3,6,1
6,5,56135.317544957725,6,999999,2,1
5,5,56138.09189755496,999999,5,8,1
8,0,56138.09189755496,999999,2,8,1
5,4,56146.98087023461,999999,3,5,1
6,0,56147.02198495653,999999,1,5,1
1,5,56153.5093900873,999999,8,6,1
4,4,56153.5093900873,3,999999,1,1
5,2,56155.46030029705,999999,1,3,1
8,0,56161.05704214327,999999,1,6,1
5,5,56167.97379439173,6,999999,0,1
6,1,56167.97379439173,999999,3,5,1
5,5,56171.29296453358,999999,6,8,1
6,5,56171.29296453358,999999,0,4,1
5,4,56179.39475372639,6,999999,5,1
6,5,56179.39475372639,999999,8,6,1
5,6,56185.77391372055,6,2,5,1
8,0,56185.77391372055,5,3,999999,1
5,0,56191.003029997904,999999,6,1,1
5,6,56199.23168017415,8,999999,4,1
4,3,56199.38444261115,999999,3,4,1
6,0,56199.38444261115,3,2,999999,1
6,3,56200.05767372543,5,6,999999,1
6,4,56200.05767372543,999999,2,8,1
6,6,56200.05767372543,999999,5,3,1
6,6,56200.55968481969,999999,5,1,1
2,4,56213.69062843936,999999,5,4,1
6,1,56213.69062843936,6,999999,0,1
6,4,56213.69062843936,3,999999,6,1
8,6,56214.74686541523,999999,8,5,1
5,5,56216.730174032746,3,2,6,1
5,3,56217.18774360628,999999,5,6,1
1,1,56217.36757622871,7,999999,4,1
5,2,56221.94266449806,999999,5,4,1
5,5,56222.055343062384,6,999999,5,1
5,5,56222.055343062384,999999,8,6,1
6,2,56222.055343062384,4,6,6,1
1,6,56232.60907107285,999999,999999,3,1
5,2,56232.60907107285,999999,4,4,1
6,2,56232.60907107285,999999,5,1,1
8,6,56232.60907107285,999999,1,4,1
5,6,56240.44816377468,999999,0,8,1
6,5,56240.44816377468,0,999999,2,1
7,4,56240.44816377468,5,999999,3,1
6,6,56252.86155735981,999999,1,7,1
5,8,56257.481388634114,999999,3,6,1
8,5,56257.481388634114,999999,3,6,1
8,6,56283.55930908493,999999,1,2,1
5,4,56283.94782134784,5,999999,6,1
6,6,56284.72166445935,5,999999,4,1
5,7,56288.143296259645,999999,5,1,1
6,6,56288.143296259645,999999,0,5,1
1,6,56288.65433398716,999999,5,8,1
2,6,56288.65433398716,4,999999,3,1
4,6,56288.65433398716,999999,8,0,1
1,5,56298.02736763034,999999,4,2,1
5,1,56298.02736763034,0,999999,2,1
6,1,56310.71140915182,999999,4,6,1
5,5,56314.317956159495,999999,3,6,1
4,3,56330.25538837699,999999,8,6,1
5,5,56340.071413096244,999999,5,2,1
6,6,56340.071413096244,999999,2,0,1
5,5,56340.31529911828,999999,2,1,1
6,1,56340.31529911828,999999,4,8,1
6,3,56349.28772403485,999999,4,5,1
6,5,56349.28772403485,999999,2,5,1
6,6,56349.28772403485,999999,1,5,1
6,4,56349.63862450508,999999,8,6,1
6,5,56349.63862450508,999999,0,5,1
4,2,56353.53896151529,999999,5,4,1
1,0,56356.6091903453,6,5,999999,1
6,4,56356.6091903453,999999,6,8,1
1,2,56361.69781031161,999999,3,5,1
8,0,56361.69781031161,999999,5,5,1
1,8,56363.362402302,0,999999,7,1
4,4,56363.362402302,999999,0,6,1
5,2,56363.362402302,999999,1,2,1
6,5,56364.28526993719,999999,6,6,1
4,5,56366.568996543734,2,8,999999,1
6,5,56366.568996543734,999999,1,6,1
4,0,56374.02969570889,5,999999,3,1
4,6,56374.02969570889,1,1,5,1
5,8,56374.02969570889,999999,2,4,1
5,6,56410.10746819739,999999,5,4,1
5,6,56422.34010019847,999999,6,5,1
5,1,56429.207836972135,5,999999,8,1
6,6,56429.207836972135,5,999999,8,1
5,3,56435.9754062284,8,999999,2,1
6,2,56435.9754062284,6,999999,6,1
1,7,56437.60575941585,999999,1,6,1
6,3,56437.60575941585,999999,5,2,1
8,6,56437.60575941585,999999,3,6,1
5,6,56441.63282926264,999999,2,1,1
6,6,56441.63282926264,999999,6,8,1
5,1,56442.87989188146,999999,3,1,1
5,6,56442.87989188146,6,1,999999,1
5,6,56443.44400320168,999999,3,8,1
6,2,56448.38628190667,999999,4,2,1
6,3,56448.38628190667,999999,5,6,1
6,8,56448.38628190667,999999,5,0,1
1,7,56449.23621980697,999999,6,5,1
4,5,56449.23621980697,999999,2,0,1
5,0,56449.23621980697,3,6,8,1
5,1,56449.23621980697,999999,0,8,1
6,4,56449.23621980697,999999,6,3,1
1,0,56450.88740251454,999999,6,3,1
5,3,56450.88740251454,999999,1,8,1
5,5,56450.88740251454,999999,0,6,1
6,8,56450.88740251454,6,6,999999,1
8,3,56450.88740251454,999999,8,6,1
6,1,56452.58305497676,999999,999999,5,1
6,6,56456.26213989473,8,999999,2,1
5,3,56456.639682610716,999999,5,8,1
6,2,56463.49669002507,999999,5,5,1
8,8,56466.352584633074,999999,6,7,1
6,1,56468.40852778203,5,999999,6,1
6,4,56468.40852778203,3,0,999999,1
8,3,56468.40852778203,999999,999999,6,1
1,1,56470.629097580306,999999,4,5,1
6,3,56470.629097580306,999999,5,1,1
6,4,56470.629097580306,999999,8,5,1
6,6,56470.629097580306,999999,6,5,1
1,6,56491.42208130109,1,999999,1,1
5,5,56491.42208130109,999999,6,1,1
2,5,56493.6439041223,5,999999,2,1
6,1,56493.6439041223,999999,5,6,1
8,6,56493.6439041223,999999,6,8,1
5,2,56502.32462831958,5,5,999999,1
1,4,56505.08257369947,999999,5,8,1
1,6,56505.08257369947,999999,3,5,1
6,2,56505.08257369947,999999,5,3,1
1,6,56509.197436166214,999999,4,0,1
1,3,56515.073346253725,999999,0,5,1
8,4,56515.073346253725,999999,6,0,1
8,5,56520.72089290735,999999,5,1,1
5,1,56525.153702636824,999999,5,2,1
5,5,56525.153702636824,8,6,999999,1
5,8,56527.46476750766,999999,5,3,1
6,5,56527.46476750766,999999,1,1,1
6,7,56527.46476750766,999999,0,6,1
5,7,56527.91512587731,999999,2,0,1
8,4,56527.91512587731,999999,4,5,1
5,4,56532.60968780682,999999,8,6,1
6,2,56532.60968780682,999999,4,6,1
5,3,56534.65749544055,999999,8,5,1
5,5,56534.65749544055,999999,0,6,1
6,4,56534.65749544055,2,999999,8,1
6,7,56537.16936179524,999999,2,1,1
1,1,56548.27505172169,999999,6,6,1
1,6,56548.27505172169,3,999999,8,1
6,6,56548.27505172169,999999,0,2,1
5,5,56550.749566018894,5,999999,5,1
6,0,56558.00109881293,3,999999,8,1
6,3,56558.00109881293,999999,4,8,1
4,4,56560.79597027194,2,2,999999,1
5,1,56560.79597027194,5,999999,8,1
5,1,56560.79597027194,999999,1,3,1
6,5,56567.73640221175,6,999999,4,1
1,2,56569.15083850081,999999,6,0,1
5,3,56569.15083850081,999999,2,4,1
5,6,56569.15083850081,999999,0,1,1
2,1,56575.18937997988,999999,1,5,1
5,3,56575.18937997988,999999,8,5,1
6,0,56575.18937997988,999999,8,5,1
5,6,56575.54368584701,999999,8,1,1
6,6,56575.54368584701,999999,0,8,1
2,5,56577.33270201179,999999,4,8,1
5,2,56577.33270201179,3,999999,8,1
2,5,56580.601950353834,1,999999,5,1
6,5,56586.790072757496,5,999999,5,1
4,6,56587.51871183155,5,999999,8,1
6,0,56588.89167613655,999999,4,8,1
6,2,56588.89167613655,999999,5,1,1
6,1,56597.645897018236,999999,5,5,1
6,6,56597.645897018236,999999,5,8,1
6,7,56603.5264302448,999999,4,6,1
4,7,56604.38044100045,999999,6,8,1
5,4,56604.38044100045,999999,3,2,1
5,5,56604.38044100045,999999,1,0,1
6,6,56604.38044100045,6,999999,5,1
1,5,56604.65836531221,5,999999,4,1
6,5,56604.65836531221,999999,6,0,1
5,6,56609.109322137316,6,6,5,1
6,6,56613.73602173005,999999,6,5,1
8,3,56613.73602173005,999999,1,2,1
4,6,56629.17133247127,999999,6,5,1
4,8,56629.17133247127,999999,2,2,1
6,2,56629.17133247127,999999,6,1,1
1,8,56632.729653465845,999999,2,1,1
6,5,56632.729653465845,999999,8,5,1
5,0,56633.07706663286,999999,4,2,1
8,6,56633.07706663286,8,999999,3,1
5,5,56637.5857366661,999999,8,6,1
4,4,56646.10919653246,999999,6,3,1
6,0,56646.10919653246,6,999999,3,1
4,1,56648.00546840911,8,999999,5,1
4,8,56648.00546840911,999999,2,5,1
1,6,56661.92147541676,999999,5,0,1
5,3,56664.03802612276,999999,4,7,1
6,3,56685.74778392033,999999,2,8,1
5,2,56687.70704251733,999999,5,8,1
1,3,56693.38600306439,0,999999,2,1
4,5,56693.38600306439,1,999999,2,1
5,2,56693.38600306439,999999,5,2,1
6,4,56695.25543486013,999999,6,7,1
5,5,56696.58270510611,999999,8,1,1
6,5,56696.58270510611,999999,8,5,1
6,8,56697.6287836817,2,999999,3,1
4,8,56699.149244232154,999999,2,0,1
5,6,56703.931812540235,999999,1,1,1
1,6,56714.097263731186,6,999999,5,1
6,4,56714.097263731186,999999,2,8,1
5,1,56715.67111537903,999999,2,2,1
5,5,56715.67111537903,999999,1,8,1
6,2,56715.67111537903,3,5,6,1
1,1,56738.71302751202,999999,8,1,1
2,1,56738.71302751202,999999,6,5,1
6,6,56738.71302751202,999999,5,5,1
5,6,56741.36867457185,999999,2,8,1
1,5,56742.01133766611,999999,2,6,1
7,5,56747.217911072825,999999,6,1,1
8,3,56747.217911072825,999999,8,5,1
1,6,56748.35434761344,999999,4,5,1
6,1,56748.35434761344,2,999999,5,1
8,6,56748.35434761344,3,999999,0,1
5,1,56751.59905226057,999999,6,6,1
8,1,56751.59905226057,1,3,999999,1
6,5,56753.115162576185,999999,1,2,1
1,5,56757.16737201639,6,999999,0,1
5,8,56759.72118006797,999999,0,6,1
6,2,56769.99078809932,6,999999,3,1
8,0,56769.99078809932,999999,1,3,1
2,2,56772.59005448598,999999,5,6,1
6,4,56773.01798408323,999999,6,6,1
4,2,56778.66242702124,999999,6,5,1
5,6,56778.66242702124,999999,0,8,1
5,2,56784.5438329215,999999,8,5,1
8,5,56784.5438329215,999999,6,0,1
1,1,56792.53937987506,999999,6,0,1
6,5,56792.53937987506,0,1,5,1
5,1,56796.34581924306,999999,0,6,1
8,5,56796.34581924306,0,999999,4,1
6,0,56816.16837799715,999999,1,8,1
5,1,56818.83204620504,999999,1,0,1
1,2,56822.99908288911,5,999999,1,1
1,5,56829.21356434721,999999,4,2,1
6,5,56829.21356434721,2,999999,2,1
5,4,56829.599568658785,5,999999,2,1
4,8,56829.68161003943,999999,6,3,1
1,2,56831.2620700116,6,999999,5,1
6,5,56831.2620700116,999999,6,1,1
5,6,56839.933360087074,999999,1,1,1
1,3,56852.26709951844,999999,4,5,1
5,6,56858.25320699331,999999,0,5,1
5,6,56864.25915576036,999999,6,0,1
8,6,56881.19676220029,3,999999,1,1
1,5,56883.83317117378,999999,2,6,1
4,0,56889.05420259821,5,999999,1,1
4,2,56895.628233088035,999999,6,5,1
6,4,56895.628233088035,1,999999,2,1
4,7,56900.74487830794,2,999999,5,1
5,6,56900.74487830794,999999,0,1,1
8,3,56900.74487830794,1,999999,5,1
8,8,56903.99977411342,6,999999,6,1
6,5,56905.148676631856,999999,1,6,1
6,5,56905.66837153859,999999,1,5,1
5,2,56905.88698281389,999999,6,5,1
6,2,56908.21155481289,6,3,999999,1
8,8,56908.21155481289,999999,6,6,1
1,6,56912.77932836518,1,999999,5,1
6,5,56930.67883677973,999999,6,6,1
5,5,56931.70389612268,999999,6,0,1
7,1,56931.70389612268,999999,8,6,1
5,5,56932.91182869282,999999,0,3,1
5,5,56933.553721497396,999999,2,1,1
5,8,56933.553721497396,999999,2,5,1
4,5,56936.772672681356,999999,1,1,1
2,1,56948.68374435334,999999,6,6,1
1,3,56949.555992035675,999999,0,1,1
1,5,56949.555992035675,999999,0,6,1
6,7,56949.555992035675,6,999999,4,1
5,6,56959.607062985364,999999,6,1,1
6,2,56959.607062985364,6,999999,5,1
5,0,56960.230865694604,999999,5,6,1
5,5,56960.230865694604,1,999999,2,1
1,5,56960.28672508748,6,6,999999,1
4,0,56960.28672508748,5,999999,0,1
1,1,56967.23021256651,999999,6,6,1
4,2,56967.23021256651,999999,0,8,1
8,6,56967.23021256651,4,999999,2,1
5,4,56975.09567339043,999999,4,6,1
1,5,56978.06662990765,999999,0,1,1
6,5,56978.06662990765,999999,8,6,1
1,6,56978.49984835156,999999,5,3,1
5,6,56978.49984835156,3,999999,0,1
5,6,56978.49984835156,999999,2,5,1
8,2,56985.90469363886,999999,4,6,1
4,4,56988.3451735006,2,2,999999,1
1,6,56991.882561976374,999999,3,4,1
5,2,56991.882561976374,6,8,999999,1
5,8,56991.882561976374,999999,1,0,1
1,6,56998.99686742787,999999,5,5,1
6,6,56998.99686742787,999999,6,5,1
1,3,57000.70930191389,1,999999,6,1
4,2,57000.70930191389,999999,5,7,1
5,2,57000.70930191389,999999,6,5,1
5,3,57001.94882818779,999999,2,1,1
5,0,57003.84854732028,999999,6,5,1
6,8,57003.84854732028,4,999999,5,1
5,2,57008.01531855121,999999,5,1,1
6,1,57008.01531855121,6,999999,6,1
6,1,57008.01531855121,999999,0,8,1
6,4,57008.01531855121,4,999999,6,1
5,1,57008.25549139412,999999,1,3,1
5,5,57018.178306202084,999999,2,6,1
6,2,57020.185668137616,6,999999,0,1
6,5,57020.185668137616,999999,6,4,1
8,1,57023.8552623554,999999,6,6,1
1,1,57027.542344520174,999999,8,3,1
6,1,57027.542344520174,999999,6,5,1
8,8,57027.542344520174,6,2,999999,1
4,7,57028.92578711512,999999,6,8,1
1,5,57053.09324873329,999999,5,6,1
6,2,57053.09324873329,4,999999,6,1
4,4,57065.94302893899,999999,6,5,1
5,0,57065.94302893899,8,999999,3,1
6,0,57065.97998050613,999999,5,8,1
5,2,57066.11527670269,999999,4,5,1
1,6,57071.71709589448,999999,7,5,1
5,3,57071.71709589448,999999,6,2,1
5,2,57073.89590440134,999999,5,4,1
1,1,57075.15479006034,999999,3,6,1
5,2,57075.15479006034,999999,1,3,1
4,5,57077.15592732973,6,999999,4,1
6,2,57089.58317066695,999999,8,6,1
6,8,57089.58317066695,0,999999,4,1
1,7,57091.05526983753,999999,4,1,1
5,2,57091.05526983753,8,6,999999,1
5,6,57091.05526983753,999999,1,5,1
8,1,57091.05526983753,5,999999,6,1
5,2,57092.20266641676,999999,6,8,1
8,0,57092.20266641676,999999,7,6,1
5,6,57093.203363786575,1,999999,3,1
6,6,57093.203363786575,999999,6,1,1
5,3,57096.28376606238,8,1,999999,1
5,5,57096.28376606238,999999,1,8,1
5,2,57099.69463982051,999999,1,8,1
1,6,57101.08507439366,999999,6,8,1
1,8,57101.08507439366,999999,2,5,1
6,1,57101.08507439366,999999,8,3,1
5,5,57108.012840050105,999999,0,8,1
5,6,57111.08082252141,6,999999,7,1
2,4,57112.758018317654,6,999999,3,1
5,7,57112.758018317654,999999,2,1,1
1,3,57113.697811090504,999999,6,4,1
1,6,57113.697811090504,1,999999,5,1
1,6,57113.697811090504,999999,6,5,1
4,6,57113.697811090504,999999,5,2,1
5,5,57113.697811090504,999999,2,6,1
5,1,57116.91173662805,999999,5,2,1
5,2,57139.497691385426,999999,1,8,1
6,6,57139.497691385426,8,999999,6,1
8,0,57139.497691385426,999999,1,1,1
5,5,57139.868710749455,4,999999,6,1
6,6,57139.868710749455,999999,4,6,1
6,5,57142.24122394365,8,999999,2,1
8,1,57143.94466746133,999999,6,4,1
1,6,57150.32025335603,999999,3,5,1
5,6,57152.072801259514,999999,6,6,1
6,5,57152.072801259514,999999,3,5,1
5,0,57174.64646574352,1,5,999999,1
4,3,57174.74250850008,999999,1,6,1
1,1,57178.16037770929,0,999999,4,1
5,6,57178.16037770929,999999,5,2,1
5,8,57186.28085572897,4,999999,6,1
6,0,57186.28085572897,999999,5,6,1
6,5,57186.28085572897,2,7,999999,1
6,2,57186.544028937125,999999,6,0,1
4,3,57186.900336896004,999999,2,0,1
5,5,57186.900336896004,999999,1,5,1
5,5,57186.900336896004,999999,6,1,1
6,1,57186.900336896004,999999,4,5,1
1,1,57187.46687216872,999999,0,3,1
4,2,57187.46687216872,999999,6,3,1
5,2,57187.46687216872,999999,2,4,1
4,2,57191.62394619874,999999,3,8,1
4,3,57191.62394619874,999999,4,6,1
5,2,57194.27985099389,0,8,999999,1
5,4,57194.27985099389,1,999999,5,1
1,8,57200.03398715661,0,999999,7,1
1,6,57200.127300307344,999999,1,3,1
5,5,57200.127300307344,999999,8,6,1
5,6,57202.2889614823,3,999999,5,1
6,5,57206.65300711395,1,6,0,1
8,2,57206.65300711395,5,999999,6,1
2,5,57218.21994206667,1,999999,5,1
2,6,57218.21994206667,999999,4,1,1
4,1,57222.03453813916,5,5,999999,1
6,2,57222.03453813916,999999,1,4,1
5,3,57228.83800460324,999999,6,6,1
6,8,57228.83800460324,999999,2,4,1
6,3,57229.88272167572,2,999999,0,1
7,1,57229.88272167572,999999,5,8,1
5,8,57230.10320333534,1,999999,6,1
6,0,57231.34048997352,999999,2,2,1
5,7,57232.35704774258,999999,7,6,1
6,6,57232.35704774258,999999,5,6,1
1,0,57235.47658150598,999999,5,3,1
6,4,57235.47658150598,5,999999,8,1
1,5,57238.44859415024,999999,5,8,1
1,6,57240.27609007922,999999,2,7,1
5,5,57240.27609007922,6,999999,4,1
5,2,57245.62897021111,999999,1,2,1
8,1,57246.62521135966,999999,2,6,1
1,5,57246.75618040611,999999,3,8,1
5,8,57246.75618040611,999999,3,2,1
6,5,57246.75618040611,999999,0,8,1
5,1,57246.96604654652,999999,5,6,1
2,2,57255.26202040269,999999,8,6,1
5,1,57255.26202040269,5,999999,6,1
6,2,57259.645798877245,999999,1,1,1
5,2,57266.122730487026,999999,6,5,1
2,3,57271.11088258678,999999,8,6,1
1,5,57273.22950212754,999999,6,0,1
5,3,57273.22950212754,999999,8,0,1
5,0,57274.66200796605,8,2,999999,1
6,1,57274.66200796605,999999,8,6,1
5,6,57275.6641394651,999999,5,8,1
4,1,57277.36752232208,5,5,999999,1
6,6,57282.231906143126,999999,2,5,1
5,6,57297.51052840651,999999,5,3,1
6,4,57297.51052840651,999999,3,2,1
6,5,57297.51052840651,4,999999,7,1
5,2,57312.329657956136,999999,4,5,1
5,5,57314.492095799294,6,999999,8,1
1,8,57314.824035583035,999999,6,2,1
4,2,57319.5883919017,999999,6,3,1
6,6,57321.00627589178,1,999999,0,1
4,1,57321.61929816109,999999,3,4,1
5,1,57327.94501803046,999999,2,0,1
6,2,57327.94501803046,999999,8,6,1
6,3,57327.94501803046,8,999999,1,1
5,5,57328.58794309182,999999,2,4,1
5,2,57340.2481501807,999999,5,6,1
5,2,57340.78934757069,999999,1,2,1
5,6,57340.78934757069,5,999999,6,1
6,8,57340.78934757069,5,999999,4,1
8,0,57340.78934757069,999999,6,1,1
5,6,57346.87323559449,1,8,999999,1
6,1,57346.87323559449,999999,0,5,1
4,2,57350.95252857904,6,6,7,1
8,5,57350.95252857904,6,999999,5,1
4,1,57353.20689101339,999999,8,8,1
5,5,57353.20689101339,999999,4,6,1
5,4,57353.43433898924,999999,5,6,1
4,8,57357.660945048374,7,999999,5,1
5,5,57357.660945048374,5,999999,2,1
7,5,57359.55495207582,6,999999,3,1
8,0,57359.55495207582,999999,5,1,1
1,2,57363.161357517914,0,999999,1,1
4,2,57363.161357517914,999999,5,5,1
5,5,57369.44112027554,8,999999,6,1
6,6,57369.44112027554,999999,8,0,1
6,1,57371.46899928077,999999,2,4,1
8,4,57371.46899928077,999999,0,5,1
5,0,57381.28100682862,999999,5,6,1
5,5,57381.28100682862,999999,1,8,1
6,5,57381.28100682862,8,1,999999,1
6,2,57383.76127531671,999999,6,5,1
5,5,57384.35852563552,999999,1,2,1
5,6,57384.35852563552,999999,4,8,1
8,5,57384.35852563552,6,8,999999,1
4,3,57407.39755200611,1,5,6,1
6,2,57407.39755200611,8,8,5,1
5,1,57409.414439408254,999999,4,4,1
8,5,57409.414439408254,999999,5,2,1
5,5,57417.88202760082,999999,0,6,1
4,2,57418.27397015943,3,999999,0,1
6,2,57418.27397015943,6,999999,8,1
1,4,57418.37683893117,999999,2,5,1
5,2,57418.37683893117,999999,3,1,1
5,5,57418.37683893117,999999,5,5,1
1,6,57421.985527568984,999999,8,2,1
6,2,57421.985527568984,999999,5,5,1
4,2,57423.89700601632,5,999999,5,1
8,2,57425.8317813014,999999,1,3,1
5,4,57430.802729961135,999999,3,2,1
5,5,57430.802729961135,999999,1,6,1
1,2,57438.13423507299,999999,4,3,1
5,3,57438.13423507299,999999,2,2,1
6,6,57446.85400194423,1,999999,6,1
1,1,57448.14914312488,999999,7,6,1
6,0,57448.14914312488,999999,2,8,1
1,6,57449.58129849014,999999,6,8,1
5,1,57452.06344255398,999999,5,0,1
5,8,57452.06344255398,3,2,999999,1
6,1,57452.06344255398,3,6,999999,1
6,2,57452.06344255398,999999,6,1,1
5,5,57452.08910230385,6,6,3,1
5,4,57456.74376724031,999999,6,4,1
8,8,57468.89687955795,999999,6,5,1
6,4,57469.55835577186,999999,3,2,1
6,1,57470.22392790024,999999,4,0,1
6,2,57470.22392790024,999999,1,6,1
8,0,57470.82386947588,6,3,1,1
8,8,57470.82386947588,999999,2,1,1
4,5,57473.44530249792,999999,5,8,1
8,1,57474.77347756654,999999,2,6,1
5,6,57485.782690077875,999999,5,4,1
6,3,57485.782690077875,8,999999,5,1
5,1,57492.200658015,999999,6,5,1
6,5,57492.200658015,3,999999,2,1
4,5,57497.11498587109,999999,0,8,1
6,2,57497.11498587109,999999,1,5,1
5,5,57498.99356666603,999999,2,6,1
4,8,57500.08237109851,999999,6,3,1
1,1,57500.54817510262,0,999999,2,1
5,0,57501.458882248204,999999,2,5,1
6,1,57501.458882248204,999999,1,5,1
5,2,57509.69736723018,5,0,999999,1
5,2,57509.69736723018,6,8,999999,1
6,1,57509.69736723018,999999,3,6,1
1,4,57509.79739811565,1,999999,3,1
6,1,57510.07333444214,999999,3,2,1
5,2,57521.90270266366,999999,1,7,1
6,1,57521.90270266366,999999,2,6,1
5,6,57522.93570946966,999999,5,1,1
5,0,57524.742147122415,999999,3,4,1
4,5,57525.356610767725,5,6,0,1
6,6,57525.356610767725,999999,3,5,1
4,1,57528.40846465339,3,999999,8,1
4,1,57528.40846465339,999999,5,3,1
8,2,57535.35137074815,999999,7,2,1
1,0,57540.223397677015,999999,8,6,1
6,1,57540.223397677015,999999,8,4,1
1,6,57541.522931579995,999999,3,5,1
1,6,57541.522931579995,999999,5,8,1
8,3,57541.522931579995,999999,6,5,1
6,4,57551.504075994584,3,2,999999,1
2,3,57555.16601572596,999999,2,8,1
5,2,57555.16601572596,999999,4,6,1
1,2,57576.333507859614,8,999999,1,1
6,3,57576.333507859614,1,8,999999,1
6,6,57576.333507859614,1,999999,5,1
1,6,57576.564373365334,999999,5,1,1
5,8,57576.564373365334,0,999999,1,1
8,1,57576.564373365334,999999,0,5,1
1,6,57581.29284502599,999999,1,3,1
4,4,57581.29284502599,999999,1,3,1
6,1,57581.29284502599,999999,1,4,1
6,1,57584.39605734647,999999,6,5,1
5,5,57587.76039396187,999999,0,6,1
6,6,57587.8137402488,1,999999,6,1
1,1,57589.12566127251,999999,6,0,1
5,2,57589.12566127251,3,999999,5,1
8,1,57589.12566127251,6,999999,0,1
6,2,57599.19667309842,1,5,999999,1
6,2,57599.19667309842,999999,2,0,1
6,3,57599.764761895574,999999,1,7,1
5,4,57606.595178278825,999999,2,6,1
6,5,57606.595178278825,999999,4,3,1
6,8,57609.08257864048,999999,8,1,1
5,6,57615.63329127095,8,2,2,1
8,3,57615.63329127095,5,4,999999,1
6,5,57617.6306669803,999999,4,5,1
8,6,57617.6306669803,6,5,999999,1
6,2,57642.86685809221,999999,3,1,1
6,5,57645.43945761181,999999,6,6,1
1,2,57646.32455704272,999999,6,5,1
6,5,57652.38049142302,999999,8,5,1
5,5,57655.25990088373,6,999999,8,1
5,6,57655.25990088373,4,999999,1,1
6,2,57655.25990088373,999999,5,0,1
6,2,57655.25990088373,999999,8,2,1
5,5,57671.91212553311,999999,1,6,1
4,1,57677.18210214807,999999,0,6,1
6,5,57677.18210214807,999999,8,0,1
1,3,57679.13149569535,6,999999,3,1
5,4,57680.178613012395,999999,1,0,1
6,5,57697.63012107049,999999,6,8,1
4,2,57701.546704450586,999999,5,3,1
5,5,57707.99258871454,999999,2,5,1
1,5,57709.75214786459,999999,8,4,1
6,5,57710.28939903497,999999,6,1,1
5,1,57715.35058778709,999999,5,2,1
8,1,57715.35058778709,999999,6,1,1
5,2,57719.524872576134,999999,6,5,1
5,6,57719.524872576134,999999,2,8,1
6,6,57719.524872576134,999999,3,2,1
5,1,57721.41357233869,999999,7,1,1
4,6,57721.649636566326,999999,6,6,1
5,6,57721.649636566326,999999,5,3,1
5,8,57721.649636566326,999999,3,6,1
6,0,57721.649636566326,5,999999,1,1
6,3,57721.649636566326,1,2,5,1
6,3,57721.649636566326,999999,0,5,1
4,2,57724.81989050714,999999,5,1,1
5,6,57736.70468186507,999999,6,1,1
6,8,57736.70468186507,999999,6,6,1
5,5,57738.037898670096,6,999999,1,1
4,6,57745.59016416296,1,999999,0,1
5,2,57745.59016416296,999999,8,5,1
6,4,57745.59016416296,999999,1,5,1
5,5,57746.57130268822,999999,6,8,1
6,8,57746.57130268822,999999,5,0,1
5,3,57748.82839964132,999999,6,8,1
5,5,57748.82839964132,4,999999,3,1
5,5,57756.032316215445,999999,3,5,1
1,1,57759.071591026346,999999,5,0,1
5,1,57759.071591026346,4,999999,6,1
5,6,57759.071591026346,5,999999,2,1
1,6,57763.766973476195,999999,3,5,1
4,3,57763.766973476195,999999,1,7,1
5,4,57765.37045050299,8,999999,5,1
6,0,57765.37045050299,999999,5,6,1
1,8,57781.764813819056,999999,0,5,1
6,7,57781.764813819056,2,999999,6,1
1,6,57782.463794621646,3,999999,6,1
2,3,57782.463794621646,999999,4,5,1
4,4,57782.463794621646,999999,8,2,1
8,2,57782.463794621646,999999,0,6,1
1,0,57783.231955892734,999999,2,2,1
6,0,57783.231955892734,999999,1,6,1
6,1,57783.231955892734,5,5,999999,1
6,4,57783.422226404,999999,5,6,1
1,5,57792.377550497135,2,8,999999,1
8,3,57792.377550497135,999999,4,6,1
5,5,57818.05887233467,8,6,999999,1
5,8,57818.05887233467,999999,3,2,1
5,1,57821.8923578834,999999,3,0,1
6,1,57838.6681270862,999999,5,1,1
1,5,57841.03468707655,5,6,999999,1
1,3,57845.13394071858,4,6,999999,1
5,5,57846.21666366722,999999,4,2,1
5,3,57848.20594717613,999999,2,8,1
5,5,57848.20594717613,999999,3,3,1
8,5,57849.03865758422,999999,6,3,1
8,8,57849.03865758422,999999,2,0,1
4,3,57849.336825090606,999999,8,6,1
5,5,57851.804664735566,8,999999,999999,1
6,6,57858.417851684615,1,999999,4,1
8,5,57858.417851684615,1,0,999999,1
5,3,57867.226707885646,3,6,2,1
6,6,57867.226707885646,999999,0,3,1
4,8,57872.66765972915,999999,5,5,1
5,5,57872.66765972915,999999,6,6,1
6,4,57872.66765972915,999999,8,5,1
4,2,57873.82466337256,5,8,999999,1
5,6,57873.82466337256,999999,0,6,1
6,3,57873.82466337256,999999,5,5,1
5,0,57878.48923188325,999999,1,8,1
5,6,57878.48923188325,6,999999,1,1
2,1,57878.793535562756,8,1,999999,1
6,5,57878.793535562756,999999,6,5,1
5,1,57879.151558466234,6,3,999999,1
6,2,57879.151558466234,3,999999,1,1
6,5,57879.151558466234,999999,4,3,1
1,5,57885.768044141354,999999,6,4,1
4,8,57885.768044141354,999999,999999,3,1
6,5,57885.768044141354,999999,5,6,1
5,4,57885.77159285927,999999,8,6,1
5,8,57885.77159285927,999999,6,7,1
5,5,57886.00884722094,5,999999,6,1
8,3,57886.00884722094,999999,2,5,1
4,8,57886.295504335925,999999,5,6,1
1,7,57894.29450800387,999999,3,5,1
4,2,57901.199340845815,999999,3,4,1
4,5,57901.199340845815,999999,1,4,1
5,6,57901.199340845815,999999,5,1,1
5,2,57902.11573904734,999999,6,0,1
5,3,57902.11573904734,6,999999,5,1
5,3,57910.41311610415,6,2,999999,1
5,6,57911.31557610965,999999,4,7,1
1,0,57912.13968640755,999999,0,1,1
4,7,57912.13968640755,999999,6,0,1
5,5,57912.13968640755,999999,7,4,1
5,1,57913.07687227618,8,999999,5,1
5,2,57913.07687227618,999999,5,4,1
1,5,57921.40022616113,999999,6,0,1
2,1,57921.40022616113,999999,1,5,1
5,0,57921.40022616113,999999,6,5,1
6,2,57921.40022616113,999999,4,6,1
2,6,57921.85093929526,5,4,999999,1
6,2,57921.85093929526,999999,6,0,1
6,4,57922.20610975811,999999,6,8,1
2,7,57929.18494672035,999999,3,2,1
6,5,57929.18494672035,999999,3,6,1
1,3,57937.73725786487,5,999999,6,1
8,5,57937.73725786487,999999,3,1,1
1,2,57942.63464562282,999999,1,4,1
1,5,57942.63464562282,6,6,999999,1
5,6,57942.738593152826,999999,3,8,1
1,6,57943.38446993913,999999,5,8,1
5,8,57943.38446993913,999999,6,4,1
6,1,57946.597927260744,999999,5,5,1
6,4,57946.597927260744,999999,1,8,1
6,0,57951.03576131308,999999,8,2,1
6,5,57952.90550066223,999999,6,1,1
6,5,57952.90550066223,999999,6,3,1
5,5,57969.22447628122,6,999999,1,1
5,5,57969.22447628122,6,999999,6,1
2,6,57973.66986250601,999999,6,8,1
5,1,57979.97676372289,6,999999,6,1
5,1,57979.97676372289,999999,3,6,1
5,6,57985.4804130134,999999,5,1,1
8,0,57985.4804130134,999999,6,5,1
8,4,57985.4804130134,999999,6,1,1
1,2,57989.844286085674,999999,6,0,1
6,2,57989.844286085674,999999,0,1,1
1,0,57997.40207676446,999999,8,1,1
6,1,57997.40207676446,999999,8,3,1
6,1,57997.40207676446,999999,8,4,1
8,1,57997.40207676446,6,2,4,1
1,3,57999.71576256251,999999,2,0,1
4,5,57999.71576256251,1,0,999999,1
6,0,57999.71576256251,999999,2,6,1
4,3,58002.78032311661,999999,1,5,1
1,7,58009.07168989882,4,3,999999,1
5,2,58009.07168989882,999999,1,5,1
5,5,58010.92384404553,999999,8,5,1
6,1,58010.92384404553,999999,5,8,1
4,3,58016.09058219629,999999,6,4,1
5,5,58016.09058219629,999999,2,0,1
8,1,58016.09058219629,999999,8,6,1
6,8,58022.38613736861,2,999999,8,1
5,2,58028.965561677614,999999,3,4,1
5,5,58028.965561677614,999999,3,8,1
1,5,58030.607103120026,999999,1,3,1
5,2,58030.607103120026,999999,1,7,1
2,1,58030.86196471042,999999,8,1,1
5,3,58030.86196471042,999999,2,5,1
1,3,58033.64128324288,999999,6,8,1
6,2,58033.64128324288,999999,1,4,1
6,6,58033.64128324288,999999,3,2,1
4,2,58043.16931975747,999999,5,6,1
5,8,58043.16931975747,999999,6,2,1
6,6,58049.42445356235,0,999999,8,1
6,0,58051.96396759346,999999,3,5,1
6,6,58051.96396759346,999999,7,0,1
8,4,58053.826561252085,999999,3,0,1
6,0,58057.95635988893,999999,1,6,1
6,0,58058.333589089554,999999,5,5,1
8,2,58058.65099467194,999999,4,3,1
1,6,58058.70110367849,999999,4,4,1
5,1,58061.04005043054,999999,5,8,1
5,2,58061.04005043054,6,999999,1,1
5,8,58070.14087776563,999999,999999,4,1
6,6,58070.14087776563,999999,0,6,1
6,0,58077.113370516665,999999,4,2,1
6,0,58077.113370516665,999999,999999,6,1
6,6,58077.113370516665,999999,5,4,1
1,7,58088.15068485599,999999,6,8,1
5,8,58088.15068485599,999999,2,999999,1
6,1,58088.15068485599,999999,1,2,1
6,6,58093.02064017187,999999,7,1,1
1,1,58093.112656441655,999999,2,6,1
5,7,58102.036911550356,5,999999,6,1
5,1,58111.53436562721,999999,6,2,1
2,0,58113.66247057976,999999,3,3,1
5,2,58120.82103048307,999999,8,5,1
6,7,58120.82103048307,999999,8,4,1
5,3,58123.57171078379,999999,6,8,1
8,5,58132.586819180506,999999,0,3,1
1,4,58134.88329662728,999999,5,8,1
2,2,58134.88329662728,999999,8,6,1
6,3,58141.052049403675,999999,5,3,1
5,4,58145.80127593408,999999,8,5,1
6,8,58145.80127593408,2,5,999999,1
2,5,58146.19435619718,999999,1,8,1
1,5,58149.48941056095,999999,1,5,1
5,0,58149.48941056095,999999,6,6,1
4,2,58149.91195509328,999999,5,6,1
5,2,58149.91195509328,6,999999,1,1
5,1,58151.18617617823,999999,6,1,1
6,3,58151.18617617823,5,999999,6,1
4,7,58154.19729676082,5,999999,3,1
8,5,58154.19729676082,999999,3,5,1
6,5,58176.198792353476,999999,7,2,1
6,1,58179.9236621764,999999,5,8,1
5,5,58188.87308105778,999999,2,8,1
6,7,58188.87308105778,999999,2,6,1
5,6,58189.34742985356,999999,2,1,1
4,6,58194.17484460104,1,999999,2,1
1,2,58203.89832975142,999999,3,1,1
2,1,58203.89832975142,999999,6,2,1
6,6,58206.370708977134,999999,5,4,1
8,1,58206.370708977134,999999,2,4,1
4,4,58214.81148107049,999999,5,8,1
4,1,58218.823096661385,999999,0,7,1
8,8,58218.823096661385,999999,6,0,1
5,6,58223.16588469619,999999,5,8,1
6,6,58230.99575156757,5,999999,5,1
8,5,58241.54996863865,8,999999,5,1
5,3,58241.59499626503,0,999999,6,1
5,6,58244.34844539363,999999,6,2,1
6,7,58244.34844539363,999999,5,6,1
4,2,58252.564225596405,999999,5,4,1
4,8,58252.564225596405,8,999999,5,1
6,2,58252.564225596405,5,999999,2,1
6,6,58257.55344755292,999999,6,0,1
5,2,58258.682095934775,999999,5,0,1
6,2,58258.682095934775,3,999999,0,1
5,1,58270.268406553754,999999,2,6,1
6,1,58270.268406553754,999999,5,2,1
6,5,58270.268406553754,999999,0,3,1
5,1,58270.27563626935,999999,3,1,1
4,0,58273.571935238295,999999,3,7,1
4,6,58273.571935238295,999999,0,5,1
5,6,58273.571935238295,999999,8,1,1
6,1,58273.571935238295,999999,6,2,1
5,6,58275.499331733765,999999,0,4,1
5,1,58279.113135600724,999999,5,6,1
5,5,58279.113135600724,999999,5,3,1
1,6,58279.21173453463,999999,3,5,1
5,4,58279.21173453463,5,999999,3,1
6,1,58279.21173453463,4,999999,5,1
1,5,58282.4599111017,999999,6,6,1
6,3,58282.4599111017,999999,6,5,1
1,5,58285.52972031132,999999,5,1,1
5,2,58287.150796662645,999999,5,0,1
6,5,58287.150796662645,999999,6,2,1
5,4,58290.27238008169,999999,3,6,1
6,7,58290.27238008169,999999,8,5,1
6,8,58290.27238008169,999999,6,6,1
4,8,58298.955196002826,999999,6,6,1
5,3,58298.955196002826,999999,1,5,1
6,8,58298.955196002826,999999,2,8,1
6,4,58304.1726204927,999999,7,3,1
6,5,58304.1726204927,999999,5,5,1
8,5,58305.109241787395,1,0,999999,1
4,6,58323.50721574797,1,999999,5,1
6,5,58325.59778965641,999999,6,8,1
5,3,58332.3640402807,999999,1,1,1
8,6,58335.516525531886,3,999999,7,1
1,3,58337.71729959713,2,999999,0,1
6,2,58337.71729959713,999999,1,4,1
8,8,58337.71729959713,999999,1,2,1
5,5,58350.65326680694,999999,8,4,1
6,6,58350.68298149749,999999,3,7,1
6,4,58360.161210362785,5,5,6,1
6,6,58360.161210362785,999999,2,3,1
1,5,58361.31979200499,999999,5,2,1
5,5,58361.31979200499,999999,3,8,1
1,6,58371.28744999236,999999,0,5,1
5,2,58371.28744999236,999999,4,6,1
5,5,58371.28744999236,2,999999,3,1
6,2,58371.28744999236,999999,5,6,1
5,4,58373.66884564866,5,999999,3,1
5,8,58373.66884564866,999999,5,0,1
1,5,58381.33785423286,999999,6,6,1
4,6,58381.33785423286,999999,6,8,1
1,8,58381.81332428044,999999,6,2,1
5,2,58381.81332428044,999999,5,5,1
4,2,58382.38690337508,999999,8,0,1
5,2,58382.38690337508,1,999999,6,1
6,8,58382.38690337508,999999,6,1,1
1,0,58384.6548651807,8,999999,6,1
5,0,58384.6548651807,999999,0,6,1
4,6,58385.93131254554,5,999999,2,1
8,8,58385.93131254554,3,6,999999,1
6,2,58389.048747100635,6,999999,1,1
8,1,58389.048747100635,999999,8,5,1
1,5,58390.10029159223,4,6,4,1
8,8,58390.10029159223,6,2,999999,1
5,6,58399.36518638331,999999,2,2,1
5,6,58399.36518638331,999999,6,5,1
8,2,58399.36518638331,999999,7,6,1
5,5,58405.30944812194,999999,5,6,1
6,5,58405.30944812194,999999,0,1,1
6,6,58407.00933993104,999999,2,8,1
8,8,58410.44066323063,999999,1,0,1
5,7,58426.858028228424,999999,5,0,1
6,4,58426.858028228424,999999,0,1,1
1,6,58429.65267352795,1,3,999999,1
2,0,58429.65267352795,999999,2,5,1
6,6,58429.65267352795,999999,5,1,1
1,6,58431.070060114165,0,999999,6,1
2,1,58431.070060114165,999999,6,0,1
4,2,58431.070060114165,999999,3,6,1
6,5,58435.141973992344,999999,0,3,1
6,5,58451.83644950975,999999,5,5,1
6,8,58451.83644950975,999999,1,2,1
5,3,58459.331193912396,999999,5,6,1
5,3,58464.87483246518,999999,1,6,1
8,5,58464.87483246518,1,5,999999,1
1,3,58479.72241901707,999999,7,5,1
4,5,58479.72241901707,999999,3,3,1
5,4,58479.72241901707,999999,1,3,1
1,7,58479.88436506511,999999,3,6,1
4,1,58479.88436506511,999999,5,4,1
5,5,58479.88436506511,999999,8,0,1
5,3,58492.568988918385,6,2,999999,1
6,1,58498.29395285098,3,999999,4,1
4,8,58506.9727925544,999999,5,2,1
6,5,58506.9727925544,999999,3,1,1
1,4,58510.678527804215,999999,6,0,1
6,8,58523.82578570661,999999,6,4,1
1,6,58524.48490178685,2,5,999999,1
5,4,58524.48490178685,999999,6,0,1
5,5,58524.48490178685,999999,6,1,1
6,1,58524.48490178685,999999,4,5,1
2,4,58536.662999294866,5,999999,6,1
4,5,58536.662999294866,6,3,999999,1
8,2,58552.229512042315,999999,0,6,1
5,5,58552.87408843488,999999,8,1,1
6,6,58552.87408843488,999999,6,5,1
6,8,58552.87408843488,999999,2,1,1
8,6,58552.87408843488,2,999999,3,1
1,6,58553.28936066577,999999,3,5,1
6,5,58553.28936066577,999999,5,0,1
6,2,58555.02049164491,999999,1,5,1
5,3,58556.63725046853,6,8,6,1
4,5,58560.098732494625,999999,8,6,1
6,8,58560.098732494625,999999,0,2,1
6,5,58560.49399890804,999999,2,1,1
5,2,58561.05312719687,999999,4,4,1
6,3,58567.077261240345,999999,6,6,1
5,4,58569.21826189779,5,999999,1,1
6,6,58569.21826189779,999999,0,4,1
4,2,58572.39523994727,999999,1,1,1
6,3,58579.04626891955,999999,2,0,1
5,0,58582.47323147333,999999,3,8,1
6,8,58582.47323147333,999999,5,7,1
5,3,58585.5205420952,999999,8,8,1
5,1,58587.19336125406,5,999999,5,1
5,1,58587.19336125406,999999,8,5,1
5,8,58587.19336125406,6,999999,5,1
5,8,58587.19336125406,999999,0,6,1
2,3,58587.821542005106,999999,4,8,1
5,8,58587.821542005106,999999,4,2,1
5,2,58591.89182932877,999999,5,6,1
5,3,58591.89182932877,999999,6,1,1
1,5,58600.19252734599,999999,6,1,1
1,5,58601.26158983917,999999,2,6,1
1,5,58609.57601914607,999999,5,0,1
4,4,58610.77225532938,999999,0,0,1
5,1,58610.77225532938,6,6,999999,1
6,8,58610.77225532938,6,999999,1,1
8,8,58611.58574934271,1,999999,5,1
1,3,58615.517134657675,999999,1,5,1
1,5,58615.517134657675,1,999999,3,1
1,0,58621.48581331203,999999,2,2,1
6,2,58621.48581331203,999999,0,3,1
1,3,58627.51987764822,8,6,8,1
5,4,58627.51987764822,999999,8,5,1
8,5,58627.51987764822,999999,2,2,1
5,0,58631.09762667801,999999,8,8,1
6,3,58631.09762667801,999999,5,5,1
5,1,58632.129768328465,999999,2,6,1
1,3,58645.76864648962,999999,6,6,1
5,2,58645.76864648962,999999,5,8,1
5,5,58645.76864648962,999999,5,0,1
1,0,58672.03738554759,999999,6,8,1
5,2,58672.03738554759,6,8,999999,1
8,7,58672.03738554759,999999,1,3,1
4,5,58675.56920625262,999999,8,1,1
6,1,58684.829251245304,5,999999,3,1
1,2,58686.024133505554,999999,1,6,1
6,0,58686.024133505554,1,999999,6,1
8,1,58686.024133505554,999999,2,6,1
6,5,58687.29015025162,999999,1,2,1
1,5,58691.36453357767,999999,3,6,1
5,5,58691.36453357767,8,999999,2,1
6,6,58691.493485126586,0,999999,3,1
6,6,58695.312051507295,999999,5,5,1
4,6,58697.0622490923,999999,5,1,1
6,6,58697.0622490923,5,999999,2,1
8,4,58699.46061621229,5,999999,6,1
1,4,58706.52397800145,999999,5,3,1
5,1,58706.52397800145,999999,1,5,1
5,1,58706.52397800145,999999,6,1,1
4,5,58712.928409745175,999999,6,4,1
6,1,58712.928409745175,999999,4,5,1
6,4,58712.928409745175,999999,0,6,1
8,3,58712.928409745175,999999,0,5,1
6,6,58716.531620380054,999999,0,5,1
1,5,58716.815915366904,999999,0,6,1
5,7,58716.815915366904,999999,4,6,1
6,4,58716.815915366904,999999,6,1,1
4,4,58728.629833859515,999999,5,6,1
5,5,58728.629833859515,999999,8,5,1
1,4,58729.20967224996,2,6,999999,1
1,6,58729.20967224996,999999,8,6,1
5,4,58729.20967224996,999999,6,6,1
5,5,58729.20967224996,999999,2,1,1
6,2,58729.20967224996,999999,6,8,1
1,2,58747.174000854655,999999,1,6,1
5,1,58749.00067544088,999999,2,4,1
6,2,58749.00067544088,5,999999,6,1
4,2,58753.86601429804,999999,3,5,1
8,3,58774.98042521301,999999,6,0,1
8,2,58781.9781777468,999999,7,2,1
6,6,58790.49019550513,999999,0,6,1
1,2,58796.12575015199,999999,6,0,1
5,0,58796.12575015199,999999,5,0,1
5,6,58796.12575015199,999999,6,8,1
5,5,58796.486121224356,999999,6,7,1
6,3,58796.964914241355,999999,1,5,1
5,5,58797.25595525909,999999,1,5,1
5,7,58797.25595525909,6,999999,5,1
6,3,58797.74875951091,2,5,999999,1
1,5,58802.45985860971,999999,2,6,1
6,6,58802.45985860971,5,2,999999,1
8,6,58805.15768786352,999999,6,5,1
4,6,58806.51777451399,6,999999,0,1
5,6,58808.11653200251,999999,0,2,1
4,4,58811.018299384625,999999,2,0,1
5,8,58811.018299384625,999999,0,3,1
6,5,58811.018299384625,999999,6,1,1
5,8,58813.80876785611,999999,8,4,1
6,2,58813.80876785611,999999,0,2,1
4,6,58820.6035486607,4,5,999999,1
4,2,58821.249251098045,6,5,999999,1
6,2,58821.249251098045,999999,4,6,1
8,4,58821.249251098045,8,5,3,1
6,2,58823.72138916248,999999,8,3,1
6,5,58823.72138916248,999999,3,1,1
1,3,58824.24898582386,999999,6,1,1
6,2,58824.24898582386,999999,6,6,1
5,5,58825.48774435021,999999,3,2,1
6,8,58825.48774435021,8,999999,5,1
6,2,58828.560544574466,999999,5,8,1
8,3,58828.560544574466,999999,5,4,1
4,5,58852.89858633969,3,999999,8,1
5,1,58852.89858633969,999999,7,5,1
5,5,58852.89858633969,7,3,999999,1
6,1,58852.89858633969,999999,5,6,1
6,2,58862.421717330064,999999,5,8,1
6,2,58869.299062058264,6,999999,5,1
5,2,58879.46503873216,5,999999,3,1
5,6,58879.46503873216,999999,2,2,1
4,0,58880.21894291329,999999,3,5,1
5,5,58889.929081098526,999999,5,2,1
8,8,58889.929081098526,999999,0,3,1
4,4,58911.61347162968,2,999999,3,1
1,1,58911.88591226024,999999,3,6,1
6,5,58911.88591226024,999999,6,3,1
6,6,58911.88591226024,999999,5,4,1
5,1,58914.19680171859,999999,5,4,1
8,4,58914.19680171859,999999,6,5,1
1,6,58915.13273069922,999999,5,7,1
6,3,58915.13273069922,999999,6,8,1
6,8,58916.51289765755,999999,0,1,1
5,5,58919.470671957846,999999,6,8,1
5,7,58919.470671957846,999999,6,4,1
8,2,58919.470671957846,999999,4,6,1
5,2,58932.168849917674,999999,1,8,1
6,8,58932.168849917674,999999,8,5,1
4,5,58933.448467763905,999999,4,0,1
1,5,58934.094681693525,999999,3,8,1
5,5,58934.094681693525,999999,0,5,1
5,4,58938.54111272748,999999,6,0,1
8,6,58938.54111272748,999999,1,4,1
1,8,58939.865451066675,999999,4,2,1
5,1,58939.865451066675,999999,2,1,1
5,5,58945.712616260826,6,6,3,1
5,5,58945.712616260826,999999,0,5,1
6,4,58950.080353914906,999999,5,3,1
1,8,58952.989489994914,6,3,999999,1
8,4,58952.989489994914,999999,5,3,1
6,7,58957.550305751625,6,999999,5,1
8,2,58957.550305751625,5,999999,6,1
6,5,58965.33859390924,999999,1,0,1
5,4,58966.45102572308,999999,4,3,1
5,4,58971.654452578565,3,999999,3,1
5,1,58974.083747624536,4,3,999999,1
5,1,58974.083747624536,999999,5,0,1
5,5,58974.083747624536,999999,3,6,1
6,1,58974.083747624536,6,999999,5,1
2,5,58974.93840148649,4,999999,6,1
4,8,58975.10843847321,7,999999,5,1
1,2,58975.45707570428,999999,5,5,1
6,4,58975.45707570428,6,3,0,1
6,6,58975.45707570428,999999,5,6,1
1,4,58975.479760233364,999999,3,1,1
1,2,58983.9733502817,999999,6,5,1
5,2,58983.9733502817,999999,4,1,1
6,3,58983.9733502817,999999,5,2,1
6,3,58983.9733502817,999999,6,5,1
6,4,58990.26937673121,999999,5,3,1
6,8,58990.26937673121,2,999999,5,1
6,8,58999.65737675846,999999,1,5,1
4,2,59001.997984787755,999999,6,1,1
2,2,59009.56204476909,3,999999,5,1
6,3,59009.56204476909,6,999999,2,1
5,2,59014.358879109976,999999,5,5,1
6,5,59014.358879109976,6,999999,6,1
6,2,59030.03499385382,5,3,999999,1
8,8,59030.03499385382,999999,1,8,1
5,3,59030.805727212944,999999,8,5,1
5,5,59030.805727212944,4,999999,3,1
5,4,59034.90956277678,999999,1,6,1
8,7,59034.90956277678,999999,4,1,1
1,5,59036.72833459322,999999,0,2,1
5,3,59062.63053670288,999999,4,6,1
1,5,59071.68926230457,999999,7,4,1
5,1,59081.69384769287,999999,5,8,1
8,0,59081.69384769287,999999,3,8,1
8,1,59094.89147559231,1,999999,0,1
6,4,59107.26600169204,999999,8,6,1
8,6,59107.26600169204,5,999999,6,1
1,1,59110.533899549984,999999,6,0,1
1,1,59110.533899549984,999999,6,6,1
5,5,59110.533899549984,3,999999,4,1
8,8,59110.533899549984,999999,3,2,1
2,7,59113.08499445872,6,999999,3,1
5,5,59113.08499445872,999999,6,0,1
5,3,59115.77193360062,5,999999,1,1
5,5,59115.77193360062,5,1,999999,1
5,3,59117.243354482096,5,8,7,1
5,4,59117.243354482096,8,999999,6,1
1,6,59124.319110543074,999999,5,4,1
6,1,59127.66766824532,999999,1,4,1
1,0,59131.89663292541,3,999999,5,1
5,5,59131.89663292541,1,999999,2,1
6,2,59131.89663292541,2,6,0,1
6,2,59131.89663292541,999999,0,5,1
5,5,59136.45328385664,999999,5,0,1
5,6,59136.45328385664,999999,0,1,1
6,1,59136.80041603013,999999,0,6,1
6,2,59142.71581133439,999999,4,2,1
5,5,59143.74261463382,999999,6,1,1
5,6,59143.74261463382,999999,2,0,1
1,6,59145.03548729148,999999,6,2,1
6,5,59145.03548729148,999999,7,6,1
6,6,59145.03548729148,8,999999,5,1
6,1,59149.51808327784,999999,5,0,1
6,5,59149.51808327784,6,999999,3,1
8,4,59149.51808327784,999999,2,6,1
5,5,59151.38789458616,999999,8,6,1
6,4,59151.38789458616,0,999999,1,1
8,3,59151.38789458616,2,999999,0,1
5,1,59151.91678831583,8,4,999999,1
6,5,59152.3363189133,6,5,3,1
6,5,59152.3363189133,999999,5,6,1
8,1,59152.3363189133,999999,2,5,1
6,6,59152.550241398436,999999,0,1,1
8,8,59158.63405253135,999999,5,5,1
6,1,59159.81374610552,999999,5,6,1
1,6,59171.901581215476,999999,1,6,1
5,6,59171.901581215476,999999,5,1,1
5,1,59174.56589132066,999999,3,6,1
6,8,59188.37928011487,3,999999,4,1
5,2,59189.81541622452,6,999999,8,1
6,8,59189.81541622452,999999,7,2,1
5,5,59225.76452537342,999999,4,2,1
4,8,59226.26846939121,7,999999,6,1
5,6,59226.26846939121,999999,2,5,1
8,3,59226.26846939121,999999,8,4,1
6,6,59231.65701457214,999999,0,3,1
4,6,59232.269943386054,999999,6,5,1
5,6,59232.269943386054,999999,3,1,1
5,4,59239.294177689444,999999,6,5,1
1,1,59246.23447179105,999999,0,8,1
4,5,59246.23447179105,999999,3,5,1
5,8,59249.411377554155,4,999999,5,1
6,3,59249.411377554155,999999,5,6,1
6,6,59249.411377554155,999999,7,8,1
5,1,59250.29977884196,999999,6,5,1
5,2,59251.05426700118,999999,6,1,1
6,0,59259.841447877145,999999,2,6,1
6,4,59259.841447877145,999999,2,3,1
6,4,59259.841447877145,999999,5,3,1
6,5,59259.841447877145,999999,3,8,1
1,2,59264.147398432,999999,3,1,1
6,4,59277.485810326216,999999,3,2,1
1,6,59278.35694674188,6,999999,5,1
4,1,59278.35694674188,999999,0,7,1
6,4,59278.35694674188,999999,4,6,1
5,1,59279.032623548206,0,999999,5,1
5,2,59279.032623548206,6,8,999999,1
5,5,59279.032623548206,999999,0,5,1
4,8,59282.68014537229,999999,2,4,1
5,6,59282.68014537229,1,999999,5,1
6,6,59282.68014537229,2,2,999999,1
1,6,59284.209847124854,1,999999,8,1
5,0,59284.209847124854,999999,6,1,1
4,5,59301.622537012416,999999,6,1,1
2,2,59302.3272256806,999999,8,6,1
6,6,59302.3272256806,999999,1,0,1
5,0,59307.197933567266,999999,2,6,1
5,5,59310.03978598049,999999,1,4,1
5,5,59313.36151401999,1,6,2,1
5,6,59313.36151401999,999999,5,0,1
8,6,59313.45566475908,2,999999,0,1
6,1,59320.41482812767,999999,8,5,1
5,5,59324.16993339528,999999,1,6,1
8,3,59324.16993339528,8,999999,0,1
4,8,59334.3643512059,8,2,999999,1
5,2,59334.3643512059,999999,2,3,1
5,6,59334.3643512059,3,999999,6,1
6,1,59334.457474728144,999999,5,5,1
5,2,59342.95784888117,999999,4,5,1
6,8,59342.95784888117,999999,5,6,1
5,4,59348.035835325,999999,0,8,1
6,8,59348.035835325,999999,6,1,1
5,6,59349.33344082085,999999,3,5,1
5,6,59349.33344082085,999999,6,2,1
6,3,59349.33344082085,999999,1,5,1
5,5,59353.39808059414,999999,0,3,1
5,2,59354.49168134469,999999,4,1,1
6,3,59354.49168134469,999999,6,1,1
1,1,59359.834503614984,999999,6,7,1
1,0,59362.28728213849,999999,5,4,1
5,3,59362.28728213849,999999,6,6,1
8,0,59373.87297498558,999999,6,5,1
5,1,59374.93671805602,999999,6,5,1
6,1,59374.93671805602,999999,8,6,1
6,0,59381.68098508634,1,999999,5,1
5,5,59391.19897691933,999999,5,4,1
6,0,59391.19897691933,999999,6,3,1
1,4,59399.976848098515,999999,6,6,1
1,5,59418.70294299064,999999,0,5,1
4,0,59418.70294299064,999999,5,1,1
1,4,59418.88839216084,999999,5,8,1
1,8,59423.44266538476,4,6,0,1
5,0,59423.44266538476,1,999999,4,1
5,1,59425.40203648493,6,999999,6,1
5,3,59425.40203648493,5,8,6,1
5,4,59425.40203648493,999999,8,2,1
6,3,59425.7748075484,999999,0,1,1
5,0,59427.5002712649,999999,4,5,1
5,2,59427.5002712649,999999,6,2,1
5,6,59427.5002712649,999999,5,7,1
6,6,59427.5002712649,999999,0,4,1
5,5,59437.39045820492,999999,8,6,1
6,4,59437.39045820492,999999,1,2,1
2,8,59439.05017810841,999999,8,0,1
5,2,59441.61872963348,999999,5,4,1
5,6,59441.61872963348,999999,0,6,1
6,2,59441.61872963348,999999,5,5,1
6,6,59441.61872963348,999999,1,5,1
8,5,59450.00388125321,999999,6,0,1
2,8,59451.21778974493,5,999999,6,1
5,1,59451.21778974493,5,5,6,1
6,2,59453.906437924656,5,999999,8,1
5,2,59454.60526755056,5,999999,3,1
6,8,59454.60526755056,999999,0,5,1
1,4,59461.447412080124,6,4,999999,1
1,6,59461.447412080124,999999,5,6,1
5,3,59461.591814226784,999999,0,6,1
1,5,59465.187451941914,999999,1,8,1
1,8,59465.22189584844,5,0,999999,1
5,1,59466.9856309373,999999,0,6,1
6,2,59466.9856309373,8,999999,1,1
5,0,59476.51944320876,4,8,6,1
5,6,59493.428612129814,999999,6,2,1
1,6,59494.49756258681,999999,0,5,1
5,5,59494.49756258681,999999,0,5,1
6,0,59494.49756258681,999999,999999,1,1
6,1,59494.49756258681,5,999999,5,1
6,1,59494.49756258681,999999,6,7,1
4,1,59510.491463952036,999999,3,0,1
5,2,59510.491463952036,999999,6,5,1
1,5,59517.03978331873,999999,1,6,1
6,1,59522.543886852975,999999,5,6,1
4,8,59528.239413213436,999999,5,3,1
5,6,59528.239413213436,999999,3,1,1
6,6,59528.239413213436,999999,6,3,1
1,0,59531.25207461822,999999,5,1,1
6,2,59540.481325236986,0,999999,1,1
6,2,59540.481325236986,999999,8,5,1
2,0,59548.14010472495,8,999999,2,1
5,2,59549.469377927606,5,999999,6,1
1,8,59550.89667166526,999999,5,1,1
5,5,59550.89667166526,999999,6,6,1
1,8,59554.527210185166,6,999999,8,1
5,5,59554.527210185166,6,999999,1,1
5,0,59564.18221357527,999999,2,5,1
6,5,59569.980019391674,999999,8,7,1
5,5,59579.92403625631,4,999999,4,1
5,6,59579.92403625631,1,999999,5,1
6,1,59579.998724867575,999999,8,0,1
5,7,59581.79388316066,999999,6,6,1
8,6,59582.119196427266,5,999999,0,1
5,2,59589.86458743429,999999,6,5,1
6,6,59589.86458743429,999999,4,3,1
5,5,59589.91619141698,999999,6,3,1
6,7,59589.91619141698,999999,3,5,1
5,4,59591.1477758598,2,1,999999,1
6,2,59591.1477758598,6,999999,2,1
6,6,59591.1477758598,999999,4,2,1
5,4,59591.15434004584,999999,5,5,1
1,6,59592.84541858427,999999,3,5,1
8,8,59592.84541858427,999999,4,1,1
5,5,59596.12371563136,4,2,8,1
5,0,59598.16221482101,999999,8,5,1
5,3,59598.16221482101,999999,1,4,1
4,6,59598.802957850465,999999,0,2,1
6,5,59598.802957850465,999999,6,5,1
6,2,59603.477437742455,999999,1,6,1
6,4,59603.477437742455,1,999999,3,1
5,0,59607.630879428645,5,999999,0,1
6,2,59607.630879428645,6,999999,4,1
8,8,59619.35075752378,999999,0,3,1
5,2,59620.06922830181,999999,1,5,1
6,6,59620.06922830181,6,8,999999,1
6,5,59624.3308718213,999999,3,6,1
6,2,59626.31815618109,1,999999,6,1
4,0,59627.04079274122,999999,1,2,1
5,3,59627.04079274122,999999,5,4,1
5,3,59631.16052317342,4,999999,6,1
5,4,59631.16052317342,999999,1,6,1
1,4,59642.55414714619,999999,5,8,1
1,4,59643.63850294845,999999,5,0,1
5,0,59643.63850294845,999999,8,4,1
6,3,59643.63850294845,5,999999,6,1
5,1,59644.21695953745,999999,5,5,1
6,4,59644.21695953745,999999,7,1,1
6,8,59653.702650711755,999999,8,2,1
8,6,59653.702650711755,999999,7,5,1
1,2,59658.36282955651,999999,6,0,1
5,2,59658.36282955651,999999,5,0,1
6,3,59658.36282955651,999999,6,0,1
6,5,59658.36282955651,999999,6,1,1
4,0,59663.32930720763,999999,2,0,1
6,4,59663.32930720763,999999,4,5,1
5,1,59664.09069114889,999999,1,8,1
8,8,59664.09069114889,2,999999,6,1
6,5,59664.290797061185,0,5,999999,1
8,6,59664.290797061185,999999,2,4,1
5,5,59681.38499097404,999999,3,5,1
8,0,59681.38499097404,999999,0,6,1
6,5,59682.208327881286,6,999999,3,1
6,5,59682.208327881286,999999,6,6,1
6,0,59694.99862204763,999999,5,6,1
1,5,59700.748774294974,999999,6,5,1
5,3,59700.748774294974,2,6,999999,1
7,0,59700.748774294974,2,999999,6,1
6,6,59706.27864230147,999999,5,6,1
5,5,59706.777793713416,999999,6,1,1
8,8,59706.777793713416,5,999999,5,1
4,8,59712.64494755327,999999,1,0,1
5,1,59712.64494755327,999999,1,0,1
6,3,59712.64494755327,999999,8,2,1
6,5,59714.196389262084,999999,6,2,1
6,6,59714.196389262084,999999,0,5,1
4,2,59717.147143664144,999999,6,1,1
6,2,59717.147143664144,1,999999,1,1
6,8,59717.147143664144,6,999999,8,1
1,4,59717.940450699905,999999,8,6,1
1,5,59717.940450699905,999999,6,6,1
5,6,59717.940450699905,999999,1,6,1
5,0,59731.63804642474,5,999999,8,1
6,6,59734.05177997033,999999,1,6,1
6,2,59740.990079069925,4,999999,2,1
8,4,59741.357189535534,999999,999999,8,1
1,8,59755.711350328136,999999,4,2,1
6,6,59755.711350328136,999999,5,3,1
5,3,59759.37203622656,999999,6,8,1
8,1,59759.37203622656,999999,5,6,1
8,5,59759.37203622656,999999,1,6,1
5,1,59766.02761519244,999999,6,0,1
1,1,59767.0361993918,999999,6,6,1
1,6,59767.0361993918,999999,0,5,1
5,2,59767.0361993918,999999,999999,7,1
5,5,59768.29128897862,999999,2,3,1
4,5,59769.17623939577,999999,0,3,1
6,2,59770.01540255369,5,999999,6,1
2,1,59777.424597323836,999999,3,8,1
5,6,59777.424597323836,999999,1,1,1
6,4,59777.424597323836,6,999999,6,1
8,1,59777.424597323836,6,999999,5,1
5,0,59779.51208610402,999999,5,0,1
5,7,59789.192087561256,999999,6,8,1
6,4,59789.192087561256,999999,6,2,1
5,8,59794.60947941446,5,3,999999,1
8,6,59794.60947941446,6,999999,5,1
5,0,59796.51386742802,999999,6,8,1
5,6,59796.51386742802,4,999999,8,1
5,5,59798.58749734012,999999,0,6,1
6,0,59798.58749734012,999999,5,5,1
8,1,59798.58749734012,999999,8,5,1
4,0,59801.8177480534,6,999999,6,1
5,5,59803.936283411625,999999,0,5,1
6,1,59803.936283411625,999999,0,2,1
6,5,59803.936283411625,999999,4,8,1
5,0,59811.43635632162,6,999999,4,1
6,2,59811.43635632162,999999,4,5,1
6,4,59811.43635632162,999999,4,5,1
5,5,59822.29586961435,999999,3,1,1
6,3,59827.48486636694,999999,5,1,1
4,2,59829.81250317562,5,999999,8,1
1,4,59832.28765784756,6,6,999999,1
5,0,59832.28765784756,999999,6,4,1
6,3,59847.042945099405,0,999999,6,1
6,1,59847.82817229707,999999,6,4,1
6,5,59847.82817229707,999999,5,1,1
5,0,59860.294303774885,8,999999,1,1
6,6,59860.294303774885,999999,6,3,1
6,1,59863.99289946349,999999,3,6,1
4,0,59868.15476305781,999999,6,1,1
5,1,59868.15476305781,999999,6,0,1
8,0,59868.15476305781,8,999999,4,1
5,6,59875.936005010095,999999,2,6,1
6,8,59875.936005010095,1,999999,6,1
1,7,59883.37451970448,1,999999,8,1
5,6,59883.37451970448,999999,3,8,1
4,6,59889.12675971723,2,999999,6,1
4,6,59889.12675971723,7,999999,1,1
5,1,59889.12675971723,999999,5,6,1
1,6,59893.45208124307,999999,4,5,1
5,1,59893.49657579777,999999,8,6,1
5,2,59893.49657579777,999999,5,2,1
5,8,59896.19395863439,2,999999,0,1
6,1,59896.19395863439,999999,8,0,1
4,5,59898.89682847024,999999,6,4,1
5,2,59898.89682847024,6,999999,8,1
6,6,59907.65363644441,999999,6,0,1
5,4,59911.8406556724,999999,5,5,1
5,8,59911.8406556724,999999,5,0,1
6,8,59914.95243734684,6,4,999999,1
8,3,59914.95243734684,999999,5,3,1
8,4,59914.95243734684,8,999999,6,1
4,6,59918.50507115743,999999,3,4,1
5,6,59918.50507115743,8,3,999999,1
6,0,59918.50507115743,6,5,999999,1
5,6,59928.08861723536,8,999999,1,1
4,2,59934.46738338086,999999,5,7,1
8,2,59938.652554972294,999999,4,1,1
1,4,59948.51951532786,999999,3,5,1
5,1,59954.56732837008,999999,0,5,1
5,1,59954.56732837008,999999,2,5,1
1,2,59959.312669252366,999999,6,6,1
5,5,59964.672593124145,999999,4,1,1
1,6,59967.34973568663,6,999999,5,1
4,6,59967.34973568663,999999,1,5,1
5,3,59967.34973568663,999999,6,1,1
6,6,59967.34973568663,999999,6,8,1
5,1,59969.24095345545,999999,4,8,1
4,4,59980.12480859096,999999,6,5,1
5,2,59988.80363934837,999999,8,1,1
5,6,59995.14391634863,1,999999,5,1
2,4,59996.93920755091,5,999999,5,1
4,8,59996.93920755091,999999,5,3,1
6,8,60001.15312006999,999999,6,5,1
2,5,60005.211966854244,999999,6,6,1
5,3,60005.211966854244,999999,6,0,1
5,7,60005.211966854244,999999,2,1,1
1,0,60006.72855135201,7,999999,5,1
5,5,60006.72855135201,8,999999,1,1
6,5,60006.72855135201,999999,2,6,1
8,6,60006.74946066379,999999,0,2,1
1,5,60020.66669442968,999999,3,0,1
4,2,60020.66669442968,6,5,999999,1
5,2,60020.66669442968,999999,1,8,1
1,3,60020.790219753624,999999,6,1,1
5,7,60020.790219753624,5,999999,6,1
6,5,60020.790219753624,4,999999,6,1
6,6,60027.71323135055,999999,6,5,1
4,5,60027.96825631765,3,999999,6,1
4,6,60027.96825631765,999999,2,3,1
5,5,60027.96825631765,999999,5,2,1
6,3,60027.96825631765,999999,6,0,1
1,2,60034.91893852101,999999,3,6,1
6,4,60037.6673502206,999999,1,8,1
6,6,60040.125053325406,5,999999,2,1
4,5,60041.021234215026,999999,0,0,1
6,2,60047.64181944953,5,999999,1,1
4,2,60048.02930255977,999999,5,4,1
5,2,60055.42119022663,999999,3,5,1
6,3,60055.42119022663,999999,4,2,1
5,7,60063.85858134566,999999,3,6,1
5,4,60064.28204055315,999999,6,0,1
1,1,60082.70166353197,999999,1,2,1
8,8,60082.70166353197,999999,8,5,1
6,1,60093.029056560124,999999,2,6,1
5,1,60096.43079979648,999999,6,4,1
5,2,60096.43079979648,6,5,0,1
5,3,60096.43079979648,999999,2,1,1
5,2,60104.68784000851,999999,5,5,1
2,8,60105.516657494976,999999,0,6,1
5,0,60105.516657494976,999999,4,2,1
5,1,60123.559521160634,999999,6,6,1
6,5,60123.559521160634,999999,8,1,1
5,2,60131.655581826184,999999,5,4,1
6,3,60131.655581826184,999999,1,2,1
8,0,60131.655581826184,999999,2,7,1
5,5,60132.57104607403,999999,0,5,1
5,5,60132.57104607403,999999,0,6,1
1,0,60135.971084803576,999999,3,4,1
6,2,60135.971084803576,999999,4,5,1
1,3,60146.29738493216,999999,5,6,1
5,5,60146.29738493216,999999,6,1,1
6,1,60146.29738493216,999999,5,6,1
1,5,60151.52175450164,999999,3,4,1
5,5,60161.35133660561,1,6,999999,1
5,6,60161.35133660561,999999,2,2,1
5,6,60161.35133660561,999999,5,5,1
6,7,60161.35133660561,999999,5,6,1
1,0,60167.14683988937,3,5,999999,1
1,1,60167.63155281118,999999,6,2,1
1,8,60167.63155281118,999999,4,5,1
6,0,60167.63155281118,999999,5,6,1
8,1,60167.63155281118,999999,6,4,1
8,6,60167.63155281118,999999,5,8,1
6,2,60170.78540396747,999999,1,5,1
6,2,60180.57305640058,999999,4,8,1
8,7,60180.57305640058,999999,3,8,1
1,6,60181.21685116607,2,999999,5,1
5,1,60181.21685116607,5,999999,7,1
5,5,60181.21685116607,1,999999,5,1
5,0,60182.23636320012,999999,6,5,1
5,8,60182.23636320012,999999,5,6,1
5,8,60188.52317773243,999999,5,8,1
6,0,60188.52317773243,999999,1,5,1
1,6,60191.03575251786,999999,5,1,1
4,0,60198.14954678387,5,999999,6,1
6,2,60198.14954678387,999999,1,8,1
8,8,60198.14954678387,999999,8,4,1
6,5,60207.561042583715,3,999999,1,1
5,5,60208.74320292145,0,999999,6,1
6,4,60208.74320292145,999999,3,6,1
6,5,60208.74320292145,999999,5,6,1
8,1,60208.74320292145,999999,8,5,1
6,0,60217.526693528234,2,999999,3,1
1,1,60221.32353642236,999999,6,5,1
6,1,60221.32353642236,999999,6,2,1
6,3,60221.32353642236,6,1,999999,1
6,7,60221.32353642236,0,999999,5,1
1,2,60223.08724468162,999999,6,0,1
6,1,60225.1316423183,999999,1,6,1
6,1,60229.61678567817,999999,5,4,1
6,4,60229.61678567817,999999,6,6,1
8,6,60229.61678567817,7,999999,8,1
5,5,60229.62171634083,999999,3,2,1
4,6,60245.53106374157,999999,5,0,1
1,3,60255.04490588442,999999,5,1,1
6,2,60255.753305755825,0,999999,5,1
1,2,60261.64040609838,999999,3,1,1
8,5,60261.64040609838,999999,5,2,1
1,5,60264.06774143692,999999,8,6,1
5,1,60264.06774143692,999999,6,8,1
5,2,60264.06774143692,999999,4,4,1
6,6,60269.08596293825,999999,2,5,1
4,8,60271.11930575083,2,999999,5,1
6,3,60274.58538280211,999999,6,6,1
6,6,60274.58538280211,999999,3,1,1
7,1,60274.58538280211,999999,8,6,1
6,4,60277.97759946465,0,999999,5,1
6,6,60277.97759946465,999999,6,6,1
6,7,60277.97759946465,999999,2,6,1
1,6,60285.31613088762,999999,3,5,1
5,5,60285.31613088762,6,8,999999,1
6,8,60286.66472665175,999999,6,1,1
8,3,60286.66472665175,999999,6,4,1
8,3,60286.780899913814,999999,6,1,1
5,6,60290.150868961464,999999,1,2,1
6,4,60292.181757351565,999999,2,8,1
8,3,60292.181757351565,999999,6,4,1
5,8,60309.14843490454,6,999999,6,1
5,1,60310.260611109785,999999,5,0,1
6,5,60320.03214827869,999999,0,6,1
8,6,60320.03214827869,5,999999,5,1
5,1,60320.32763470313,0,999999,3,1
6,6,60320.32763470313,999999,3,5,1
5,1,60322.69401344676,999999,0,5,1
5,8,60322.69401344676,999999,6,4,1
4,2,60324.304335967565,999999,6,4,1
5,2,60324.304335967565,999999,3,8,1
5,5,60324.304335967565,1,999999,8,1
5,8,60339.16537960801,4,999999,2,1
1,5,60342.848570872266,999999,6,3,1
5,2,60342.848570872266,2,999999,3,1
6,5,60353.08639495429,6,999999,6,1
1,6,60356.394742765246,999999,3,5,1
6,1,60356.394742765246,999999,5,4,1
6,5,60356.394742765246,5,999999,3,1
6,8,60356.394742765246,999999,6,5,1
1,3,60363.2036971166,999999,6,4,1
8,3,60363.2036971166,999999,4,6,1
1,5,60367.15815813252,999999,6,6,1
8,1,60367.15815813252,6,999999,4,1
6,0,60373.15886321471,6,999999,8,1
5,2,60375.67494833035,999999,5,5,1
1,6,60377.328047980925,999999,5,4,1
5,0,60377.328047980925,999999,5,8,1
1,6,60387.58203747184,2,5,999999,1
4,2,60387.58203747184,999999,5,1,1
5,3,60387.58203747184,999999,4,7,1
4,2,60391.34450645037,999999,6,3,1
8,2,60402.962683017395,999999,3,5,1
5,8,60403.82272873694,999999,6,8,1
1,6,60404.25929979275,999999,4,4,1
2,0,60404.25929979275,999999,5,2,1
1,5,60408.258947373615,999999,1,0,1
5,2,60412.888471494916,999999,4,3,1
6,4,60412.888471494916,999999,6,6,1
1,3,60418.5220540306,999999,6,2,1
8,1,60418.5220540306,999999,3,6,1
6,6,60418.86744044233,999999,2,4,1
6,3,60421.097561646966,5,999999,5,1
1,5,60421.44990037143,999999,4,2,1
1,8,60424.51915316244,999999,8,4,1
5,8,60424.51915316244,999999,6,6,1
4,2,60433.79883247264,999999,5,999999,1
6,5,60433.79883247264,999999,3,6,1
1,3,60440.239550514416,999999,0,5,1
6,0,60440.239550514416,999999,6,8,1
6,6,60440.239550514416,0,5,999999,1
5,2,60444.817137039056,999999,5,1,1
6,5,60448.6522194662,999999,5,8,1
5,5,60449.29329904252,7,999999,8,1
6,8,60449.29329904252,5,6,999999,1
4,8,60454.61242180392,999999,8,1,1
5,5,60455.28200826204,999999,0,3,1
6,3,60455.28200826204,999999,6,8,1
5,0,60456.81724209071,999999,8,6,1
6,2,60456.81724209071,999999,2,1,1
4,6,60458.2717849648,999999,6,2,1
5,6,60458.2717849648,999999,2,6,1
6,2,60458.2717849648,3,999999,5,1
6,0,60458.732477626785,999999,5,1,1
8,3,60458.732477626785,5,4,999999,1
1,6,60467.13095739075,1,999999,8,1
2,1,60467.13095739075,999999,6,3,1
6,2,60467.13095739075,6,999999,0,1
6,4,60467.79740187587,999999,2,8,1
6,5,60467.79740187587,999999,1,6,1
5,2,60480.43694763878,0,999999,3,1
5,5,60480.43694763878,999999,3,0,1
8,6,60486.895114456725,999999,0,5,1
5,5,60497.09035763599,1,6,999999,1
5,0,60498.12355451751,999999,8,4,1
5,3,60498.12355451751,999999,8,6,1
5,1,60500.771760202435,999999,6,6,1
5,5,60500.771760202435,999999,8,8,1
8,1,60500.771760202435,6,999999,0,1
8,4,60501.400310388424,999999,1,3,1
8,2,60505.81493810346,5,999999,6,1
5,8,60514.503286890016,999999,1,5,1
7,2,60514.503286890016,999999,1,3,1
4,3,60516.11997838792,999999,5,0,2
5,8,60518.40760014414,999999,6,6,1
6,1,60518.40760014414,999999,8,5,1
1,4,60521.418172995734,0,999999,5,1
6,1,60521.67696414389,1,999999,2,1
5,2,60531.48305389357,999999,8,1,1
5,5,60531.48305389357,999999,5,4,1
5,2,60537.284501217015,999999,5,6,1
6,4,60537.284501217015,5,999999,999999,1
5,8,60541.689002340856,999999,6,2,1
8,3,60546.42256058735,999999,6,8,1
6,6,60551.215896354064,999999,1,8,1
1,8,60552.16667950761,999999,6,6,1
6,1,60552.2888878699,999999,6,5,1
1,6,60557.65563242293,3,999999,6,1
6,1,60581.88916363881,999999,999999,3,1
8,8,60581.88916363881,1,6,999999,1
1,4,60585.052748759816,999999,5,3,1
4,8,60585.052748759816,999999,3,6,1
6,6,60585.052748759816,999999,6,8,1
1,8,60587.99440627123,999999,0,6,1
1,2,60597.39244515021,999999,5,2,1
5,5,60597.39244515021,999999,6,3,1
8,7,60597.39244515021,999999,5,4,1
5,1,60603.60726172176,999999,3,5,1
8,6,60603.60726172176,999999,2,5,1
4,3,60604.877891360295,6,999999,1,1
6,6,60604.877891360295,5,999999,5,1
5,6,60614.31469259579,4,999999,3,1
5,3,60614.83292555444,999999,5,4,1
5,5,60614.83292555444,1,999999,3,1
5,1,60617.62757794603,999999,0,2,1
8,1,60617.62757794603,5,0,6,1
5,2,60621.19057866547,999999,6,5,1
6,0,60621.19057866547,999999,0,4,1
1,2,60624.57439845505,999999,4,2,1
5,3,60624.57439845505,5,6,999999,1
6,5,60624.57439845505,999999,6,1,1
4,6,60634.67582277199,999999,6,5,1
5,0,60637.692718582075,6,999999,6,1
5,5,60637.692718582075,1,999999,1,1
8,6,60638.04526087786,6,999999,5,1
8,4,60639.27653571016,999999,1,1,1
5,1,60640.35662911138,1,3,6,1
5,0,60640.63060287641,2,999999,5,1
5,4,60640.63060287641,999999,8,5,1
6,8,60640.63060287641,999999,6,0,1
5,5,60647.0845381447,4,999999,3,1
5,5,60651.19980118956,999999,5,2,1
1,6,60656.39987992275,999999,1,8,1
6,6,60656.39987992275,999999,1,2,1
1,6,60667.26224382646,999999,0,6,1
8,4,60667.26224382646,999999,2,5,1
6,5,60675.36005472176,6,999999,3,1
8,2,60675.36005472176,6,6,6,1
1,2,60675.848711348524,999999,3,5,1
5,6,60675.848711348524,999999,6,5,1
8,5,60675.848711348524,999999,5,8,1
1,5,60679.65318767107,999999,1,1,1
2,6,60679.65318767107,3,999999,0,1
6,1,60679.65318767107,999999,5,8,1
6,6,60679.65318767107,999999,0,5,1
1,4,60688.55634973292,999999,3,5,1
1,4,60691.64134629731,999999,1,8,1
6,8,60691.64134629731,999999,5,3,1
8,7,60691.64134629731,1,999999,5,1
6,1,60693.96025942607,999999,8,6,1
1,1,60697.762138055725,999999,2,6,1
6,2,60697.762138055725,999999,0,5,1
4,2,60700.73468186202,999999,5,4,1
5,3,60700.73468186202,999999,8,5,1
5,5,60700.73468186202,999999,0,5,1
6,5,60702.567378473526,999999,6,6,1
1,4,60718.6386605516,999999,1,5,1
6,2,60718.6386605516,0,999999,1,1
5,6,60726.24411395596,4,999999,6,1
5,6,60726.24411395596,999999,5,1,1
6,6,60726.24411395596,999999,6,8,1
4,5,60727.386123696626,999999,4,2,1
4,7,60727.386123696626,8,999999,6,1
5,2,60727.386123696626,5,999999,8,1
5,8,60737.42334628958,4,999999,5,1
5,5,60759.81733983774,999999,8,0,1
1,7,60760.60756751264,999999,5,4,1
5,2,60760.60756751264,999999,1,2,1
6,2,60761.41497415137,999999,4,6,1
8,0,60761.41497415137,999999,4,5,1
1,6,60764.24624058063,999999,1,6,1
6,6,60764.24624058063,999999,6,1,1
6,2,60766.890831012366,0,999999,4,1
5,6,60777.006562188,999999,5,0,1
5,8,60777.727163218864,999999,6,2,1
6,6,60777.727163218864,999999,6,2,1
5,4,60778.9280535384,8,999999,1,1
4,0,60780.384891033726,999999,5,6,1
6,1,60780.384891033726,999999,5,8,1
1,6,60780.48348889183,999999,0,2,1
5,5,60780.48348889183,999999,6,0,1
5,6,60780.48348889183,999999,6,3,1
5,2,60781.41999189812,999999,2,3,1
5,6,60781.41999189812,5,999999,4,1
5,2,60791.13291218735,999999,5,5,1
5,8,60791.13291218735,6,6,999999,1
4,4,60796.83604680329,2,999999,1,1
6,4,60799.096361278214,999999,8,6,1
5,4,60803.78630810399,999999,0,1,1
8,3,60803.78630810399,1,999999,8,1
2,8,60806.856244642775,999999,6,5,1
5,4,60817.22333811268,8,999999,6,1
5,6,60820.01335247144,8,2,2,1
5,6,60820.01335247144,999999,5,1,1
4,4,60824.43949667437,999999,2,6,1
5,5,60824.43949667437,999999,6,1,1
4,5,60825.415906232105,4,2,999999,1
1,6,60833.137967304436,999999,1,6,1
5,7,60833.137967304436,999999,5,6,1
5,6,60838.56747335304,999999,4,1,1
1,1,60846.37405670264,8,999999,3,1
6,6,60846.37405670264,999999,1,3,1
4,5,60846.491063210866,0,999999,5,1
5,4,60847.503458840336,999999,3,5,1
5,6,60847.503458840336,999999,8,6,1
8,3,60847.503458840336,999999,1,0,1
8,5,60847.503458840336,999999,8,1,1
1,3,60855.45460922047,999999,5,5,1
2,6,60855.45460922047,999999,6,8,1
4,5,60856.907167282625,999999,7,1,1
5,5,60856.907167282625,999999,6,6,1
6,5,60856.907167282625,999999,6,5,1
5,4,60858.99781337648,999999,8,3,1
6,5,60858.99781337648,999999,0,6,1
1,2,60859.85629008019,999999,6,5,1
1,8,60859.85629008019,999999,3,2,1
6,2,60859.85629008019,1,5,999999,1
5,1,60864.53086750262,999999,2,0,1
6,8,60864.53086750262,6,999999,3,1
1,5,60866.828290350844,999999,6,1,1
5,1,60870.576565527546,999999,6,6,1
6,5,60870.576565527546,999999,3,5,1
4,8,60875.356232805556,999999,1,5,1
5,2,60875.356232805556,999999,6,5,1
5,7,60875.356232805556,5,2,999999,1
4,2,60883.009084552315,999999,5,3,1
6,6,60883.009084552315,999999,5,3,1
8,4,60883.009084552315,999999,6,5,1
1,4,60892.125249284676,8,999999,1,1
5,6,60892.125249284676,999999,1,5,1
8,1,60892.125249284676,6,999999,5,1
5,6,60908.70086739892,2,999999,0,1
5,6,60917.17117076319,999999,4,0,1
5,6,60917.17117076319,999999,8,0,1
6,3,60926.79352015367,999999,8,6,1
5,2,60928.03568417431,999999,1,6,1
5,4,60928.03568417431,0,999999,2,1
5,1,60928.12295693094,999999,4,3,1
5,5,60928.44822967913,999999,3,2,1
6,8,60928.44822967913,6,999999,5,1
5,7,60928.75822887209,999999,6,8,1
1,3,60951.100751000835,999999,5,8,1
4,0,60951.486123103234,999999,5,1,1
8,4,60951.486123103234,999999,2,1,1
4,0,60960.82905676445,999999,3,6,1
5,7,60960.82905676445,999999,2,1,1
1,4,60971.19025692313,999999,3,4,1
5,4,60971.89228349627,999999,7,3,1
6,5,60971.89228349627,999999,5,0,1
4,3,60980.25020485042,6,999999,0,1
5,5,60995.25502272645,999999,3,1,1
6,7,60995.25502272645,999999,5,2,1
8,6,60995.25502272645,999999,6,3,1
5,2,60995.67549161065,999999,3,6,1
6,2,60995.67549161065,6,999999,0,1
5,2,60998.51374041611,999999,3,8,1
5,3,60998.51374041611,5,999999,6,1
5,8,60998.51374041611,999999,6,3,1
5,7,61000.531550302956,1,5,999999,1
5,8,61000.531550302956,0,1,999999,1
5,6,61023.259115420304,999999,3,2,1
5,2,61028.27895965054,0,8,999999,1
5,2,61028.27895965054,999999,5,1,1
6,5,61028.27895965054,999999,6,0,1
5,5,61029.787542344064,999999,8,1,1
1,6,61033.434205392325,999999,1,8,1
1,6,61035.305218421214,5,999999,5,1
8,1,61035.305218421214,999999,8,5,1
6,5,61046.72626722071,0,999999,1,1
5,1,61058.132315598814,999999,0,5,1
6,2,61058.132315598814,5,999999,8,1
6,5,61058.132315598814,999999,5,4,1
1,6,61059.55512314901,999999,0,5,1
5,1,61059.55512314901,999999,2,5,1
5,2,61059.55512314901,999999,6,8,1
5,6,61059.55512314901,999999,0,6,1
5,5,61060.59983981519,6,999999,0,1
5,6,61060.59983981519,999999,8,5,1
5,8,61061.57429082035,999999,6,5,1
6,6,61061.57429082035,999999,1,6,1
4,2,61069.171293163316,999999,5,6,1
1,0,61071.9730348397,999999,4,5,1
1,1,61083.96206840545,999999,6,0,1
1,1,61083.96206840545,999999,8,7,1
6,4,61083.96206840545,999999,6,8,1
5,7,61087.92883054529,999999,6,5,1
8,5,61088.336898471025,5,4,999999,1
2,0,61115.80059869084,999999,2,8,1
4,0,61116.3521239122,999999,1,6,1
1,0,61120.55799598518,999999,8,5,1
6,3,61120.55799598518,999999,5,5,1
5,0,61127.60450460946,8,999999,6,1
8,1,61127.60450460946,6,999999,5,1
8,1,61128.01003313903,5,999999,5,1
5,5,61131.182371488285,999999,1,5,1
1,0,61132.51370352369,999999,1,4,1
5,1,61135.862707945875,999999,5,6,1
5,1,61156.965440379245,999999,4,8,1
5,3,61157.869040759164,999999,4,1,1
5,2,61191.84312632056,5,0,999999,1
5,5,61191.84312632056,999999,6,6,1
2,5,61192.48340807107,3,0,999999,1
6,8,61192.48340807107,999999,1,6,1
8,0,61192.48340807107,999999,2,5,1
8,2,61199.82780426424,5,999999,6,1
6,1,61206.2238565627,999999,8,3,1
6,5,61206.2238565627,999999,5,8,2
6,6,61206.586036785004,999999,5,0,1
1,6,61218.896816048364,6,999999,5,1
5,2,61222.11401860468,999999,1,0,1
5,5,61222.11401860468,999999,2,0,1
6,5,61222.11401860468,999999,4,5,1
8,5,61222.11401860468,999999,8,3,1
4,1,61227.96165254331,999999,2,2,1
1,1,61236.817330855345,999999,8,1,1
1,2,61236.817330855345,999999,6,5,1
4,6,61236.817330855345,5,0,999999,1
6,8,61236.817330855345,999999,3,5,1
6,5,61255.57814118913,999999,1,6,1
4,1,61257.364151448186,999999,2,5,1
6,2,61257.364151448186,999999,4,0,1
8,4,61263.991083609435,999999,6,3,1
1,3,61266.87687099502,999999,6,6,1
5,6,61266.87687099502,999999,4,2,1
5,2,61271.70655242232,6,999999,0,1
4,6,61278.325414113344,5,999999,1,1
4,8,61278.325414113344,999999,6,6,1
6,5,61278.325414113344,999999,5,0,1
6,6,61287.105805187995,999999,6,0,1
6,5,61292.029029086036,999999,0,1,1
5,0,61299.45225426623,999999,6,8,1
5,6,61299.45225426623,7,999999,4,1
1,1,61301.720535887034,6,999999,3,1
5,5,61301.720535887034,999999,6,6,1
5,8,61301.73180336602,999999,6,3,1
4,3,61305.88035600351,999999,1,5,1
6,6,61305.88035600351,999999,2,1,1
6,6,61305.88035600351,999999,6,4,1
5,5,61312.545578472025,3,4,999999,1
8,5,61312.545578472025,999999,3,5,1
5,6,61315.043706998564,5,999999,0,1
5,8,61324.2132782231,999999,8,6,1
8,7,61327.83035151853,999999,5,6,1
1,6,61331.07631606552,6,999999,6,1
6,5,61331.07631606552,8,999999,6,1
5,5,61332.20362339914,999999,5,8,1
5,5,61332.20362339914,999999,6,0,1
6,0,61332.75919398257,999999,1,6,1
6,1,61332.75919398257,999999,6,0,1
6,0,61344.09723508313,5,0,999999,1
1,6,61345.55350932361,0,999999,3,1
6,5,61355.08168557231,999999,8,0,1
1,2,61357.70873592018,8,999999,6,1
6,3,61357.70873592018,999999,6,2,1
4,0,61362.08097401277,999999,6,6,1
5,0,61376.06148168352,999999,5,8,1
5,6,61376.06148168352,999999,3,1,1
8,1,61376.61706924352,6,999999,0,1
1,6,61387.51467656447,999999,3,6,1
5,5,61387.51467656447,1,999999,5,1
5,6,61388.49472990152,999999,1,0,1
8,8,61388.49472990152,999999,5,6,1
4,3,61413.853374642735,999999,0,4,1
5,4,61413.853374642735,999999,6,3,1
6,0,61413.853374642735,999999,2,8,1
6,5,61418.91123182036,999999,2,1,1
6,4,61423.64540778643,999999,1,5,1
6,6,61423.64540778643,999999,0,6,1
6,1,61427.02280030862,999999,5,0,1
5,3,61429.51321309125,6,4,999999,1
1,1,61430.235225639815,999999,1,3,1
1,6,61436.138079130484,999999,5,6,1
5,6,61442.71191701693,5,0,1,1
5,8,61442.71191701693,999999,6,0,1
1,1,61444.34142742745,6,999999,2,1
6,4,61444.34142742745,999999,6,5,1
5,2,61444.97609549071,999999,8,5,1
5,8,61444.97609549071,1,999999,6,1
5,2,61452.94711974198,999999,1,8,1
1,8,61459.80162459291,999999,0,6,1
5,5,61459.80162459291,5,999999,2,1
6,1,61468.53423308656,6,999999,1,1
4,2,61478.31825812282,999999,7,8,1
5,6,61478.65360444708,5,5,999999,1
6,1,61481.85199821001,999999,5,1,1
4,0,61491.757659336625,999999,8,6,1
5,6,61491.757659336625,999999,2,1,1
6,2,61508.08504323109,5,999999,1,1
1,1,61511.382218468214,999999,6,2,1
1,3,61511.382218468214,5,0,4,1
6,5,61511.382218468214,999999,2,6,1
5,6,61511.41005450324,0,999999,6,1
1,6,61523.96346691263,999999,1,8,1
5,5,61526.2226735244,999999,2,6,1
6,0,61526.2226735244,999999,7,3,1
1,5,61535.01629163894,999999,6,6,1
5,4,61535.01629163894,999999,1,6,1
5,4,61537.9711516504,999999,4,6,1
5,2,61549.338786518296,999999,5,2,1
5,6,61549.84883386582,999999,6,5,1
2,8,61560.62026312652,999999,6,6,1
6,5,61570.07647229979,8,999999,3,1
5,5,61571.74113018175,999999,6,6,1
6,5,61571.74113018175,999999,1,1,1
5,5,61573.87713572682,999999,8,1,1
8,2,61576.66987215866,4,999999,8,1
5,5,61577.247950457706,999999,1,0,1
6,5,61577.247950457706,999999,3,6,1
1,5,61581.10593605706,999999,0,6,1
8,4,61581.10593605706,999999,6,5,1
5,2,61584.75546342398,999999,8,5,1
5,2,61587.1432645406,999999,6,1,1
5,5,61587.1432645406,999999,0,3,1
5,5,61588.14798841571,999999,6,2,1
6,4,61588.14798841571,999999,5,7,1
5,5,61592.00484535134,999999,0,6,1
8,2,61592.00484535134,999999,4,6,1
6,2,61599.22715842143,999999,2,0,1
1,3,61602.97549719742,999999,5,7,1
5,2,61602.97549719742,999999,5,6,1
6,2,61602.97549719742,999999,5,6,2
5,8,61608.05668229714,999999,3,2,1
6,3,61608.89995486412,5,999999,6,1
5,2,61609.64660533936,999999,8,5,1
6,5,61609.64660533936,6,999999,5,1
8,6,61616.0958725672,999999,5,5,1
1,0,61618.85613789447,5,999999,2,1
6,6,61618.85613789447,6,999999,2,1
4,4,61619.07273290793,999999,6,1,1
5,6,61619.07273290793,999999,4,5,1
5,8,61619.07273290793,999999,1,5,1
6,1,61625.76650161622,999999,6,5,1
1,5,61630.9302370925,999999,1,5,1
6,8,61631.72173178337,999999,2,0,1
6,8,61631.72173178337,999999,3,5,1
8,1,61631.72173178337,999999,1,6,1
1,6,61649.911711895176,999999,4,4,1
5,2,61649.911711895176,999999,3,0,1
5,6,61649.911711895176,999999,6,6,1
4,0,61655.87953729835,999999,5,6,1
5,1,61655.87953729835,999999,2,5,1
5,3,61655.87953729835,999999,0,6,1
8,8,61655.87953729835,999999,3,4,1
8,4,61664.91442107169,999999,5,1,1
5,5,61684.89737212718,999999,4,999999,1
6,3,61684.89737212718,999999,2,6,1
8,8,61684.89737212718,999999,4,0,1
2,8,61685.89560592967,999999,6,6,1
6,6,61691.557439052034,999999,1,1,1
6,6,61691.557439052034,999999,6,2,1
5,2,61697.75613596963,8,6,999999,1
1,6,61706.902806133585,999999,2,4,1
5,5,61706.902806133585,999999,1,3,1
5,6,61712.39002395642,999999,6,0,1
6,1,61712.39002395642,999999,3,5,1
8,7,61721.06678293204,999999,6,1,1
8,8,61721.06678293204,999999,2,6,1
5,1,61723.30075518993,999999,5,0,1
5,4,61723.30075518993,999999,5,1,1
2,1,61728.29194939716,999999,6,5,1
6,0,61731.52438760302,999999,4,1,1
6,0,61744.66292240545,999999,2,6,1
6,4,61750.641503036386,999999,3,1,1
4,4,61762.36804994068,999999,0,2,1
5,4,61763.900122745916,999999,3,1,1
5,1,61764.97031347751,999999,6,2,1
6,2,61764.97031347751,999999,7,0,1
6,6,61768.189802308414,999999,5,5,1
6,6,61768.189802308414,999999,6,5,1
5,4,61769.625517933986,999999,2,0,1
5,4,61769.625517933986,999999,6,5,1
6,5,61769.625517933986,999999,6,6,1
2,7,61775.03814271023,999999,5,1,1
6,8,61775.03814271023,999999,1,2,1
5,6,61778.115532963675,999999,2,5,1
6,2,61778.115532963675,999999,1,1,1
5,3,61786.99707658801,999999,1,0,1
5,3,61786.99707658801,999999,2,4,1
1,3,61790.06213862401,999999,5,1,1
6,1,61790.06213862401,999999,8,6,1
6,2,61790.06213862401,6,999999,8,1
5,2,61792.01357886157,5,999999,3,1
1,1,61793.30048814644,4,8,999999,1
5,6,61793.30048814644,5,999999,6,1
6,2,61796.264930197576,3,8,999999,1
1,8,61798.590900819094,999999,2,8,1
6,4,61798.590900819094,999999,5,3,1
5,1,61800.88784576147,999999,2,0,1
6,6,61817.10960127733,999999,8,0,1
5,7,61843.763434684646,1,1,5,1
8,0,61843.763434684646,1,999999,2,1
5,6,61846.80006925823,999999,5,7,1
1,2,61865.64610520868,999999,6,5,1
5,2,61886.59461008797,999999,4,1,1
5,2,61887.41054114379,999999,0,3,1
5,1,61892.6518804838,999999,1,2,1
5,8,61897.10966021618,1,3,999999,1
6,3,61897.10966021618,2,4,999999,1
5,2,61897.743048946715,999999,4,8,1
5,5,61897.743048946715,999999,1,6,1
8,7,61897.743048946715,5,999999,1,1
1,2,61905.78506831124,999999,6,5,1
5,0,61905.78506831124,3,999999,6,1
1,4,61906.80506032002,0,1,999999,1
5,6,61906.80506032002,999999,4,6,1
1,6,61908.98788181808,0,999999,3,1
8,0,61908.98788181808,2,999999,6,1
6,2,61911.755158587686,999999,1,1,1
5,5,61914.1416235565,999999,2,4,1
6,0,61914.1416235565,5,3,999999,1
6,1,61929.34935144512,999999,5,6,1
5,0,61935.32216127876,999999,2,0,1
5,3,61935.32216127876,8,999999,6,1
5,3,61936.651462263326,2,999999,0,1
4,6,61941.100950821696,999999,8,1,1
5,5,61943.895807123445,999999,2,6,1
6,1,61943.895807123445,999999,6,1,1
1,6,61946.011229371965,8,999999,6,1
1,1,61946.769982658756,999999,5,6,1
5,1,61946.769982658756,5,5,6,1
6,8,61947.5902095991,999999,1,4,1
4,0,61952.27402082427,5,999999,6,1
5,3,61952.27402082427,999999,2,6,1
6,5,61952.27402082427,999999,1,0,1
6,6,61952.27402082427,999999,5,6,1
5,8,61952.75956586489,0,999999,6,1
6,0,61952.75956586489,999999,5,6,1
8,1,61954.91406138496,999999,6,8,1
2,1,61955.4036672497,999999,8,6,1
5,1,61955.4036672497,4,999999,4,1
5,5,61957.03143678892,1,999999,5,1
5,6,61957.03143678892,999999,1,8,1
1,2,61961.1569546917,999999,1,6,1
5,1,61965.87399358916,999999,2,2,1
6,2,61966.88730722287,999999,0,5,1
6,5,61966.88730722287,999999,6,0,1
5,6,61973.855005695135,999999,5,5,1
6,1,61995.98967803338,999999,6,0,1
6,2,61995.98967803338,999999,5,8,1
5,3,61996.67801241661,999999,4,6,1
6,2,61996.67801241661,999999,5,1,1
6,6,61996.67801241661,999999,2,3,1
5,2,61996.81742979591,5,999999,8,1
6,2,61996.81742979591,999999,5,0,1
8,5,61997.99248165075,999999,6,6,1
8,5,61997.99248165075,999999,8,1,1
2,3,61998.50035269188,999999,1,6,1
5,3,61998.50035269188,999999,1,0,1
4,6,61999.499967562035,3,999999,4,1
5,6,61999.499967562035,999999,1,5,1
4,1,62000.74845530304,999999,1,6,1
6,3,62000.74845530304,999999,6,5,1
5,8,62004.67551210292,999999,5,5,1
8,2,62004.67551210292,999999,0,6,1
5,1,62004.785171864794,999999,6,2,1
5,5,62004.785171864794,999999,2,4,1
6,5,62004.785171864794,999999,5,2,1
6,5,62006.733018566476,2,1,5,1
4,8,62008.408517314994,4,999999,6,1
6,5,62008.408517314994,999999,0,2,1
2,0,62012.20202130639,3,999999,8,1
5,5,62012.20202130639,1,6,999999,1
1,1,62017.78320396139,999999,1,0,1
1,4,62017.78320396139,6,999999,5,1
5,2,62017.78320396139,999999,0,1,1
6,5,62025.331027698994,999999,6,6,1
6,3,62027.531222791884,4,999999,6,1
6,8,62027.531222791884,999999,4,3,1
5,2,62033.3690811006,999999,8,0,1
5,5,62038.1427251541,5,999999,0,1
5,6,62038.1427251541,2,999999,5,1
5,5,62042.67058608447,999999,3,6,1
8,7,62048.309615743136,5,2,6,1
5,5,62048.77608863248,999999,6,1,1
6,1,62048.77608863248,999999,3,6,1
6,6,62053.78689622688,999999,0,1,1
8,1,62053.78689622688,999999,1,2,1
8,1,62054.92529988432,999999,0,4,1
5,5,62055.97742431818,4,2,8,1
4,5,62056.596084406556,999999,6,6,1
1,0,62063.03862037524,999999,6,2,1
5,6,62063.87030137829,5,999999,2,1
6,3,62063.87030137829,999999,1,6,1
4,5,62064.08110769685,999999,6,1,1
5,8,62065.67068458254,999999,6,0,1
1,7,62086.32071162012,999999,5,3,1
6,0,62086.32071162012,999999,6,5,1
5,2,62087.01941147558,999999,1,3,1
5,1,62090.18760442038,999999,0,8,1
6,6,62090.18760442038,8,3,999999,1
1,8,62095.249425885355,999999,4,1,1
5,1,62095.249425885355,999999,8,6,1
6,5,62095.249425885355,999999,6,1,1
8,8,62095.249425885355,6,8,999999,1
4,1,62096.571685920084,999999,2,2,1
6,1,62096.571685920084,999999,6,0,1
1,8,62106.06215764995,999999,0,3,1
6,1,62106.06215764995,999999,2,3,1
6,8,62106.06215764995,6,999999,5,1
5,1,62107.467644263255,0,999999,3,1
5,1,62108.83999754507,5,999999,6,1
6,2,62111.46414516662,999999,1,6,1
5,5,62112.387940244065,999999,6,6,1
6,6,62112.387940244065,8,5,999999,1
1,6,62116.909051922485,999999,1,0,1
4,1,62116.909051922485,0,999999,5,1
8,8,62116.909051922485,999999,0,1,1
5,1,62123.230266775514,1,6,999999,1
8,8,62123.230266775514,999999,1,3,1
6,5,62138.47025812511,6,999999,3,1
1,4,62144.69600953751,999999,6,3,1
6,6,62144.69600953751,4,999999,5,1
1,5,62148.071270180655,1,999999,5,1
5,8,62148.071270180655,999999,3,1,1
6,2,62148.071270180655,6,3,999999,1
5,1,62160.05714923349,2,999999,1,1
5,3,62163.66741529943,999999,2,2,1
8,4,62180.33628342039,2,5,1,1
5,6,62183.67899328912,2,999999,5,1
6,1,62183.67899328912,999999,3,1,1
6,5,62190.80919663993,1,999999,2,1
6,5,62190.80919663993,999999,7,6,1
8,5,62190.80919663993,999999,4,3,1
5,1,62199.104146149984,999999,3,6,1
4,5,62209.7156450632,999999,1,5,1
5,2,62213.37811406248,999999,8,5,1
1,0,62213.80348425701,999999,6,1,1
2,1,62213.80348425701,1,999999,3,1
5,0,62213.80348425701,7,6,999999,1
6,2,62213.80348425701,999999,4,8,1
6,2,62214.481292438846,999999,1,4,1
6,6,62214.481292438846,999999,2,6,1
1,6,62216.24312305016,3,999999,6,1
2,2,62216.24312305016,999999,8,6,1
4,2,62216.24312305016,5,3,999999,1
4,3,62216.24312305016,1,2,6,1
6,1,62216.57607882225,0,5,999999,1
1,8,62236.29380096449,5,999999,0,1
1,6,62240.11855907082,999999,6,8,1
4,1,62241.992936890296,999999,0,5,1
8,8,62241.992936890296,1,999999,2,1
5,8,62242.92011228028,999999,1,6,1
4,1,62247.166842899955,999999,0,6,1
4,6,62247.166842899955,999999,6,4,1
6,3,62247.166842899955,999999,6,5,1
5,7,62252.89778488409,999999,0,5,1
2,5,62252.997378056934,5,999999,2,1
6,5,62252.997378056934,999999,6,3,1
6,1,62255.76850992968,999999,5,1,1
4,7,62256.95010127224,6,2,999999,1
8,6,62256.95010127224,999999,5,5,1
5,2,62259.03799708077,999999,8,5,1
6,0,62259.03799708077,999999,5,3,1
5,5,62268.07772856086,999999,6,2,1
6,6,62268.07772856086,999999,0,2,1
6,2,62270.799882152896,999999,4,1,1
8,3,62270.799882152896,999999,8,4,1
6,1,62277.11608122661,999999,7,6,1
5,3,62282.970792720706,999999,0,7,1
1,5,62283.657889231086,1,999999,3,1
1,5,62283.657889231086,5,999999,8,1
4,1,62283.657889231086,999999,5,6,1
2,1,62286.13523060123,999999,8,6,1
1,2,62288.44639667309,999999,3,6,1
6,1,62288.44639667309,999999,2,6,1
5,6,62293.267479574366,999999,8,5,1
8,6,62293.267479574366,999999,4,5,1
6,6,62293.50536430394,2,999999,1,1
4,5,62296.729321138235,3,999999,6,1
5,2,62296.729321138235,999999,5,3,1
6,5,62300.302708868345,999999,3,5,1
1,2,62300.400480265576,999999,3,1,1
8,3,62300.400480265576,999999,4,4,1
5,1,62306.73675574417,999999,3,6,1
5,2,62306.73675574417,999999,4,6,1
4,7,62320.28969869809,999999,3,5,1
5,2,62320.28969869809,999999,5,4,1
5,5,62320.28969869809,8,999999,6,1
5,3,62322.30298297968,8,999999,6,1
6,0,62322.30298297968,4,999999,0,1
6,0,62322.30298297968,999999,0,6,1
5,6,62322.46183560938,0,999999,6,1
6,2,62326.45518568937,999999,5,8,1
5,1,62329.302406057504,0,999999,8,1
6,6,62329.302406057504,999999,6,0,1
5,5,62330.38200757899,999999,5,4,1
6,5,62335.775992567214,999999,6,6,1
6,3,62337.647405286836,999999,4,8,1
5,8,62341.665030962846,999999,3,5,1
5,8,62341.665030962846,999999,6,3,1
5,1,62344.652993194,999999,2,0,1
5,5,62344.724358482934,999999,5,2,1
6,5,62344.724358482934,999999,4,7,1
6,5,62351.39329605648,999999,6,0,1
8,3,62351.39329605648,1,999999,2,1
5,5,62354.899351824584,999999,6,0,1
4,2,62362.48833684743,999999,4,4,1
6,1,62362.48833684743,6,999999,6,1
6,3,62362.48833684743,999999,6,6,1
8,3,62364.92345567294,2,999999,4,1
8,6,62364.92345567294,2,999999,3,1
6,1,62369.11402116939,999999,5,1,1
6,2,62369.11402116939,999999,6,5,1
6,3,62369.11402116939,999999,1,5,1
1,3,62370.41664522799,999999,7,4,1
4,2,62370.41664522799,999999,6,1,1
1,8,62373.55744496922,999999,4,5,1
5,1,62373.55744496922,999999,7,4,1
5,3,62374.25537901712,999999,1,6,1
5,2,62381.48379480032,999999,2,6,1
8,7,62389.44295032651,999999,5,5,1
5,1,62395.05260009431,999999,6,4,1
1,0,62396.99802478243,5,999999,5,1
5,2,62396.99802478243,5,0,999999,1
1,5,62405.25700455135,999999,6,4,1
6,5,62405.25700455135,999999,5,1,1
1,5,62416.24708740796,5,999999,0,1
5,1,62416.38651163277,999999,0,5,1
1,3,62429.03289485987,999999,4,5,1
5,2,62429.03289485987,6,999999,1,1
6,8,62429.03289485987,999999,6,8,1
1,7,62431.402263686425,8,5,999999,1
8,2,62435.29404410121,999999,4,8,1
5,8,62435.30536522288,999999,1,5,1
5,8,62439.06948331071,999999,0,6,1
6,2,62439.06948331071,5,999999,1,1
6,6,62439.06948331071,999999,6,6,1
5,5,62452.64645467779,999999,2,5,1
6,1,62452.64645467779,999999,6,0,1
1,0,62464.77447066417,6,999999,2,1
4,8,62464.77447066417,999999,2,2,1
5,2,62464.77447066417,999999,3,5,1
6,0,62466.89200346505,999999,1,8,1
5,3,62471.55030825928,999999,1,5,1
5,8,62471.55030825928,999999,6,5,1
5,4,62488.589085129715,999999,5,3,1
5,1,62492.85551906231,4,999999,5,1
1,5,62493.214557486055,999999,1,0,1
1,6,62493.214557486055,999999,5,0,1
5,3,62499.23944644249,5,6,999999,1
6,5,62500.42851843326,999999,8,3,1
6,6,62500.42851843326,999999,8,0,1
5,1,62500.47564510455,999999,5,1,1
8,8,62500.47564510455,999999,6,5,1
5,1,62506.08182174884,999999,5,5,1
8,6,62506.08182174884,2,999999,8,1
8,4,62506.4144234677,6,1,999999,1
5,2,62508.40692138949,999999,1,8,1
5,2,62516.27251565907,999999,1,6,1
5,4,62516.27251565907,999999,5,1,1
5,1,62519.007675928166,999999,3,6,1
5,5,62519.007675928166,999999,3,0,1
6,5,62519.007675928166,999999,5,5,1
6,5,62526.807441896904,8,6,999999,1
4,1,62531.43486914587,999999,2,6,1
6,6,62531.43486914587,999999,5,3,1
1,8,62533.20533211755,999999,2,1,1
4,5,62535.55809068199,999999,8,1,1
1,0,62537.26337175593,1,999999,5,1
5,5,62540.50516462483,6,8,999999,1
6,6,62540.50516462483,5,2,999999,1
1,6,62554.49102100213,999999,3,4,1
6,5,62556.237442944745,999999,5,8,1
1,1,62559.1937632009,999999,5,2,1
1,6,62559.1937632009,1,999999,6,1
5,1,62559.1937632009,999999,2,6,1
5,0,62563.70898906142,999999,5,1,1
6,4,62563.70898906142,999999,1,3,1
8,3,62563.70898906142,999999,8,4,1
4,6,62565.0261631893,999999,5,3,1
5,1,62565.0261631893,3,999999,2,1
5,2,62565.0261631893,999999,1,6,1
5,5,62565.0261631893,999999,6,5,1
6,3,62565.0261631893,999999,6,0,1
6,8,62565.0261631893,4,3,999999,1
5,0,62565.6592242435,999999,6,2,1
5,3,62565.6592242435,999999,8,5,1
5,8,62565.6592242435,999999,5,1,1
5,2,62568.13017387817,999999,3,6,1
1,8,62571.12053335364,6,999999,0,1
5,3,62574.54837350585,999999,1,0,1
5,2,62576.73516503996,999999,0,5,1
8,5,62576.73516503996,999999,8,6,1
5,8,62583.911796256885,3,999999,4,1
5,2,62586.98197710946,999999,3,5,1
5,6,62586.98197710946,999999,5,6,1
6,5,62586.98197710946,999999,7,6,1
8,5,62590.41027248071,999999,3,6,1
2,6,62595.55211543763,999999,0,8,1
5,0,62595.55211543763,999999,6,5,1
5,1,62595.55211543763,999999,2,6,1
5,2,62595.55211543763,999999,5,3,1
6,8,62595.55211543763,999999,6,1,1
5,2,62605.368441478706,999999,1,5,1
1,1,62608.02243756926,999999,6,7,1
6,5,62608.02243756926,999999,2,0,1
6,6,62608.02243756926,6,999999,5,1
6,2,62610.024554481024,999999,2,4,1
5,6,62617.62701780511,999999,2,7,1
4,6,62631.77691584468,999999,2,5,1
6,5,62636.10497166923,999999,5,4,1
1,8,62646.00934308714,999999,5,6,1
6,0,62646.00934308714,999999,1,6,1
8,3,62646.00934308714,6,2,999999,1
1,2,62660.54475208098,999999,0,5,1
6,2,62660.54475208098,999999,2,5,1
8,0,62660.54475208098,999999,5,6,1
8,2,62660.54475208098,999999,5,1,1
5,2,62660.749170286465,3,999999,1,1
5,5,62660.749170286465,999999,1,0,1
5,6,62660.749170286465,999999,5,0,1
6,5,62660.749170286465,999999,6,6,1
5,4,62662.81758565377,3,999999,3,1
6,5,62666.85048477289,6,999999,6,1
5,5,62670.741105924426,5,2,8,1
6,5,62670.741105924426,8,999999,0,1
6,6,62670.741105924426,0,5,5,1
1,6,62671.545371455984,999999,3,5,1
1,6,62671.545371455984,999999,5,1,1
8,6,62671.545371455984,999999,5,0,1
1,3,62677.42429098715,8,999999,5,1
2,6,62677.42429098715,999999,5,0,1
5,5,62677.42429098715,999999,1,2,1
6,6,62677.42429098715,999999,8,5,1
8,6,62678.34613340361,999999,8,3,1
6,1,62685.679870542204,999999,2,1,1
6,5,62685.679870542204,4,999999,6,1
6,5,62685.679870542204,8,999999,8,1
1,0,62693.13672396751,999999,8,6,1
5,1,62693.13672396751,8,5,999999,1
5,4,62693.13672396751,6,6,2,1
6,5,62693.13672396751,999999,1,8,1
1,5,62695.15151533042,999999,999999,0,1
5,5,62695.15151533042,999999,6,8,1
6,2,62695.15151533042,999999,1,5,1
6,5,62704.29745440642,999999,8,0,1
6,6,62704.29745440642,999999,0,3,1
5,5,62706.15362004268,999999,999999,6,1
5,1,62709.581578718185,999999,0,8,1
8,1,62717.54417712718,999999,5,0,1
8,8,62719.26040839656,999999,2,3,1
4,8,62722.844872261936,999999,5,4,1
5,6,62722.844872261936,999999,4,8,1
5,7,62722.844872261936,999999,3,6,1
6,5,62733.497997949504,999999,3,5,1
1,5,62737.08457393077,999999,0,6,1
5,8,62737.08457393077,999999,2,6,1
5,4,62740.45242188134,5,1,999999,1
4,0,62752.03856943726,3,999999,5,1
2,6,62759.38702188173,999999,3,1,1
4,5,62759.46616192984,999999,3,5,1
2,8,62769.118234072506,999999,6,6,1
8,8,62769.118234072506,4,1,999999,1
4,6,62770.69099364964,999999,2,1,1
5,7,62770.69099364964,999999,6,0,1
4,6,62775.89467965365,999999,2,8,1
5,6,62775.89467965365,4,999999,5,1
4,0,62777.53887256796,6,999999,6,1
5,5,62789.58614364696,999999,1,7,1
1,1,62789.72198478054,999999,5,6,1
6,4,62789.72198478054,999999,5,3,1
4,0,62800.39375779313,999999,2,0,1
5,6,62800.39375779313,3,5,999999,1
1,5,62801.4842101403,999999,5,3,1
8,8,62801.4842101403,999999,5,0,1
5,1,62806.36976174233,999999,4,6,1
1,6,62817.14955261049,7,0,999999,1
4,2,62817.14955261049,999999,0,5,1
8,1,62817.14955261049,999999,2,0,1
1,8,62818.47400350426,999999,6,3,1
6,1,62818.47400350426,999999,4,4,1
8,4,62818.47400350426,999999,0,5,1
5,5,62819.29785366433,999999,5,2,1
5,7,62819.29785366433,6,999999,6,1
4,1,62819.49899423473,999999,2,6,1
6,7,62819.49899423473,6,5,999999,1
5,8,62826.90070721702,999999,6,4,1
6,5,62832.98319652816,999999,5,1,1
1,3,62839.831960482006,999999,6,2,1
4,3,62839.831960482006,999999,5,6,1
5,0,62839.831960482006,999999,5,6,1
6,2,62839.831960482006,8,999999,5,1
5,1,62843.14936519181,999999,8,5,1
8,1,62843.14936519181,999999,5,2,1
1,8,62847.08031365325,999999,0,3,1
5,8,62848.100124721896,6,999999,2,1
5,3,62854.90209964682,0,5,999999,1
5,3,62854.90209964682,999999,2,8,1
5,6,62854.90209964682,999999,5,3,1
6,6,62854.90209964682,999999,6,1,1
6,3,62858.854948162756,6,999999,4,1
6,6,62858.854948162756,999999,6,2,1
6,2,62860.367738512236,8,999999,1,1
8,2,62860.367738512236,999999,5,3,1
5,1,62865.27113909808,999999,8,3,1
5,2,62865.27113909808,999999,8,5,1
5,6,62865.53167595109,2,999999,8,1
8,1,62865.53167595109,999999,5,2,1
6,5,62867.251844788974,5,999999,2,1
4,2,62870.31352787667,6,999999,1,1
5,4,62870.89566619433,999999,8,5,1
5,5,62870.89566619433,999999,8,3,1
5,5,62883.04352206328,999999,6,1,1
6,7,62883.04352206328,999999,1,5,1
6,8,62885.80739404228,999999,1,6,1
5,6,62888.02893830784,5,999999,4,1
6,6,62888.02893830784,6,999999,5,1
5,2,62892.34940672238,3,999999,1,1
5,1,62894.095904152375,999999,0,3,1
6,5,62894.095904152375,999999,6,6,1
8,6,62894.095904152375,999999,3,5,1
5,1,62899.61795975004,999999,5,5,1
6,7,62899.61795975004,2,3,999999,1
8,8,62912.774919206655,0,999999,1,1
1,5,62913.983980257246,999999,0,1,1
4,2,62913.983980257246,999999,6,5,1
5,0,62927.58994766131,999999,3,2,1
5,5,62927.58994766131,999999,3,2,1
5,1,62933.20607881172,999999,7,5,1
4,4,62933.53399712234,999999,4,2,1
4,5,62936.27206527835,999999,6,4,1
8,4,62936.27206527835,999999,3,8,1
1,6,62938.3736620563,8,999999,5,1
5,5,62938.3736620563,999999,0,1,1
5,4,62946.01551476426,999999,0,5,1
6,6,62946.01551476426,999999,5,0,1
1,4,62948.85425765807,999999,8,5,1
5,6,62958.25396365443,999999,3,8,1
8,1,62964.633849481084,999999,2,2,1
8,2,62964.633849481084,999999,7,2,1
5,0,62964.98224740099,999999,1,7,1
5,6,62964.98224740099,999999,6,2,1
5,3,62965.977047129534,999999,6,8,1
8,2,62965.977047129534,999999,0,5,1
8,0,62967.749931501276,999999,6,5,1
2,4,62971.59238870039,3,999999,5,1
6,0,62971.59238870039,4,3,5,1
8,5,62971.59238870039,0,999999,8,1
8,6,62972.62613835235,999999,5,1,1
6,6,62974.194248963395,6,999999,5,1
5,4,62977.32760924833,999999,2,6,1
8,6,62977.32760924833,999999,1,3,1
5,5,62983.475020107915,999999,6,5,1
6,6,62983.475020107915,999999,2,4,1
1,6,62985.24158668896,999999,5,6,1
6,1,62985.28118120629,999999,999999,5,1
6,6,62986.66817207249,999999,5,2,1
6,8,62992.70428686818,999999,5,0,1
2,6,62995.05914588569,999999,4,6,1
1,0,62996.18598377173,999999,6,2,1
5,6,62996.18598377173,999999,3,0,1
1,5,62999.51351868798,999999,0,6,1
5,0,62999.51351868798,999999,3,6,1
5,1,62999.51351868798,999999,2,6,1
5,8,62999.51351868798,999999,0,5,1
5,8,63002.06874676328,999999,1,4,1
5,8,63007.773531917315,999999,3,6,1
6,5,63007.773531917315,999999,2,5,1
4,4,63032.08962237911,999999,5,1,1
5,2,63032.08962237911,999999,5,6,1
1,0,63035.929248445296,2,999999,3,1
2,0,63035.929248445296,999999,5,4,1
8,6,63035.929248445296,999999,5,7,1
5,3,63051.154590642866,999999,1,5,1
8,6,63051.154590642866,999999,6,5,1
8,0,63064.56907053382,999999,2,3,1
5,2,63067.90758927233,8,3,999999,1
5,5,63067.90758927233,0,6,999999,1
5,8,63074.69315599363,999999,2,999999,1
6,6,63074.69315599363,999999,1,8,1
5,4,63077.25838465379,999999,3,6,1
1,8,63078.91967520217,1,1,999999,1
5,5,63080.70799063992,8,999999,0,1
6,1,63080.70799063992,999999,8,0,1
1,1,63081.61932518055,999999,5,8,1
1,3,63081.61932518055,999999,6,6,1
5,1,63081.61932518055,999999,4,6,1
5,6,63081.80265740106,999999,1,4,1
4,0,63086.83653358076,999999,6,5,1
5,6,63086.83653358076,999999,5,8,1
2,3,63087.82180724323,999999,2,1,1
4,1,63087.82180724323,8,4,999999,1
5,2,63087.82180724323,999999,5,2,1
5,5,63087.82180724323,999999,8,2,1
5,6,63087.82180724323,999999,4,5,1
6,4,63091.27261262006,999999,2,5,1
5,5,63093.12988891725,999999,2,3,1
5,6,63104.397261273836,999999,6,6,1
1,6,63113.732859555435,999999,3,6,1
5,1,63117.342428415184,999999,6,4,1
5,8,63117.342428415184,999999,5,8,1
5,1,63118.97928190595,999999,6,4,1
1,5,63122.745208138724,6,6,999999,1
1,8,63122.745208138724,999999,6,4,1
6,6,63129.96179184312,999999,6,5,1
8,8,63129.96179184312,999999,0,2,1
5,0,63137.017513283805,999999,1,5,1
1,3,63163.9666027457,2,8,999999,1
1,4,63163.9666027457,999999,2,3,1
5,8,63163.9666027457,999999,1,3,1
6,3,63163.9666027457,4,6,999999,1
6,4,63163.9666027457,8,999999,2,1
5,0,63172.44721492639,1,999999,4,1
5,6,63172.44721492639,0,6,6,1
6,0,63196.297011091934,2,999999,2,1
1,6,63200.25486038091,6,999999,5,1
6,1,63200.25486038091,5,999999,8,1
5,8,63205.08863181811,1,999999,1,1
6,2,63205.08863181811,999999,3,0,1
5,2,63206.124603931064,6,1,8,1
5,5,63206.124603931064,999999,6,6,1
1,6,63212.04414399289,6,999999,6,1
6,2,63212.04414399289,6,999999,1,1
4,3,63215.739786785874,999999,1,6,1
5,2,63215.739786785874,1,2,999999,1
6,2,63225.30147758546,999999,5,0,1
6,6,63225.30147758546,999999,6,6,1
5,4,63228.96743549005,999999,8,4,1
1,1,63235.874018557704,4,999999,6,1
4,0,63239.2183445781,999999,1,6,1
6,6,63239.2183445781,999999,5,0,1
5,6,63243.19002098629,4,4,999999,1
6,4,63243.19002098629,6,999999,8,1
5,2,63252.197771575135,5,999999,8,1
5,5,63252.197771575135,999999,5,1,1
1,1,63253.997128330186,5,999999,6,1
1,4,63253.997128330186,3,0,999999,1
2,7,63253.997128330186,1,6,999999,1
5,1,63253.997128330186,999999,5,1,1
5,2,63256.03697701573,999999,5,8,1
5,4,63259.82944999646,4,999999,0,1
5,8,63259.82944999646,999999,3,6,1
6,5,63259.82944999646,5,999999,8,1
5,5,63268.380853594485,999999,8,4,1
5,6,63268.380853594485,999999,2,6,1
5,6,63269.5116763726,999999,5,3,1
1,2,63269.53500906812,999999,6,0,1
6,5,63269.53500906812,999999,3,8,1
5,4,63278.321435354315,6,999999,3,1
5,6,63278.321435354315,999999,1,5,1
1,0,63290.82467484609,999999,8,3,1
5,3,63290.82467484609,6,6,5,1
8,5,63297.159537531545,999999,6,5,1
5,5,63307.15938990703,6,999999,6,1
5,5,63307.15938990703,8,999999,6,1
5,6,63307.15938990703,0,1,999999,1
1,1,63321.136894592295,999999,3,6,1
4,3,63325.18537401749,1,2,6,1
5,1,63325.18537401749,5,999999,5,1
6,6,63340.94020989956,4,999999,4,1
6,8,63340.94020989956,999999,2,5,1
5,5,63341.188389269024,4,999999,5,1
1,6,63342.76657199665,1,999999,5,1
5,5,63342.76657199665,999999,1,0,1
5,7,63342.76657199665,999999,0,5,1
8,6,63342.76657199665,999999,1,4,1
6,6,63343.2099612274,1,999999,6,1
1,2,63344.739508691375,999999,0,3,1
5,4,63344.739508691375,999999,1,8,1
5,5,63344.739508691375,999999,4,2,1
5,2,63355.82985486727,999999,3,5,1
6,5,63357.280117728,999999,1,2,1
6,6,63357.280117728,999999,4,8,1
5,3,63370.862971385526,999999,2,5,1
5,5,63370.862971385526,999999,1,3,1
6,5,63379.69542642664,1,1,999999,1
6,8,63379.69542642664,999999,5,6,1
2,0,63386.76532239888,5,999999,6,1
4,6,63388.39330980224,999999,2,5,1
5,0,63388.39330980224,6,4,999999,1
6,1,63388.39330980224,999999,5,2,1
1,1,63391.62851076859,0,6,999999,1
5,5,63391.62851076859,1,999999,2,1
6,2,63392.55401509048,999999,5,0,1
5,7,63399.86999776577,999999,3,5,1
5,8,63399.86999776577,999999,6,6,1
5,0,63401.27921668378,999999,1,3,1
8,3,63401.27921668378,1,999999,5,1
5,5,63405.109101926195,999999,4,0,1
6,5,63405.109101926195,999999,6,1,1
4,3,63407.85206555495,999999,0,8,1
6,6,63407.85206555495,2,999999,3,1
5,2,63409.83200783026,3,999999,7,1
5,2,63409.83200783026,999999,8,5,1
5,4,63409.83200783026,6,999999,5,1
6,2,63413.65147366893,999999,5,6,1
8,5,63413.65147366893,999999,8,0,1
5,3,63415.535424529335,999999,2,5,1
5,5,63415.535424529335,999999,6,0,1
6,4,63415.535424529335,999999,8,5,1
6,2,63418.25176540076,999999,6,5,1
8,6,63418.25176540076,999999,5,0,1
5,4,63423.454808918505,1,999999,8,1
6,4,63423.454808918505,999999,1,0,1
4,1,63423.75640572022,999999,3,6,1
6,5,63423.75640572022,6,5,999999,1
4,4,63426.96858080013,999999,1,5,1
4,6,63426.96858080013,2,4,0,1
5,3,63426.96858080013,999999,5,4,1
5,5,63426.96858080013,999999,0,6,1
6,2,63426.96858080013,999999,6,1,1
5,1,63430.3829907439,5,999999,8,1
5,6,63430.3829907439,999999,3,1,1
6,8,63430.3829907439,999999,5,2,1
8,3,63430.3829907439,999999,5,2,1
5,6,63452.33790781124,999999,5,8,1
6,5,63452.33790781124,999999,5,3,1
6,8,63452.33790781124,999999,0,5,1
6,5,63457.02494806635,999999,6,1,1
4,5,63464.373203614094,999999,6,6,1
5,2,63464.373203614094,999999,3,4,1
6,6,63464.373203614094,999999,8,0,1
6,2,63465.40242610265,999999,4,8,1
4,3,63498.22276110941,999999,7,5,1
5,2,63502.31298913737,999999,5,0,1
5,6,63502.31298913737,999999,1,5,1
1,6,63504.264068799406,0,999999,1,1
5,1,63504.264068799406,4,999999,4,1
6,2,63507.46120503189,4,6,6,1
5,2,63509.12544706037,999999,6,8,1
5,5,63509.12544706037,999999,6,6,1
6,1,63509.12544706037,999999,4,6,1
4,7,63518.35438485592,999999,3,8,1
5,1,63518.35438485592,7,999999,3,1
1,3,63524.251548371234,6,999999,8,1
5,1,63524.251548371234,0,999999,8,1
5,3,63541.40742838235,999999,2,1,1
6,2,63541.40742838235,999999,5,0,1
6,5,63541.40742838235,999999,8,6,1
1,5,63550.038224586955,999999,3,6,1
6,6,63565.16273052918,8,8,999999,1
2,8,63568.93085752369,999999,0,6,1
5,5,63568.93085752369,999999,6,1,1
5,6,63570.1088609694,999999,8,5,1
6,1,63570.1088609694,5,6,999999,1
8,2,63570.1088609694,999999,7,6,1
5,1,63576.99424932562,999999,0,5,1
5,6,63576.99424932562,999999,3,1,1
6,3,63577.10955087601,999999,0,1,1
1,6,63582.5762169286,999999,5,0,1
2,2,63591.584194151364,999999,8,6,1
4,5,63591.584194151364,999999,1,6,1
5,3,63597.38792437819,999999,0,3,1
1,0,63621.944039293405,7,999999,5,1
6,5,63627.270315948575,999999,8,1,1
8,0,63627.270315948575,5,1,999999,1
5,1,63631.584465168686,999999,5,0,1
5,5,63639.23818038503,8,3,999999,1
6,6,63639.23818038503,999999,5,6,1
5,0,63644.025874113126,999999,5,2,1
6,6,63644.025874113126,999999,5,6,1
1,5,63647.56054209018,999999,8,6,1
8,4,63663.32568023676,999999,7,4,1
5,0,63667.72880191366,5,999999,6,1
5,5,63667.72880191366,999999,5,2,1
8,3,63667.72880191366,999999,1,1,1
5,6,63693.40812267581,999999,0,5,1
1,5,63699.790408658104,6,999999,0,1
4,0,63699.790408658104,999999,1,5,1
5,7,63699.790408658104,5,999999,3,1
6,1,63699.790408658104,999999,8,6,1
5,2,63713.40457393894,999999,6,3,1
6,4,63714.10550159402,999999,7,1,1
5,2,63714.892084973944,999999,1,0,1
1,2,63717.74972265484,999999,3,1,1
1,5,63717.74972265484,0,999999,0,1
1,2,63718.97132830981,999999,3,1,1
5,4,63723.30508035845,999999,1,8,1
6,1,63723.30508035845,999999,2,3,1
1,6,63727.33391246868,999999,8,0,1
4,6,63727.33391246868,5,999999,5,1
5,6,63732.266014895795,0,6,999999,1
8,6,63733.64299364383,999999,5,2,1
8,8,63737.890910835245,4,1,999999,1
5,3,63741.208725637756,999999,5,8,1
6,5,63741.208725637756,6,999999,2,1
8,1,63741.36321272477,999999,5,0,1
1,1,63747.929367600256,4,999999,6,1
1,5,63747.929367600256,8,999999,8,1
1,7,63747.929367600256,999999,3,5,1
6,5,63759.21496683276,1,999999,3,1
6,6,63759.21496683276,999999,4,8,1
6,5,63762.73727934222,999999,4,3,1
1,1,63763.358564287424,999999,2,6,1
6,4,63763.358564287424,999999,8,5,1
1,8,63765.40450678949,999999,5,4,1
5,6,63768.76756841382,999999,0,8,1
5,0,63771.965988984164,0,999999,4,1
6,8,63793.08818030256,6,999999,5,1
5,7,63795.795126259276,8,3,6,1
6,2,63795.795126259276,999999,6,0,1
6,2,63800.21739537194,999999,1,5,1
6,4,63807.67650079106,3,2,999999,1
6,3,63809.54127685588,999999,6,5,1
6,2,63812.0290350345,999999,6,8,1
4,5,63812.4108818214,999999,8,6,1
5,2,63814.090635862136,3,999999,4,1
5,6,63814.090635862136,3,999999,5,1
6,0,63814.090635862136,999999,5,6,1
2,4,63814.868768080494,0,999999,3,1
5,6,63816.20743567147,1,999999,6,1
5,0,63819.921621687616,999999,6,1,1
5,5,63828.067138714665,4,6,999999,1
8,2,63829.06010533145,999999,1,8,1
2,8,63849.022401244096,999999,6,0,1
5,2,63849.022401244096,999999,3,6,1
5,5,63852.01009542053,999999,0,6,1
8,8,63852.01009542053,5,999999,0,1
4,6,63869.4010780878,999999,5,0,1
5,0,63869.4010780878,999999,2,5,1
5,6,63877.57251672811,8,0,999999,1
6,4,63877.57251672811,999999,2,5,1
5,2,63881.79655479878,6,5,0,1
6,5,63892.1209849335,999999,0,8,1
5,5,63902.06434067632,999999,6,5,1
1,6,63902.64755686892,999999,5,6,1
8,8,63903.76503154996,999999,0,6,1
4,6,63909.81973976578,999999,1,6,1
5,3,63909.81973976578,999999,1,8,1
1,3,63914.17193223914,999999,1,4,1
5,5,63914.17193223914,999999,5,4,1
6,2,63914.17193223914,999999,1,6,1
5,5,63935.85172100341,3,999999,8,1
6,1,63935.85172100341,5,999999,5,1
1,6,63938.69231773678,999999,1,5,1
7,4,63938.69231773678,999999,8,0,1
6,8,63952.19486097176,999999,0,2,1
1,4,63952.63168131323,999999,3,2,1
1,6,63952.63168131323,1,0,999999,1
1,6,63952.63168131323,999999,6,3,1
6,3,63952.63168131323,8,999999,5,1
5,1,63954.90846087054,999999,2,1,1
5,3,63954.90846087054,999999,5,0,1
8,4,63956.31850107427,999999,5,6,1
1,8,63956.52199959243,999999,5,1,1
6,8,63956.52199959243,6,999999,1,1
1,6,63961.00147203444,999999,6,8,1
5,2,63961.00147203444,6,6,999999,1
4,5,63985.18199745711,999999,5,0,1
4,8,63989.49396932761,999999,5,1,1
8,1,63989.49396932761,999999,0,5,1
4,8,63989.89192360966,999999,6,5,1
5,0,63989.89192360966,999999,8,5,1
8,1,63989.89192360966,999999,1,8,1
8,2,63989.89192360966,999999,4,3,1
1,6,63991.630958337824,999999,3,5,1
1,1,63998.32297764216,6,5,999999,1
5,6,63998.32297764216,999999,0,5,1
6,3,63998.32297764216,999999,5,0,1
5,4,64000.666349298444,999999,1,5,1
8,6,64000.79062941312,999999,7,1,1
5,6,64011.752264970615,999999,1,1,1
1,3,64028.49606299898,2,8,999999,1
4,1,64028.49606299898,999999,8,8,1
6,2,64028.49606299898,6,999999,6,1
8,6,64028.49606299898,5,999999,5,1
4,0,64031.67278809157,999999,6,2,1
2,6,64038.03485075696,999999,5,6,1
5,5,64038.03485075696,5,8,6,1
1,5,64041.29729846943,999999,3,8,1
5,8,64041.29729846943,999999,4,8,1
4,0,64045.971178743595,999999,5,8,1
1,2,64046.33982425485,999999,5,0,1
5,5,64046.33982425485,999999,3,1,1
8,6,64046.33982425485,999999,5,1,1
1,5,64046.460482991904,6,6,999999,1
5,6,64046.460482991904,999999,5,2,1
5,8,64046.460482991904,999999,2,3,1
5,5,64053.78945521159,999999,3,1,1
6,4,64053.78945521159,999999,6,8,1
1,2,64058.67460097557,999999,1,8,1
5,7,64058.67460097557,999999,5,6,1
4,8,64062.68778435101,999999,1,6,1
5,2,64062.68778435101,999999,0,8,1
5,8,64062.68778435101,999999,4,6,1
6,6,64064.160729310235,2,999999,1,1
1,3,64064.581383041324,999999,2,8,1
5,4,64064.581383041324,999999,1,6,1
6,0,64071.48410678109,999999,6,8,1
5,3,64072.068594658216,999999,2,5,1
8,5,64072.068594658216,6,999999,5,1
5,5,64075.17917392524,999999,5,6,1
1,5,64087.36819583929,999999,8,999999,1
6,8,64087.36819583929,5,999999,6,1
6,2,64091.548780107085,6,3,999999,1
5,5,64094.845928128896,999999,5,6,1
1,8,64104.94357610383,999999,6,2,1
5,1,64107.38560853631,999999,6,4,1
6,3,64124.22338814187,5,999999,6,1
1,5,64126.44773058432,999999,5,8,1
1,6,64126.44773058432,999999,3,999999,1
5,4,64126.44773058432,999999,8,5,1
6,1,64134.439155813656,999999,2,1,1
5,1,64135.22987464072,0,999999,8,1
4,8,64149.009561963714,999999,1,3,1
6,3,64156.55436708848,999999,4,2,1
6,1,64171.2909874603,999999,5,8,1
4,6,64176.76084270297,999999,8,6,1
4,2,64191.80934762892,999999,6,3,1
6,2,64191.80934762892,6,999999,3,1
5,5,64194.557339477484,999999,6,8,1
5,2,64213.53178545197,999999,6,0,1
5,3,64213.53178545197,999999,2,6,1
6,5,64213.53178545197,2,999999,5,1
6,5,64213.53178545197,999999,6,0,1
4,0,64216.62938453813,999999,5,1,1
5,5,64216.62938453813,0,999999,2,1
5,5,64216.62938453813,6,999999,0,1
1,5,64220.632992511964,999999,6,6,1
1,6,64220.632992511964,999999,2,5,1
5,0,64220.632992511964,999999,8,6,1
1,2,64222.2116122842,4,999999,5,1
6,2,64222.2116122842,999999,0,4,1
5,6,64223.01950717547,5,8,999999,1
5,6,64223.01950717547,999999,3,1,1
6,5,64233.80609497586,1,999999,4,1
2,5,64246.85686439548,999999,6,0,1
1,0,64247.932076655525,999999,6,0,1
5,3,64247.932076655525,999999,0,1,1
8,4,64256.80215193865,999999,0,5,1
1,6,64257.6315349355,3,999999,6,1
4,2,64260.589420151206,999999,8,0,1
5,2,64260.589420151206,999999,4,5,1
6,0,64260.589420151206,999999,7,5,1
6,1,64260.88427327622,999999,6,8,1
6,3,64262.136661447075,0,7,4,1
5,0,64267.19199577237,8,999999,0,1
5,5,64267.19199577237,1,4,999999,1
5,8,64273.82234329183,999999,2,5,1
5,4,64278.73413485752,999999,0,5,1
5,8,64281.67992633667,999999,0,6,1
6,8,64283.19433869573,999999,6,2,1
6,6,64285.49853683496,999999,6,5,1
4,3,64295.2556991074,2,999999,1,1
6,0,64295.2556991074,999999,5,6,1
8,5,64295.2556991074,999999,2,5,1
5,2,64296.40993110934,999999,5,2,1
5,3,64306.47408047865,6,999999,2,1
5,6,64308.42708272342,999999,1,8,1
4,5,64312.25766246509,6,999999,3,1
5,2,64312.25766246509,999999,6,0,1
6,6,64324.20649876151,1,3,2,1
6,0,64325.73789609701,999999,3,3,1
8,6,64325.73789609701,999999,7,5,1
1,2,64340.07858247662,999999,5,4,1
2,5,64343.4895921148,0,5,999999,1
6,3,64350.756402733336,999999,8,999999,1
4,1,64359.24731457127,0,999999,5,1
5,5,64359.24731457127,999999,1,5,1
6,5,64366.40556327152,4,8,999999,1
1,6,64370.927329861894,999999,0,2,1
8,2,64370.927329861894,6,999999,3,1
5,6,64370.9786192607,999999,5,8,1
5,3,64384.00252809531,1,999999,6,1
4,5,64385.75306768701,0,8,6,1
5,8,64385.75306768701,999999,3,5,1
1,3,64390.69905821155,2,8,999999,1
5,0,64423.07615239046,999999,5,6,1
5,6,64423.07615239046,1,2,5,1
6,2,64423.07615239046,999999,1,8,1
1,4,64425.24103117954,999999,5,3,1
4,5,64433.01128065659,2,999999,3,1
5,8,64433.01128065659,999999,6,5,1
1,8,64439.28565188366,999999,6,0,1
4,8,64439.28565188366,999999,2,2,1
8,3,64439.28565188366,6,2,999999,1
8,3,64445.99566915705,999999,4,6,1
6,0,64452.101277894464,999999,6,5,1
2,6,64454.37981420336,5,4,999999,1
5,3,64454.37981420336,5,999999,4,1
5,6,64454.37981420336,999999,1,6,1
5,4,64456.92158917307,999999,8,6,1
5,6,64456.92158917307,999999,3,5,1
6,6,64456.92158917307,999999,3,6,1
1,6,64457.752685520616,1,999999,8,1
5,6,64457.752685520616,999999,6,5,1
6,2,64457.752685520616,999999,3,6,1
6,7,64461.11427573343,999999,3,5,1
6,6,64465.84297300898,999999,2,4,1
5,1,64468.04169591557,999999,8,5,1
1,1,64475.25668221795,999999,5,5,1
5,1,64475.25668221795,5,999999,2,1
5,1,64475.25668221795,999999,6,2,1
5,2,64487.98424527374,999999,6,6,1
5,4,64498.55640214532,999999,6,7,1
6,1,64498.55640214532,999999,2,0,1
5,2,64510.61710150308,999999,6,0,1
6,5,64510.61710150308,999999,1,8,1
8,6,64510.61710150308,999999,5,5,1
5,0,64524.51069235451,999999,6,1,1
5,6,64524.51069235451,7,999999,2,1
1,0,64537.38296130476,999999,5,3,1
1,4,64537.38296130476,999999,4,5,1
6,5,64537.38296130476,999999,2,6,1
6,5,64544.418824457956,999999,6,6,1
5,0,64554.05440146083,999999,4,2,1
4,3,64556.375862974266,999999,6,8,1
4,4,64581.60384719566,999999,3,6,1
6,7,64581.60384719566,1,999999,5,1
5,5,64593.44286477472,999999,1,3,1
6,6,64593.44286477472,0,999999,3,1
8,1,64593.44286477472,999999,6,8,1
4,8,64597.792432526934,6,0,999999,1
6,8,64597.792432526934,999999,6,5,1
5,6,64608.40997578806,999999,0,6,1
8,2,64608.40997578806,999999,5,1,1
5,0,64608.53103585587,999999,3,1,1
6,3,64608.53103585587,999999,1,8,1
6,6,64608.53103585587,6,999999,6,1
6,4,64609.539668221936,999999,3,2,1
8,4,64614.50037150318,999999,2,8,1
8,5,64614.50037150318,999999,8,2,1
8,0,64632.90119627762,999999,3,8,1
4,8,64638.09718550497,999999,6,5,1
8,0,64638.09718550497,999999,3,6,1
6,0,64644.957029092126,999999,8,8,1
5,3,64650.46102852276,6,2,999999,1
4,3,64677.21388701862,999999,6,1,1
6,2,64682.520143519905,999999,5,0,1
6,1,64689.12240521032,999999,6,5,1
8,5,64689.12240521032,1,0,999999,1
4,1,64690.12472001715,999999,6,8,1
6,2,64690.12472001715,999999,8,5,1
5,5,64696.17961510277,1,999999,3,1
5,8,64696.17961510277,999999,6,6,1
6,2,64696.17961510277,999999,1,4,1
5,4,64701.37229559147,999999,6,6,1
5,0,64711.75968556937,5,1,8,1
8,4,64711.75968556937,999999,1,7,1
1,0,64712.13835063834,3,5,999999,1
6,6,64712.13835063834,4,7,999999,1
6,5,64715.19809478998,4,999999,6,1
5,6,64721.86394812415,3,999999,6,1
5,2,64723.61873690986,999999,2,4,1
6,0,64723.61873690986,999999,6,8,1
5,2,64732.15980052277,999999,0,1,1
1,3,64735.7849884047,999999,6,1,1
6,1,64735.7849884047,999999,3,0,1
6,1,64735.7849884047,999999,8,2,1
5,5,64748.65345350464,1,999999,2,1
5,1,64752.35821743461,999999,2,6,1
4,6,64763.11011790541,999999,1,3,1
8,2,64763.11011790541,5,999999,6,1
6,2,64765.21885266543,999999,8,1,1
6,6,64765.21885266543,999999,6,5,1
5,4,64766.43044983507,3,999999,6,1
1,0,64782.833588494395,8,999999,6,1
2,1,64782.833588494395,999999,6,5,1
7,3,64782.833588494395,999999,0,5,1
4,2,64783.789107954464,999999,5,0,1
5,3,64783.789107954464,8,999999,6,1
6,2,64783.789107954464,999999,5,3,1
5,5,64804.84074063618,999999,2,7,1
8,7,64804.84074063618,999999,6,8,1
1,7,64808.43413391012,5,999999,3,1
6,2,64808.43413391012,999999,6,5,1
6,0,64813.81266020751,999999,6,7,1
1,2,64818.056959753914,999999,1,4,1
5,1,64818.056959753914,999999,2,0,1
8,1,64818.056959753914,999999,5,2,1
8,5,64818.056959753914,999999,8,0,1
8,8,64818.056959753914,999999,1,8,1
4,4,64818.45493950101,999999,8,3,1
6,7,64818.45493950101,999999,6,1,1
5,4,64818.79094891282,999999,5,6,1
4,0,64823.342686146476,3,8,999999,1
5,5,64823.342686146476,999999,8,4,1
5,4,64824.09457577308,999999,5,5,1
5,5,64826.915889635995,4,999999,6,1
6,0,64826.915889635995,999999,6,6,1
5,1,64827.74154878634,4,999999,6,1
5,3,64831.61947837502,999999,5,8,1
5,0,64831.64989140561,999999,5,2,1
5,4,64831.64989140561,5,999999,3,1
6,3,64832.209362791604,6,0,999999,1
1,6,64834.63465002956,999999,5,1,1
5,5,64836.09498630253,8,999999,3,1
8,6,64836.09498630253,999999,6,5,1
5,1,64845.68378006248,999999,6,4,1
6,1,64845.68378006248,999999,6,2,1
4,6,64850.4972583352,999999,3,1,1
5,1,64854.97834941696,999999,5,3,1
6,8,64854.97834941696,2,5,999999,1
1,1,64867.23539123121,999999,5,6,1
5,5,64867.23539123121,999999,5,4,1
6,7,64867.23539123121,5,999999,6,1
6,5,64867.32324350846,5,1,999999,1
8,2,64867.32324350846,999999,5,1,1
2,5,64875.22773581898,5,3,7,1
6,1,64875.22773581898,999999,6,1,1
1,6,64878.70207345885,1,0,999999,1
1,5,64879.42072544287,999999,5,1,1
5,1,64879.438071258235,999999,8,4,1
5,6,64879.438071258235,999999,0,1,1
5,8,64879.438071258235,999999,4,6,1
5,6,64879.676335991324,999999,5,3,1
6,8,64879.676335991324,999999,3,6,1
5,6,64880.27425392452,999999,8,0,1
6,1,64880.27425392452,999999,5,8,1
6,2,64880.27425392452,999999,4,3,1
6,0,64884.557256909844,6,999999,4,1
6,3,64884.557256909844,999999,0,6,1
5,5,64887.94872927734,999999,0,2,1
6,8,64887.94872927734,999999,5,6,1
1,6,64894.19459519856,999999,3,5,1
4,2,64894.19459519856,999999,6,1,1
8,6,64894.19459519856,0,5,6,1
4,6,64896.85511140325,999999,2,3,1
5,8,64896.85511140325,999999,2,999999,1
6,4,64896.85511140325,999999,6,6,1
4,4,64898.33093761498,999999,2,8,1
1,2,64899.99108453004,999999,6,0,1
5,1,64899.99108453004,5,999999,2,1
6,4,64901.28557987145,999999,8,1,1
6,0,64906.33329809128,999999,8,6,1
6,5,64907.431776919366,999999,1,6,1
6,4,64919.114498077164,999999,3,4,1
8,2,64923.06558890407,5,999999,6,1
6,0,64927.12156391349,999999,1,6,1
5,2,64927.14188110487,999999,3,8,1
5,5,64927.14188110487,999999,5,8,1
6,5,64927.14188110487,999999,5,6,1
5,5,64932.878697078246,2,999999,6,1
6,5,64938.781859254654,999999,6,3,1
6,3,64940.85726754701,0,8,999999,1
8,6,64952.56632968657,999999,1,3,1
5,3,64953.31899435269,999999,1,5,1
2,8,64956.757955329274,999999,5,1,1
5,0,64956.757955329274,999999,4,3,1
5,2,64956.757955329274,999999,8,5,1
1,5,64959.767413730886,999999,5,8,1
5,2,64960.06851058721,999999,1,7,1
2,8,64962.38123764522,999999,3,8,1
6,6,64962.38123764522,5,6,999999,1
6,4,64965.00106107344,999999,5,0,1
1,5,64969.56782849801,999999,6,3,1
6,5,64969.56782849801,999999,6,0,1
6,6,64971.20620005167,999999,5,3,1
5,6,64973.436503731355,999999,8,1,1
6,4,64973.436503731355,999999,0,8,1
1,6,64973.5374531687,999999,1,2,1
5,6,64973.5374531687,999999,1,5,1
1,4,64973.55982556668,999999,2,8,1
5,5,64973.55982556668,999999,5,2,1
4,3,64975.566507699674,6,999999,1,1
5,0,64975.566507699674,999999,6,3,1
5,5,64979.323770125324,999999,1,4,1
6,8,64983.62740397296,6,999999,0,1
4,0,64986.185256733545,999999,4,8,1
8,0,64987.780881863764,999999,8,3,1
8,6,64991.252571897436,999999,1,8,1
1,4,64993.00378679536,999999,6,5,1
6,7,64993.00378679536,999999,5,4,1
5,6,65004.399695098946,999999,1,0,1
5,3,65006.87261045266,999999,0,6,1
5,6,65006.87261045266,999999,6,3,1
1,6,65007.341406187064,999999,2,5,1
1,6,65007.341406187064,999999,8,5,1
5,1,65007.341406187064,999999,4,3,1
8,1,65007.341406187064,999999,1,3,1
6,2,65007.825023055615,999999,3,8,1
6,3,65007.825023055615,999999,1,0,1
8,2,65009.42270846506,999999,0,5,1
4,4,65014.98416320822,2,999999,1,1
5,4,65014.98416320822,999999,6,1,1
6,2,65014.999844846265,0,6,1,1
6,5,65014.999844846265,999999,1,6,1
6,6,65014.999844846265,1,999999,8,1
1,2,65016.26778978046,999999,0,5,1
5,2,65016.26778978046,999999,1,8,1
1,6,65020.59355379631,999999,4,4,1
5,6,65028.580604515155,999999,2,8,1
6,6,65028.580604515155,8,999999,6,1
8,8,65028.580604515155,0,999999,7,1
6,5,65028.65905958708,0,999999,5,1
5,2,65032.38329193846,999999,5,8,1
5,6,65032.38329193846,999999,1,5,1
6,8,65035.66555962733,999999,4,2,1
5,2,65044.76330454683,999999,8,4,1
6,3,65044.76330454683,6,999999,0,1
5,2,65045.56355409067,999999,3,5,1
5,8,65045.56355409067,999999,1,6,1
6,1,65045.56355409067,8,999999,4,1
6,8,65054.53554663398,8,999999,1,1
5,8,65063.24242332508,6,999999,5,1
6,2,65063.24242332508,5,999999,8,1
1,0,65070.73243318549,999999,0,4,1
8,6,65070.73243318549,6,999999,3,1
5,1,65083.55205736563,999999,5,1,1
5,8,65083.55205736563,999999,1,3,1
6,5,65083.55205736563,999999,0,6,1
5,2,65087.1438786894,999999,0,5,1
5,7,65087.1438786894,8,999999,6,1
6,4,65087.1438786894,999999,5,2,1
6,0,65096.6856877613,999999,6,1,1
6,6,65096.6856877613,999999,0,2,1
6,8,65096.6856877613,999999,0,5,1
4,5,65102.81948475598,999999,1,5,1
5,2,65103.19731183118,999999,3,6,1
8,5,65103.19731183118,2,0,999999,1
8,6,65103.19731183118,4,999999,3,1
5,3,65110.109288922875,1,999999,0,1
8,5,65110.109288922875,999999,0,1,1
5,0,65110.20353252807,6,999999,1,1
6,5,65111.54696322236,999999,5,1,1
6,6,65111.54696322236,999999,8,1,1
6,8,65111.54696322236,6,6,999999,1
6,8,65111.54696322236,999999,6,0,1
8,3,65125.514627098055,999999,8,6,1
5,1,65134.97259043681,999999,2,6,1
8,6,65134.97259043681,999999,1,1,1
6,5,65143.48419251721,999999,6,6,1
5,0,65158.624417400206,3,999999,1,1
5,1,65158.881997063014,0,999999,999999,1
1,0,65170.06162426862,2,999999,4,1
5,0,65170.06162426862,999999,6,6,1
4,5,65171.82697461595,6,999999,6,1
5,5,65172.56925797328,999999,1,8,1
5,1,65173.156195124735,999999,4,8,1
4,2,65175.5770081741,999999,5,3,1
6,2,65176.61859304508,999999,3,6,1
5,6,65181.2409165993,2,999999,5,1
6,7,65181.2409165993,999999,8,5,1
6,1,65181.46956261505,999999,8,0,1
4,0,65183.49757475584,5,999999,2,1
6,2,65183.49757475584,999999,5,8,1
5,5,65186.59458997293,6,5,999999,1
6,2,65186.59458997293,999999,0,6,1
6,6,65186.59458997293,4,999999,5,1
5,8,65197.507845787,0,999999,5,1
4,6,65198.02863827067,1,999999,0,1
5,5,65198.02863827067,999999,0,5,1
1,6,65203.263666582956,999999,3,2,1
6,4,65203.263666582956,999999,6,8,1
6,7,65203.263666582956,999999,6,5,1
1,5,65203.63762985534,6,6,999999,1
5,1,65203.63762985534,999999,6,1,1
8,4,65206.68992552574,999999,3,6,1
5,2,65217.53636606796,999999,2,3,1
5,5,65217.53636606796,999999,2,1,1
4,1,65218.05975248706,5,1,6,1
4,2,65218.05975248706,999999,1,1,1
5,1,65219.80992140675,999999,3,5,1
1,4,65224.20772756976,999999,2,6,1
4,1,65224.20772756976,999999,0,2,1
1,2,65227.727441963296,3,0,1,1
6,3,65228.370873246386,8,999999,5,1
6,8,65228.370873246386,999999,5,2,1
5,2,65228.92944699942,999999,8,5,1
6,5,65228.92944699942,999999,3,6,1
5,5,65244.873273976984,999999,2,8,1
5,8,65249.42618723611,999999,2,6,1
6,5,65252.10547599482,999999,5,4,1
6,6,65252.10547599482,999999,2,3,1
1,0,65255.47965325952,999999,5,6,1
1,6,65255.47965325952,999999,8,2,1
5,3,65255.47965325952,8,999999,5,1
1,1,65256.336077446125,999999,8,1,1
4,5,65256.336077446125,999999,0,5,1
1,3,65274.1961912304,7,999999,0,1
5,1,65274.1961912304,999999,6,8,1
6,5,65279.95409943284,999999,6,1,1
5,1,65285.56583015172,999999,6,0,1
5,2,65285.56583015172,999999,4,1,1
8,2,65285.94508323782,999999,1,3,1
4,6,65287.16129532755,5,999999,6,1
5,6,65290.988155794344,999999,3,2,1
6,6,65290.988155794344,5,999999,3,1
1,6,65298.01550550851,999999,8,2,1
5,8,65298.01550550851,999999,6,4,1
1,2,65311.49711020674,3,0,1,1
4,6,65311.49711020674,999999,5,0,1
8,4,65314.81560615357,999999,5,6,1
5,1,65317.19051644838,999999,2,8,1
6,8,65317.19051644838,999999,8,5,1
5,7,65320.5932732333,999999,1,3,1
5,8,65320.5932732333,999999,6,4,1
4,1,65322.6220903621,999999,5,1,1
1,1,65323.667292428654,999999,5,3,1
8,7,65325.72348395528,5,999999,5,1
6,3,65328.74846362544,999999,5,5,1
4,5,65335.260480324425,6,999999,2,1
6,6,65335.260480324425,4,999999,1,1
1,5,65353.250858672895,999999,3,1,1
5,3,65353.250858672895,999999,1,5,1
6,2,65353.250858672895,999999,1,3,1
1,5,65358.33712440503,999999,4,6,1
6,8,65358.33712440503,999999,6,0,1
5,1,65360.024784148096,999999,1,5,1
6,2,65360.024784148096,1,999999,3,1
8,5,65363.74149551543,999999,6,1,1
5,3,65364.749133838246,999999,0,7,1
6,1,65364.749133838246,999999,6,2,1
2,2,65368.059357051985,999999,4,6,1
6,2,65368.059357051985,999999,8,5,1
6,6,65368.059357051985,2,5,999999,1
1,6,65372.01192765326,2,999999,6,1
1,6,65372.01192765326,999999,4,0,1
1,5,65378.94242894685,999999,0,2,1
6,5,65384.4370736804,999999,6,5,1
1,0,65389.46138065077,999999,6,5,1
5,4,65390.30572269842,999999,6,0,1
6,8,65390.30572269842,999999,2,3,1
5,5,65394.35619835612,999999,5,0,1
8,8,65394.35619835612,999999,3,6,1
1,1,65396.99756648138,999999,6,6,1
6,0,65415.49348831152,999999,5,6,1
1,4,65434.43892499157,5,5,3,1
4,3,65434.43892499157,999999,2,5,1
4,0,65435.40608354851,999999,4,6,1
4,6,65439.12353285187,999999,8,2,1
6,0,65440.96061448531,999999,8,1,1
6,3,65440.96061448531,999999,1,2,1
6,1,65447.08743650058,999999,5,5,1
1,5,65447.58717373102,999999,3,8,1
5,2,65456.35897072126,999999,8,5,1
5,6,65456.35897072126,999999,8,0,1
6,1,65456.35897072126,8,4,999999,1
5,6,65458.008239774936,999999,3,5,1
5,6,65463.41857150798,999999,1,4,1
4,5,65480.45601253474,999999,6,6,1
6,5,65480.45601253474,6,999999,0,1
6,6,65480.45601253474,4,0,0,1
1,2,65482.38605027314,999999,4,5,1
1,6,65482.38605027314,999999,8,8,1
1,8,65482.38605027314,999999,6,6,1
5,8,65482.38605027314,999999,1,0,1
5,1,65496.70963883688,999999,6,0,1
5,1,65502.050553052555,999999,5,6,1
1,6,65502.39817702642,999999,8,0,1
4,3,65502.39817702642,999999,8,0,1
4,2,65505.26275348477,999999,5,0,1
6,3,65505.26275348477,999999,1,6,1
1,5,65507.50737984462,999999,8,4,1
5,0,65507.50737984462,999999,6,8,1
8,6,65507.50737984462,999999,5,6,1
5,6,65508.16542386269,999999,5,7,1
8,6,65508.16542386269,1,5,999999,1
1,8,65511.026239070794,999999,0,5,1
6,3,65511.026239070794,999999,6,5,1
5,5,65515.958182406204,999999,5,4,1
4,0,65520.85432802849,6,999999,8,1
6,4,65520.85432802849,999999,0,3,1
4,5,65524.817491914764,6,999999,2,1
5,2,65524.817491914764,999999,3,4,1
5,5,65524.817491914764,999999,6,2,1
5,2,65532.916625199454,999999,1,0,1
5,4,65532.916625199454,7,999999,5,1
1,8,65537.19843678297,999999,0,6,1
4,5,65563.12286432127,8,999999,4,1
8,6,65563.12286432127,999999,6,2,1
1,5,65579.21028150908,999999,0,3,1
4,0,65584.93422433002,3,999999,1,1
5,2,65603.19207199613,6,5,0,1
5,3,65609.28166723801,999999,2,5,1
2,8,65612.06470166065,999999,5,6,1
4,8,65613.68092359966,2,999999,1,1
1,5,65615.66450168232,999999,6,6,1
5,2,65620.13332821382,999999,2,3,1
1,0,65629.01528818755,999999,8,1,1
1,6,65629.01528818755,2,999999,6,1
6,5,65629.01528818755,4,0,999999,1
8,2,65631.76218224724,999999,4,6,1
5,3,65636.74784877668,999999,0,1,1
5,5,65636.74784877668,6,999999,4,1
1,5,65638.70339744307,999999,0,2,1
1,6,65638.70339744307,999999,1,1,1
6,6,65638.70339744307,999999,3,2,1
5,0,65638.85238129817,6,3,999999,1
5,3,65638.85238129817,999999,5,1,1
5,5,65638.85238129817,999999,1,8,1
1,4,65639.7608367871,999999,5,3,1
5,2,65639.7608367871,999999,6,3,1
6,0,65639.7608367871,999999,2,6,1
5,7,65645.19593192461,3,999999,6,1
5,5,65647.83969825643,3,999999,4,1
5,5,65647.83969825643,999999,2,1,1
5,6,65647.83969825643,999999,6,2,1
6,1,65647.83969825643,999999,3,6,1
5,2,65652.98987223355,999999,6,5,1
8,8,65652.98987223355,5,999999,0,1
5,1,65663.87685935869,999999,4,0,1
8,6,65663.87685935869,999999,5,5,1
6,5,65682.68868243704,999999,2,0,1
8,3,65682.68868243704,999999,5,6,1
6,7,65691.39887842278,999999,8,1,1
1,1,65702.42968496859,999999,5,2,1
5,3,65702.42968496859,6,999999,6,1
8,4,65717.43633156345,999999,1,1,1
1,4,65720.78025923001,999999,2,1,1
6,6,65723.39047052967,999999,8,5,1
6,5,65726.83927992448,999999,3,6,1
5,0,65729.33244916005,999999,6,5,1
6,0,65729.33244916005,6,999999,5,1
8,4,65729.33244916005,999999,3,8,1
5,2,65730.18069950798,999999,5,5,1
8,2,65730.18069950798,999999,4,5,1
6,1,65738.31798538496,999999,5,6,1
6,5,65738.31798538496,999999,2,1,1
6,6,65740.34318994686,8,999999,5,1
6,0,65744.01164515725,999999,3,6,1
5,8,65748.317983009,999999,2,5,1
6,0,65748.57765622713,8,999999,7,1
5,6,65753.18447401372,999999,6,2,1
1,6,65756.59143174872,999999,3,6,1
4,5,65756.59143174872,999999,3,6,1
5,3,65758.7319768873,6,999999,8,1
5,6,65764.33478789356,5,999999,6,1
6,5,65764.33478789356,999999,6,4,1
6,3,65764.45127673127,999999,1,4,1
5,2,65767.07557220591,8,5,999999,1
6,7,65767.07557220591,999999,4,1,1
6,0,65777.71254027421,8,999999,5,1
4,3,65778.36840970529,999999,5,0,1
5,5,65778.36840970529,999999,5,4,1
5,1,65778.5410801996,0,999999,8,1
5,5,65778.5410801996,999999,6,5,1
5,6,65780.36897904513,999999,0,3,1
6,6,65783.74632089636,999999,6,6,1
8,2,65783.74632089636,999999,2,5,1
2,6,65788.73365456378,999999,4,1,1
5,5,65788.73365456378,6,6,999999,1
1,5,65789.2851331266,999999,1,0,1
2,5,65789.2851331266,999999,6,2,1
5,2,65789.2851331266,999999,5,8,1
5,6,65789.2851331266,999999,5,1,1
5,1,65789.49594149839,999999,6,2,1
5,5,65789.49594149839,999999,8,0,1
4,8,65802.48134419443,999999,8,8,1
2,1,65805.47440143708,999999,6,3,1
5,2,65805.47440143708,999999,5,4,1
5,8,65810.55123204063,999999,2,3,1
5,0,65811.85901411981,999999,6,8,1
5,5,65817.22973456081,999999,6,8,1
4,4,65831.24455792841,999999,6,2,1
5,2,65831.24455792841,999999,6,6,1
1,6,65835.44415659986,999999,2,7,1
2,1,65835.44415659986,999999,0,6,1
2,5,65836.1091440705,999999,5,0,1
4,5,65836.1091440705,999999,8,2,1
8,4,65836.1091440705,8,999999,1,1
4,6,65846.00735591284,0,999999,6,1
6,1,65846.00735591284,4,999999,3,1
5,6,65846.99669077035,999999,1,0,1
1,4,65848.61684643084,2,999999,1,1
5,5,65852.50705307144,6,1,999999,1
5,0,65857.72638979579,999999,0,1,1
2,0,65859.8417479312,999999,5,6,1
2,2,65859.8417479312,999999,8,6,1
6,6,65859.8417479312,999999,1,6,1
5,6,65862.25045627075,999999,6,0,1
6,4,65862.25045627075,999999,1,8,1
6,1,65868.59342977307,999999,6,5,1
5,5,65878.22073563126,2,999999,5,1
6,6,65878.22073563126,999999,5,5,1
5,5,65886.5041350061,999999,8,6,1
6,1,65886.5041350061,3,999999,5,1
6,1,65904.36769302911,999999,4,2,1
6,5,65923.71865612264,6,999999,8,1
8,2,65923.71865612264,999999,8,5,1
1,2,65928.30462292326,1,999999,2,1
5,3,65928.46124507036,999999,8,5,1
5,2,65930.92006168215,999999,2,3,1
2,6,65931.04924778151,999999,5,4,1
6,2,65931.04924778151,999999,2,3,1
8,8,65931.04924778151,999999,6,0,1
4,8,65932.63367635055,999999,6,1,1
5,3,65932.63367635055,999999,2,8,1
6,6,65932.63367635055,999999,0,3,1
1,3,65938.66020163633,999999,5,0,1
5,5,65938.66020163633,2,4,999999,1
5,5,65938.66020163633,8,8,5,1
6,1,65938.66020163633,5,999999,3,1
5,4,65945.6556655354,5,6,999999,1
5,6,65945.6556655354,999999,6,8,1
6,2,65945.6556655354,999999,5,0,1
1,3,65948.54939571272,4,5,999999,1
5,1,65948.54939571272,999999,0,8,1
4,5,65949.5319107486,8,999999,4,1
6,6,65949.57082440067,999999,6,6,1
5,5,65950.36742466554,999999,6,5,1
6,2,65950.36742466554,4,999999,0,1
6,5,65950.36742466554,5,999999,2,1
6,6,65950.72811408824,999999,0,6,1
8,2,65950.72811408824,999999,0,5,1
1,6,65958.907479312,999999,3,4,1
6,2,65958.907479312,999999,1,5,1
5,6,65967.05939079633,999999,8,0,1
6,2,65967.05939079633,999999,6,0,1
1,1,65969.50375399672,7,999999,1,1
1,3,65969.50375399672,4,6,999999,1
1,0,65973.19927635144,999999,2,6,1
6,1,65978.61702606389,6,999999,5,1
6,4,65988.4373639942,999999,5,8,1
6,5,65988.4373639942,3,999999,1,1
6,5,65988.4373639942,999999,1,8,1
4,5,65993.97850620962,999999,2,0,1
5,1,65993.97850620962,999999,6,6,1
5,5,65993.97850620962,999999,0,2,1
5,2,65994.77030733088,999999,4,1,1
5,6,65994.77030733088,999999,1,8,1
5,6,65994.77030733088,999999,2,5,1
5,5,66000.05735990478,2,6,999999,1
6,2,66000.05735990478,5,999999,0,1
6,2,66000.10252238683,999999,8,3,1
5,6,66002.35176196633,999999,5,3,1
5,1,66005.51497334952,999999,6,4,1
5,0,66008.49833415265,999999,5,6,1
5,2,66008.49833415265,999999,6,0,1
6,4,66008.49833415265,999999,2,1,1
8,6,66008.49833415265,999999,5,2,1
4,6,66009.93007816176,999999,5,0,1
6,8,66009.93007816176,999999,1,2,1
4,3,66010.14366552712,999999,5,2,1
4,3,66010.14366552712,999999,8,6,1
5,6,66013.78558443493,999999,5,2,1
5,6,66013.78558443493,999999,5,5,1
8,2,66013.78558443493,999999,0,6,1
6,6,66014.5799196442,1,999999,5,1
2,1,66014.71568538997,999999,6,0,1
5,8,66014.71568538997,999999,1,6,1
5,2,66017.58954610299,999999,1,0,1
5,3,66017.58954610299,6,999999,8,1
1,5,66024.05503533644,0,3,999999,1
5,8,66024.05503533644,1,999999,5,1
4,6,66027.20363879466,1,999999,5,1
6,6,66027.20363879466,0,2,999999,1
1,2,66027.20738182489,999999,5,5,1
5,4,66027.20738182489,999999,2,1,1
1,0,66034.17884142022,2,999999,3,1
5,5,66034.31202579931,999999,5,4,1
6,3,66034.31202579931,999999,2,2,1
5,5,66035.19238494262,4,999999,8,1
5,6,66035.19238494262,999999,5,8,1
1,3,66040.63297699891,999999,2,6,1
5,3,66040.63297699891,999999,5,6,1
8,4,66041.67203660011,999999,2,2,1
1,1,66052.1092529142,999999,3,6,1
6,5,66052.1092529142,999999,1,6,1
8,0,66052.1092529142,3,999999,3,1
2,3,66060.79640691097,6,999999,6,1
4,6,66060.79640691097,999999,3,2,1
5,6,66070.91656322344,6,6,8,1
6,1,66071.02493218513,5,999999,6,1
1,0,66071.82236637548,999999,4,5,1
6,6,66071.82236637548,6,999999,0,1
5,8,66073.94400969351,999999,6,0,1
6,6,66073.94400969351,0,999999,6,1
1,1,66074.2951341284,999999,6,0,1
5,3,66074.2951341284,6,999999,8,1
5,5,66074.2951341284,3,999999,4,1
4,3,66076.63461286946,2,999999,6,1
1,5,66076.8600668853,8,6,999999,1
5,1,66081.33977497353,1,7,999999,1
5,2,66081.33977497353,999999,5,4,1
6,1,66081.33977497353,3,999999,1,1
6,6,66081.33977497353,999999,2,5,1
5,3,66093.32618312146,999999,0,6,1
5,6,66093.32618312146,999999,2,1,1
8,5,66093.32618312146,999999,0,2,1
5,0,66096.19597726905,5,999999,3,1
6,3,66096.19597726905,999999,8,6,1
5,3,66096.2314914533,999999,6,1,1
1,6,66109.63738966394,6,999999,6,1
6,6,66109.63738966394,999999,5,8,1
5,6,66110.68782752746,999999,4,1,1
6,2,66110.68782752746,6,999999,8,1
5,5,66116.58892493884,999999,6,5,1
1,6,66116.88484247129,999999,3,8,1
5,6,66116.88484247129,999999,4,5,1
6,8,66116.88484247129,2,5,999999,1
4,2,66117.29230562516,5,999999,6,1
5,2,66117.29230562516,3,999999,6,1
5,2,66117.29230562516,999999,0,5,1
6,5,66128.61983390506,5,999999,1,1
6,6,66128.61983390506,999999,6,2,1
5,0,66129.07835863426,999999,1,3,1
8,6,66129.07835863426,2,3,999999,1
4,5,66132.78027475542,2,2,3,1
6,8,66132.78027475542,999999,5,1,1
5,4,66132.96991024495,6,999999,3,1
6,2,66137.93321734024,999999,4,6,1
5,2,66142.22659238645,999999,6,6,1
2,5,66145.0710777156,5,999999,1,1
6,0,66145.0710777156,6,4,999999,1
5,2,66145.90620466183,999999,5,4,1
5,4,66147.1358511464,999999,5,3,1
6,6,66147.1358511464,999999,8,3,1
8,1,66147.56937343246,5,999999,5,1
6,5,66150.845739583,999999,2,0,1
8,8,66150.845739583,999999,5,0,1
1,6,66158.1467680231,5,999999,0,1
4,3,66158.1467680231,999999,5,1,1
1,5,66166.54075245053,999999,8,0,1
1,5,66168.55136691272,999999,6,5,1
6,5,66168.55136691272,999999,6,0,1
4,5,66173.53522334504,999999,2,0,1
5,0,66180.13325101689,999999,3,5,1
1,6,66182.42918058413,6,999999,5,1
6,7,66185.70638934574,2,999999,3,1
1,0,66193.60937817556,999999,4,3,1
5,1,66193.60937817556,6,3,999999,1
6,0,66193.60937817556,5,6,999999,1
4,5,66199.43248402295,999999,5,0,1
5,0,66202.86848527976,999999,1,8,1
5,5,66204.99748390049,2,999999,2,1
5,2,66207.36991688903,5,999999,3,1
1,3,66209.18819902245,999999,0,8,1
6,2,66209.18819902245,6,999999,8,1
4,6,66213.69567486769,2,4,999999,1
1,4,66215.65782925974,999999,8,6,1
4,6,66215.65782925974,999999,6,5,1
5,2,66221.90215925327,999999,1,6,1
5,5,66222.17870896557,6,999999,1,1
6,0,66222.17870896557,6,999999,5,1
4,6,66226.82472726796,999999,3,2,1
6,8,66226.82472726796,2,999999,0,1
5,5,66228.46958160662,999999,3,6,1
1,6,66229.12067076797,6,999999,5,1
5,5,66232.6196386158,999999,0,3,1
6,5,66232.6196386158,2,1,999999,1
6,0,66238.10209657726,0,999999,8,1
5,1,66242.74037348731,999999,4,3,1
5,2,66242.74037348731,999999,6,4,1
6,6,66242.74037348731,999999,1,5,1
6,6,66243.50429837099,6,999999,5,1
6,5,66247.18754299963,999999,6,4,1
1,5,66255.16909878123,3,6,999999,1
8,1,66255.16909878123,1,3,999999,1
6,6,66256.62607977985,2,2,999999,1
5,6,66265.67233586308,999999,6,5,1
5,7,66267.42871789756,999999,5,3,1
1,4,66270.41259091484,999999,6,3,1
8,6,66271.40799887366,999999,6,5,1
2,5,66283.56866166838,999999,4,8,1
6,6,66283.56866166838,999999,2,4,1
5,5,66284.03751545557,999999,6,6,1
6,1,66284.03751545557,999999,6,2,1
6,3,66285.00297578356,2,999999,8,1
6,6,66285.00297578356,5,999999,1,1
5,3,66291.50928453771,999999,6,2,1
8,7,66296.261128474,999999,3,0,1
5,4,66300.06527574004,999999,6,6,1
8,8,66300.06527574004,6,999999,1,1
8,1,66305.12211223085,8,999999,6,1
5,8,66309.91836491077,999999,0,1,1
6,1,66323.88890000377,999999,2,6,1
4,5,66333.43583986182,999999,4,8,1
1,8,66336.24361847166,999999,6,5,1
5,5,66336.24361847166,999999,8,1,1
6,3,66336.24361847166,5,999999,0,1
6,6,66336.24361847166,2,2,999999,1
6,0,66336.80199106407,999999,5,2,1
5,3,66345.0782068883,999999,4,2,1
5,5,66345.89839913526,3,4,999999,1
6,0,66345.89839913526,999999,8,6,1
1,2,66353.10521292545,6,999999,1,1
4,0,66353.10521292545,999999,6,6,1
5,5,66353.10521292545,1,999999,8,1
4,4,66355.3920383347,999999,6,5,1
5,5,66359.93291652916,1,6,3,1
8,6,66359.93291652916,999999,8,2,1
4,1,66359.99477317923,999999,8,6,1
6,8,66359.99477317923,5,6,999999,1
5,3,66360.9529443904,999999,5,5,1
1,6,66361.14229810121,999999,5,4,1
6,6,66361.14229810121,999999,4,8,1
8,5,66361.14229810121,999999,5,8,1
1,5,66361.56994563952,999999,8,4,1
6,0,66361.56994563952,999999,1,8,1
2,8,66363.66909901015,999999,6,5,1
6,5,66363.66909901015,999999,0,8,1
5,1,66364.16506824759,999999,1,6,1
5,2,66364.16506824759,999999,5,5,1
4,2,66367.00069403846,999999,6,5,1
8,5,66367.00069403846,999999,1,4,1
1,6,66368.42341160674,999999,6,6,1
5,0,66368.42341160674,999999,5,1,1
5,1,66370.85336874095,999999,5,5,1
5,1,66374.0209425353,999999,5,3,1
5,4,66374.0209425353,6,5,999999,1
1,8,66374.12395054694,999999,0,5,1
5,2,66374.12395054694,999999,3,6,1
1,6,66374.35882223192,999999,3,5,1
5,5,66374.35882223192,999999,6,1,1
5,6,66374.35882223192,999999,8,1,1
5,4,66383.19959657204,999999,8,3,1
5,0,66384.35758272944,999999,6,4,1
6,2,66384.35758272944,5,999999,0,1
5,1,66390.34139673629,6,999999,5,1
5,3,66390.34139673629,999999,6,2,1
6,6,66390.34139673629,999999,6,5,1
5,6,66394.72175627839,999999,1,8,1
5,6,66394.72175627839,999999,4,7,1
8,1,66395.24633627967,999999,1,6,1
4,1,66408.57965012305,999999,0,6,1
8,8,66408.57965012305,999999,0,8,1
5,1,66414.05059192539,999999,4,4,1
5,8,66414.05059192539,6,999999,1,1
8,5,66419.16066956369,999999,6,5,1
4,8,66421.81562294597,999999,6,3,1
8,2,66421.81562294597,999999,6,5,1
6,5,66425.33568560037,999999,1,2,1
4,2,66434.53605423667,5,8,999999,1
5,2,66434.53605423667,999999,5,5,1
5,8,66438.6473141629,999999,3,0,1
5,2,66439.23461570678,999999,2,3,1
8,0,66439.23461570678,999999,3,5,1
1,0,66442.94265895725,999999,4,1,1
5,6,66442.94265895725,0,999999,6,1
5,0,66451.96182517921,5,1,999999,1
5,5,66451.96182517921,999999,1,5,1
8,0,66451.96182517921,999999,5,4,1
8,4,66451.96182517921,999999,2,3,1
5,2,66453.67863282161,999999,8,6,1
2,2,66458.03984219914,999999,8,6,1
2,5,66458.03984219914,999999,6,4,1
6,1,66458.03984219914,999999,2,3,1
2,5,66469.87022045506,999999,3,6,1
5,3,66469.87022045506,999999,5,5,1
5,5,66469.87022045506,999999,6,6,1
6,5,66469.87022045506,0,1,999999,1
8,0,66469.87022045506,999999,6,6,1
8,4,66473.26388077874,6,999999,3,1
5,2,66475.77712208683,999999,1,7,1
5,6,66475.77712208683,0,999999,5,1
6,3,66481.08068656131,999999,8,5,1
4,8,66482.46498607485,4,5,999999,1
1,0,66483.56096972435,999999,8,6,1
5,5,66483.56096972435,999999,1,5,1
6,1,66483.56096972435,999999,6,8,1
6,5,66490.42044388814,999999,0,2,1
6,5,66490.42044388814,999999,2,5,1
5,4,66494.26498398352,3,999999,6,1
5,0,66498.95940746568,999999,5,2,1
5,5,66498.95940746568,4,5,999999,1
6,5,66502.43955333513,999999,6,999999,1
1,1,66505.85766044684,7,999999,4,1
6,2,66505.85766044684,999999,6,4,1
6,3,66505.85766044684,999999,1,5,1
5,2,66511.68084801032,999999,6,6,1
8,5,66511.68084801032,999999,5,8,1
2,5,66519.51684788491,999999,6,8,1
5,7,66519.51684788491,999999,6,2,1
6,5,66519.51684788491,999999,8,6,1
1,6,66521.5059019358,999999,1,0,1
1,6,66521.5059019358,999999,6,5,1
6,6,66525.57437214271,0,999999,8,1
8,1,66525.57437214271,1,3,999999,1
1,1,66526.42679647585,999999,2,6,1
6,1,66526.42679647585,999999,6,4,1
5,7,66527.241123216,1,5,999999,1
1,4,66530.4402292907,999999,3,1,1
4,1,66530.4402292907,6,999999,2,1
5,3,66530.4402292907,999999,999999,6,1
5,7,66532.4034728872,5,3,999999,1
6,2,66532.4034728872,5,1,6,1
6,6,66536.4395907307,999999,1,0,1
8,2,66536.4395907307,6,999999,6,1
1,2,66542.96175153006,999999,6,3,1
5,1,66542.96175153006,999999,6,5,1
5,1,66542.96175153006,999999,8,0,1
8,6,66542.96175153006,999999,4,5,1
8,3,66559.39045539986,999999,5,5,1
5,0,66562.88848382329,999999,3,5,1
5,6,66562.88848382329,999999,5,4,1
5,8,66562.88848382329,2,4,999999,1
8,8,66562.88848382329,999999,5,4,1
6,3,66563.27891185808,2,5,999999,1
5,8,66566.88852356818,999999,0,4,1
5,1,66570.37588437658,0,999999,8,1
6,2,66570.37588437658,999999,1,0,1
6,2,66570.37588437658,999999,5,0,1
8,8,66570.37588437658,999999,5,4,1
1,3,66573.50195740593,999999,0,2,1
5,5,66573.50195740593,999999,1,6,1
1,4,66578.15668683263,999999,3,8,1
6,4,66578.15668683263,5,2,999999,1
6,4,66586.26597891941,999999,3,8,1
4,3,66590.50286110038,999999,0,5,1
6,5,66590.50286110038,999999,5,1,1
5,5,66592.57273424632,2,999999,1,1
6,2,66592.57273424632,999999,8,3,1
6,2,66593.85423370755,8,999999,5,1
1,6,66597.10142544175,999999,4,4,1
4,2,66598.82903830957,999999,8,4,1
5,1,66604.1387025297,999999,4,6,1
4,8,66610.73068552003,999999,1,5,1
5,8,66617.30691213012,999999,2,1,1
6,5,66617.30691213012,999999,8,1,1
1,5,66617.95010219648,999999,6,1,1
6,5,66617.95010219648,999999,4,5,1
2,2,66618.85989823313,999999,5,6,1
5,5,66618.85989823313,2,999999,6,1
6,0,66635.51121522406,6,999999,5,1
8,6,66635.51121522406,999999,5,3,1
4,1,66641.56759535887,999999,6,0,1
4,6,66641.56759535887,999999,3,999999,1
5,6,66641.56759535887,999999,8,5,1
5,5,66651.96917251027,999999,6,4,1
5,1,66652.86911898134,999999,6,6,1
5,4,66652.86911898134,999999,4,3,1
4,0,66654.01037321854,999999,6,8,1
5,6,66654.01037321854,999999,6,5,1
1,0,66661.35026783175,999999,3,5,1
1,8,66661.35026783175,5,999999,5,1
5,5,66661.35026783175,999999,8,2,1
4,1,66667.3941065171,999999,5,4,1
5,4,66667.3941065171,999999,6,6,1
5,2,66669.30043912877,999999,7,3,1
5,6,66672.30247630198,999999,5,8,1
5,8,66672.30247630198,5,3,999999,1
5,8,66672.30247630198,5,999999,5,1
6,6,66674.01915974046,999999,6,0,1
6,1,66676.15376526196,999999,5,8,1
6,2,66676.15376526196,999999,5,0,1
5,7,66690.29292871598,5,999999,6,1
4,1,66691.24499451286,999999,4,5,1
5,2,66691.24499451286,999999,1,0,1
6,2,66691.24499451286,999999,4,1,1
4,8,66695.14881784207,3,2,999999,1
5,1,66695.14881784207,999999,6,2,1
5,1,66697.29935165792,999999,2,5,1
5,6,66697.29935165792,999999,5,6,1
5,0,66697.54810032314,999999,1,6,1
1,6,66715.16326340623,999999,5,6,1
6,0,66715.16326340623,1,999999,2,1
6,0,66715.16326340623,8,6,2,1
6,6,66715.16326340623,999999,6,3,1
4,2,66716.42689911996,1,999999,5,1
6,7,66716.42689911996,1,999999,2,1
5,1,66719.18760269441,999999,0,3,1
6,6,66719.18760269441,999999,8,5,1
8,0,66719.18760269441,2,999999,5,1
8,8,66719.18760269441,999999,0,7,1
1,8,66729.77351909156,1,999999,0,1
5,6,66729.77351909156,5,999999,1,1
5,6,66732.97798093845,999999,4,2,1
8,4,66732.97798093845,999999,1,7,1
4,5,66735.25533971122,999999,1,5,1
4,0,66745.64519316738,999999,6,8,1
4,3,66745.64519316738,5,999999,6,1
4,0,66750.44432843683,999999,3,5,1
8,4,66750.44432843683,999999,6,5,1
1,6,66752.49628020843,999999,6,3,1
5,8,66752.49628020843,999999,8,0,1
6,5,66752.49628020843,999999,6,1,1
4,5,66752.97727834157,999999,6,1,1
5,6,66752.97727834157,999999,8,1,1
6,5,66752.97727834157,6,999999,0,1
2,8,66766.58852949718,999999,1,0,1
6,8,66775.20658860262,999999,5,0,1
6,5,66800.71665494864,999999,1,8,1
6,5,66800.71665494864,999999,3,1,1
5,3,66800.73235018097,999999,6,8,1
5,5,66800.73235018097,0,999999,6,1
1,6,66808.3072371554,2,999999,6,1
1,6,66808.3072371554,6,999999,7,1
1,6,66808.3072371554,999999,4,4,1
5,5,66812.57588984029,6,999999,8,1
5,5,66812.57588984029,999999,6,5,1
5,8,66812.57588984029,5,999999,5,1
6,4,66819.17638114448,2,999999,3,1
1,1,66827.56282710629,999999,3,2,1
5,5,66827.56282710629,5,999999,8,1
5,0,66827.79115312475,5,6,6,1
5,2,66827.79115312475,999999,2,4,1
6,3,66827.79115312475,999999,8,0,1
5,3,66837.3757354464,0,4,2,1
6,3,66841.20671150346,999999,1,6,1
6,7,66844.35575513469,8,999999,2,1
6,3,66846.2238809087,999999,6,2,1
5,0,66849.93724284145,999999,8,6,1
8,5,66849.93724284145,999999,8,1,1
5,6,66853.12617625271,4,1,999999,1
1,5,66860.1337800937,999999,8,6,1
6,1,66860.1337800937,999999,0,8,1
6,6,66860.1337800937,999999,0,0,1
6,8,66860.1337800937,999999,5,5,1
6,6,66862.03154810483,999999,5,1,1
1,4,66864.29900648585,999999,5,2,1
5,3,66864.29900648585,999999,6,1,1
6,3,66864.29900648585,999999,4,6,1
5,2,66868.89371587436,5,999999,6,1
5,5,66868.89371587436,5,999999,2,1
1,6,66877.31642652194,999999,0,5,1
8,5,66877.31642652194,6,999999,5,1
2,3,66878.39436579133,999999,2,0,1
1,2,66879.57442760038,999999,5,6,1
6,0,66879.57442760038,999999,1,6,1
6,5,66879.57442760038,999999,5,6,1
6,8,66879.99686204334,999999,5,6,1
1,6,66889.12102538165,1,999999,4,1
5,2,66889.12102538165,999999,6,5,1
6,6,66902.36537670514,8,999999,1,1
5,0,66909.4225187177,4,999999,5,1
5,1,66909.4225187177,999999,1,2,1
5,4,66911.0648050938,999999,1,6,1
1,1,66914.21619524724,999999,5,3,1
5,5,66914.21619524724,999999,4,6,1
4,5,66916.83880537032,999999,3,5,1
5,5,66918.23507133103,999999,5,2,1
6,4,66918.77518363405,999999,0,1,1
5,3,66922.36666864123,999999,6,5,1
5,5,66922.36666864123,999999,6,5,1
1,8,66926.89272525937,4,6,0,1
5,2,66926.89272525937,999999,1,0,1
5,8,66927.39526955663,999999,5,7,1
5,5,66927.87300826986,1,999999,2,1
5,5,66927.87300826986,999999,6,0,1
5,7,66927.87300826986,999999,2,5,1
1,6,66927.92608375056,999999,1,6,1
5,4,66927.92608375056,3,999999,6,1
1,6,66932.5558276322,5,999999,5,1
5,5,66932.5558276322,999999,5,1,1
5,2,66943.62211416016,999999,1,0,1
4,2,66950.90949283542,999999,1,1,1
5,6,66950.90949283542,999999,4,6,1
8,6,66950.90949283542,999999,3,0,1
5,5,66952.25852890077,6,999999,1,1
5,5,66952.25852890077,999999,4,6,1
5,6,66956.86826217918,999999,4,0,1
6,3,66956.86826217918,999999,0,3,1
5,7,66958.50864481162,8,999999,6,1
6,0,66958.50864481162,999999,2,4,1
1,1,66958.60441982144,999999,8,3,1
6,6,66962.49725698262,999999,5,5,1
6,4,66971.41312393297,999999,8,5,1
8,8,66985.24019552745,2,999999,3,1
5,5,66989.7595796605,999999,6,8,1
6,8,66989.7595796605,999999,2,3,1
8,5,66989.7595796605,999999,5,8,1
1,5,66990.08806317639,5,999999,0,1
2,3,66990.08806317639,999999,1,6,1
6,6,66990.08806317639,999999,0,5,1
6,1,67001.33168550543,999999,3,6,1
8,6,67001.33168550543,999999,0,1,1
4,2,67006.6507073552,999999,4,8,1
5,7,67006.6507073552,999999,2,0,1
6,5,67006.6507073552,999999,6,6,1
6,4,67018.1974672378,999999,6,6,1
8,2,67018.97938906071,999999,8,1,1
8,4,67022.00793119014,999999,3,6,1
5,6,67022.08968656253,999999,8,3,1
6,5,67022.08968656253,6,999999,2,1
6,6,67027.11759220925,5,999999,2,1
5,6,67037.9675146855,999999,8,4,1
5,2,67044.69487723429,999999,0,6,1
5,5,67044.69487723429,4,999999,1,1
1,6,67045.20571297903,999999,1,8,1
6,5,67057.54581859315,999999,4,2,1
1,5,67060.1164259994,999999,6,6,1
4,4,67060.1164259994,4,999999,2,1
5,8,67060.1164259994,999999,5,6,1
2,0,67061.16572463904,5,6,999999,1
4,0,67061.16572463904,999999,5,5,1
4,6,67063.71403511899,6,999999,8,1
5,5,67063.71403511899,999999,8,5,1
8,4,67063.71403511899,999999,3,6,1
8,5,67063.71403511899,4,999999,3,1
5,5,67065.31014042017,999999,8,6,1
6,8,67065.31014042017,5,999999,2,1
6,4,67074.75980087131,999999,1,8,1
4,4,67081.6929432848,8,999999,6,1
6,6,67081.6929432848,5,999999,3,1
2,8,67090.54835357342,999999,3,8,1
4,0,67093.01791567545,999999,5,1,1
5,8,67093.01791567545,5,999999,6,1
8,4,67098.95483639321,999999,6,5,1
6,4,67105.10245934852,999999,6,6,1
6,6,67105.10245934852,999999,2,5,1
5,3,67106.19029213056,1,999999,5,1
4,2,67114.28262539198,999999,3,6,1
6,6,67114.28262539198,999999,5,2,1
6,7,67114.28262539198,999999,0,5,1
6,8,67114.28262539198,6,999999,3,1
2,5,67122.49012452278,999999,0,3,1
5,6,67122.49012452278,5,999999,6,1
5,8,67122.49012452278,5,3,999999,1
6,3,67122.85382800459,6,999999,6,1
6,6,67122.85382800459,999999,0,5,1
5,2,67124.12860506633,5,0,999999,1
5,8,67126.76061407373,999999,2,6,1
1,1,67127.52736242363,999999,6,3,1
4,7,67127.52736242363,999999,2,1,1
5,6,67127.52736242363,999999,6,5,1
1,6,67135.19600662074,999999,5,0,1
5,1,67135.19600662074,999999,2,2,1
5,5,67158.29594993356,3,999999,1,1
6,1,67158.29594993356,999999,4,0,1
6,6,67162.87303799888,999999,6,3,1
6,0,67164.05191993504,5,999999,6,1
6,8,67164.05191993504,1,999999,6,1
6,1,67167.68396275939,999999,3,1,1
1,5,67174.16385318294,999999,0,8,1
6,2,67174.16385318294,999999,8,6,1
6,5,67186.6004633567,6,8,999999,1
6,8,67186.6004633567,999999,6,1,1
4,0,67193.944962538,999999,6,7,1
4,2,67193.944962538,999999,8,0,1
6,1,67199.73219995515,999999,6,0,1
6,4,67199.73219995515,999999,5,6,1
5,1,67206.96389569626,999999,6,2,1
8,2,67206.96389569626,999999,0,5,1
8,3,67206.96389569626,0,999999,5,1
1,5,67220.12323719643,999999,5,8,1
6,6,67223.19394252556,999999,4,6,1
8,6,67223.19394252556,999999,7,6,1
5,4,67225.35766630134,999999,6,6,1
5,6,67225.35766630134,1,2,999999,1
1,5,67227.75430159894,999999,4,6,1
6,4,67227.75430159894,999999,5,3,1
1,1,67231.3582162774,999999,6,1,1
5,2,67236.26409614038,999999,6,5,1
6,1,67236.33460642376,999999,6,2,1
1,6,67246.0705132504,999999,3,5,1
6,2,67246.3183674767,5,999999,0,1
8,3,67246.3183674767,999999,4,6,1
6,2,67255.44740054058,999999,4,5,1
8,8,67258.20725388986,1,6,999999,1
1,3,67263.00733854357,999999,1,0,1
5,6,67263.00733854357,1,1,999999,1
4,8,67298.36231156516,999999,1,5,1
5,3,67298.36231156516,999999,7,0,1
5,8,67298.36231156516,999999,4,6,1
8,8,67298.36231156516,999999,2,6,1
4,4,67302.12620029006,999999,5,8,1
5,2,67302.12620029006,999999,0,5,1
6,4,67307.80958023075,999999,5,4,1
6,8,67307.80958023075,8,999999,5,1
8,5,67307.80958023075,999999,6,2,1
5,5,67311.90416101408,999999,7,3,1
6,7,67311.90416101408,3,999999,8,1
5,2,67316.75932376669,8,6,999999,1
2,6,67316.82702170567,8,999999,5,1
5,6,67316.82702170567,5,999999,1,1
5,3,67333.75893538362,999999,4,6,1
6,6,67333.75893538362,6,999999,6,1
5,1,67334.9542161278,999999,4,0,1
6,2,67334.9542161278,999999,0,6,1
8,0,67334.9542161278,5,999999,2,1
6,6,67337.36985412224,999999,8,2,1
5,0,67339.35528890754,2,1,999999,1
6,3,67339.35528890754,999999,1,6,1
6,5,67340.37603414737,999999,3,6,1
1,4,67352.05539670275,999999,5,1,1
5,6,67352.05539670275,6,999999,5,1
6,8,67352.05539670275,999999,6,1,1
5,3,67354.49473886767,999999,5,4,1
8,1,67355.82129449285,5,6,3,1
5,2,67360.13800757515,1,5,999999,1
5,6,67362.92470954152,999999,4,6,1
1,2,67365.04293691766,999999,6,5,1
5,6,67365.04293691766,999999,5,1,1
4,3,67370.2058664637,999999,1,5,1
4,4,67374.74281397868,999999,3,4,1
6,2,67374.74281397868,6,999999,3,1
6,6,67374.74281397868,999999,5,1,1
5,0,67381.50239712532,999999,6,8,1
8,2,67381.50239712532,6,999999,3,1
1,5,67400.99943931331,999999,6,5,1
1,1,67412.7739678211,999999,8,3,1
5,2,67412.7739678211,999999,3,5,1
1,3,67416.04825775098,999999,1,8,1
5,3,67417.54072331464,6,999999,8,1
5,3,67419.8005359775,6,999999,2,1
6,1,67428.20456924825,999999,8,6,1
6,6,67428.20456924825,999999,6,0,1
5,3,67428.96505466702,999999,6,5,1
5,1,67430.12595372253,8,999999,7,1
5,6,67434.81548316497,999999,3,5,1
4,3,67456.13667036078,999999,6,5,1
5,0,67457.27743738267,999999,5,6,1
5,1,67457.27743738267,999999,3,5,1
6,6,67457.27743738267,999999,8,3,1
6,1,67486.515794617,5,5,999999,1
6,1,67486.515794617,999999,6,2,1
5,2,67491.6295100671,999999,0,2,1
5,3,67493.28890948635,6,8,6,1
6,5,67493.28890948635,999999,4,3,1
6,5,67493.28890948635,999999,6,2,1
8,6,67494.50268374817,999999,1,4,1
5,1,67496.49598585146,999999,6,7,1
1,8,67497.9629702442,999999,4,5,1
6,8,67497.9629702442,999999,2,5,1
5,2,67504.42250259007,999999,1,7,1
6,6,67515.48107951938,999999,5,2,1
8,0,67515.48107951938,999999,2,0,1
5,2,67516.52916891464,999999,3,8,1
6,1,67522.26975144746,999999,6,4,1
5,7,67530.69852528695,999999,6,8,1
6,1,67538.20749869045,2,4,5,1
6,6,67538.20749869045,999999,4,6,1
4,1,67539.60897629746,999999,6,2,1
5,6,67551.26659133805,6,8,999999,1
6,6,67576.67823365434,6,999999,5,1
6,3,67579.53396587563,999999,6,5,1
6,3,67591.25503365447,999999,4,6,1
4,1,67595.93031045994,999999,3,6,1
5,1,67595.93031045994,6,999999,6,1
2,6,67596.35977351833,5,999999,3,1
4,2,67596.35977351833,999999,6,5,1
6,8,67596.35977351833,999999,3,0,1
5,2,67598.19424512507,999999,5,4,1
5,7,67598.19424512507,999999,2,1,1
6,6,67598.19424512507,6,999999,1,1
5,2,67601.15736346957,999999,4,1,1
6,6,67601.15736346957,999999,1,5,1
8,6,67601.15736346957,4,999999,3,1
1,0,67602.38824699093,5,999999,5,1
4,5,67602.38824699093,8,999999,5,1
6,1,67603.14411921038,5,999999,4,1
8,1,67603.14411921038,999999,3,6,1
4,2,67603.58295593158,5,999999,6,1
6,6,67603.58295593158,999999,1,6,1
6,5,67611.46849542396,999999,1,6,1
5,1,67642.65687525386,999999,5,4,1
6,0,67642.65687525386,999999,3,5,1
1,5,67643.13532341487,1,999999,3,1
5,5,67643.13532341487,999999,6,6,1
2,5,67650.02193239353,999999,6,8,1
6,5,67651.03674819131,999999,3,5,1
5,6,67660.76403140863,6,999999,6,1
8,1,67660.76403140863,999999,0,2,1
4,1,67663.46175418248,999999,6,4,1
6,3,67663.46175418248,999999,6,1,1
4,2,67664.85030960984,999999,1,0,1
6,1,67664.85030960984,7,999999,6,1
8,6,67665.20551690657,999999,3,5,1
1,3,67692.94246631849,999999,6,6,1
5,2,67692.94246631849,999999,6,1,1
6,5,67693.37951870238,999999,6,4,1
6,6,67693.37951870238,999999,0,1,1
6,4,67695.99148354898,999999,6,8,1
6,3,67698.45477352245,0,999999,3,1
1,5,67710.00530121055,999999,6,6,1
1,6,67713.59070493575,0,999999,5,1
1,8,67718.95764741545,999999,5,4,1
4,4,67734.33322499483,2,999999,5,1
6,2,67742.74232985161,999999,0,5,1
5,6,67750.2077734123,999999,6,1,1
6,5,67750.2077734123,999999,2,6,1
8,2,67753.98987462613,5,999999,6,1
1,0,67755.2068247319,999999,5,1,1
1,1,67755.2068247319,999999,5,6,1
5,5,67756.3786934698,999999,2,6,1
6,6,67756.3786934698,999999,2,4,1
6,8,67756.3786934698,999999,5,3,1
8,7,67764.65851046602,999999,1,1,1
5,4,67771.00535463447,0,999999,3,1
5,5,67788.54912646598,1,999999,5,1
6,6,67788.54912646598,999999,5,2,1
1,3,67794.82330331944,999999,0,2,1
5,2,67794.82330331944,999999,3,4,1
8,1,67794.82330331944,999999,8,6,1
4,5,67806.5559428357,999999,6,1,1
5,6,67810.64174079947,999999,5,6,1
8,8,67810.64174079947,999999,6,3,1
5,8,67819.26195378767,5,8,999999,1
8,1,67819.26195378767,999999,6,1,1
5,3,67832.30295974998,999999,999999,6,1
5,6,67842.78910495617,2,999999,0,1
2,6,67843.84841070279,999999,4,1,1
6,0,67843.84841070279,999999,8,6,1
6,2,67843.84841070279,999999,4,6,1
6,6,67843.84841070279,999999,4,0,1
8,0,67845.6191761689,8,999999,5,1
4,2,67850.80487821603,999999,5,4,1
5,0,67850.80487821603,999999,4,1,1
6,5,67850.80487821603,999999,3,8,1
5,2,67851.44211145889,999999,1,2,1
5,5,67851.44211145889,999999,3,2,1
5,2,67871.4671554883,999999,0,1,1
1,8,67872.90692188224,999999,2,1,1
5,6,67872.90692188224,999999,5,7,1
6,1,67872.90692188224,999999,5,8,1
1,6,67882.5109623618,999999,1,8,1
5,2,67888.29417503104,999999,4,6,1
8,3,67888.29417503104,3,999999,0,1
4,1,67896.72901963946,999999,8,0,1
5,5,67898.97680910681,4,999999,6,1
5,5,67898.97680910681,999999,3,5,1
5,6,67898.97680910681,999999,5,0,1
5,1,67904.56413816843,999999,6,8,1
4,1,67912.28145047963,999999,6,5,1
5,2,67912.28145047963,0,8,999999,1
5,1,67912.30587823868,999999,8,5,1
5,1,67914.37235859108,999999,8,6,1
6,3,67914.37235859108,5,999999,2,1
4,5,67916.4964719528,999999,8,4,1
4,0,67934.36112602783,5,8,3,1
4,4,67934.36112602783,999999,0,5,1
6,2,67936.10149020131,999999,6,5,1
5,5,67958.16535147322,999999,0,1,1
6,2,67958.16535147322,999999,2,0,1
6,2,67958.16535147322,999999,5,0,1
6,6,67958.16535147322,3,999999,5,1
8,6,67958.16535147322,999999,2,1,1
1,1,67964.22982813601,999999,1,7,1
5,0,67970.003197805,999999,5,2,1
5,6,67970.003197805,999999,6,6,1
1,3,67970.04254552649,1,999999,2,1
6,5,67985.13018259624,999999,8,6,1
6,6,67985.13018259624,6,999999,2,1
5,6,67994.72788549936,6,5,999999,1
6,6,67994.72788549936,999999,6,5,1
5,1,67995.41366078155,999999,8,1,1
5,6,67995.41366078155,999999,5,0,1
5,6,67997.5334028375,0,999999,1,1
6,8,67997.5334028375,999999,3,5,1
1,5,68013.63480966722,999999,5,1,1
4,8,68017.56520087356,8,999999,2,1
5,8,68028.0186585035,999999,6,0,1
4,4,68037.2203011174,999999,3,2,1
1,7,68041.9321689935,8,999999,4,1
4,6,68041.9321689935,999999,3,4,1
6,6,68041.9321689935,999999,5,0,1
6,8,68041.9321689935,999999,6,1,1
5,2,68044.71837775873,999999,4,8,1
5,5,68044.71837775873,999999,6,3,1
5,1,68048.15218696206,999999,5,2,1
5,7,68048.15218696206,999999,6,5,1
4,2,68050.54900415776,999999,5,0,1
4,7,68067.07539842096,999999,0,5,1
5,5,68067.07539842096,5,999999,6,1
8,1,68069.44428510162,999999,8,6,1
4,4,68074.76005881683,999999,5,7,1
8,4,68074.76005881683,999999,8,4,1
8,6,68077.62731374736,6,2,1,1
6,2,68079.0121979138,6,999999,999999,1
8,2,68086.14425089762,6,999999,3,1
5,1,68086.18078043842,999999,3,0,1
5,6,68086.18078043842,5,6,3,1
5,6,68088.81357337232,0,5,999999,1
6,3,68088.81357337232,999999,2,1,1
5,1,68088.8422843266,999999,6,8,1
5,5,68088.8422843266,999999,3,1,1
6,0,68090.03880799588,999999,3,4,1
6,4,68094.52004206693,999999,5,2,1
2,5,68109.27044099597,4,999999,6,1
5,8,68115.39501621547,999999,5,1,1
1,2,68122.37237464126,999999,5,8,1
5,2,68122.37237464126,8,999999,1,1
1,3,68127.92838209655,999999,6,6,1
6,8,68127.92838209655,7,999999,8,1
5,4,68135.91259017932,999999,5,5,1
6,5,68140.82066314456,0,999999,0,1
4,4,68152.69330884668,999999,1,8,1
6,6,68152.69330884668,5,999999,2,1
1,1,68154.9689551683,999999,5,5,1
1,2,68154.9689551683,999999,4,6,1
4,2,68154.9689551683,999999,5,0,1
6,0,68165.36149060106,6,999999,5,1
5,3,68166.54188695832,999999,0,6,1
1,8,68170.77388509872,1,1,999999,1
2,5,68187.57452808414,6,8,999999,1
4,8,68187.57452808414,0,8,5,1
5,2,68187.57452808414,999999,3,4,1
6,6,68196.01012167583,999999,6,5,1
6,1,68196.81088902905,999999,5,6,1
6,6,68197.25250553693,999999,2,2,1
8,0,68198.33557386331,999999,5,2,1
4,6,68215.87243672894,999999,3,6,1
5,5,68231.03719722337,999999,8,2,1
6,1,68231.03719722337,999999,6,2,1
5,8,68236.06890957682,8,999999,0,1
1,6,68238.60952165494,999999,3,5,1
8,1,68238.60952165494,6,999999,0,1
5,3,68240.8201760443,999999,6,6,1
1,6,68241.06378141609,999999,3,6,1
6,4,68242.70550749458,999999,2,3,1
4,7,68243.1007491455,999999,0,3,1
5,1,68243.1007491455,6,999999,1,1
6,7,68251.28391164818,8,999999,5,1
4,0,68257.71466205172,999999,5,1,1
1,1,68280.12025618282,999999,6,6,1
8,7,68297.02738570824,999999,5,6,1
5,8,68299.94242426883,999999,6,5,1
5,6,68304.89642840461,999999,5,3,1
6,2,68304.89826941481,6,999999,8,1
1,2,68305.54897379605,999999,4,6,1
1,5,68305.54897379605,999999,2,4,1
1,2,68310.72497465897,999999,1,6,1
6,5,68310.72497465897,999999,8,1,1
5,5,68312.69653341033,999999,0,3,1
6,4,68312.69653341033,999999,3,6,1
8,4,68312.85511717091,999999,0,0,1
5,2,68317.06656485064,8,6,999999,1
4,6,68321.67445482683,999999,8,1,1
1,5,68325.94815251553,999999,4,6,1
5,6,68325.94815251553,999999,5,1,1
1,7,68329.50266540985,999999,2,6,1
5,5,68331.17863319456,999999,0,1,1
6,0,68340.7066082829,999999,5,6,1
5,4,68345.58290971335,3,0,999999,1
5,1,68352.7620341522,999999,2,6,1
6,0,68362.00378070715,999999,6,5,1
5,6,68362.82251337069,999999,6,5,1
6,3,68362.82251337069,999999,8,6,1
4,8,68362.93155515182,999999,2,6,1
6,1,68362.93155515182,5,3,999999,1
6,2,68363.33253344797,999999,6,5,1
5,8,68365.91697583065,999999,6,5,1
5,1,68372.90742947483,999999,6,1,1
5,6,68372.90742947483,999999,3,1,1
2,3,68377.64580290114,6,999999,6,1
6,1,68377.64580290114,999999,0,5,1
6,2,68384.66481478994,999999,5,1,1
1,1,68387.89662920203,999999,5,5,1
5,1,68387.89662920203,5,999999,6,1
5,3,68387.89662920203,999999,1,0,1
5,2,68387.989318191,999999,3,5,1
5,4,68387.989318191,999999,8,7,1
8,0,68390.47264092776,999999,6,8,1
1,6,68390.53833088437,999999,5,3,1
2,8,68390.53833088437,999999,4,6,1
4,1,68395.4740766516,999999,8,4,1
1,6,68400.47746252379,999999,5,6,1
6,0,68413.60452095882,8,999999,5,1
6,2,68416.29229374912,999999,5,3,1
5,0,68416.8787033035,6,999999,8,1
5,5,68416.8787033035,5,6,999999,1
6,5,68416.8787033035,999999,1,1,1
5,8,68419.23786054518,3,999999,5,1
6,0,68419.23786054518,6,999999,5,1
6,4,68419.23786054518,999999,8,6,1
5,2,68419.42402537783,3,999999,4,1
6,5,68419.42402537783,999999,2,4,1
5,5,68423.49080521992,999999,3,6,1
5,6,68423.49080521992,999999,0,3,1
5,3,68427.72495601683,999999,8,6,1
1,5,68429.46220089248,2,5,999999,1
5,6,68431.94777950096,999999,6,4,1
1,1,68434.45309148189,999999,6,1,1
4,3,68446.33859535134,999999,2,5,1
6,0,68446.33859535134,5,999999,3,1
4,5,68457.63862169201,999999,0,5,1
5,5,68457.63862169201,6,999999,1,1
5,3,68488.19431423934,999999,8,1,1
8,5,68488.19431423934,999999,6,5,1
1,5,68493.08554845142,999999,0,8,1
6,1,68493.08554845142,999999,3,6,1
1,6,68507.06599954073,4,0,999999,1
6,3,68507.06599954073,5,999999,0,1
5,0,68516.05623729674,999999,4,3,1
8,0,68516.05623729674,999999,5,4,1
6,5,68529.87448096342,2,6,999999,1
1,5,68548.0027290838,999999,6,5,1
1,5,68551.28220038945,999999,0,8,1
2,2,68551.28220038945,999999,4,5,1
6,2,68551.28220038945,999999,0,8,1
5,1,68571.69339992783,4,999999,5,1
5,3,68571.69339992783,999999,4,0,1
4,3,68572.2247672053,999999,1,8,1
5,6,68572.2247672053,999999,1,0,1
1,6,68580.13236934235,999999,5,4,1
5,4,68580.13236934235,999999,6,8,1
6,0,68580.13236934235,999999,7,3,1
8,3,68585.96481033364,8,999999,0,1
4,4,68588.43283637865,999999,5,1,1
5,1,68588.43283637865,999999,6,5,1
8,7,68588.43283637865,999999,6,1,1
6,2,68595.7434356796,999999,3,6,1
6,6,68595.7434356796,999999,0,5,1
6,2,68616.46541281606,999999,5,1,1
5,3,68634.12376181962,999999,6,4,1
6,0,68634.12376181962,999999,5,6,1
6,3,68634.12376181962,999999,6,1,1
6,7,68634.12376181962,999999,2,5,1
8,8,68634.12376181962,999999,6,5,1
1,4,68647.53068409397,2,999999,8,1
4,1,68647.53068409397,999999,5,4,1
5,8,68647.53068409397,999999,4,1,1
6,0,68647.53068409397,999999,2,6,1
8,3,68647.53068409397,5,999999,1,1
1,3,68655.796068153,999999,6,5,1
6,2,68655.796068153,8,999999,1,1
5,4,68660.85160471263,999999,3,8,1
5,5,68660.85160471263,999999,8,5,1
8,5,68665.6236954187,2,999999,1,1
6,1,68677.42305108077,999999,3,2,1
4,2,68682.20182167241,999999,5,4,1
5,6,68684.18923168887,999999,2,4,1
6,8,68684.18923168887,6,0,999999,1
1,1,68691.59163625802,999999,3,6,1
5,6,68697.97498007321,999999,0,6,1
5,1,68706.07433823377,999999,0,5,1
5,2,68706.07433823377,8,4,999999,1
6,4,68706.07433823377,999999,8,8,1
6,5,68706.07433823377,999999,8,6,1
2,2,68713.18949214516,999999,3,0,1
4,3,68713.18949214516,999999,8,0,1
5,2,68713.18949214516,999999,6,5,1
6,6,68713.18949214516,999999,4,7,1
1,6,68716.39291626781,5,999999,8,1
6,1,68727.0539170139,999999,5,1,1
6,3,68727.0539170139,999999,8,6,1
8,8,68739.29041742028,999999,3,4,1
4,5,68743.94976730186,999999,8,1,1
5,2,68743.94976730186,999999,4,3,1
5,4,68747.84317702528,999999,6,3,1
6,3,68747.84317702528,999999,8,5,1
5,1,68748.45943771092,5,999999,5,1
5,0,68750.7599700668,999999,8,5,1
2,5,68757.09993602899,999999,6,1,1
6,1,68757.09993602899,999999,6,5,1
8,4,68757.09993602899,999999,6,1,1
5,5,68769.61371910668,999999,0,8,1
6,0,68769.61371910668,999999,1,6,1
6,6,68769.61371910668,999999,3,4,1
6,1,68781.98890501935,999999,3,4,1
6,2,68781.98890501935,999999,4,8,1
5,1,68785.47614638717,999999,8,1,1
6,6,68785.47614638717,999999,1,0,1
4,6,68785.48628245748,999999,8,5,1
8,4,68785.48628245748,999999,6,1,1
5,4,68798.2823053477,999999,2,5,1
5,5,68798.2823053477,999999,6,8,1
6,1,68798.2823053477,999999,2,1,1
5,1,68798.6104928675,999999,6,5,1
6,6,68798.6104928675,999999,6,2,1
5,4,68801.78595119368,0,6,999999,1
1,6,68805.49363124689,999999,4,7,1
5,2,68824.78532140935,999999,5,6,1
5,3,68831.93213846032,999999,8,5,1
6,0,68831.93213846032,999999,2,8,1
8,3,68831.93213846032,999999,6,1,1
6,2,68847.11349298898,5,999999,4,1
6,3,68852.6808038983,999999,6,6,1
1,5,68865.40303666457,999999,6,8,1
5,2,68868.01986372539,8,999999,6,1
5,2,68882.37301842176,999999,6,6,1
5,8,68887.25462423953,3,4,999999,1
5,8,68887.25462423953,999999,0,6,1
6,7,68887.25462423953,999999,8,0,1
5,6,68903.49427998548,999999,5,6,1
6,1,68903.49427998548,6,999999,4,1
5,4,68915.33235786855,4,999999,5,1
5,3,68916.13541956827,999999,8,6,1
5,3,68918.20742988757,5,6,999999,1
1,1,68920.47528786647,999999,2,6,1
1,3,68920.47528786647,5,0,4,1
1,6,68920.47528786647,999999,0,6,1
5,0,68937.00920650574,6,1,5,1
5,3,68942.8794537983,5,999999,0,1
6,1,68942.8794537983,1,999999,6,1
1,8,68963.44381050105,999999,0,5,1
4,6,68965.30188212059,999999,2,0,1
5,5,68965.30188212059,999999,0,5,1
5,6,68965.30188212059,5,999999,1,1
8,3,68965.30188212059,999999,6,8,1
1,0,68993.0393819673,5,8,999999,1
5,6,68993.0393819673,999999,8,3,1
5,2,69015.02381796471,999999,3,6,1
6,5,69015.02381796471,999999,1,8,1
4,3,69018.30773333937,999999,2,5,1
5,3,69018.30773333937,999999,5,6,1
6,6,69018.30773333937,1,999999,6,1
5,4,69020.4205702166,999999,6,3,1
8,1,69020.4205702166,999999,5,5,1
6,2,69029.17348618055,999999,4,2,1
5,5,69036.38208720085,999999,8,6,1
1,6,69039.76378110921,6,999999,5,1
5,2,69039.76378110921,999999,1,2,1
6,6,69039.76378110921,999999,3,6,1
5,8,69040.68308291229,999999,5,2,1
6,6,69040.68308291229,999999,0,3,1
6,8,69045.2265833529,4,999999,2,1
6,8,69050.30118134669,6,999999,0,1
5,5,69064.65009113446,4,999999,6,1
5,6,69064.65009113446,999999,8,5,1
8,5,69069.16231397765,3,999999,8,1
8,6,69069.16231397765,999999,8,5,1
5,0,69073.79922789357,6,999999,5,1
5,3,69073.79922789357,999999,1,6,1
6,6,69073.79922789357,999999,5,2,1
5,5,69082.04270295416,999999,0,0,1
6,5,69087.29366989865,999999,8,2,1
4,6,69093.34898560111,999999,0,6,1
8,8,69095.19125153487,999999,6,6,1
5,2,69101.38384554749,999999,8,5,1
5,6,69101.38384554749,999999,8,5,1
6,1,69104.51769161962,999999,5,3,1
6,7,69104.51769161962,999999,3,5,1
1,3,69109.4953788254,2,8,999999,1
5,8,69109.4953788254,999999,5,5,1
6,5,69109.4953788254,999999,6,0,1
6,3,69110.1324915352,999999,1,1,1
6,6,69110.1324915352,4,999999,6,1
5,6,69128.55743508373,999999,5,8,1
8,1,69128.55743508373,5,0,6,1
1,4,69133.07735046596,3,999999,1,1
5,2,69135.59709618714,0,999999,3,1
4,5,69139.94069971654,999999,5,3,1
8,8,69139.94069971654,999999,2,8,1
6,2,69140.08066957392,5,999999,6,1
6,2,69140.08066957392,999999,3,1,1
8,8,69140.08066957392,999999,2,5,1
5,5,69145.65373845733,6,6,3,1
8,6,69145.65373845733,999999,8,2,1
5,2,69145.71753191561,5,999999,3,1
6,0,69145.71753191561,999999,4,5,1
1,0,69146.40287927786,999999,8,0,1
5,4,69146.40287927786,999999,0,2,1
5,3,69165.37796200675,999999,2,1,1
4,6,69174.56994828273,6,999999,8,1
5,5,69174.56994828273,6,999999,1,1
6,5,69174.56994828273,999999,6,4,1
1,6,69178.52456656886,999999,6,1,1
4,2,69178.52456656886,999999,5,0,1
5,5,69178.52456656886,999999,6,3,1
6,8,69178.52456656886,999999,7,1,1
1,3,69183.71190857876,8,6,2,1
5,4,69184.67974230138,999999,1,6,1
5,5,69184.67974230138,999999,6,8,1
1,8,69188.84825327779,999999,6,3,1
6,5,69208.73262207794,999999,6,6,1
4,4,69228.9476891373,999999,6,5,1
5,2,69228.9476891373,999999,6,8,1
1,5,69228.97687188102,999999,2,0,1
5,5,69228.97687188102,3,999999,5,1
5,1,69229.09333152589,5,5,6,1
5,4,69231.36525747113,999999,5,6,1
6,1,69231.36525747113,999999,6,2,1
5,0,69235.0572081523,6,999999,5,1
6,2,69235.0572081523,5,3,999999,1
5,3,69246.60498695169,999999,8,5,1
6,2,69246.60498695169,999999,2,3,1
6,5,69246.60498695169,999999,6,1,1
5,3,69259.203092016,5,999999,8,1
5,5,69259.203092016,999999,0,6,1
6,1,69259.203092016,999999,5,2,1
5,0,69259.96643541085,999999,4,8,1
6,1,69269.62319365448,999999,2,3,1
5,1,69270.95654889669,5,999999,8,1
1,5,69277.31738817717,999999,5,0,1
8,6,69290.1152634546,999999,8,8,1
6,0,69292.98418074178,6,999999,6,1
1,0,69302.39057470654,999999,6,5,1
5,5,69302.39057470654,999999,1,5,1
6,3,69302.39057470654,999999,6,4,1
6,6,69302.39057470654,3,5,999999,1
5,6,69308.81150534331,999999,3,0,1
5,2,69310.12603452057,999999,3,3,1
5,1,69331.40097210501,999999,5,8,1
8,4,69331.40097210501,8,1,999999,1
4,0,69343.36339386577,6,999999,3,1
5,3,69346.03901729926,999999,8,0,1
6,2,69347.43472355002,5,999999,2,1
4,6,69353.31581839878,999999,2,1,1
4,7,69353.31581839878,999999,7,8,1
5,0,69362.73720574657,3,999999,4,1
5,3,69362.73720574657,999999,5,6,1
1,3,69371.20281940025,999999,4,5,1
2,2,69371.20281940025,999999,8,6,1
6,2,69371.20281940025,1,999999,3,1
4,0,69372.47824817257,999999,0,1,1
5,1,69372.47824817257,999999,7,4,1
8,6,69372.47824817257,999999,5,5,1
1,6,69373.217777901,999999,5,6,1
6,5,69373.217777901,999999,6,1,1
1,6,69373.7539034578,999999,4,4,1
5,6,69373.7539034578,999999,5,6,1
5,2,69381.33674633087,999999,4,6,1
5,6,69381.33674633087,0,999999,3,1
8,3,69381.33674633087,2,999999,4,1
6,5,69382.78452590127,999999,6,1,1
5,4,69392.3662388432,999999,5,8,1
1,2,69392.58700738047,999999,6,0,1
5,6,69392.58700738047,999999,6,6,1
5,4,69393.61031671165,0,6,999999,1
6,1,69393.61031671165,8,999999,4,1
1,6,69394.55455204619,999999,6,0,1
2,6,69394.55455204619,1,999999,6,1
8,8,69396.07936212773,999999,3,0,1
4,2,69399.49672403913,999999,5,3,1
5,0,69399.49672403913,5,999999,6,1
5,0,69407.60303476914,999999,1,6,1
5,6,69407.60303476914,999999,0,6,1
6,6,69407.60303476914,999999,1,5,1
8,2,69408.26989414006,999999,8,5,1
6,0,69412.83470893576,999999,6,1,1
6,5,69412.83470893576,999999,3,6,1
5,4,69425.24286396653,5,999999,3,1
4,2,69442.17189651047,999999,3,5,1
6,1,69442.17189651047,3,5,8,1
2,8,69452.38865245687,999999,8,1,1
5,5,69452.38865245687,3,999999,1,1
5,5,69452.38865245687,999999,8,3,1
6,1,69452.38865245687,999999,6,2,1
5,1,69454.17168910736,999999,6,1,1
8,2,69454.17168910736,999999,4,6,1
5,6,69454.88751544175,999999,0,0,1
5,8,69454.88751544175,7,5,5,1
1,5,69455.21040498797,999999,6,6,1
6,0,69455.78163168822,999999,2,1,1
6,4,69455.78163168822,999999,6,6,1
8,6,69455.78163168822,999999,5,2,1
5,1,69466.55833148574,999999,4,8,1
5,5,69466.55833148574,999999,6,2,1
8,8,69470.00254513719,999999,1,3,1
4,6,69474.3208447723,999999,6,8,1
6,3,69474.3208447723,999999,6,6,1
8,4,69491.64125290311,999999,0,5,1
5,6,69492.58259931763,999999,0,6,1
6,6,69492.58259931763,999999,4,6,1
6,5,69493.71894147767,2,4,999999,1
6,6,69493.71894147767,999999,0,5,1
1,8,69496.44609769106,999999,6,4,1
5,3,69496.44609769106,999999,5,5,1
6,5,69496.44609769106,999999,8,3,1
4,1,69499.36075572093,999999,2,6,1
5,3,69499.36075572093,999999,6,1,1
5,5,69499.36075572093,999999,4,1,1
1,1,69505.86489241214,999999,6,0,1
1,6,69505.86489241214,999999,4,4,1
6,1,69505.86489241214,6,4,999999,1
5,8,69506.77397304261,999999,3,2,1
8,5,69506.77397304261,999999,0,3,1
4,3,69508.1108192659,999999,5,5,1
5,2,69508.1108192659,999999,8,5,1
8,1,69508.1108192659,999999,1,8,1
8,5,69508.1108192659,999999,5,1,1
6,3,69515.22908307862,6,999999,5,1
1,8,69515.74044555769,999999,6,6,1
5,1,69515.74044555769,999999,0,5,1
5,4,69554.1394703376,1,999999,3,1
6,2,69554.1394703376,1,999999,4,1
6,6,69554.1394703376,5,999999,6,1
6,8,69554.1394703376,999999,4,2,1
4,1,69555.53445026095,999999,5,2,1
5,5,69555.53445026095,999999,8,3,1
6,1,69555.53445026095,999999,2,6,1
5,2,69559.4971585937,999999,4,5,1
5,5,69559.4971585937,999999,8,8,1
5,4,69564.84473171989,0,999999,6,1
5,4,69564.84473171989,999999,0,8,1
5,0,69567.23450488818,6,999999,4,1
6,1,69568.64213903151,6,999999,5,1
6,2,69568.64213903151,999999,5,0,1
2,3,69570.22042953632,999999,4,5,1
5,2,69570.22042953632,999999,8,5,1
5,3,69570.22042953632,999999,6,6,1
5,5,69573.9999647965,8,999999,6,1
6,8,69573.9999647965,999999,0,5,1
5,5,69580.67146439514,999999,8,0,1
6,6,69580.67146439514,999999,1,8,1
5,4,69601.81167364297,999999,7,0,1
5,6,69601.81167364297,999999,2,8,1
5,8,69601.81167364297,999999,5,7,1
6,5,69606.4802631902,999999,0,8,1
6,2,69607.01673484512,999999,8,1,1
6,4,69614.49969261258,8,999999,1,1
6,7,69614.49969261258,6,999999,4,1
5,1,69620.90934155759,6,999999,5,1
2,6,69635.68233886773,5,6,999999,1
1,8,69636.33638211642,999999,3,1,1
5,5,69641.72747366861,2,999999,4,1
5,2,69653.95448514294,999999,4,6,1
5,5,69660.18282547242,999999,6,6,1
5,5,69660.18282547242,999999,8,5,1
4,1,69664.15233192155,999999,4,6,1
8,5,69664.15233192155,999999,2,1,1
6,0,69683.10794138623,999999,1,2,1
8,8,69683.10794138623,999999,0,8,1
6,5,69689.12997298257,999999,4,6,1
6,2,69695.08858380238,999999,2,5,1
6,2,69707.70935040039,999999,3,6,1
5,1,69716.43132131318,999999,8,0,1
5,6,69716.43132131318,5,6,999999,1
4,3,69718.67711537157,999999,0,4,1
5,6,69718.67711537157,999999,6,6,1
6,4,69718.67711537157,999999,8,1,1
1,6,69722.25299969128,999999,5,8,1
1,5,69736.0265333071,0,999999,6,1
5,5,69747.21390905333,999999,1,7,1
5,8,69747.21390905333,999999,2,5,1
5,6,69747.84370599306,999999,2,8,1
5,5,69749.76306430822,8,999999,1,1
6,6,69753.43338313066,999999,1,5,1
6,8,69753.43338313066,999999,5,6,1
2,2,69773.60076464598,999999,3,0,1
8,2,69777.7484983977,999999,4,6,1
1,1,69778.28404014562,999999,6,5,1
6,1,69778.28404014562,999999,6,4,1
1,6,69789.3837007419,999999,0,5,1
1,6,69791.73297189397,1,999999,8,1
5,0,69803.98564483781,999999,1,2,1
5,0,69803.98564483781,999999,6,8,1
5,8,69803.98564483781,999999,5,999999,1
1,0,69806.18758582375,2,999999,5,1
4,1,69806.18758582375,999999,6,6,1
6,3,69806.18758582375,999999,6,0,1
5,1,69813.54622416552,999999,6,5,1
5,2,69820.76135854248,0,999999,5,1
5,3,69835.99869144443,6,999999,2,1
4,0,69848.42097702036,6,5,6,1
5,8,69848.42097702036,999999,4,6,1
8,8,69872.76964082495,999999,5,2,1
5,6,69903.64207864247,999999,4,8,1
5,3,69915.46713948525,999999,4,2,1
1,3,69934.7447408593,999999,2,4,1
1,5,69934.7447408593,999999,2,6,1
6,8,69941.88019970208,999999,3,0,1
1,1,69942.98544428074,999999,2,6,1
5,1,69955.17699814831,6,999999,1,1
5,6,69955.17699814831,999999,1,2,1
6,8,69955.17699814831,999999,6,1,1
5,2,69958.62859925014,999999,3,6,1
1,3,69972.63829379714,7,999999,0,1
5,5,69973.2019349773,999999,5,1,1
2,4,69977.83105303565,999999,6,3,1
6,4,69984.78619837285,999999,0,5,1
6,5,70014.3792461733,999999,6,6,1
6,6,70014.3792461733,999999,5,0,1
5,2,70016.00623287757,999999,1,6,1
5,6,70016.00623287757,999999,2,7,1
5,5,70026.06552624956,999999,3,6,1
6,1,70026.06552624956,999999,4,3,1
6,6,70026.39095823742,999999,5,3,1
4,4,70040.87464041168,999999,0,6,1
5,7,70040.87464041168,999999,2,4,1
1,3,70044.36866105038,6,999999,3,1
6,0,70044.36866105038,8,2,3,1
6,0,70044.36866105038,999999,5,4,1
6,1,70053.05865963029,999999,5,6,1
8,2,70053.05865963029,5,999999,6,1
5,2,70059.96998167144,999999,6,4,1
1,5,70061.96211249137,999999,6,6,1
5,5,70061.96211249137,999999,2,5,1
5,1,70062.55175271461,999999,6,6,1
5,2,70062.55175271461,999999,5,6,1
1,5,70066.93218656014,999999,0,2,1
6,3,70066.93218656014,999999,0,1,1
4,2,70091.76662018924,999999,5,4,1
6,1,70098.96050980146,999999,1,3,1
4,3,70105.62489291021,999999,8,5,1
8,2,70105.62489291021,999999,5,1,1
5,8,70112.73953022104,7,5,5,1
6,3,70112.73953022104,999999,1,4,1
6,6,70112.73953022104,999999,2,3,1
6,8,70112.73953022104,5,999999,1,1
4,2,70113.14481993855,999999,5,1,1
1,5,70115.98690942768,999999,0,5,1
5,8,70115.98690942768,999999,4,5,1
5,2,70132.09902904362,3,999999,1,1
6,4,70132.09902904362,999999,5,6,1
5,1,70132.72012167443,999999,6,8,1
5,3,70132.72012167443,5,1,999999,1
6,3,70132.72012167443,999999,5,1,1
6,5,70132.72012167443,3,999999,0,1
5,3,70144.21380877958,999999,6,6,1
5,6,70144.21380877958,999999,0,1,1
6,6,70144.21380877958,999999,5,0,1
6,7,70144.21380877958,999999,5,6,1
6,2,70144.96328635316,999999,6,8,1
6,8,70144.96328635316,6,999999,6,1
6,3,70149.3914889131,999999,6,2,1
8,7,70150.03346111036,999999,2,0,1
6,5,70156.16631244971,999999,0,5,1
6,7,70156.16631244971,5,999999,3,1
2,4,70156.85452812946,5,999999,6,1
8,2,70156.85452812946,999999,5,1,1
5,8,70175.14757179026,1,6,999999,1
5,8,70175.14757179026,999999,5,0,1
6,0,70175.14757179026,999999,2,4,1
6,1,70180.90307355493,999999,5,0,1
5,5,70190.3115196395,999999,0,4,1
1,1,70192.6254868005,999999,2,6,1
6,7,70192.6254868005,999999,3,6,1
8,5,70192.6254868005,999999,1,2,1
1,5,70195.88487179525,5,999999,8,1
6,2,70195.88487179525,999999,1,2,1
6,5,70204.90913879662,999999,6,2,1
8,5,70204.90913879662,999999,7,5,1
8,2,70206.00289393126,999999,0,5,1
6,6,70225.31405561848,999999,5,4,1
8,6,70225.31405561848,999999,8,6,1
5,6,70230.65905511366,999999,6,2,1
4,7,70235.40858740344,999999,2,1,1
5,8,70239.77659658623,999999,5,6,1
6,6,70239.77659658623,2,999999,4,1
1,2,70240.06343231771,999999,1,6,1
5,4,70240.06343231771,999999,6,3,1
1,8,70240.78137638455,6,999999,5,1
6,5,70243.61702359506,999999,1,6,1
8,4,70243.61702359506,999999,7,3,1
5,2,70259.25399893294,999999,5,4,1
6,2,70259.25399893294,999999,3,1,1
1,6,70268.62862916544,1,999999,8,1
5,0,70268.62862916544,999999,5,6,1
5,5,70268.62862916544,999999,6,8,1
5,8,70268.62862916544,7,6,2,1
6,4,70279.68072726368,999999,8,3,1
1,5,70293.64621471723,999999,1,4,1
6,1,70296.50989581221,999999,4,8,1
6,2,70296.50989581221,999999,6,5,1
1,0,70326.9590472977,999999,5,8,1
5,7,70326.9590472977,999999,2,5,1
6,6,70326.9590472977,999999,2,5,1
1,4,70366.02105264038,999999,5,8,1
5,4,70366.02105264038,999999,5,1,1
5,8,70366.02105264038,999999,5,3,1
5,1,70368.56449904479,6,999999,5,1
5,3,70368.56449904479,999999,2,7,1
1,5,70369.00344915263,3,999999,1,1
4,2,70369.00344915263,6,999999,1,1
8,4,70369.00344915263,5,8,999999,1
5,5,70369.11624108565,6,999999,0,1
5,2,70371.42174410108,5,999999,8,1
5,1,70374.94466824706,999999,0,6,1
5,2,70374.94466824706,8,6,999999,1
5,2,70374.94466824706,999999,3,6,1
6,5,70374.94466824706,999999,2,1,1
5,1,70383.41624506224,999999,5,5,1
5,2,70383.41624506224,999999,1,8,1
4,7,70392.07265585971,8,5,1,1
8,2,70393.31392142504,999999,0,5,1
4,6,70395.77214630846,0,999999,1,1
5,4,70428.2685141256,999999,5,6,1
6,1,70428.2685141256,6,4,999999,1
5,1,70435.56889826064,999999,4,8,1
5,6,70438.00355000205,2,999999,8,1
5,6,70438.00355000205,999999,5,1,1
8,6,70438.00355000205,999999,4,5,1
2,3,70441.32429124853,999999,0,1,1
5,2,70441.32429124853,6,999999,4,1
1,1,70446.99208295677,999999,2,5,1
8,5,70446.99208295677,999999,8,1,1
5,2,70454.9521073606,999999,6,8,1
4,5,70466.65540534953,999999,2,5,1
8,6,70466.65540534953,1,999999,5,1
5,4,70472.6153080335,999999,3,2,1
6,5,70472.6153080335,999999,0,1,1
1,2,70491.09162414272,5,0,6,1
1,8,70509.25899062691,999999,0,2,1
4,6,70512.26154022712,1,999999,5,1
6,6,70512.26154022712,2,999999,1,1
4,0,70520.12743343133,5,999999,2,1
5,8,70520.12743343133,999999,6,5,1
1,2,70525.1815234563,999999,1,6,1
8,2,70525.1815234563,999999,0,5,1
5,4,70525.43351885011,999999,0,3,1
8,1,70525.43351885011,999999,8,6,1
5,5,70556.11674176993,8,6,999999,1
6,2,70570.51754499594,999999,2,5,1
6,5,70570.51754499594,999999,6,5,1
8,1,70570.92356888198,999999,2,6,1
5,2,70571.18221675062,1,999999,6,1
5,3,70586.39063592575,999999,6,1,1
6,0,70586.39063592575,2,999999,4,1
1,2,70591.13947315971,999999,6,5,1
5,3,70591.13947315971,2,999999,0,1
6,2,70591.13947315971,999999,6,5,1
8,5,70591.13947315971,999999,3,6,1
4,3,70593.22564974098,5,999999,1,1
6,8,70593.22564974098,5,999999,3,1
6,8,70604.29281204028,6,999999,6,1
5,3,70604.46356443291,999999,4,7,1
8,8,70604.46356443291,999999,0,6,1
4,8,70610.55116962228,999999,6,3,1
1,2,70615.88702548215,999999,6,8,1
1,1,70622.48105781055,0,6,999999,1
5,5,70622.48105781055,5,6,999999,1
6,2,70624.00082947174,999999,2,1,1
5,4,70624.75615423096,999999,6,1,1
6,3,70624.75615423096,2,999999,2,1
6,4,70624.75615423096,6,999999,6,1
6,1,70626.58915369026,999999,6,6,1
5,1,70639.55190672376,999999,6,5,1
5,5,70639.55190672376,999999,6,8,1
8,8,70645.68199519672,5,999999,0,1
5,1,70652.29990555499,6,3,999999,1
5,6,70652.29990555499,999999,6,6,1
1,5,70654.1475246851,999999,6,2,1
6,7,70654.1475246851,999999,3,6,1
6,3,70657.91753058409,999999,1,8,1
1,5,70662.49305095192,5,6,999999,1
5,0,70662.49305095192,8,999999,6,1
5,1,70677.01760372163,999999,4,0,1
5,6,70677.01760372163,999999,1,5,1
5,6,70685.93950446408,999999,6,6,1
5,5,70692.2562188145,999999,6,5,1
5,0,70698.66748642358,999999,1,7,1
1,6,70699.00535736806,999999,5,5,1
6,8,70699.82655440245,999999,2,6,1
1,4,70711.42237007689,0,1,999999,1
5,5,70711.42237007689,7,999999,8,1
5,0,70714.29819686481,999999,6,1,1
6,4,70719.73395074815,999999,1,2,1
1,6,70723.94878877247,0,999999,6,1
6,1,70723.94878877247,999999,5,8,1
6,6,70723.94878877247,5,999999,2,1
5,6,70731.0596110563,2,0,999999,1
5,8,70731.0596110563,999999,0,6,1
6,2,70731.0596110563,999999,5,0,1
6,6,70731.0596110563,999999,6,1,1
5,8,70738.08594768096,999999,5,3,1
2,1,70755.85723786597,999999,2,5,1
8,5,70755.85723786597,999999,2,5,1
6,6,70764.19785368511,6,999999,4,1
1,8,70766.14529121539,999999,0,3,1
1,0,70773.12388748114,5,0,6,1
8,3,70773.12388748114,6,999999,6,1
1,6,70789.78949290379,999999,5,6,1
2,3,70789.78949290379,999999,1,5,1
5,1,70789.78949290379,999999,1,4,1
5,2,70789.78949290379,999999,5,6,1
5,0,70795.48901754963,7,999999,5,1
6,0,70795.48901754963,1,999999,8,1
8,6,70795.48901754963,4,999999,0,1
5,5,70803.47737854534,999999,4,6,1
5,2,70819.53182635522,3,999999,6,1
6,2,70819.53182635522,999999,0,5,1
6,3,70819.53182635522,999999,1,5,1
4,6,70832.60088192126,999999,5,3,1
5,6,70835.61204426397,999999,3,2,1
4,5,70841.19268331853,999999,6,2,1
5,2,70841.19268331853,999999,3,8,1
6,3,70865.5669351224,999999,6,5,1
8,1,70865.5669351224,999999,4,3,1
4,1,70879.10129368966,1,999999,6,1
5,2,70879.10129368966,999999,0,1,1
5,0,70894.08803064238,6,999999,2,1
1,8,70896.76294712888,999999,6,2,1
5,5,70896.76294712888,999999,0,4,1
6,2,70896.76294712888,5,999999,2,1
8,3,70904.92148803198,999999,5,1,1
2,6,70916.24028534863,999999,3,6,1
5,2,70916.24028534863,999999,3,6,1
5,8,70916.24028534863,7,999999,6,1
6,6,70916.24028534863,999999,6,5,1
1,6,70943.41752867318,1,999999,8,1
6,2,70943.41752867318,999999,7,0,1
6,5,70991.13540040953,999999,4,3,1
5,4,70993.82017434969,999999,5,1,1
5,8,70993.82017434969,999999,2,2,1
5,5,70998.64227937427,4,5,2,1
6,2,70998.64227937427,999999,1,5,1
8,8,70998.64227937427,999999,6,1,1
5,3,71014.13699823631,2,999999,4,1
6,6,71014.13699823631,999999,6,0,1
4,5,71038.05734829084,999999,8,7,1
5,2,71047.37013483873,6,5,0,1
6,0,71055.69629595023,999999,2,6,1
1,3,71058.68313078673,999999,5,2,1
5,0,71064.36089674993,999999,3,0,1
5,5,71064.36089674993,999999,0,5,1
1,1,71065.16333459417,7,999999,4,1
4,6,71065.16333459417,3,999999,5,1
6,2,71071.66138814979,999999,4,5,1
8,4,71071.66138814979,999999,2,1,1
1,2,71077.04606342094,999999,0,5,1
6,2,71077.97747184976,999999,2,0,1
4,1,71079.96342468818,999999,0,6,1
4,5,71079.96342468818,999999,1,5,1
5,6,71087.9277486139,999999,0,0,1
6,1,71107.7164194796,999999,3,4,1
8,5,71107.7164194796,999999,6,7,1
5,5,71109.82480922104,4,999999,6,1
6,4,71109.82480922104,999999,3,4,1
5,0,71111.75534473453,3,1,5,1
6,0,71111.75534473453,999999,2,8,1
6,3,71117.86917335061,999999,6,2,1
6,1,71119.14813022647,999999,6,5,1
5,8,71155.38405868401,999999,2,1,1
6,5,71164.66321446991,999999,1,1,1
5,1,71174.63490991076,999999,1,3,1
6,0,71174.63490991076,999999,5,4,1
5,0,71179.87111942207,1,6,999999,1
6,6,71179.87111942207,2,999999,3,1
1,8,71185.92562038849,999999,2,8,1
5,5,71185.92562038849,4,999999,6,1
5,6,71185.92562038849,0,999999,6,1
5,2,71187.44935850477,8,0,999999,1
5,6,71187.44935850477,999999,2,4,1
6,1,71187.44935850477,999999,5,5,1
1,6,71211.84504815096,999999,1,8,1
5,2,71211.84504815096,999999,5,6,1
1,8,71214.89400349963,999999,6,5,1
5,1,71214.89400349963,999999,5,0,1
5,1,71214.89400349963,999999,5,4,1
5,6,71218.29920841259,999999,5,3,1
6,0,71218.29920841259,999999,0,6,1
1,5,71227.83803058736,4,999999,2,1
4,4,71227.83803058736,999999,1,8,1
4,2,71236.37388820996,999999,3,4,1
8,6,71236.37388820996,3,1,0,1
5,6,71238.45127984342,999999,0,5,1
5,8,71238.45127984342,999999,5,2,1
6,3,71238.45127984342,999999,7,2,1
6,5,71238.45127984342,999999,5,3,1
1,2,71238.79320403669,999999,6,0,1
5,2,71238.79320403669,1,999999,1,1
6,2,71238.79320403669,2,999999,8,1
6,4,71238.79320403669,5,6,999999,1
8,6,71238.79320403669,999999,3,5,1
5,5,71238.98639679104,999999,5,8,1
4,5,71246.72341684594,999999,1,6,1
6,5,71246.72341684594,999999,6,3,1
5,2,71250.28530019475,0,999999,5,1
8,5,71289.0687542198,999999,8,6,1
5,0,71292.10521570411,999999,1,5,1
5,2,71294.34600322646,4,999999,3,1
6,5,71294.34600322646,0,999999,8,1
4,6,71322.6694733886,999999,4,1,1
5,1,71322.6694733886,999999,5,3,1
5,2,71322.6694733886,5,0,999999,1
5,6,71342.72357641898,999999,6,4,1
6,4,71345.80646185785,999999,8,4,1
8,6,71359.57581570218,999999,8,5,1
1,0,71364.01325517504,999999,1,2,1
1,3,71364.01325517504,6,999999,1,1
5,0,71364.01325517504,999999,6,3,1
6,6,71364.01325517504,999999,1,6,1
5,5,71373.62743401287,999999,2,5,1
4,4,71378.79003649579,999999,8,5,1
5,5,71379.9449477865,8,999999,6,1
1,1,71381.24398589224,999999,0,5,1
6,2,71381.24398589224,999999,6,0,1
4,2,71383.14249075987,999999,6,1,1
1,3,71389.70142035311,999999,3,8,1
5,2,71389.70142035311,999999,1,6,1
5,2,71396.83785080125,0,8,999999,1
5,1,71424.9910578204,999999,5,3,1
5,4,71424.9910578204,999999,0,3,1
5,2,71428.39754172377,8,5,999999,1
8,5,71445.15217292967,999999,3,5,1
8,5,71445.15217292967,999999,6,1,1
5,5,71447.70267901369,3,999999,0,1
6,6,71447.70267901369,999999,6,5,1
5,5,71452.69895828617,1,3,999999,1
4,1,71453.89986817047,2,999999,6,1
6,8,71453.89986817047,2,999999,6,1
5,6,71456.34225189712,999999,6,1,1
6,5,71456.34225189712,1,999999,1,1
6,6,71456.34225189712,999999,1,5,1
1,6,71462.64086976339,999999,3,5,1
6,4,71462.64086976339,999999,6,1,1
8,4,71462.64086976339,999999,6,8,1
6,2,71491.73213897806,999999,6,0,1
8,5,71491.73213897806,999999,5,0,1
5,3,71498.15658990636,999999,1,0,1
8,8,71499.49225736361,999999,0,2,1
6,1,71505.39374725887,6,3,999999,1
6,2,71505.39374725887,999999,8,5,1
8,6,71515.72389634699,999999,0,2,1
5,5,71526.27010950031,999999,3,4,1
1,3,71528.27599556043,999999,6,4,1
5,5,71528.27599556043,6,999999,6,1
5,8,71528.27599556043,999999,5,5,1
5,0,71541.49904830349,5,999999,6,1
1,2,71543.27297412338,999999,5,5,1
4,6,71552.92242261603,999999,8,2,1
6,0,71552.92242261603,999999,5,2,1
6,1,71577.8940631273,999999,8,4,1
5,8,71581.65328301232,999999,3,1,1
6,5,71588.57268916587,999999,3,6,1
8,5,71588.57268916587,999999,6,8,1
5,5,71591.8199048927,6,999999,0,1
1,4,71604.1836062613,999999,1,8,1
5,5,71604.1836062613,8,999999,2,1
6,6,71614.35978045862,999999,5,2,1
6,1,71616.39644426797,0,999999,4,1
6,8,71616.39644426797,999999,6,6,1
5,1,71631.61997553225,999999,6,6,1
5,4,71631.969064703,999999,3,8,1
5,6,71631.969064703,999999,4,1,1
2,2,71633.80751799475,999999,8,6,1
5,1,71633.80751799475,999999,5,8,1
5,1,71641.55618622433,5,999999,5,1
6,2,71641.55618622433,999999,8,6,1
6,5,71641.55618622433,999999,8,0,1
8,3,71641.55618622433,999999,5,6,1
5,5,71659.32337854519,6,999999,8,1
6,0,71670.70519040537,999999,2,6,1
4,8,71672.82751751374,999999,5,1,1
5,5,71672.82751751374,999999,1,999999,1
5,6,71672.82751751374,0,3,999999,1
1,8,71674.87350717913,999999,0,3,1
6,6,71674.87350717913,1,999999,6,1
5,6,71689.09057805677,999999,8,2,1
1,6,71695.13752723762,2,999999,5,1
4,6,71695.18385734726,999999,5,6,1
8,3,71727.9007668894,999999,6,0,1
4,8,71733.64901491925,999999,0,8,1
6,3,71733.64901491925,999999,5,6,1
1,1,71745.19684675966,999999,5,8,1
5,8,71745.19684675966,999999,1,5,1
5,8,71747.41326092868,999999,2,6,1
1,6,71773.52646859619,8,999999,0,1
6,0,71775.26756627733,999999,2,8,1
6,2,71775.26756627733,999999,0,8,1
2,0,71784.4154026553,999999,4,2,1
1,5,71797.7202493778,8,999999,6,1
5,5,71797.7202493778,6,999999,0,1
5,6,71807.6350856375,999999,5,5,1
4,1,71814.84431408715,999999,3,5,1
5,2,71814.84431408715,0,999999,5,1
6,5,71814.84431408715,999999,6,1,1
1,2,71837.99056736781,999999,3,6,1
5,0,71839.98395121742,999999,1,6,1
5,3,71839.98395121742,999999,2,1,1
5,8,71839.98395121742,999999,5,5,1
8,6,71839.98395121742,999999,2,1,1
5,3,71841.30098220428,8,999999,6,1
5,5,71841.30098220428,999999,5,1,1
5,6,71851.71456850239,4,999999,1,1
6,6,71851.71456850239,6,999999,3,1
8,5,71851.71456850239,999999,7,5,1
5,5,71862.72471177409,3,3,999999,1
1,5,71863.31054220129,2,5,999999,1
6,2,71863.31054220129,1,5,999999,1
6,6,71863.31054220129,999999,3,5,1
6,5,71919.33001396604,999999,2,8,1
5,2,71921.1989203441,999999,5,3,1
5,6,71921.1989203441,999999,2,5,1
6,2,71921.1989203441,999999,5,6,1
1,8,71931.67326783336,999999,6,4,1
4,3,71931.67326783336,999999,6,1,1
6,8,71931.67326783336,999999,0,1,1
5,2,71934.41691270213,999999,8,1,1
6,8,71934.41691270213,999999,4,3,1
1,6,71935.92861049944,1,999999,8,1
5,7,71935.92861049944,999999,3,5,1
5,2,71952.84909266533,999999,8,4,1
1,6,71973.85220442677,999999,5,6,1
5,5,71973.85220442677,999999,8,3,1
5,6,71976.61653222913,999999,5,3,1
5,5,71983.44990712793,999999,4,1,1
5,6,71983.44990712793,999999,8,0,1
6,0,71983.44990712793,999999,3,2,1
1,2,71994.15211270409,999999,4,6,1
5,2,72005.42726863864,999999,5,1,1
5,7,72010.8375628517,999999,0,5,1
5,2,72018.40942822285,6,6,999999,1
8,8,72018.40942822285,999999,1,5,1
5,1,72035.94027953035,999999,4,5,1
5,5,72035.94027953035,1,6,6,1
5,5,72035.94027953035,7,999999,5,1
6,5,72035.94027953035,6,999999,5,1
1,3,72037.98445388114,999999,6,1,1
8,6,72037.98445388114,0,999999,3,1
5,3,72043.3841933151,999999,8,6,1
5,1,72044.39324482504,999999,7,6,1
6,3,72044.39324482504,999999,5,5,1
5,5,72048.4605861177,999999,1,2,1
5,3,72053.19766659042,8,999999,8,1
6,4,72065.93780197321,999999,2,5,1
6,6,72069.25961893654,999999,0,3,1
5,5,72083.30693332528,999999,6,2,1
6,6,72093.6733888119,999999,8,2,1
8,6,72093.6733888119,999999,1,3,1
5,2,72093.95896248636,2,999999,3,1
6,5,72102.416603101,0,999999,3,1
4,6,72108.13662396076,999999,5,0,1
1,8,72113.4899863117,1,1,999999,1
2,2,72113.4899863117,999999,6,6,1
5,6,72123.75803176661,3,999999,1,1
8,5,72127.78134398199,999999,6,8,1
8,2,72133.15652687234,999999,4,8,1
5,1,72137.55488835234,999999,8,5,1
6,2,72146.51246777491,999999,5,0,1
5,0,72151.03017717785,999999,3,8,1
5,6,72165.32754516936,999999,4,2,1
5,2,72166.9226137071,999999,6,5,1
6,2,72166.9226137071,5,999999,4,1
8,7,72166.9226137071,999999,6,2,1
5,8,72167.55878002624,8,0,999999,1
6,4,72168.82080603419,999999,2,8,1
4,1,72184.5708587703,999999,5,4,1
6,6,72184.5708587703,0,999999,3,1
1,3,72184.6886845086,6,999999,3,1
4,5,72184.6886845086,999999,6,0,1
1,1,72185.84658198935,999999,5,5,1
6,0,72189.77545205412,7,999999,5,1
6,1,72189.77545205412,999999,6,2,1
6,1,72189.77545205412,999999,6,8,1
8,8,72189.77545205412,5,2,999999,1
6,8,72191.51661644471,999999,5,5,1
2,4,72197.27520760841,999999,5,6,1
5,6,72197.27520760841,999999,5,1,1
6,6,72197.27520760841,999999,1,8,1
6,5,72197.98237637349,999999,3,8,1
5,0,72212.45786669567,999999,1,5,1
4,2,72216.12642633871,999999,2,0,1
6,0,72218.6106776372,999999,6,5,1
4,5,72251.67901701751,2,2,3,1
5,4,72251.67901701751,999999,1,4,1
6,0,72251.67901701751,0,999999,6,1
6,3,72251.67901701751,1,999999,0,1
5,1,72258.97869905202,4,999999,5,1
5,1,72258.97869905202,999999,2,3,1
6,5,72268.8089176643,999999,1,3,1
1,1,72285.77993030509,7,999999,4,1
4,1,72285.77993030509,0,999999,2,1
5,0,72285.77993030509,999999,6,1,1
5,2,72285.77993030509,999999,3,5,1
6,5,72285.77993030509,999999,5,6,1
8,0,72285.77993030509,999999,5,6,1
6,8,72286.24054276527,999999,1,6,1
6,5,72303.0114380202,2,1,5,1
6,8,72303.0114380202,3,999999,6,1
4,1,72308.3956832552,2,999999,6,1
6,0,72308.3956832552,3,5,999999,1
5,2,72315.64834910624,8,6,999999,1
1,2,72325.82320201622,999999,6,5,1
5,1,72325.82320201622,3,999999,7,1
5,6,72325.82320201622,999999,6,3,1
6,6,72330.70182952199,999999,8,3,1
6,3,72345.43076604298,999999,6,3,1
5,4,72353.96815322644,999999,6,6,1
8,4,72353.96815322644,999999,1,3,1
5,3,72358.48245913484,999999,7,5,1
5,5,72358.48245913484,1,999999,3,1
5,6,72358.48245913484,999999,8,5,1
6,8,72358.48245913484,999999,6,6,1
1,6,72358.86644944249,1,999999,8,1
5,2,72358.86644944249,999999,5,8,1
5,0,72363.68562871103,999999,1,5,1
8,0,72363.68562871103,999999,6,5,1
5,3,72370.86533874554,1,999999,6,1
6,0,72370.86533874554,999999,8,6,1
6,6,72370.86533874554,999999,1,5,1
4,1,72380.96351042311,999999,6,2,1
5,2,72380.96351042311,999999,4,1,1
6,4,72380.96351042311,999999,8,3,1
8,0,72380.96351042311,999999,5,7,1
5,6,72388.3075911887,999999,6,5,1
6,6,72388.3075911887,999999,7,6,1
1,0,72394.85226490353,999999,3,6,1
1,4,72394.85226490353,999999,2,5,1
1,4,72394.85226490353,999999,8,5,1
2,0,72394.85226490353,999999,6,5,1
5,2,72394.85226490353,999999,3,6,1
6,7,72399.75663754674,5,999999,1,1
1,2,72432.872932935,999999,5,3,1
8,4,72432.872932935,999999,999999,5,1
2,6,72444.80123617299,999999,1,6,1
4,3,72444.80123617299,999999,2,5,1
5,2,72461.93186981001,999999,8,5,1
6,8,72461.93186981001,999999,3,4,1
8,2,72468.60522107824,999999,6,0,1
8,6,72468.60522107824,999999,3,2,1
1,5,72474.52960669943,1,8,999999,1
6,0,72474.52960669943,999999,1,7,1
5,0,72479.92301228871,999999,8,6,1
5,1,72479.92301228871,999999,6,0,1
5,8,72479.92301228871,1,4,999999,1
6,6,72479.92301228871,999999,1,2,1
1,2,72490.47811262967,999999,1,6,1
1,5,72490.47811262967,999999,6,0,1
4,8,72490.47811262967,999999,8,1,1
4,5,72491.0211536287,999999,5,0,1
6,7,72491.0211536287,999999,5,1,1
5,5,72498.72261973185,999999,6,6,1
5,6,72498.72261973185,4,999999,5,1
1,6,72498.92000699622,999999,3,5,1
5,2,72498.92000699622,999999,0,3,1
5,6,72507.05013882279,6,999999,4,1
6,6,72507.05013882279,1,999999,5,1
4,2,72517.79476677916,999999,0,5,1
5,1,72519.91746277275,999999,5,0,1
6,5,72519.91746277275,999999,5,1,1
8,5,72519.91746277275,999999,2,1,1
8,8,72521.74051947889,3,999999,6,1
1,1,72522.69301976652,999999,6,5,1
6,2,72522.69301976652,999999,6,1,1
1,5,72527.0080405191,999999,1,8,1
5,6,72527.0080405191,6,999999,4,1
5,1,72544.77987292806,0,4,999999,1
6,6,72544.77987292806,999999,3,2,1
5,3,72548.14986381955,2,999999,8,1
1,0,72552.629231524,999999,4,5,1
4,6,72562.90545188004,999999,3,4,1
5,2,72562.90545188004,999999,5,5,1
4,2,72581.16762079344,6,999999,5,1
2,1,72592.97042795525,1,999999,3,1
4,3,72592.97042795525,2,999999,5,1
6,0,72592.97042795525,999999,3,5,1
5,3,72610.66398120324,0,999999,1,1
8,0,72610.66398120324,999999,5,3,1
5,1,72619.75977200165,999999,3,6,1
1,5,72620.17827368957,999999,6,6,1
6,2,72620.17827368957,999999,8,5,1
1,5,72637.99146013074,6,999999,5,1
6,3,72637.99146013074,999999,8,5,1
1,5,72640.55694363223,999999,5,2,1
5,2,72640.55694363223,999999,5,6,1
6,2,72643.43986275254,999999,8,6,1
8,1,72675.32497859986,999999,8,6,1
4,2,72688.38001145588,999999,3,4,1
6,3,72688.38001145588,8,999999,6,1
2,6,72699.73660053348,999999,8,1,1
5,2,72699.73660053348,999999,5,8,1
5,5,72699.81776321282,999999,0,6,1
5,4,72702.54766839287,3,999999,6,1
8,1,72712.94871268552,999999,0,5,1
1,0,72714.68444585949,999999,5,8,1
1,7,72718.06038174297,999999,6,6,1
4,7,72718.06038174297,999999,5,5,1
6,2,72718.06038174297,6,999999,0,1
6,2,72720.3367021301,999999,6,1,1
5,3,72726.0107822842,5,999999,5,1
6,2,72730.99925839326,999999,7,0,1
1,5,72755.66855042883,2,999999,5,1
6,6,72758.25328814231,999999,5,3,1
5,1,72759.44035050848,999999,0,5,1
6,5,72759.44035050848,999999,6,1,1
4,1,72765.3485391374,999999,5,4,1
5,0,72765.3485391374,6,1,999999,1
5,5,72765.3485391374,999999,0,2,1
8,1,72769.10513981708,6,999999,4,1
1,5,72770.2434458534,2,8,999999,1
6,1,72770.2434458534,8,999999,2,1
8,4,72770.2434458534,3,999999,5,1
5,5,72794.01495146359,5,3,999999,1
6,8,72794.01495146359,999999,2,5,1
6,5,72794.65684783937,999999,1,8,1
8,0,72821.79271214233,999999,8,6,1
6,2,72833.68930331038,5,8,999999,1
4,8,72839.83439100222,999999,2,0,1
5,6,72839.83439100222,999999,1,8,1
6,6,72848.38454844493,8,6,3,1
8,5,72848.38454844493,999999,6,5,1
6,6,72854.9674608105,999999,2,8,1
6,6,72854.9674608105,999999,8,1,1
6,1,72878.20018815907,999999,8,6,1
6,0,72881.24367007441,999999,5,1,1
6,8,72881.24367007441,999999,4,5,1
4,0,72900.39522584491,999999,6,6,1
5,1,72900.39522584491,999999,6,5,1
6,7,72900.39522584491,999999,6,3,1
6,1,72909.1318151157,999999,5,8,1
4,1,72917.64390344179,0,999999,8,1
6,2,72917.64390344179,999999,5,0,1
1,5,72926.0444395553,999999,2,0,1
5,5,72926.0444395553,5,999999,8,1
6,2,72926.0444395553,999999,3,5,1
1,2,72930.87555639145,999999,6,6,1
4,0,72932.96413339458,5,6,2,1
1,5,72946.0551311162,999999,2,3,1
5,2,72946.0551311162,999999,5,6,1
5,3,72946.0551311162,8,999999,0,1
5,5,72946.0551311162,2,999999,1,1
6,0,72946.0551311162,999999,5,2,1
5,1,72951.82935466734,999999,6,6,1
6,1,72951.82935466734,999999,5,6,1
6,4,72968.19850319275,2,6,999999,1
1,6,72969.88237486102,999999,8,0,1
6,4,72969.88237486102,999999,2,8,1
8,1,72969.88237486102,1,999999,3,1
1,0,72970.40547733282,4,999999,1,1
4,6,72978.44011314934,999999,2,4,1
6,1,72978.44011314934,999999,5,5,1
6,5,72978.44011314934,999999,1,2,1
5,0,72980.5730936165,999999,6,5,1
5,6,72980.5730936165,999999,1,5,1
5,8,72994.40808995006,5,2,999999,1
6,0,73009.93175120834,999999,4,5,1
6,5,73009.93175120834,999999,0,5,1
8,5,73012.8244486682,999999,2,1,1
1,1,73017.07075110415,999999,6,6,1
5,2,73017.07075110415,999999,2,3,1
6,6,73017.07075110415,5,2,999999,1
6,7,73017.07075110415,999999,999999,3,1
5,7,73022.76536785242,999999,0,3,1
6,3,73022.76536785242,999999,5,6,1
5,6,73024.57096702904,999999,4,8,1
1,5,73042.6746747023,999999,8,6,1
5,6,73042.85666490313,5,999999,0,1
5,3,73056.3262718723,999999,5,2,1
5,0,73083.38134280346,999999,4,6,1
5,1,73083.38134280346,999999,2,6,1
6,1,73101.2612822598,999999,6,5,1
5,6,73121.00643700938,999999,3,2,1
6,2,73125.9273902301,999999,1,4,1
6,1,73128.37876432904,999999,2,8,1
6,4,73128.37876432904,999999,5,3,1
5,8,73133.05744130404,999999,2,0,1
5,8,73133.05744130404,999999,5,8,1
6,0,73133.05744130404,999999,5,2,1
6,2,73133.05744130404,999999,8,0,1
6,3,73143.15261009742,1,0,999999,1
6,0,73145.32914996846,999999,6,4,1
1,5,73145.63056606431,999999,3,8,1
2,5,73145.63056606431,999999,5,0,1
5,1,73148.67830785326,6,999999,8,1
5,3,73148.67830785326,999999,2,8,1
5,6,73148.67830785326,999999,3,5,1
1,1,73168.88867796652,6,999999,3,1
6,5,73168.88867796652,999999,0,4,1
5,6,73171.89069200902,999999,8,2,1
8,6,73171.89069200902,5,999999,6,1
1,2,73176.70024683008,999999,4,6,1
6,4,73176.70024683008,999999,6,8,1
1,1,73180.41903560201,999999,2,6,1
5,3,73205.28225192387,6,8,8,1
5,4,73205.28225192387,999999,5,6,1
5,6,73205.28225192387,999999,6,5,1
4,6,73219.72794028757,999999,5,3,1
6,1,73219.72794028757,5,999999,5,1
6,2,73219.72794028757,5,999999,8,1
5,7,73228.28417639893,5,6,999999,1
5,0,73229.48805662215,999999,6,3,1
6,2,73229.48805662215,999999,4,3,1
5,3,73250.22502354786,999999,5,2,1
8,2,73250.22502354786,999999,8,6,1
5,2,73254.43403380243,999999,6,8,1
4,2,73289.00423043566,999999,5,0,1
5,0,73289.00423043566,999999,4,6,1
6,5,73289.00423043566,4,999999,5,1
1,0,73289.49886627603,999999,7,5,1
1,6,73289.49886627603,999999,8,0,1
6,1,73289.49886627603,999999,4,5,1
8,7,73291.1371640046,4,999999,6,1
1,1,73298.14942161021,999999,1,7,1
6,0,73298.14942161021,999999,6,6,1
4,5,73302.03021262665,1,999999,6,1
6,4,73302.03021262665,999999,5,8,1
5,6,73311.55840202162,999999,2,4,1
1,2,73312.58453248485,999999,5,4,1
5,3,73312.58453248485,999999,2,5,1
6,2,73312.58453248485,999999,2,6,1
5,4,73321.0797789769,999999,6,1,1
6,2,73327.19274283378,999999,2,6,1
5,0,73328.7007020973,999999,2,6,1
6,0,73328.7007020973,999999,3,1,1
6,6,73328.7007020973,6,999999,2,1
6,6,73328.7007020973,999999,1,6,1
5,5,73342.2794948948,5,999999,3,1
5,8,73342.2794948948,999999,6,3,1
5,8,73342.2794948948,999999,6,5,1
2,4,73344.63976724521,999999,5,6,1
6,5,73344.63976724521,999999,8,3,1
6,4,73360.88574490116,1,2,3,1
6,0,73361.30975241096,3,6,999999,1
6,2,73361.30975241096,999999,4,1,1
4,0,73367.6418088611,999999,6,6,1
5,6,73367.6418088611,999999,5,1,1
5,0,73370.97660615077,999999,8,6,1
5,0,73375.85750835859,999999,2,4,1
6,0,73375.85750835859,999999,8,4,1
6,5,73375.85750835859,999999,2,6,1
6,5,73375.85750835859,999999,4,6,1
4,2,73383.68628325609,999999,999999,6,1
5,2,73383.68628325609,999999,4,5,1
6,5,73383.68628325609,999999,3,1,1
8,3,73395.69186210295,4,2,8,1
5,5,73404.2504525,6,999999,5,1
6,1,73404.2504525,999999,5,3,1
8,2,73407.78489506626,6,999999,3,1
5,2,73411.19424992222,999999,8,1,1
2,3,73411.7663671384,999999,1,4,1
1,1,73424.38657709974,7,999999,4,1
6,1,73424.38657709974,999999,6,5,1
8,1,73424.38657709974,999999,0,1,1
2,5,73424.53555194156,999999,0,6,1
5,5,73424.53555194156,1,999999,8,1
8,1,73424.53555194156,5,0,6,1
5,2,73425.658697379,1,999999,1,1
6,2,73425.658697379,999999,5,8,1
6,7,73425.658697379,0,999999,6,1
8,6,73425.658697379,999999,2,5,1
1,8,73434.282502927,3,999999,2,1
6,1,73434.282502927,2,999999,5,1
6,5,73434.282502927,6,999999,3,1
5,6,73436.72062888986,999999,4,8,1
8,5,73440.26584373943,3,999999,6,1
1,8,73448.49580852834,6,3,999999,1
6,1,73448.49580852834,999999,2,6,1
6,8,73448.49580852834,999999,3,6,1
2,2,73456.95000298746,999999,8,6,1
5,8,73456.95000298746,999999,6,8,1
6,1,73456.95000298746,6,999999,5,1
1,6,73458.87660381093,999999,5,0,1
5,6,73462.51990985473,999999,1,8,1
6,2,73462.51990985473,999999,4,5,1
8,1,73462.51990985473,6,999999,0,1
4,6,73469.50689213775,0,999999,4,1
5,2,73469.50689213775,999999,6,2,1
5,2,73483.26230112762,8,0,999999,1
5,3,73491.25214796857,999999,8,5,1
5,6,73495.11904801853,999999,0,5,1
8,7,73495.11904801853,0,8,999999,1
2,6,73506.00448776085,999999,1,5,1
6,5,73506.00448776085,3,999999,5,1
8,8,73522.24204859203,6,2,999999,1
1,5,73527.97234179771,999999,6,6,1
5,1,73547.14775267942,999999,3,1,1
6,6,73547.14775267942,999999,0,1,1
6,0,73550.10174178486,999999,6,8,1
6,0,73550.25458777483,0,999999,5,1
6,4,73550.25458777483,999999,6,6,1
5,6,73565.50334448252,999999,8,5,1
8,3,73565.50334448252,999999,6,0,1
8,7,73565.50334448252,999999,8,8,1
6,5,73567.34337528342,999999,4,2,1
6,2,73571.02935681625,6,999999,0,1
1,5,73593.4384228874,999999,3,1,1
2,5,73593.4384228874,999999,8,5,1
6,5,73593.4384228874,999999,2,3,1
5,0,73599.83049189473,999999,6,5,1
6,8,73599.83049189473,999999,6,1,1
4,2,73643.18611868803,999999,5,5,1
5,5,73643.18611868803,999999,2,8,1
6,6,73651.2115721952,0,3,6,1
6,8,73651.2115721952,6,999999,7,1
8,8,73651.2115721952,999999,3,8,1
6,8,73652.51457939058,999999,3,5,1
6,8,73652.51457939058,999999,6,8,1
5,2,73656.3745452321,999999,4,6,1
5,3,73656.3745452321,999999,0,5,1
6,5,73656.3745452321,999999,3,6,1
8,2,73667.14135428933,6,6,6,1
8,2,73667.14135428933,999999,5,1,1
5,7,73700.19154863167,5,999999,1,1
1,4,73700.28888321745,999999,3,2,1
4,1,73723.27125918669,999999,5,5,1
1,2,73728.73366494323,4,999999,0,1
5,1,73728.73366494323,999999,8,5,1
5,2,73728.73366494323,999999,4,5,1
1,3,73731.98837114965,999999,5,6,1
1,6,73737.55801714044,999999,4,4,1
6,5,73737.55801714044,8,999999,5,1
8,5,73737.55801714044,999999,8,0,1
6,5,73747.87999836792,5,3,999999,1
4,5,73753.94300145254,1,999999,0,1
5,5,73753.94300145254,999999,8,8,1
5,6,73753.94300145254,999999,6,8,1
8,0,73753.94300145254,999999,6,5,1
5,0,73760.54937822952,999999,5,5,1
5,5,73760.54937822952,999999,8,2,1
5,6,73760.54937822952,999999,8,2,1
6,2,73760.54937822952,8,8,5,1
5,5,73768.9714139176,999999,0,5,1
6,5,73768.9714139176,999999,6,1,1
1,2,73812.9698031411,999999,3,5,1
1,6,73812.9698031411,999999,1,3,1
2,2,73832.36346611603,999999,5,6,1
6,0,73832.36346611603,6,999999,6,1
5,8,73838.36809496554,999999,5,2,1
6,3,73838.423120581,999999,1,5,1
4,1,73839.42280089417,999999,5,6,1
5,1,73839.42280089417,999999,6,5,1
8,1,73839.42280089417,999999,2,6,1
8,3,73839.42280089417,999999,3,4,1
6,6,73841.99374516601,999999,1,6,1
5,4,73843.56090716193,6,2,999999,1
6,6,73843.56090716193,5,999999,6,1
5,5,73856.90484183459,999999,8,6,1
6,4,73858.32908417449,999999,3,2,1
5,1,73863.90580496084,999999,6,4,1
5,4,73863.90580496084,999999,5,6,1
6,5,73863.90580496084,999999,2,1,1
1,1,73869.39189563163,999999,5,5,1
5,1,73869.39189563163,999999,8,6,1
6,8,73869.39189563163,0,999999,3,1
5,1,73886.38384336226,999999,5,5,1
6,8,73886.38384336226,999999,5,6,1
5,6,73891.81737189108,999999,0,8,1
6,2,73891.81737189108,6,999999,5,1
4,4,73900.12389891723,2,999999,6,1
6,1,73900.12389891723,1,999999,2,1
6,5,73900.12389891723,999999,6,6,1
6,6,73929.32713841976,999999,8,6,1
5,5,73931.83029748728,4,999999,6,1
8,8,73931.83029748728,999999,4,3,1
2,6,73946.65868302171,5,4,999999,1
6,8,73946.65868302171,8,999999,6,1
6,1,73952.92193694513,999999,6,6,1
4,3,73965.09405942602,4,999999,0,1
5,0,73965.09405942602,0,999999,3,1
5,1,73965.09405942602,999999,6,1,1
1,3,73994.34740749623,999999,8,8,1
8,5,74011.33412545217,999999,6,6,1
6,3,74015.76343418806,999999,8,5,1
4,1,74017.6934815024,999999,2,5,1
6,4,74017.6934815024,999999,6,5,1
5,2,74022.94492064121,999999,8,6,1
6,0,74022.94492064121,2,999999,5,1
1,5,74024.80327359225,3,6,999999,1
2,1,74037.8466858087,4,8,999999,1
5,0,74037.8466858087,999999,4,3,1
6,3,74037.8466858087,999999,2,8,1
5,6,74038.51588715625,999999,0,3,1
5,8,74038.51588715625,999999,0,8,1
5,5,74055.9940921853,999999,5,0,1
5,5,74055.9940921853,999999,5,3,1
8,6,74055.9940921853,999999,5,5,1
5,1,74065.35132025585,4,3,6,1
5,4,74065.35132025585,999999,1,8,1
5,5,74065.35132025585,999999,4,6,1
8,8,74075.58543113254,999999,4,6,1
6,0,74085.97980374133,999999,6,0,1
6,5,74089.81237554412,999999,0,8,1
5,5,74108.01988382157,999999,4,6,1
8,6,74108.01988382157,8,3,999999,1
5,4,74143.53764622295,2,999999,6,1
6,4,74143.53764622295,999999,5,6,1
6,5,74143.53764622295,999999,6,8,1
8,2,74143.53764622295,999999,4,1,1
5,4,74150.83387727868,999999,1,5,1
8,3,74150.83387727868,999999,0,6,1
4,0,74159.02652572736,6,999999,6,1
4,1,74159.02652572736,5,5,999999,1
5,0,74159.02652572736,999999,8,6,1
8,2,74159.02652572736,999999,6,6,1
2,5,74160.4330741843,1,999999,5,1
5,1,74160.4330741843,999999,6,0,1
6,4,74160.4330741843,2,999999,5,1
6,1,74171.29767088113,999999,3,5,1
6,0,74172.0981591224,999999,0,5,1
6,4,74172.0981591224,999999,5,3,1
6,5,74172.0981591224,5,6,999999,1
5,4,74186.09222030127,999999,2,3,1
8,0,74186.09222030127,999999,0,6,1
1,6,74191.02198744172,999999,4,4,1
5,6,74191.02198744172,0,999999,5,1
6,6,74191.02198744172,999999,1,2,1
5,4,74193.87858070574,999999,6,3,1
5,5,74193.87858070574,999999,0,1,1
8,5,74193.87858070574,999999,0,2,1
5,2,74206.65388246682,6,5,0,1
8,5,74206.65388246682,999999,6,2,1
8,6,74206.65388246682,999999,5,6,1
4,5,74212.91083570768,999999,6,4,1
6,4,74212.91083570768,1,999999,7,1
8,6,74212.91083570768,999999,8,5,1
6,5,74214.67281477938,999999,0,6,1
6,0,74218.45849239119,999999,6,5,1
6,5,74218.45849239119,999999,4,4,1
8,5,74218.45849239119,1,0,999999,1
1,4,74219.29463265462,999999,1,5,1
6,5,74219.29463265462,999999,5,6,1
2,6,74237.1919266243,5,6,999999,1
5,3,74237.1919266243,999999,6,2,1
5,8,74237.1919266243,999999,6,6,1
6,1,74238.18050701193,999999,5,2,1
5,4,74271.19277809405,2,999999,4,1
5,6,74271.19277809405,999999,2,4,1
5,6,74271.19277809405,999999,5,2,1
1,2,74273.21174683988,999999,1,6,1
2,6,74273.21174683988,999999,1,5,1
2,7,74281.67716347148,4,999999,5,1
4,1,74281.67716347148,999999,6,5,1
5,3,74281.67716347148,999999,2,0,1
6,2,74281.67716347148,6,999999,5,1
4,8,74291.77022657031,999999,3,5,1
6,8,74291.77022657031,999999,6,5,1
5,2,74297.37279954048,999999,5,2,1
1,1,74302.89481636915,999999,2,0,1
1,3,74307.13630634516,5,7,999999,1
5,0,74307.13630634516,999999,5,1,1
5,7,74307.13630634516,999999,0,8,1
6,5,74309.17362288632,6,999999,4,1
6,5,74311.26238233899,999999,5,8,1
5,5,74316.58819723943,6,999999,8,1
5,8,74316.58819723943,999999,4,8,1
4,6,74326.36183465351,8,6,2,1
8,5,74328.66850517629,999999,6,0,1
6,2,74329.97793561876,1,999999,4,1
6,5,74333.47021285332,999999,6,2,1
5,0,74334.83030968049,999999,4,5,1
6,3,74341.02720743541,6,999999,0,1
8,2,74341.02720743541,999999,3,5,1
6,3,74342.25642616746,2,4,999999,1
1,6,74344.07742285347,999999,6,0,1
5,5,74344.07742285347,6,5,999999,1
6,5,74344.07742285347,6,999999,2,1
1,6,74345.90326160466,5,999999,7,1
6,5,74362.28746238681,999999,8,5,1
2,6,74371.61800264752,5,999999,1,1
5,3,74371.61800264752,5,8,7,1
6,3,74371.61800264752,5,999999,2,1
8,5,74371.61800264752,999999,1,6,1
6,1,74424.38451520892,999999,6,4,1
5,5,74427.16875072855,6,999999,999999,1
8,0,74433.46031001546,999999,5,1,1
4,6,74465.98587582186,999999,6,4,1
4,7,74465.98587582186,1,999999,4,1
5,2,74465.98587582186,999999,1,0,1
1,2,74469.94154459151,999999,1,6,1
6,1,74469.94154459151,8,999999,2,1
6,1,74469.94154459151,999999,6,8,1
1,4,74484.45916591425,999999,3,2,1
8,4,74484.45916591425,3,6,999999,1
6,5,74488.97143294674,999999,5,5,1
5,7,74491.74205395381,0,2,999999,1
6,3,74491.74205395381,4,999999,2,1
6,6,74491.74205395381,999999,8,3,1
6,8,74491.74205395381,999999,6,6,1
5,5,74492.33641512955,6,999999,6,1
5,3,74497.56885988306,6,0,5,1
4,2,74504.94182513158,999999,5,6,1
5,0,74504.94182513158,999999,6,8,1
6,6,74506.45739463472,999999,5,0,1
4,6,74510.4661540825,2,999999,5,1
5,1,74510.4661540825,6,999999,8,1
5,5,74510.4661540825,999999,3,1,1
6,5,74510.4661540825,5,999999,5,1
5,5,74513.80364683195,2,999999,1,1
1,5,74514.53159770346,999999,3,8,1
1,0,74515.92388338767,999999,5,6,1
4,8,74550.65026052791,999999,5,6,1
1,1,74552.84769661122,3,6,2,1
6,6,74552.84769661122,999999,8,8,1
1,2,74556.856254044,999999,3,5,1
5,6,74556.856254044,999999,1,1,1
5,2,74557.18680674792,999999,3,8,1
5,7,74557.18680674792,999999,3,8,1
6,6,74558.58611732528,5,999999,2,1
5,2,74570.51343185583,999999,1,7,1
6,8,74570.51343185583,999999,5,3,1
6,8,74573.45322914618,999999,2,6,1
5,6,74580.2527010734,999999,2,6,1
5,4,74588.93640212563,999999,1,6,1
5,1,74593.16936404235,2,999999,5,1
6,5,74593.16936404235,0,999999,6,1
8,3,74596.57726139952,999999,1,0,1
6,6,74599.81907595968,999999,1,8,1
6,2,74607.4143467002,999999,1,5,1
5,2,74616.84309739007,6,1,999999,1
6,6,74623.89816459881,999999,5,0,1
6,1,74634.72636298304,999999,8,6,1
4,2,74652.10073152212,999999,6,3,1
4,0,74652.51136150575,999999,5,3,1
6,7,74652.51136150575,0,999999,6,1
1,4,74661.52656080655,999999,1,0,1
1,6,74661.52656080655,6,999999,2,1
2,8,74667.94730017462,999999,0,5,1
5,2,74668.6059576955,999999,4,8,1
6,6,74668.6059576955,999999,5,5,1
8,4,74668.6059576955,3,999999,5,1
8,8,74668.6059576955,999999,1,5,1
4,6,74674.1739219544,5,999999,8,1
5,5,74674.1739219544,1,0,999999,1
5,2,74681.12791834024,1,999999,6,1
5,2,74727.31951091677,999999,6,1,1
5,6,74727.31951091677,8,999999,5,1
4,6,74733.84542773924,999999,6,4,1
6,0,74733.84542773924,999999,5,2,1
6,3,74733.84542773924,5,999999,1,1
6,4,74740.04675591832,6,999999,8,1
1,8,74743.37554884535,999999,5,1,1
5,6,74743.37554884535,3,8,5,1
5,1,74757.3384620059,5,999999,6,1
5,4,74757.3384620059,999999,5,3,1
6,5,74757.3384620059,999999,6,5,1
6,6,74757.3384620059,5,999999,8,1
8,7,74757.3384620059,999999,5,4,1
1,1,74765.18996029336,999999,8,2,1
5,8,74765.18996029336,7,6,2,1
5,6,74780.91683130329,999999,5,5,1
5,5,74793.35272262903,999999,5,6,1
5,6,74793.35272262903,999999,6,6,1
5,7,74798.58477425008,999999,3,1,1
8,6,74798.58477425008,6,1,999999,1
1,1,74819.04413771421,999999,8,1,1
5,7,74819.04413771421,999999,6,8,1
6,5,74828.7643974465,999999,5,6,1
5,2,74834.24233594329,999999,6,1,1
5,5,74834.24233594329,999999,6,8,1
2,6,74836.39285667444,5,4,999999,1
4,6,74836.39285667444,5,999999,1,1
6,1,74836.39285667444,999999,8,4,1
6,3,74836.39285667444,999999,8,5,1
4,4,74839.36373135,999999,3,1,1
6,6,74839.36373135,999999,8,0,1
1,1,74850.60949166388,999999,4,3,1
4,3,74862.55524936307,999999,5,4,1
5,8,74875.22885411364,999999,4,3,1
8,5,74875.22885411364,999999,6,4,1
5,6,74879.42103599967,999999,6,5,1
5,7,74879.42103599967,999999,6,4,1
5,2,74879.89706181535,999999,3,6,1
5,2,74879.89706181535,999999,4,1,1
5,8,74879.89706181535,999999,0,6,1
6,5,74883.3078684263,999999,6,1,1
6,6,74890.16025553521,6,2,999999,1
8,2,74890.16025553521,999999,5,8,1
1,6,74904.26186358153,999999,6,2,1
1,8,74904.26186358153,999999,4,0,1
4,8,74904.26186358153,999999,0,3,1
5,1,74904.26186358153,0,4,999999,1
5,1,74904.26186358153,999999,6,6,1
5,2,74904.26186358153,999999,8,5,1
5,5,74904.26186358153,999999,6,2,1
5,6,74904.26186358153,999999,6,6,1
8,5,74906.61731189436,2,6,999999,1
5,8,74909.39055481288,999999,1,3,1
6,3,74927.54371813708,999999,5,5,1
8,0,74927.54371813708,5,999999,2,1
2,4,74957.93460512848,0,999999,6,1
5,4,74973.3805404951,6,2,999999,1
5,4,74973.62315814711,999999,0,3,1
6,6,74973.62315814711,999999,5,1,1
5,3,74981.8576948224,999999,2,1,1
4,5,75010.35275342778,999999,0,6,1
8,0,75010.35275342778,999999,2,4,1
5,2,75012.643932386,999999,6,5,1
5,2,75013.12413590906,999999,8,5,1
6,6,75013.12413590906,999999,6,6,1
4,5,75033.3125329597,999999,6,2,1
5,0,75051.90530796192,999999,3,6,1
5,8,75051.90530796192,999999,8,1,1
5,3,75055.13012685497,0,999999,1,1
5,2,75062.6677416276,999999,3,8,1
6,2,75062.6677416276,0,999999,5,1
6,7,75064.3376997323,999999,5,3,1
4,2,75067.65609049112,999999,4,2,1
6,5,75068.78981270589,6,999999,2,1
5,5,75079.98451128676,3,999999,8,1
6,0,75079.98451128676,999999,3,5,1
6,6,75079.98451128676,999999,5,4,1
1,1,75085.21620017297,999999,1,3,1
5,7,75085.21620017297,5,999999,2,1
8,8,75085.21620017297,999999,6,5,1
5,5,75095.57764275238,999999,1,5,1
4,4,75099.8983598345,6,999999,5,1
4,5,75099.8983598345,999999,7,1,1
5,4,75106.28882580041,6,999999,4,1
6,5,75106.28882580041,999999,6,0,1
4,8,75122.02879589878,999999,2,5,1
6,1,75122.02879589878,5,999999,6,1
5,6,75128.53809950664,999999,6,8,1
2,2,75143.92991053505,999999,8,6,1
5,0,75145.84260642971,4,999999,0,1
1,4,75154.02799811837,999999,3,8,1
1,7,75159.3734697193,999999,5,5,1
5,8,75159.3734697193,999999,6,4,1
4,7,75165.39942619359,999999,0,5,1
5,1,75173.08142368887,5,999999,2,1
1,0,75177.23431081774,999999,1,5,1
1,2,75197.57063730799,999999,3,1,1
5,5,75197.57063730799,8,999999,2,1
5,5,75197.57063730799,999999,4,3,1
6,6,75203.55044513414,999999,0,6,1
5,1,75211.17068274529,999999,5,5,1
6,2,75212.89460167282,999999,3,4,1
5,6,75213.15290216479,999999,0,3,1
1,8,75231.21385043563,999999,2,8,1
5,6,75231.21385043563,999999,3,6,1
5,8,75231.21385043563,3,999999,0,1
6,5,75231.21385043563,2,999999,8,1
4,1,75233.6573119055,999999,6,3,1
5,7,75233.6573119055,999999,8,6,1
5,7,75238.23734173168,999999,6,8,1
2,5,75247.70129659525,0,5,999999,1
6,3,75247.70129659525,999999,6,8,1
1,6,75248.89557807137,999999,6,0,1
5,5,75248.89557807137,999999,2,8,1
5,6,75248.89557807137,999999,3,0,1
1,1,75251.08239124069,999999,8,6,1
6,2,75251.08239124069,999999,3,6,1
6,6,75251.08239124069,999999,0,2,1
6,8,75251.08239124069,2,999999,4,1
5,5,75258.94576624403,8,6,1,1
5,6,75276.81693229092,999999,3,8,1
5,8,75276.81693229092,999999,3,4,1
5,6,75297.85274564118,999999,5,5,1
6,6,75297.85274564118,999999,2,2,1
4,6,75310.66207752378,999999,1,6,1
4,7,75310.66207752378,999999,4,6,1
5,4,75315.8756527059,999999,3,8,1
8,1,75315.8756527059,6,2,4,1
8,8,75331.19077331726,999999,8,6,1
5,4,75340.41715692039,999999,5,6,1
6,6,75357.56063057619,999999,0,2,1
8,8,75357.56063057619,999999,4,3,1
5,6,75361.07513701306,999999,8,1,1
6,5,75361.07513701306,999999,5,8,1
6,1,75385.39683146725,8,999999,4,1
4,1,75393.25353531248,999999,8,6,1
5,2,75400.34719388199,999999,6,5,1
5,5,75400.34719388199,1,6,999999,1
6,1,75400.34719388199,8,0,5,1
6,5,75400.34719388199,999999,8,6,1
6,5,75414.77530171406,999999,8,6,1
6,6,75414.77530171406,999999,4,5,1
5,3,75415.83919730363,999999,6,6,1
5,6,75415.83919730363,999999,2,8,1
8,8,75415.83919730363,999999,5,1,1
1,8,75416.1767173047,999999,1,0,1
8,2,75416.1767173047,999999,4,3,1
6,4,75417.29670446961,999999,0,6,1
5,2,75417.7218095774,1,999999,6,1
5,4,75417.7218095774,999999,8,3,1
4,6,75429.99202877877,999999,4,0,1
5,2,75429.99202877877,999999,8,5,1
8,3,75431.43498366149,0,999999,6,1
1,6,75438.84161545624,6,999999,0,1
5,1,75438.84161545624,999999,5,3,1
5,6,75438.84161545624,999999,0,6,1
5,5,75445.63866971123,4,4,6,1
5,7,75445.63866971123,999999,2,8,1
1,5,75446.91061819029,999999,6,3,1
4,0,75446.91061819029,999999,6,8,1
5,2,75446.91061819029,1,999999,4,1
5,6,75446.91061819029,999999,1,3,1
6,4,75446.91061819029,999999,6,5,1
5,6,75449.601657198,2,999999,5,1
4,8,75466.50300567824,5,999999,2,1
5,5,75467.72766912187,999999,2,6,1
1,5,75473.32253395679,999999,8,5,1
6,0,75473.32253395679,999999,2,8,1
5,2,75477.35733709196,6,1,999999,1
6,6,75477.35733709196,999999,5,4,1
6,7,75477.35733709196,5,999999,4,1
6,6,75478.27327358889,999999,3,2,1
6,0,75485.73127699588,999999,0,1,1
2,3,75505.50383578578,999999,6,5,1
5,1,75505.50383578578,6,999999,5,1
5,1,75505.50383578578,999999,4,6,1
6,2,75519.04023290101,6,999999,2,1
6,4,75528.92488764407,999999,8,0,1
6,5,75528.92488764407,999999,6,5,1
6,6,75528.92488764407,999999,6,4,1
6,8,75532.39211746387,999999,0,6,1
5,2,75532.83124225865,999999,3,5,1
6,5,75532.83124225865,999999,3,4,1
6,6,75532.83124225865,999999,5,0,1
6,5,75535.63112811612,999999,4,6,1
4,2,75546.25799655645,999999,5,5,1
5,3,75557.6020456209,999999,1,2,1
1,4,75574.18384548985,999999,6,1,1
5,8,75574.18384548985,999999,5,8,1
1,1,75579.83081461643,0,999999,6,1
6,5,75579.83081461643,999999,1,4,1
8,3,75579.83081461643,6,999999,0,1
4,8,75588.26817390918,999999,3,6,1
5,6,75588.26817390918,999999,0,2,1
6,2,75588.26817390918,999999,8,5,1
8,0,75589.3125581672,999999,1,6,1
5,6,75594.47408595218,999999,2,4,1
6,2,75601.49871753069,6,3,999999,1
2,1,75602.8831742136,999999,6,4,1
5,2,75602.8831742136,999999,2,3,1
6,3,75608.05587774527,999999,6,6,1
1,3,75648.18087666095,999999,6,8,1
5,1,75652.15490426416,6,999999,1,1
4,4,75653.24547326981,999999,5,1,1
4,5,75653.24547326981,999999,6,7,1
5,0,75653.24547326981,999999,4,5,1
5,0,75653.24547326981,999999,8,1,1
8,0,75653.24547326981,999999,3,1,1
2,5,75710.48407229006,999999,8,1,1
6,3,75710.48407229006,5,999999,0,1
1,6,75718.29321443163,999999,2,0,1
5,4,75718.29321443163,999999,1,5,1
6,5,75718.70430581676,999999,3,6,1
8,1,75718.70430581676,999999,6,6,1
8,6,75718.70430581676,999999,5,8,1
5,3,75721.55655973719,999999,5,4,1
1,5,75722.39249222417,999999,8,4,1
5,5,75745.40499130517,999999,5,3,1
6,0,75745.40499130517,8,999999,8,1
6,5,75745.40499130517,999999,6,4,1
1,3,75753.88610309378,999999,3,8,1
8,0,75753.88610309378,999999,5,4,1
8,4,75760.20384362781,999999,7,4,1
5,5,75760.65391814057,1,999999,0,1
6,1,75760.65391814057,999999,6,4,1
6,4,75760.65391814057,999999,6,1,1
4,6,75760.69087452497,999999,2,8,1
5,5,75766.76084420492,999999,1,6,1
6,1,75766.76084420492,999999,5,2,1
7,2,75766.76084420492,999999,1,3,1
1,3,75768.81839677841,999999,6,6,1
4,3,75783.12618127267,6,999999,2,1
6,5,75783.12618127267,999999,6,3,1
8,7,75783.12618127267,999999,2,6,1
4,7,75784.9413407716,6,2,0,1
6,1,75784.9413407716,999999,0,2,1
5,2,75791.34736968996,999999,5,5,1
6,0,75791.34736968996,999999,6,1,1
6,7,75791.34736968996,999999,0,3,1
1,0,75806.32962413093,999999,3,5,1
5,6,75806.32962413093,999999,1,6,1
5,1,75810.45651050723,999999,3,6,1
5,3,75810.45651050723,999999,6,7,1
1,3,75836.12153596502,999999,7,6,1
1,4,75836.12153596502,999999,3,2,1
5,5,75837.32763374681,999999,5,4,1
6,5,75837.32763374681,999999,4,5,1
1,6,75839.01139017513,999999,4,1,1
1,8,75839.01139017513,6,999999,2,1
6,6,75859.78632067678,999999,5,1,1
8,2,75859.78632067678,0,999999,2,1
2,6,75876.36095956052,999999,3,4,1
6,2,75876.36095956052,999999,1,6,1
1,4,75900.85886482622,999999,5,1,1
8,2,75900.85886482622,5,999999,0,1
5,5,75901.02293734107,2,999999,5,1
5,1,75919.18210941789,999999,1,2,1
5,6,75919.18210941789,999999,6,4,1
6,2,75919.18210941789,999999,5,8,1
6,1,75945.76069345196,999999,6,5,1
6,3,75948.01057184834,999999,2,5,1
1,5,75966.06658610849,999999,7,0,1
1,5,75979.34418979617,6,999999,6,1
4,7,75979.34418979617,999999,6,3,1
6,1,75998.92821425915,999999,5,6,1
8,8,75998.92821425915,3,5,999999,1
4,2,76008.3581968319,999999,0,3,1
5,3,76030.84389458511,999999,4,5,1
6,5,76038.62226449534,1,6,6,1
6,8,76038.62226449534,4,999999,8,1
6,6,76066.62630481737,999999,2,2,1
8,0,76066.62630481737,999999,6,5,1
8,8,76066.62630481737,6,4,999999,1
4,1,76068.34747026749,999999,6,5,1
5,6,76068.34747026749,8,999999,8,1
5,8,76068.34747026749,0,999999,6,1
6,0,76072.56172008121,999999,6,3,1
6,4,76077.44443142717,999999,6,5,1
5,8,76099.25373450197,999999,0,4,1
8,4,76099.25373450197,5,999999,6,1
1,2,76101.67272199299,999999,3,8,1
1,3,76101.67272199299,999999,6,2,1
2,8,76131.62228467525,999999,4,5,1
6,2,76131.62228467525,7,999999,6,1
5,6,76131.75467339602,5,999999,1,1
5,8,76131.75467339602,999999,2,0,1
1,4,76140.8935541839,999999,3,1,1
5,3,76140.8935541839,999999,5,5,1
4,6,76142.52762794119,999999,5,8,1
5,1,76142.52762794119,999999,3,2,1
1,2,76145.81052235408,999999,5,0,1
1,4,76145.81052235408,999999,8,0,1
8,8,76145.81052235408,4,999999,5,1
4,3,76154.61969676607,999999,5,6,1
6,1,76154.61969676607,999999,2,5,1
5,4,76174.87996746351,999999,3,5,1
6,1,76174.87996746351,999999,6,7,1
5,4,76178.35931686555,999999,6,8,1
6,6,76178.35931686555,999999,8,6,1
8,2,76178.35931686555,999999,0,6,1
5,7,76179.08800663924,999999,6,3,1
6,6,76179.08800663924,999999,7,3,1
5,3,76214.31916027228,999999,5,6,1
4,8,76221.38484551848,8,999999,2,1
5,4,76239.17058365705,999999,3,1,1
1,6,76246.10516850793,2,999999,5,1
5,0,76259.26934892179,1,999999,2,1
5,6,76259.26934892179,999999,8,4,1
1,8,76259.57283155703,999999,2,0,1
6,2,76259.57283155703,999999,6,2,1
5,5,76261.66965115907,999999,0,4,1
8,3,76261.66965115907,8,999999,5,1
5,0,76270.02786598844,999999,8,6,1
6,3,76270.02786598844,999999,5,3,1
8,6,76270.02786598844,999999,8,5,1
5,3,76270.82957654986,8,999999,1,1
5,5,76271.22616242543,4,999999,3,1
6,2,76271.22616242543,3,999999,1,1
5,1,76274.1281823539,999999,3,6,1
5,5,76290.59430123036,999999,1,6,1
1,6,76296.7226110348,999999,3,5,1
5,3,76296.7226110348,999999,6,2,1
4,5,76317.32334210041,999999,1,5,1
6,6,76322.89443048094,999999,1,6,1
8,5,76322.89443048094,5,1,999999,1
4,8,76337.67346457567,999999,6,8,1
5,1,76337.67346457567,999999,5,0,1
6,5,76337.67346457567,999999,0,999999,1
6,1,76341.59533528578,999999,6,8,1
8,2,76341.59533528578,4,999999,8,1
6,2,76356.93373926065,5,6,999999,1
5,3,76357.78507398964,6,999999,8,1
5,0,76383.32685796126,2,999999,5,1
6,3,76383.32685796126,999999,2,5,1
6,3,76383.32685796126,999999,5,1,1
6,4,76384.26525727643,8,999999,5,1
6,8,76384.26525727643,3,999999,0,1
5,1,76409.02461943199,999999,1,3,1
5,5,76410.43948080631,999999,4,2,1
5,1,76412.20906270202,999999,6,5,1
6,2,76412.20906270202,999999,4,8,1
2,1,76420.67829860894,999999,6,5,1
5,5,76420.67829860894,999999,5,2,1
5,1,76428.04863091563,999999,0,5,1
1,3,76430.4231595243,999999,8,2,1
8,7,76430.4231595243,2,5,999999,1
6,3,76442.48315197638,999999,1,0,1
6,3,76442.48315197638,999999,4,5,1
8,6,76442.48315197638,6,1,999999,1
5,0,76478.59479495394,999999,2,6,1
4,5,76483.05743082467,999999,6,2,1
6,1,76488.5123300785,999999,8,6,1
5,2,76496.19899136313,999999,3,0,1
5,2,76496.19899136313,999999,5,5,1
4,4,76505.18629064302,6,999999,6,1
6,2,76505.18629064302,999999,7,8,1
6,0,76511.97216280656,999999,1,5,1
5,1,76520.90894592949,6,3,999999,1
8,3,76520.90894592949,2,999999,0,1
5,5,76537.96103701113,999999,0,3,1
5,5,76537.96103701113,999999,0,5,1
6,3,76544.05313011695,999999,6,4,1
6,5,76544.05313011695,999999,6,2,1
8,2,76552.17602474769,999999,4,3,1
5,8,76552.94307621801,999999,8,6,1
1,1,76555.47604797072,999999,4,5,1
1,0,76568.09497307883,6,999999,1,1
5,2,76581.59680029383,999999,3,8,1
6,0,76588.99300005852,4,5,6,1
6,6,76588.99300005852,999999,1,3,1
6,2,76590.13385937033,999999,3,5,1
5,5,76601.58493072039,999999,3,4,1
6,1,76601.73503523968,999999,8,3,1
8,2,76601.73503523968,6,6,6,1
6,4,76611.75355720826,999999,6,8,1
1,2,76615.10798997982,999999,3,1,1
1,2,76615.10798997982,999999,6,0,1
5,5,76615.10798997982,999999,0,6,1
5,8,76615.10798997982,999999,1,5,1
6,2,76618.21262951664,6,999999,0,1
6,6,76618.21262951664,999999,2,0,1
5,6,76629.16916333025,999999,1,4,1
6,5,76629.16916333025,999999,8,8,1
8,3,76629.16916333025,999999,0,2,1
5,0,76642.83114587143,999999,1,6,1
5,0,76647.2199190125,999999,1,4,1
6,4,76647.2199190125,999999,5,3,1
5,6,76649.59341689179,999999,8,6,1
1,1,76657.73123239935,999999,8,6,1
2,2,76657.73123239935,999999,3,5,1
5,1,76659.46809383681,999999,3,5,1
1,1,76662.23357316808,999999,2,6,1
5,6,76662.23357316808,4,999999,8,1
2,3,76669.09371950293,999999,4,5,1
6,4,76669.09371950293,999999,8,6,1
5,8,76674.53649240425,999999,0,4,1
5,0,76676.73226102522,999999,5,2,1
5,1,76676.73226102522,999999,6,8,1
2,2,76688.34741179906,999999,1,3,1
5,2,76688.34741179906,999999,3,8,1
6,5,76688.34741179906,5,0,999999,1
6,6,76688.34741179906,999999,2,6,1
6,1,76690.80187714666,6,5,1,1
2,1,76695.13152855485,999999,1,6,1
6,3,76705.25675932804,999999,5,6,1
5,6,76725.64315429071,3,999999,0,1
6,6,76731.52977616349,999999,1,0,1
2,1,76757.44551126879,999999,5,1,1
4,4,76757.44551126879,999999,4,0,1
6,4,76757.44551126879,999999,6,999999,1
2,6,76766.4722349559,999999,5,8,1
4,3,76766.4722349559,5,999999,7,1
4,8,76767.88944403907,7,999999,6,1
5,2,76779.53692027979,6,6,999999,1
6,5,76779.53692027979,999999,5,1,1
6,5,76779.53692027979,999999,6,6,1
5,1,76782.56372578179,999999,6,8,1
5,5,76782.56372578179,6,999999,3,1
6,1,76782.56372578179,999999,5,0,1
8,5,76782.56372578179,4,999999,3,1
5,0,76791.9001173789,5,6,999999,1
1,5,76809.46092731708,1,0,999999,1
6,6,76809.46092731708,5,999999,1,1
5,8,76836.44152201504,999999,6,0,1
6,8,76836.44152201504,2,999999,6,1
2,2,76864.33482760162,999999,6,1,1
5,4,76873.8656661642,6,999999,5,1
5,7,76873.8656661642,5,999999,6,1
6,0,76873.8656661642,999999,6,2,1
5,6,76883.06647273105,999999,7,5,1
5,8,76883.06647273105,999999,4,5,1
8,8,76883.06647273105,1,999999,5,1
5,1,76890.12978170167,999999,1,3,1
8,2,76890.12978170167,999999,1,3,1
6,6,76892.48669210974,0,6,999999,1
6,6,76892.48669210974,999999,1,0,1
1,5,76894.92502768197,999999,3,0,1
4,6,76894.92502768197,2,999999,2,1
4,6,76894.92502768197,999999,2,6,1
1,6,76907.18539448299,999999,8,1,1
2,6,76913.5254127899,999999,5,3,1
6,4,76913.5254127899,999999,5,6,1
6,6,76923.5860533968,999999,2,5,1
8,8,76923.5860533968,999999,5,6,1
1,6,76925.42914683244,999999,5,5,1
8,5,76925.42914683244,6,999999,0,1
8,0,76927.84177116255,999999,6,2,1
4,5,76938.57539495558,999999,5,0,1
8,1,76938.57539495558,2,5,999999,1
1,6,76939.04031903714,999999,8,0,1
5,2,76939.04031903714,999999,1,6,1
5,3,76939.04031903714,999999,1,5,1
1,6,76943.25098368688,999999,0,5,1
8,2,76943.47045358468,999999,1,3,1
6,3,76945.81447621266,999999,8,5,1
5,2,76963.50835186473,999999,8,1,1
5,3,76968.77192701877,999999,0,0,1
5,6,76968.77192701877,999999,6,6,1
8,0,76984.88663858379,999999,8,5,1
5,6,76990.23344552385,999999,8,3,1
5,6,76990.77393202152,999999,6,2,1
5,8,76990.77393202152,5,999999,0,1
5,5,76995.32659235502,8,0,999999,1
5,5,76995.32659235502,999999,8,3,1
6,4,77000.93857819491,999999,8,5,1
4,8,77009.20814531346,999999,5,3,1
5,6,77009.20814531346,999999,3,5,1
6,5,77009.20814531346,999999,6,5,1
5,5,77025.96514738518,6,999999,0,1
5,6,77025.96514738518,2,999999,6,1
6,6,77025.96514738518,999999,3,2,1
8,7,77025.96514738518,999999,2,6,1
6,3,77037.36845929651,999999,5,8,1
1,3,77050.8762813362,999999,2,1,1
5,1,77050.8762813362,999999,7,5,1
2,3,77052.39538027867,999999,0,5,1
6,1,77055.09179976262,999999,3,2,1
6,3,77055.09179976262,999999,8,0,1
5,3,77055.43966609123,0,999999,6,1
8,1,77055.43966609123,999999,8,5,1
6,6,77060.95969666785,999999,999999,2,1
8,4,77060.95969666785,999999,1,0,1
1,6,77063.64158832963,999999,3,4,1
2,2,77063.64158832963,999999,8,6,1
6,3,77088.97125291644,999999,6,6,1
4,6,77101.2690733731,2,999999,3,1
5,6,77101.2690733731,999999,2,3,1
6,5,77105.7736886383,999999,5,5,1
1,5,77115.35675816592,999999,6,0,1
5,3,77116.52999568387,999999,4,1,1
6,3,77116.52999568387,6,4,999999,1
6,5,77116.52999568387,999999,2,0,1
8,1,77116.52999568387,999999,2,7,1
4,2,77137.18199416764,999999,6,3,1
4,3,77159.85688423454,999999,8,5,1
5,6,77159.85688423454,999999,2,4,1
2,4,77163.05443932717,999999,6,7,1
5,5,77165.76231857383,999999,0,5,1
6,6,77165.76231857383,0,999999,8,1
6,7,77180.37327165972,1,999999,6,1
6,1,77182.07261038186,999999,3,6,1
6,1,77191.74621957922,999999,5,4,1
6,2,77191.74621957922,999999,1,8,1
1,5,77203.64093240863,0,999999,0,1
5,4,77203.64093240863,6,999999,1,1
5,6,77203.64093240863,999999,6,6,1
8,6,77206.27359224622,999999,6,5,1
5,8,77211.05084148077,999999,6,5,1
6,8,77216.57836117002,999999,2,3,1
8,5,77216.57836117002,999999,1,2,1
6,5,77232.96464060666,999999,6,1,1
6,8,77274.0215077075,999999,6,8,1
1,5,77280.63447210174,999999,6,2,1
6,5,77280.63447210174,999999,1,0,1
4,6,77298.66456485692,999999,8,1,1
5,2,77298.66456485692,1,2,999999,1
6,4,77298.66456485692,999999,8,7,1
8,0,77298.66456485692,999999,3,5,1
1,8,77299.61235290093,999999,2,3,1
6,4,77299.61235290093,0,5,999999,1
1,2,77316.38605660584,999999,5,4,1
6,1,77316.38605660584,999999,2,4,1
1,8,77327.89074396621,8,999999,4,1
6,1,77327.89074396621,999999,0,5,1
5,1,77342.37099370529,999999,1,6,1
5,2,77342.37099370529,999999,8,8,1
5,5,77342.37099370529,3,999999,0,1
6,1,77342.77997564341,999999,5,6,1
5,7,77357.24296819423,4,999999,3,1
6,1,77367.23175331771,3,6,999999,1
6,6,77368.8639201898,999999,1,2,1
6,8,77368.8639201898,6,6,1,1
1,6,77369.26779954183,999999,1,0,1
4,4,77369.26779954183,0,5,999999,1
1,4,77377.33091422345,999999,1,8,1
1,7,77377.33091422345,999999,4,5,1
4,3,77377.33091422345,999999,6,8,1
6,5,77377.33091422345,8,1,999999,1
5,1,77383.94805084463,0,4,999999,1
5,6,77383.94805084463,999999,3,0,1
5,7,77383.94805084463,999999,6,3,1
6,6,77383.94805084463,999999,4,5,1
8,8,77383.94805084463,0,999999,6,1
6,5,77393.1754857525,5,999999,2,1
6,5,77393.1754857525,999999,6,4,1
1,6,77409.65555635776,999999,6,6,1
4,5,77409.65555635776,999999,2,2,1
6,1,77436.75079682571,999999,4,2,1
8,5,77436.75079682571,999999,4,3,1
1,5,77447.45476695064,6,999999,0,1
5,8,77447.45476695064,999999,5,6,1
5,6,77488.56241753852,0,6,999999,1
6,0,77488.56241753852,999999,6,1,1
5,6,77488.70252815634,999999,6,2,1
5,3,77502.37055178256,1,999999,8,1
6,1,77535.19222361068,6,999999,5,1
4,0,77542.98889850415,999999,1,5,1
5,3,77542.98889850415,999999,0,6,1
1,4,77563.17531097012,999999,7,2,1
5,1,77563.17531097012,999999,6,6,1
5,5,77570.9472767623,999999,4,2,1
6,6,77570.9472767623,999999,0,4,1
5,2,77573.03065733628,999999,5,8,1
6,6,77573.03065733628,999999,6,8,1
5,5,77576.04788220655,999999,6,8,1
6,3,77576.04788220655,999999,5,7,1
1,0,77582.00394484859,3,2,1,1
2,1,77582.15097112411,6,999999,3,1
5,4,77601.58865664623,999999,3,2,1
6,0,77615.8066281719,5,2,999999,1
6,4,77621.562188479,8,999999,8,1
5,0,77631.18916114992,999999,0,6,1
5,4,77631.18916114992,999999,6,6,1
5,5,77631.18916114992,999999,6,2,1
5,5,77633.82049384645,6,999999,0,1
4,5,77647.274957952,999999,6,1,1
8,2,77647.274957952,999999,6,0,1
6,2,77652.05974072158,999999,4,0,1
5,6,77654.60460667282,6,3,3,1
5,8,77654.60460667282,999999,2,5,1
8,6,77654.60460667282,999999,8,1,1
4,6,77655.06603602227,999999,1,5,1
6,0,77655.06603602227,999999,2,5,1
6,3,77655.06603602227,999999,5,1,1
1,4,77660.18696068504,999999,4,2,1
6,2,77660.73040541765,999999,6,6,1
4,2,77682.77067448566,999999,5,3,1
5,2,77682.77067448566,999999,3,0,1
6,3,77691.7616305649,999999,6,1,1
1,4,77695.00544487509,999999,1,0,1
5,4,77695.00544487509,999999,3,0,1
5,3,77695.40491518604,999999,1,2,1
8,8,77695.40491518604,999999,5,5,1
1,6,77706.16474171977,999999,5,6,1
5,4,77713.23921699244,999999,8,5,1
5,5,77713.23921699244,999999,0,5,1
5,7,77720.3066899994,999999,6,5,1
2,2,77736.4994527203,999999,1,6,1
5,3,77748.31529320894,999999,5,6,1
6,2,77748.31529320894,5,999999,1,1
8,8,77748.31529320894,999999,0,8,1
6,5,77769.78786331767,999999,2,0,1
6,5,77769.78786331767,999999,2,8,1
6,6,77769.78786331767,999999,4,6,1
6,5,77770.80227565317,999999,6,6,1
6,6,77788.09540133858,0,4,999999,1
5,2,77792.55894131023,999999,6,5,1
6,2,77792.55894131023,8,3,999999,1
5,7,77831.15456211701,999999,5,6,1
5,8,77831.15456211701,0,999999,4,1
6,6,77840.69457586942,8,999999,5,1
6,2,77844.4903753477,999999,5,0,1
1,5,77859.56670473736,6,999999,2,1
5,0,77859.56670473736,999999,3,8,1
5,0,77859.56670473736,999999,5,8,1
5,5,77859.56670473736,999999,0,6,1
5,5,77878.5153321569,6,999999,1,1
5,6,77878.5153321569,999999,5,1,1
5,5,77882.29510216191,999999,8,4,1
6,1,77882.29510216191,999999,0,5,1
8,8,77882.29510216191,5,999999,0,1
6,2,77884.17252521694,8,3,999999,1
8,2,77884.17252521694,999999,1,5,1
8,5,77884.17252521694,6,999999,4,1
4,0,77884.44044474146,999999,8,6,1
6,1,77897.7469615578,999999,5,4,1
1,3,77901.35018773029,999999,5,0,1
5,0,77901.35018773029,999999,6,8,1
6,0,77901.35018773029,6,999999,2,1
2,6,77911.87701668017,999999,8,3,1
5,1,77915.24411573661,999999,5,4,1
6,4,77918.21124570517,1,999999,6,1
6,0,77920.2814359645,999999,6,2,1
6,2,77920.2814359645,999999,6,1,1
8,6,77920.2814359645,999999,4,8,1
5,2,77929.23637378436,6,999999,4,1
5,2,77952.22762013406,999999,6,2,1
6,4,77952.22762013406,999999,2,6,1
6,2,77953.05172962982,999999,5,8,1
5,1,77962.75460071999,2,999999,4,1
5,4,77983.67813489145,999999,5,6,1
6,6,77983.67813489145,1,999999,5,1
5,3,78000.57400521351,999999,2,5,1
5,5,78003.7815513116,2,999999,5,1
5,6,78006.12786405037,999999,8,6,1
6,2,78048.68012207362,999999,5,6,1
6,8,78048.68012207362,999999,2,6,1
5,2,78057.07929038293,999999,5,6,1
6,5,78057.07929038293,999999,3,6,1
6,7,78057.07929038293,999999,3,5,1
8,5,78057.07929038293,999999,2,8,1
4,4,78080.38421415823,999999,3,5,1
5,2,78080.38421415823,6,999999,5,1
5,6,78080.38421415823,999999,5,5,1
5,8,78080.38421415823,999999,1,6,1
6,4,78085.25355328068,1,999999,7,1
2,3,78087.07346938238,999999,6,1,1
5,2,78101.16431217478,3,999999,5,1
1,8,78103.05267303431,999999,8,1,1
5,5,78103.05267303431,1,6,2,1
6,0,78103.05267303431,999999,0,6,1
6,3,78103.05267303431,999999,4,6,1
6,5,78104.75428128343,3,999999,6,1
2,2,78138.1105640735,7,999999,4,1
5,6,78138.1105640735,999999,1,3,1
4,8,78148.7406528755,999999,2,5,1
5,3,78155.11256005111,999999,4,5,1
6,2,78155.11256005111,3,999999,1,1
8,6,78159.86000044852,7,999999,8,1
1,5,78164.17384607553,999999,3,8,1
6,6,78164.17384607553,6,999999,5,1
5,5,78164.3844856315,999999,7,3,1
5,6,78164.3844856315,999999,6,8,1
6,5,78164.3844856315,999999,5,1,1
5,3,78174.87204158821,5,999999,0,1
5,5,78174.87204158821,999999,8,7,1
8,0,78174.87204158821,999999,4,6,1
2,5,78180.38294669191,999999,8,6,1
5,2,78199.8609274427,999999,6,5,1
5,5,78199.8609274427,999999,4,2,1
5,7,78207.33213861338,4,6,2,1
1,6,78228.39687549029,999999,6,4,1
4,2,78228.39687549029,999999,4,8,1
5,5,78228.39687549029,999999,6,6,1
5,5,78233.508004125,999999,5,0,1
5,6,78243.03134318223,999999,8,6,1
6,3,78243.03134318223,0,8,999999,1
5,6,78244.35369200043,999999,5,3,1
1,2,78248.98010472099,999999,5,8,1
5,0,78248.98010472099,999999,6,5,1
6,6,78248.98010472099,5,999999,6,1
5,5,78250.66087564288,999999,5,8,1
5,1,78261.23006227516,999999,5,8,1
6,3,78261.23006227516,999999,2,2,1
8,4,78261.23006227516,999999,8,1,1
6,0,78272.48635113596,999999,0,2,1
8,5,78296.85632909334,999999,0,3,1
1,3,78335.4506940843,6,999999,6,1
2,6,78335.4506940843,3,999999,0,1
6,2,78364.41046739259,0,999999,5,1
4,2,78384.09523762304,999999,1,6,1
8,5,78384.09523762304,999999,5,8,1
8,2,78395.17848835075,999999,5,8,1
1,0,78395.9198882392,999999,1,2,1
5,2,78411.33849831847,8,0,999999,1
1,7,78413.86497160699,999999,6,6,1
5,2,78413.86497160699,999999,8,4,1
4,2,78416.31606780735,999999,6,0,1
4,6,78417.39020221363,999999,3,0,1
5,2,78417.39020221363,6,999999,5,1
4,5,78422.52948072767,999999,1,8,1
6,5,78422.52948072767,1,2,999999,1
1,3,78430.16975993257,5,7,999999,1
6,5,78430.16975993257,999999,0,2,1
6,7,78433.09719861347,1,999999,3,1
5,8,78440.89266776027,999999,8,5,1
5,3,78444.4778983457,0,5,999999,1
6,1,78444.4778983457,999999,8,2,1
6,6,78457.63400783058,999999,4,5,1
8,6,78457.63400783058,5,999999,5,1
6,6,78472.71275159379,999999,4,8,1
8,6,78483.13557268071,1,999999,6,1
4,8,78486.46197632236,999999,1,999999,1
5,6,78486.46197632236,999999,0,5,1
1,5,78560.16758842241,999999,1,1,1
1,6,78571.43754521586,999999,2,1,1
4,0,78578.59103624243,3,999999,8,1
6,6,78578.59103624243,999999,1,5,1
1,2,78579.07870084734,999999,8,1,1
4,3,78580.3736711364,4,1,999999,1
5,8,78580.3736711364,999999,6,3,1
5,1,78580.95521248889,3,999999,2,1
6,8,78580.95521248889,999999,5,6,1
4,0,78607.37928543478,999999,6,6,1
4,5,78619.13426015178,999999,5,0,1
5,3,78619.13426015178,999999,6,5,1
6,2,78619.13426015178,999999,3,5,1
5,5,78622.77419034603,999999,8,3,1
6,2,78622.77419034603,999999,1,4,1
6,4,78628.5040432746,999999,8,8,1
5,5,78630.58425109363,4,999999,1,1
1,4,78644.53065212198,999999,5,6,1
5,4,78644.53065212198,5,999999,2,1
6,0,78644.53065212198,999999,2,6,1
5,6,78652.35551338467,999999,4,5,1
6,5,78652.35551338467,999999,3,8,1
6,6,78652.35551338467,999999,5,3,1
5,5,78658.88866792008,999999,6,2,1
5,1,78668.72109634384,999999,5,8,1
6,6,78668.72109634384,999999,2,8,1
5,0,78678.70974279944,999999,1,6,1
8,2,78678.70974279944,5,999999,6,1
1,5,78709.32152887569,999999,6,6,1
1,6,78709.32152887569,0,999999,3,1
5,8,78710.93911808301,999999,3,2,1
6,3,78710.93911808301,6,1,999999,1
1,6,78723.70492415992,999999,3,0,1
6,3,78723.70492415992,999999,5,1,1
8,3,78730.28080329366,4,6,5,1
4,3,78762.89964845483,999999,1,4,1
5,5,78771.16045088304,0,999999,6,1
5,5,78771.16045088304,999999,1,6,1
6,0,78771.16045088304,999999,5,6,1
6,0,78811.33990786746,999999,8,8,1
6,4,78811.33990786746,999999,2,0,1
6,7,78811.33990786746,999999,6,5,1
4,6,78829.0588593605,3,999999,1,1
5,1,78829.0588593605,5,999999,8,1
5,2,78829.0588593605,999999,3,5,1
4,5,78842.11489945556,999999,6,6,1
6,8,78846.10236409465,6,6,999999,1
6,6,78850.52067066946,999999,3,4,1
6,6,78851.06673842711,2,999999,8,1
5,1,78863.88512624863,999999,3,4,1
5,5,78885.9157042303,999999,1,5,1
5,6,78885.9157042303,999999,5,7,1
4,2,78886.19434278489,999999,6,3,1
1,5,78887.66951886483,999999,5,2,1
6,6,78887.66951886483,999999,0,4,1
1,2,78889.92163232146,999999,7,0,1
4,5,78889.92163232146,999999,2,3,1
5,8,78889.92163232146,999999,6,6,1
6,6,78902.44460476837,999999,5,2,1
6,6,78902.44460476837,999999,6,6,1
6,8,78902.44460476837,999999,0,1,1
5,4,78916.53724554049,999999,2,0,1
5,5,78916.53724554049,999999,2,5,1
5,6,78919.64830059669,999999,5,1,1
1,2,78999.70643864365,999999,3,8,1
1,2,78999.70643864365,999999,5,2,1
5,8,79009.393901822,999999,1,5,1
1,4,79015.09313733518,999999,4,6,1
5,4,79015.09313733518,999999,6,8,1
1,8,79022.09962056945,999999,8,6,1
4,5,79022.09962056945,999999,5,0,1
4,0,79052.9590836067,999999,2,6,1
4,0,79076.57625744632,3,999999,2,1
5,6,79080.5838026818,999999,5,1,1
5,8,79083.68613118534,999999,5,3,1
6,5,79092.23293856064,999999,6,4,1
8,5,79092.23293856064,999999,2,6,1
1,2,79126.58281382795,999999,6,6,1
6,7,79126.58281382795,999999,6,5,1
1,6,79127.21814358763,999999,3,5,1
1,6,79127.21814358763,999999,6,4,1
5,4,79127.66779468603,999999,3,1,2
6,2,79127.66779468603,999999,6,1,1
5,5,79160.43724970659,999999,0,8,1
1,2,79162.16874196088,999999,0,5,1
1,6,79162.16874196088,999999,1,8,1
6,1,79170.47394846863,999999,4,4,1
8,3,79170.47394846863,999999,6,1,1
5,5,79189.90546984374,999999,8,1,1
5,6,79189.90546984374,3,999999,1,1
5,8,79218.49217879886,999999,6,5,1
5,2,79220.70914896611,999999,4,2,1
6,2,79277.44207455698,999999,5,0,1
6,2,79277.44207455698,999999,5,1,1
6,1,79277.69441747897,999999,5,6,1
1,1,79292.03202140768,999999,3,2,1
6,1,79292.03202140768,999999,5,8,1
6,3,79292.03202140768,4,999999,8,1
5,2,79331.85989210894,999999,0,2,1
6,8,79331.85989210894,0,999999,6,1
4,4,79332.84546335171,2,999999,8,1
5,5,79348.62717570657,4,999999,8,1
6,2,79348.62717570657,6,999999,5,1
5,1,79363.58699462032,999999,6,6,1
8,6,79363.58699462032,999999,2,5,1
5,1,79404.38040066787,999999,0,5,1
1,0,79415.64060439424,999999,5,8,1
5,5,79415.64060439424,999999,6,2,1
5,7,79428.11897851701,1,2,999999,1
5,5,79444.34415215821,999999,999999,2,1
5,5,79467.82340862264,999999,5,4,1
6,1,79472.98059645973,999999,2,8,1
1,6,79496.98265829896,999999,2,1,1
4,1,79496.98265829896,999999,2,2,1
5,2,79496.98265829896,6,999999,1,1
6,3,79496.98265829896,999999,6,5,1
6,4,79496.98265829896,999999,3,5,1
6,3,79501.29905565847,5,999999,6,1
1,2,79501.65370412877,999999,1,5,1
5,3,79501.65370412877,3,6,5,1
5,8,79501.65370412877,999999,2,4,1
5,0,79537.00931059166,999999,5,8,1
5,8,79537.00931059166,5,999999,5,1
6,1,79537.00931059166,999999,6,5,1
1,3,79546.81997272532,999999,5,5,1
5,1,79546.81997272532,0,999999,8,1
5,4,79546.81997272532,999999,5,8,1
5,5,79546.81997272532,999999,8,5,1
1,1,79581.46680977891,999999,4,5,1
5,2,79581.46680977891,999999,6,1,1
1,6,79603.33536507888,999999,5,3,1
5,5,79603.33536507888,999999,2,5,1
1,6,79634.58787177315,999999,6,5,1
1,3,79645.58825158371,999999,5,5,1
5,6,79645.58825158371,999999,8,6,1
6,6,79645.58825158371,999999,1,5,1
1,2,79648.01968533754,999999,5,8,1
1,1,79651.98858408905,999999,3,8,1
5,6,79651.98858408905,5,2,999999,1
8,8,79651.98858408905,999999,5,2,1
5,1,79663.28339862164,999999,5,4,1
5,8,79663.28339862164,999999,5,2,1
6,5,79663.28339862164,999999,8,6,1
5,6,79664.15265634558,999999,2,7,1
8,2,79664.15265634558,999999,2,5,1
6,0,79668.90918678482,999999,6,6,1
6,6,79668.90918678482,999999,5,1,1
4,6,79698.48968957884,999999,3,5,1
6,0,79698.48968957884,999999,6,6,1
6,8,79698.48968957884,1,999999,2,1
6,1,79701.91100884002,999999,5,6,1
6,2,79701.91100884002,999999,1,5,1
6,6,79701.91100884002,4,999999,8,1
8,4,79727.19534136498,999999,7,4,1
6,2,79727.69266100801,999999,5,8,1
1,8,79758.92661638469,999999,1,1,1
4,3,79758.92661638469,999999,0,1,1
6,1,79762.13289136782,999999,5,6,1
6,5,79762.13289136782,999999,0,8,1
8,6,79801.79017987572,6,999999,6,1
5,2,79823.4882814067,999999,3,6,1
5,5,79823.4882814067,999999,1,0,1
5,5,79823.4882814067,999999,3,6,1
8,6,79823.4882814067,1,999999,6,1
2,5,79849.98701212363,999999,6,2,1
5,5,79852.08675245215,5,999999,8,1
6,6,79852.08675245215,999999,6,6,1
5,0,79866.43744841378,999999,1,8,1
5,5,79866.43744841378,0,999999,2,1
5,7,79866.43744841378,3,999999,6,1
6,6,79866.43744841378,999999,5,6,1
5,2,79872.81306308485,999999,4,5,1
5,4,79872.81306308485,999999,5,6,1
5,6,79872.81306308485,999999,2,5,1
8,6,79872.81306308485,999999,7,4,1
6,7,79893.10708243873,999999,5,2,1
6,8,79904.88545311219,999999,1,6,1
5,2,79915.2907606853,999999,3,6,1
6,5,79915.2907606853,999999,6,2,1
4,3,79915.71418793542,6,999999,3,1
5,5,79915.71418793542,5,999999,2,1
5,6,79926.19647700271,999999,0,6,1
6,0,79926.19647700271,999999,5,1,1
6,1,79926.19647700271,999999,6,2,1
5,2,79934.33947121204,999999,6,5,1
4,5,79960.06974114795,999999,8,1,1
5,4,79960.06974114795,999999,8,6,1
6,4,79965.39907912367,999999,5,8,1
4,4,79978.87588650681,999999,4,6,1
5,7,79978.87588650681,5,3,999999,1
5,1,79995.19219876186,999999,4,6,1
5,6,79995.19219876186,999999,5,4,1
4,7,80018.16398682403,999999,0,2,1
5,4,80018.16398682403,999999,4,1,1
5,6,80018.16398682403,999999,6,0,1
5,5,80054.32182799424,999999,0,4,1
5,0,80066.04431089139,999999,8,1,1
5,5,80066.04431089139,1,1,3,1
8,0,80066.04431089139,999999,3,0,1
5,6,80076.66317079218,8,999999,6,1
6,0,80076.66317079218,999999,1,6,1
6,2,80103.05325217656,6,999999,0,1
5,5,80115.04833455,999999,2,6,1
5,5,80115.04833455,999999,4,2,1
4,1,80119.42244266276,999999,8,6,1
6,2,80119.42244266276,999999,2,4,1
8,6,80119.42244266276,999999,5,8,1
6,0,80122.95424429081,999999,1,6,1
5,1,80123.10594401484,0,999999,2,1
6,6,80123.10594401484,999999,3,8,1
4,1,80169.41848290626,999999,6,6,1
5,1,80169.41848290626,4,999999,4,1
5,2,80169.41848290626,1,999999,6,1
6,4,80169.41848290626,2,999999,3,1
4,8,80175.28405256702,7,999999,6,1
5,6,80216.07354814555,0,999999,6,1
6,5,80216.07354814555,999999,5,1,1
8,0,80221.39298840225,8,999999,2,1
5,0,80230.63456677886,999999,1,4,1
1,5,80237.46794897997,6,999999,999999,1
5,1,80237.55042747999,999999,8,4,1
5,5,80247.04554820052,2,999999,4,1
6,6,80247.04554820052,999999,0,0,1
8,3,80247.04554820052,6,999999,0,1
5,6,80248.12277972477,6,999999,5,1
6,8,80248.12277972477,999999,7,5,1
5,6,80261.31354967678,999999,5,7,1
6,3,80261.31354967678,999999,0,2,1
5,1,80271.06876661972,999999,7,4,1
5,2,80271.06876661972,999999,2,3,1
6,4,80271.06876661972,999999,1,2,1
5,5,80297.79338937503,999999,2,6,1
8,0,80297.79338937503,999999,5,5,1
5,3,80304.94566049942,8,6,999999,1
5,5,80304.94566049942,999999,5,1,1
8,6,80341.83117206636,999999,2,8,1
5,6,80354.70155450099,6,999999,6,1
6,2,80354.70155450099,3,8,999999,1
5,2,80357.95379470118,6,999999,1,1
5,5,80357.95379470118,999999,6,1,1
1,6,80366.05922511044,3,999999,8,1
5,2,80366.05922511044,999999,8,5,1
6,1,80366.05922511044,999999,5,3,1
5,0,80366.07810854321,999999,1,6,1
5,2,80366.07810854321,999999,5,0,1
6,6,80366.07810854321,999999,3,8,1
6,5,80412.09616431568,999999,1,0,1
6,2,80429.294645093,999999,6,6,1
1,3,80443.36666642322,999999,6,2,1
1,6,80443.36666642322,5,6,999999,1
5,5,80443.36666642322,6,0,999999,1
5,6,80443.36666642322,999999,1,5,1
8,3,80443.36666642322,999999,6,5,1
4,5,80444.24093826192,999999,4,1,1
4,8,80444.24093826192,999999,1,6,1
5,4,80444.24093826192,5,999999,6,1
8,8,80444.24093826192,999999,6,2,1
1,6,80460.0770095974,999999,4,4,1
6,1,80462.69928175879,999999,5,2,1
5,3,80472.91755964402,999999,2,6,1
8,5,80472.91755964402,999999,6,0,1
5,2,80478.83950112782,999999,4,2,1
1,1,80479.12686317087,6,999999,3,1
4,7,80479.12686317087,999999,4,2,1
6,1,80479.12686317087,5,1,999999,1
1,5,80491.68216486876,999999,5,6,1
6,4,80496.69458090345,999999,0,2,1
8,5,80496.69458090345,999999,7,5,1
5,6,80536.07114155304,999999,4,6,1
6,2,80536.07114155304,999999,7,0,1
5,5,80560.40566602524,999999,0,5,1
1,5,80591.90210768269,999999,5,6,1
5,2,80591.90210768269,999999,3,4,1
6,0,80600.50472220907,999999,6,8,1
1,6,80607.3053340988,999999,3,5,1
5,1,80607.3053340988,999999,2,2,1
6,6,80607.3053340988,3,999999,0,1
5,3,80609.7563282691,999999,1,5,1
5,5,80609.7563282691,6,999999,3,1
5,5,80609.7563282691,999999,1,5,1
6,6,80616.95787388,5,999999,0,1
5,6,80617.31084741637,999999,0,5,1
1,5,80642.1376152847,2,6,999999,1
6,5,80642.1376152847,999999,2,1,1
4,2,80650.43775004995,999999,4,1,1
8,8,80650.43775004995,999999,0,2,1
1,2,80656.2108403246,999999,3,1,1
6,1,80656.2108403246,5,1,999999,1
5,5,80675.37198390736,999999,6,6,1
6,4,80675.37198390736,999999,3,6,1
5,6,80691.10555711025,999999,1,3,1
2,5,80692.66868737344,8,999999,8,1
5,2,80692.66868737344,6,6,999999,1
6,1,80692.66868737344,3,999999,5,1
5,6,80696.03212126694,1,999999,5,1
6,3,80696.03212126694,5,999999,4,1
5,4,80733.73332862322,999999,6,3,1
6,0,80733.73332862322,3,999999,2,1
8,3,80734.55640366377,5,999999,1,1
5,6,80757.86141102583,999999,0,3,1
4,3,80760.06939079742,999999,1,6,1
2,6,80760.31569121576,999999,1,1,1
2,5,80783.06221872797,1,999999,6,1
4,8,80783.06221872797,2,4,1,1
6,2,80783.06221872797,999999,1,8,1
1,6,80788.08849800474,0,999999,1,1
8,7,80788.08849800474,999999,6,6,1
4,1,80805.52871597375,999999,2,2,1
5,1,80805.52871597375,0,999999,6,1
1,2,80820.49831356351,999999,6,6,1
1,0,80824.4574646992,999999,3,6,1
8,7,80830.24990730527,999999,1,6,1
5,5,80838.22305546152,6,6,999999,1
2,6,80842.75408237014,1,5,999999,1
5,5,80842.75408237014,8,999999,5,1
1,6,80843.40932992181,6,999999,5,1
6,2,80851.0071406185,0,999999,6,1
6,5,80851.0071406185,999999,1,6,1
6,6,80851.66529278611,999999,6,0,1
8,3,80851.66529278611,999999,0,5,1
1,5,80858.06362152885,999999,8,2,1
5,2,80858.06362152885,999999,5,3,1
8,3,80858.06362152885,999999,2,6,1
6,1,80872.80167215304,5,8,999999,1
6,5,80879.67093754062,999999,1,8,1
5,1,80894.14123638519,999999,5,6,1
5,2,80894.14123638519,999999,3,5,1
1,8,80897.314050379,999999,0,5,1
6,5,80897.314050379,999999,6,1,1
6,0,80909.4588927984,999999,1,1,1
8,4,80909.4588927984,999999,2,8,1
1,7,80915.94318347026,999999,5,0,1
6,5,80915.94318347026,5,999999,1,1
2,2,80966.471082011,999999,5,5,1
5,2,80966.471082011,999999,1,7,1
5,1,80975.6051056208,999999,6,5,1
5,3,80975.6051056208,999999,5,4,1
1,3,80991.48602268596,4,5,999999,1
5,2,80991.48602268596,999999,2,8,1
8,0,80991.48602268596,1,5,999999,1
2,6,81003.9591909769,999999,5,0,1
5,6,81003.9591909769,999999,0,7,1
5,7,81007.28529242272,999999,3,1,1
6,3,81007.28529242272,4,6,999999,1
8,2,81007.28529242272,3,999999,6,1
5,1,81022.68792664264,999999,6,8,1
8,5,81022.68792664264,999999,3,5,1
5,1,81025.40864602718,999999,2,5,1
5,6,81025.40864602718,999999,6,8,1
5,1,81057.78225301145,999999,5,1,1
6,4,81063.84190922951,999999,5,4,1
8,3,81063.84190922951,999999,5,8,1
5,2,81065.01949365668,999999,6,5,1
4,8,81091.28884254165,999999,3,1,1
5,0,81091.28884254165,5,999999,6,1
6,5,81091.28884254165,999999,6,2,1
6,2,81093.11298629134,6,999999,1,1
6,6,81093.11298629134,999999,1,6,1
6,5,81133.25067745068,999999,0,6,1
5,3,81137.59474662777,999999,4,0,1
5,6,81137.59474662777,999999,1,8,1
6,1,81137.59474662777,999999,6,2,1
6,6,81137.59474662777,999999,5,2,1
6,4,81164.81227816753,999999,1,3,1
1,3,81171.34868381337,999999,1,3,1
5,2,81171.34868381337,999999,2,3,1
5,8,81171.34868381337,6,999999,1,1
2,4,81189.55602719533,999999,5,0,1
1,7,81193.96570893111,999999,5,5,1
5,6,81193.96570893111,999999,2,6,1
5,4,81230.34988630994,8,999999,5,1
6,0,81237.26454021428,4,999999,1,1
6,8,81237.26454021428,999999,2,1,1
8,7,81237.26454021428,999999,7,6,1
1,6,81247.6345193044,7,0,999999,1
4,0,81247.6345193044,999999,5,4,1
5,4,81272.19716335126,999999,5,5,1
6,3,81272.19716335126,999999,8,6,1
8,5,81272.19716335126,999999,7,5,1
5,5,81281.64229949728,999999,1,2,1
5,8,81287.98743416951,5,999999,6,1
1,7,81292.57670019133,999999,8,4,1
5,1,81292.57670019133,999999,4,6,1
2,8,81303.18489104023,999999,3,5,1
4,5,81303.18489104023,999999,2,3,1
1,4,81308.29801117464,999999,5,3,1
8,0,81308.29801117464,6,999999,5,1
5,5,81310.37769753253,999999,1,5,1
5,6,81310.37769753253,999999,0,1,1
1,6,81313.33386563792,999999,5,3,1
5,6,81313.33386563792,999999,8,5,1
5,1,81314.29838690748,999999,2,8,1
6,8,81314.29838690748,999999,2,4,1
4,8,81334.35350415872,999999,6,3,1
6,2,81335.97499042525,6,999999,1,1
5,6,81337.24185824586,999999,0,8,1
5,5,81341.91411529745,8,999999,1,1
1,2,81375.77363337846,999999,0,1,1
6,2,81375.77363337846,999999,5,3,1
6,5,81375.77363337846,999999,3,1,1
8,5,81375.77363337846,4,1,999999,1
5,4,81376.65398540995,2,999999,0,1
5,6,81376.65398540995,999999,2,8,1
6,4,81376.65398540995,999999,8,2,1
1,6,81412.97391031896,999999,0,5,1
5,1,81412.97391031896,999999,3,0,1
6,5,81430.11167698557,999999,3,8,1
6,6,81430.11167698557,3,999999,0,1
5,6,81433.13927583252,999999,8,5,1
6,2,81437.24609913409,999999,4,5,1
8,5,81437.24609913409,999999,6,3,1
6,3,81458.08974068698,999999,1,0,1
5,2,81470.47391016092,999999,5,5,1
5,1,81475.73389482408,4,3,6,1
5,6,81506.98904491494,999999,5,4,1
1,1,81528.7092779181,999999,5,6,1
5,2,81531.23673656584,999999,4,5,1
8,2,81531.23673656584,999999,5,6,1
4,6,81540.31140327505,999999,8,1,1
5,5,81540.31140327505,999999,0,4,1
6,1,81540.31140327505,1,999999,2,1
6,1,81541.47768822497,6,4,999999,1
6,2,81541.47768822497,999999,5,8,1
4,8,81547.05813073974,999999,4,2,1
6,5,81547.05813073974,1,999999,2,1
1,5,81557.94338815827,2,999999,5,1
6,1,81557.94338815827,999999,4,1,1
8,5,81557.94338815827,4,999999,3,1
5,2,81566.86337772151,999999,0,2,1
5,4,81566.86337772151,999999,7,0,1
6,3,81566.86337772151,999999,3,6,1
6,4,81566.86337772151,999999,3,6,1
5,8,81577.57643039593,999999,0,1,1
5,3,81589.0400165601,999999,1,0,1
5,4,81589.0400165601,6,999999,5,1
5,8,81589.0400165601,999999,5,5,1
6,2,81589.0400165601,3,999999,5,1
6,5,81589.0400165601,6,999999,8,1
8,5,81589.0400165601,999999,6,3,1
8,1,81606.1202363926,999999,5,0,1
6,6,81612.21751680684,999999,0,1,1
6,6,81612.21751680684,999999,0,3,1
6,2,81718.6801785919,999999,5,4,1
6,5,81718.6801785919,999999,0,7,1
4,2,81733.3788755057,999999,3,5,1
5,0,81733.3788755057,999999,3,4,1
1,6,81746.99291901519,999999,3,5,1
1,5,81751.37997902033,999999,5,1,1
6,5,81751.37997902033,999999,3,5,1
6,6,81751.37997902033,999999,3,5,1
5,1,81759.56234856402,5,999999,7,1
5,6,81759.56234856402,3,999999,4,1
6,5,81782.2896526645,6,999999,3,1
5,5,81791.045801003,999999,8,6,1
6,0,81802.05461490409,999999,2,5,1
6,4,81802.05461490409,6,2,0,1
2,8,81819.5829555139,999999,2,1,1
5,6,81819.5829555139,6,2,999999,1
6,5,81839.87522342801,999999,8,2,1
5,0,81889.64095538696,3,1,999999,1
8,0,81889.64095538696,999999,2,8,1
6,1,81918.05160374468,999999,0,2,1
5,1,81920.5444650485,999999,6,6,1
6,7,81920.5444650485,999999,5,6,1
5,1,81925.09184178687,999999,2,6,1
5,6,81925.09184178687,999999,1,6,1
6,2,81925.09184178687,999999,8,0,1
8,3,81925.09184178687,6,999999,2,1
6,3,81939.30994111094,999999,5,5,1
6,3,81948.5881099439,8,999999,0,1
1,5,81949.11633932777,999999,6,6,1
5,3,81949.11633932777,7,999999,1,1
5,6,81958.06482593749,1,5,6,1
5,6,81962.95927291103,999999,4,2,1
8,5,81962.95927291103,999999,3,5,1
1,2,81964.07696747397,999999,6,5,1
5,3,81986.14353776672,999999,5,6,1
5,4,81986.14353776672,999999,2,5,1
8,0,81986.14353776672,0,999999,6,1
5,5,81994.40458666952,999999,1,6,1
6,4,81994.40458666952,999999,1,8,1
6,4,81994.40458666952,999999,4,6,1
4,0,81995.84019032773,5,2,999999,1
6,5,81995.84019032773,999999,6,3,1
1,1,82014.9074620362,999999,2,1,1
4,8,82014.9074620362,999999,1,4,1
5,6,82014.9074620362,3,0,999999,1
5,4,82021.48207563625,999999,1,3,1
5,6,82021.48207563625,999999,6,8,1
6,6,82021.48207563625,999999,5,0,1
8,6,82021.48207563625,999999,2,1,1
5,2,82043.40397221108,999999,6,4,1
6,3,82046.03929724808,999999,1,5,1
1,5,82079.62512323887,7,999999,2,1
6,3,82079.62512323887,999999,1,0,1
4,8,82111.86311469447,999999,2,4,1
8,5,82111.86311469447,999999,1,2,1
6,8,82129.68674131972,999999,6,6,1
8,3,82129.68674131972,1,999999,8,1
1,1,82136.66549268986,999999,8,5,1
1,5,82136.66549268986,999999,6,1,1
2,8,82136.66549268986,999999,1,0,1
5,4,82136.66549268986,999999,1,3,1
8,3,82136.66549268986,999999,0,2,1
6,8,82174.11732982073,999999,5,0,1
8,1,82174.11732982073,999999,8,6,1
1,6,82214.58384159232,999999,3,5,1
5,1,82214.58384159232,999999,2,5,1
5,7,82214.58384159232,4,999999,3,1
8,1,82214.58384159232,999999,2,6,1
5,5,82219.9128341999,999999,0,5,1
4,4,82271.54082694827,999999,8,0,1
5,5,82271.54082694827,999999,2,4,1
5,5,82292.06856501194,6,999999,1,1
5,5,82292.06856501194,999999,1,3,1
5,5,82292.06856501194,999999,5,5,1
5,6,82313.49133200452,999999,5,0,1
6,0,82313.49133200452,999999,0,1,1
6,5,82321.15689046777,999999,2,3,1
5,1,82329.87918877097,0,999999,5,1
2,1,82364.54060771293,999999,5,0,1
5,5,82364.54060771293,999999,5,8,1
6,6,82364.54060771293,999999,4,2,1
5,5,82376.67729075282,999999,5,0,1
6,0,82376.67729075282,999999,3,1,1
6,1,82419.09083830458,999999,2,6,1
5,2,82423.62022969068,3,999999,5,1
5,4,82428.06661860569,999999,6,2,1
5,6,82428.06661860569,999999,3,8,1
5,2,82429.24824430197,1,5,999999,1
8,5,82429.24824430197,999999,6,1,1
1,2,82430.1673469522,999999,6,5,1
6,8,82441.37214113127,999999,3,1,1
6,5,82444.62859123039,999999,1,7,1
6,6,82444.62859123039,999999,5,4,1
4,5,82447.86422685596,999999,1,5,1
1,1,82521.36480749627,999999,2,6,1
5,5,82523.0330014951,5,999999,6,1
8,1,82523.0330014951,1,0,999999,1
1,6,82525.25574540393,999999,5,6,1
5,2,82525.25574540393,6,999999,5,1
6,5,82525.25574540393,8,999999,5,1
6,1,82531.90916948189,999999,5,8,1
6,2,82531.90916948189,999999,8,2,1
6,4,82531.90916948189,999999,2,8,1
6,6,82531.90916948189,999999,5,8,1
4,1,82573.14421260633,999999,5,4,1
6,0,82573.14421260633,999999,5,1,1
6,1,82573.14421260633,999999,6,5,1
1,1,82588.0834810344,7,999999,4,1
1,5,82642.02858847163,999999,1,5,1
8,2,82642.02858847163,999999,5,1,1
5,5,82686.40223063258,999999,3,5,1
1,2,82695.71214616674,999999,6,6,1
4,0,82734.12350194032,999999,8,5,1
6,2,82749.22031153119,999999,2,1,1
1,3,82752.79308929696,999999,5,2,1
4,2,82752.79308929696,999999,2,5,1
6,4,82752.79308929696,999999,0,2,1
1,5,82774.41339096281,999999,6,0,1
5,2,82774.41339096281,999999,8,1,1
6,5,82774.41339096281,999999,8,7,1
1,2,82774.51418278992,6,999999,1,1
1,5,82775.88187302719,999999,6,5,1
4,0,82775.88187302719,5,999999,5,1
6,2,82775.88187302719,999999,8,1,1
5,3,82784.08550364288,999999,4,0,1
1,0,82787.34806014848,999999,2,0,1
5,6,82792.7132437375,2,999999,5,1
5,6,82793.57445522021,2,999999,0,1
6,0,82793.57445522021,999999,6,5,1
5,5,82801.21092267036,5,999999,0,1
6,2,82801.21092267036,999999,0,6,1
6,6,82801.21092267036,6,999999,0,1
1,6,82826.718406057,999999,0,5,1
5,0,82826.718406057,999999,5,3,1
8,8,82826.718406057,2,999999,3,1
5,5,82849.56856382167,999999,6,0,1
5,1,82857.28422499745,999999,5,0,1
6,5,82873.7581361394,0,999999,0,1
4,7,82876.37440509573,999999,5,5,1
8,5,82876.37440509573,999999,1,5,1
5,1,82879.22315935201,999999,4,6,1
5,8,82879.22315935201,0,999999,1,1
5,2,82879.69968749458,5,0,999999,1
5,6,82879.69968749458,999999,3,2,1
5,6,82891.28979860326,999999,1,8,1
1,6,82927.79516386957,2,999999,6,1
6,0,82927.79516386957,999999,6,6,1
1,5,82943.74360097032,1,999999,999999,1
5,3,82943.74360097032,999999,0,6,1
6,1,82946.23719936778,999999,6,0,1
5,8,82950.99063757421,999999,3,5,1
1,8,83036.18204757545,999999,0,5,1
5,2,83036.18204757545,6,999999,5,1
5,8,83036.18204757545,999999,3,4,1
4,2,83037.34483473712,6,6,7,1
8,2,83037.34483473712,999999,2,8,1
6,5,83071.66513239211,5,999999,8,1
8,5,83072.59920305885,5,999999,0,1
4,5,83092.89745507589,999999,0,6,1
4,6,83092.89745507589,999999,6,4,1
5,2,83092.89745507589,999999,5,4,1
8,0,83092.89745507589,2,999999,5,1
6,6,83098.60548874368,999999,6,1,1
5,8,83121.00305641527,999999,5,1,1
6,3,83121.00305641527,2,999999,0,1
6,1,83164.21731566293,999999,0,2,1
8,8,83164.21731566293,5,999999,2,1
5,5,83188.8475536287,999999,6,6,1
5,0,83211.19805070965,999999,5,8,1
5,5,83211.19805070965,999999,3,5,1
6,1,83211.19805070965,6,8,999999,1
6,6,83211.19805070965,999999,6,8,1
6,5,83217.33782462396,999999,8,4,1
4,6,83266.18317345576,999999,6,6,1
6,2,83266.18317345576,999999,3,6,1
1,5,83273.69770464502,999999,8,6,1
1,4,83303.27860683513,999999,4,0,1
8,2,83360.40185568824,999999,6,6,1
4,5,83379.326718482,999999,2,0,1
5,1,83379.326718482,999999,8,3,1
5,3,83383.49111946589,999999,2,8,1
1,1,83396.88492117595,999999,5,3,1
4,0,83402.07157499917,999999,8,4,1
6,0,83402.07157499917,999999,3,8,1
1,2,83402.32195743507,999999,2,1,1
5,1,83440.32726256781,999999,3,8,1
1,4,83443.75170976884,999999,6,3,1
6,2,83443.75170976884,8,3,999999,1
4,8,83451.93474970276,999999,0,1,1
1,2,83452.88162414923,999999,5,1,1
5,5,83464.60932445599,1,0,999999,1
6,4,83464.60932445599,999999,2,5,1
1,6,83485.93568103471,999999,4,4,1
5,5,83485.93568103471,1,6,999999,1
5,6,83485.93568103471,999999,5,5,1
6,4,83485.93568103471,999999,2,5,1
4,4,83529.70683335142,4,999999,2,1
6,1,83529.70683335142,999999,0,5,1
5,5,83539.82198534897,3,2,999999,1
6,3,83539.82198534897,999999,2,0,1
8,6,83539.82198534897,999999,0,1,1
6,3,83541.16855103594,999999,2,1,1
6,5,83541.16855103594,999999,1,1,1
6,0,83547.47886352708,999999,8,5,1
5,5,83557.4424427318,999999,5,8,1
6,1,83562.42945793118,999999,5,8,1
5,4,83566.70466447873,999999,5,1,1
1,6,83609.48131772685,6,999999,0,1
4,2,83609.48131772685,999999,5,6,1
5,5,83609.48131772685,999999,1,8,1
5,5,83609.48131772685,999999,3,6,1
5,5,83609.48131772685,999999,5,4,1
5,3,83609.5342112685,999999,5,5,1
8,1,83609.5342112685,1,999999,3,1
1,0,83628.20902111808,999999,5,3,1
5,2,83637.25406405242,1,999999,5,1
5,4,83637.25406405242,999999,4,5,1
6,4,83648.28013679945,999999,5,3,1
6,5,83648.28013679945,999999,1,7,1
6,5,83686.41172934051,999999,5,7,1
6,4,83694.337193758,1,999999,6,1
5,0,83744.51766236169,999999,1,0,1
6,0,83744.51766236169,999999,6,5,1
8,4,83744.51766236169,999999,6,6,1
6,2,83773.23899322709,0,999999,5,1
6,8,83781.60172478354,0,999999,6,1
1,6,83784.16214267703,1,999999,1,1
5,3,83784.16214267703,999999,6,4,1
1,1,83789.47172691251,6,999999,5,1
5,1,83789.47172691251,999999,8,0,1
8,1,83789.47172691251,999999,5,2,1
5,8,83816.56968748594,999999,6,4,1
1,6,83865.46375291623,999999,5,0,1
6,1,83865.46375291623,0,6,999999,1
6,1,83865.46375291623,999999,6,5,1
8,5,83866.29194537876,999999,5,8,1
5,5,83883.71346924544,4,999999,4,1
2,4,83889.40911136044,999999,2,0,1
5,3,83889.40911136044,6,999999,1,1
1,6,83923.40386827545,999999,1,3,1
1,6,83923.40386827545,999999,6,5,1
5,5,83923.40386827545,0,999999,2,1
6,4,83923.40386827545,999999,1,4,1
5,6,83924.71854762654,999999,3,8,1
6,5,83924.71854762654,999999,6,0,1
6,8,83924.71854762654,999999,1,2,1
5,1,83948.92888099882,999999,6,8,1
2,4,84010.34387259663,999999,4,3,1
6,2,84010.34387259663,999999,4,5,1
2,3,84010.39435173954,999999,0,6,1
5,6,84010.39435173954,999999,7,2,1
6,4,84010.39435173954,2,999999,8,1
6,8,84020.50738765343,4,999999,6,1
2,6,84021.65031025099,5,4,999999,1
6,3,84021.65031025099,999999,5,1,1
1,3,84038.25396137191,999999,8,2,1
1,6,84038.25396137191,999999,3,5,1
5,3,84089.00711435353,999999,1,6,1
5,2,84135.6381163152,999999,5,4,1
5,8,84135.6381163152,999999,6,8,1
6,5,84135.6381163152,999999,3,6,1
8,5,84135.6381163152,0,1,999999,1
5,5,84180.7879155591,999999,0,1,1
8,2,84180.7879155591,999999,0,5,1
8,4,84180.7879155591,999999,2,5,1
5,4,84257.36158443111,999999,1,2,1
5,5,84257.36158443111,999999,8,3,1
6,2,84257.36158443111,999999,2,3,1
6,3,84257.36158443111,0,999999,1,1
6,6,84257.36158443111,999999,1,6,1
5,5,84259.39540042302,999999,0,8,1
5,8,84259.39540042302,999999,5,5,1
6,1,84259.39540042302,999999,6,0,1
2,6,84290.02406752501,5,999999,2,1
6,8,84290.02406752501,999999,0,2,1
5,2,84311.63417196227,0,8,999999,1
2,1,84335.51034832148,999999,5,8,1
5,6,84335.51034832148,999999,999999,7,1
6,1,84335.51034832148,999999,6,2,1
8,8,84335.51034832148,999999,0,1,1
1,1,84349.32236751191,999999,6,6,1
4,2,84349.32236751191,999999,1,6,1
6,5,84349.32236751191,999999,1,8,1
1,4,84380.27634716341,999999,2,5,1
1,6,84380.27634716341,999999,6,5,1
1,8,84389.52168100662,999999,0,2,1
5,5,84389.52168100662,8,999999,5,1
4,8,84394.05779959398,999999,6,3,1
1,5,84398.57887403731,999999,4,6,1
1,5,84398.57887403731,999999,8,6,1
8,1,84398.57887403731,999999,8,5,1
6,2,84441.42339266796,999999,3,8,1
8,0,84441.42339266796,999999,8,5,1
4,1,84465.25895094867,999999,3,1,1
6,2,84479.12067770264,999999,6,0,1
5,4,84501.7841430924,999999,3,6,1
5,5,84510.44042055678,999999,1,8,1
6,1,84510.44042055678,999999,6,4,1
6,2,84510.44042055678,999999,7,8,1
5,2,84517.81155478832,999999,5,5,1
6,6,84517.81155478832,999999,5,1,1
4,3,84538.15840272332,999999,6,5,1
5,1,84538.15840272332,999999,6,1,1
6,3,84569.79546912025,6,999999,3,1
5,6,84576.72884422791,8,999999,6,1
8,8,84576.72884422791,999999,3,0,1
6,5,84585.62455038173,999999,5,1,1
1,5,84599.02302956938,999999,3,5,1
6,8,84606.22147368058,999999,1,4,1
6,3,84616.28835768835,999999,1,6,1
4,1,84635.81858481088,6,999999,2,1
5,2,84635.81858481088,5,999999,8,1
6,5,84635.81858481088,999999,0,3,1
6,5,84639.32122372948,999999,2,5,1
5,4,84651.35355933488,999999,6,1,1
4,4,84672.47301246735,999999,1,8,1
4,8,84672.47301246735,999999,1,5,1
5,2,84672.47301246735,1,5,999999,1
6,2,84672.89096986926,6,999999,5,1
4,2,84708.14463254408,8,999999,6,1
8,8,84709.8007531593,999999,5,4,1
2,5,84711.76698956724,999999,6,5,1
4,0,84711.76698956724,999999,7,3,1
5,5,84711.76698956724,999999,0,8,1
8,5,84719.77234574092,999999,8,2,1
4,4,84734.56399634681,999999,6,3,1
6,2,84734.56399634681,999999,0,1,1
6,5,84734.56399634681,8,999999,8,1
5,4,84738.04203992203,0,5,999999,1
4,8,84747.12421236244,999999,6,6,1
6,6,84758.6421775236,999999,6,2,1
2,1,84822.26732337067,999999,5,6,1
5,5,84822.26732337067,999999,1,8,1
4,4,84855.08576526753,6,2,999999,1
6,6,84890.40322816503,999999,4,0,1
1,1,84913.19255224278,999999,6,6,1
2,6,84913.19255224278,999999,5,0,1
4,4,84913.19255224278,999999,5,0,1
6,1,84917.2324497493,999999,4,1,1
6,5,84917.89375334117,999999,3,5,1
6,7,84917.89375334117,6,999999,2,1
5,1,84943.2582906492,3,999999,0,1
5,2,84943.2582906492,999999,4,6,1
5,5,84948.96807254622,999999,6,2,1
5,0,84962.92019404763,5,2,999999,1
5,0,84962.92019404763,5,999999,6,1
5,6,84962.92019404763,999999,6,4,1
6,5,84966.50440521227,999999,0,5,1
5,5,84992.20221513991,999999,3,3,1
4,1,85000.99034851062,999999,2,6,1
5,2,85000.99034851062,999999,5,2,1
1,2,85006.11714436354,999999,5,8,1
1,7,85006.11714436354,999999,2,5,1
6,4,85006.11714436354,999999,6,3,1
1,6,85012.00158063279,999999,4,4,1
5,6,85012.00158063279,6,999999,1,1
6,5,85020.34415986831,6,999999,0,1
1,5,85027.29933487618,999999,6,1,1
5,8,85031.86898597989,999999,2,4,1
6,5,85031.86898597989,999999,2,5,1
8,8,85031.86898597989,999999,0,5,1
6,8,85036.85007443377,999999,3,4,1
4,7,85050.10949781034,999999,3,5,1
5,4,85050.10949781034,3,999999,3,1
5,2,85051.11347757821,1,999999,0,1
6,2,85051.11347757821,999999,5,3,1
5,8,85068.09258810832,5,999999,6,1
6,0,85068.09258810832,999999,6,3,1
5,4,85083.3649024667,999999,7,6,1
5,6,85083.3649024667,999999,0,3,1
6,1,85083.3649024667,999999,0,8,1
1,5,85109.4220665298,999999,3,0,1
5,4,85201.31900280478,999999,2,0,1
6,1,85201.31900280478,999999,6,4,1
6,6,85231.14417317603,6,3,999999,1
5,0,85234.20316671988,999999,6,3,1
6,5,85234.20316671988,999999,0,5,1
1,4,85234.75289909681,999999,3,5,1
5,4,85234.75289909681,999999,5,6,1
5,5,85259.32412947675,999999,8,5,1
5,6,85259.32412947675,999999,6,2,1
6,6,85259.32412947675,999999,8,4,1
8,1,85259.32412947675,999999,0,5,1
5,3,85266.96424230677,999999,0,2,1
5,3,85290.73037808307,999999,6,0,1
4,5,85315.42764791929,999999,6,1,1
4,1,85331.60161470737,999999,0,5,1
6,1,85350.03499308044,999999,8,6,1
5,3,85358.8559830379,6,999999,2,1
5,2,85373.32038287011,999999,8,3,1
6,8,85373.32038287011,999999,5,2,1
2,6,85399.94711411133,999999,8,6,1
6,2,85399.94711411133,999999,8,3,1
1,6,85407.1662278287,999999,1,8,1
1,8,85407.1662278287,5,999999,5,1
5,2,85407.1662278287,999999,5,6,1
5,5,85448.92842574742,8,6,1,1
6,1,85448.92842574742,999999,0,2,1
8,0,85452.07317185242,999999,5,4,1
4,8,85455.0863019632,6,999999,3,1
8,4,85455.0863019632,6,999999,5,1
6,0,85461.97613266607,8,6,5,1
6,2,85461.97613266607,999999,0,8,1
6,4,85482.55149518262,999999,6,2,1
5,1,85502.64759664373,999999,6,2,1
5,8,85502.64759664373,999999,0,3,1
8,1,85502.64759664373,999999,2,3,1
8,6,85505.80172653761,999999,6,5,1
5,5,85507.87442254639,999999,6,5,1
2,4,85534.18185438188,999999,1,8,1
5,1,85534.18185438188,6,999999,2,1
5,2,85534.18185438188,999999,1,5,1
1,6,85535.39392599168,5,999999,3,1
5,2,85535.39392599168,999999,5,5,1
4,8,85548.29962815637,0,8,5,1
4,8,85570.55460711454,999999,4,6,1
5,1,85570.55460711454,999999,5,5,1
8,2,85570.55460711454,6,999999,3,1
1,5,85576.12255895176,999999,5,1,1
5,5,85582.30059032282,999999,6,2,1
5,6,85583.656001314,999999,2,5,1
5,7,85583.656001314,999999,6,4,1
5,8,85583.656001314,1,6,999999,1
1,0,85594.730317225,999999,6,6,1
2,5,85594.730317225,1,999999,5,1
6,1,85594.730317225,999999,5,0,1
6,5,85624.07021115972,999999,6,6,1
1,2,85635.2112497265,999999,8,1,1
5,2,85641.62384984891,999999,0,5,1
5,6,85641.62384984891,999999,6,1,1
5,3,85648.77923254225,8,999999,0,1
5,2,85685.30406149462,8,2,999999,1
5,2,85685.30406149462,999999,6,5,1
5,2,85707.49306754916,1,999999,1,1
5,3,85707.49306754916,999999,5,6,1
5,6,85708.02353288393,999999,2,1,1
6,2,85708.02353288393,999999,6,0,1
6,6,85708.02353288393,2,3,999999,1
6,2,85718.45716844757,6,999999,8,1
1,2,85740.74071446536,999999,5,3,1
2,0,85740.74071446536,999999,8,1,1
4,0,85740.74071446536,1,5,7,1
8,2,85780.39802677899,4,999999,2,1
4,1,85782.13244665109,0,999999,3,1
4,0,85806.4330744103,999999,6,5,1
5,5,85809.49054402954,999999,999999,3,1
5,6,85809.49054402954,999999,3,0,1
8,6,85809.49054402954,5,999999,5,1
6,5,85814.11447689738,999999,1,0,1
8,5,85814.11447689738,0,999999,7,1
5,6,85844.90969227924,999999,3,1,1
8,2,85844.90969227924,999999,2,5,1
8,5,85844.90969227924,1,2,999999,1
4,6,85858.43556476648,999999,1,2,1
4,7,85858.43556476648,6,999999,3,1
5,8,85864.58799040911,999999,3,0,1
6,1,85865.61156276955,999999,5,6,1
5,5,85886.11808182411,999999,1,0,1
6,5,85886.11808182411,999999,1,6,1
5,5,85910.51355144859,999999,6,0,1
6,5,85910.51355144859,5,999999,2,1
8,3,85928.21633360068,6,999999,1,1
5,5,85937.55998888244,4,999999,6,1
4,3,85938.75268786235,999999,0,2,1
6,4,85938.75268786235,999999,6,0,1
5,2,85983.02102692417,999999,6,1,1
5,4,85986.0446441589,999999,6,5,1
5,8,85986.0446441589,999999,2,8,1
1,1,86002.96256432065,999999,6,6,1
5,6,86002.96256432065,999999,4,5,1
8,3,86002.96256432065,999999,2,6,1
8,7,86005.92235391395,999999,1,0,1
5,1,86020.40509228403,999999,5,1,1
6,5,86020.40509228403,999999,2,1,1
1,7,86043.52883924743,6,999999,5,1
6,1,86052.296013199,999999,6,0,1
6,6,86052.296013199,999999,6,1,1
8,6,86052.296013199,999999,7,1,1
4,5,86064.73044068365,999999,5,3,1
5,8,86064.73044068365,4,6,1,1
5,1,86122.45855840555,999999,4,8,1
5,1,86150.50249622623,999999,4,8,1
5,6,86150.50249622623,999999,2,5,1
8,4,86150.50249622623,2,999999,1,1
6,8,86180.04288013463,999999,6,2,1
8,8,86180.04288013463,2,5,999999,1
6,3,86206.32524179367,999999,1,5,1
6,5,86206.32524179367,999999,4,8,1
1,1,86206.69659016558,999999,5,5,1
5,8,86206.69659016558,6,999999,8,1
6,2,86206.69659016558,999999,6,0,1
8,4,86206.69659016558,5,999999,6,1
5,6,86233.355856358,1,999999,2,1
6,0,86233.355856358,3,1,999999,1
5,1,86233.8157440733,999999,6,2,1
6,1,86233.8157440733,999999,5,2,1
6,5,86233.8157440733,999999,8,6,1
6,8,86233.8157440733,999999,1,5,1
5,2,86246.93296071974,999999,8,5,1
6,2,86246.93296071974,999999,5,6,1
6,3,86246.93296071974,999999,1,5,1
5,3,86249.89370086325,5,999999,0,1
5,4,86249.89370086325,999999,6,8,1
5,5,86249.89370086325,999999,2,8,1
6,5,86249.89370086325,999999,5,8,1
5,2,86250.79926212414,999999,6,6,1
5,5,86250.79926212414,8,999999,6,1
5,6,86277.1322397262,999999,5,2,1
1,5,86334.52883858835,5,6,999999,1
5,1,86334.52883858835,999999,5,0,1
6,3,86334.52883858835,999999,5,0,1
6,6,86334.52883858835,4,2,999999,1
1,0,86338.7647542507,3,5,999999,1
1,5,86354.79165801528,5,6,999999,1
6,5,86354.79165801528,999999,0,4,1
5,6,86358.71525914114,999999,5,2,1
5,6,86369.17481999245,999999,6,2,1
8,6,86369.17481999245,999999,5,6,1
5,2,86375.22727633113,999999,4,5,1
5,8,86375.22727633113,999999,8,5,1
6,4,86375.22727633113,999999,6,6,1
5,1,86379.0841231871,999999,8,6,1
5,8,86379.0841231871,6,999999,6,1
6,6,86409.69599505713,999999,8,6,1
6,6,86417.82179293281,6,0,999999,1
5,5,86494.0762486538,999999,6,2,1
4,6,86509.53358111222,999999,6,1,1
8,3,86569.8214678061,999999,7,4,1
1,1,86691.48003288163,6,999999,6,1
4,8,86706.61405513738,6,0,999999,1
5,6,86751.22033061855,999999,6,5,1
6,5,86874.16811513552,999999,5,0,1
5,6,86883.49673397429,999999,2,4,1
5,5,86934.45939016162,4,6,999999,1
4,3,86985.69573885722,999999,5,6,1
1,5,86989.30123828229,999999,0,5,1
5,5,87089.43404161149,999999,0,1,1
6,5,87118.6252588093,999999,1,7,1
8,8,87152.27220991981,999999,5,2,1
1,7,87254.90529437488,999999,4,0,1
5,2,87274.16528119857,999999,4,5,1
5,0,87458.41215890375,999999,2,3,1
6,5,87597.87178009134,999999,0,5,1
8,4,87612.68988991482,999999,3,5,1
5,8,87619.16888902146,999999,3,2,1
6,2,87680.36816347623,999999,4,5,1
6,8,87716.57006757936,4,999999,5,1
8,4,87753.3768996856,1,999999,6,1
6,6,87775.79166518734,4,999999,1,1
5,6,87846.79819627789,999999,4,8,1
6,8,87885.57134279046,999999,5,6,1
1,8,87941.52479750679,999999,2,3,1
4,2,87963.72769187031,999999,1,5,1
5,6,87987.1528210924,999999,1,6,1
6,3,88045.47860567673,999999,1,4,1
5,5,88058.14434447301,999999,4,1,1
5,1,88072.03616608755,999999,5,6,1
1,5,88073.29727549321,999999,1,6,1
2,0,88154.00934885321,999999,8,3,1
6,5,88155.4696593605,5,6,999999,1
6,1,88159.62900106005,999999,5,5,1
6,6,88180.96168331607,8,999999,1,1
8,5,88192.35478184414,999999,0,1,1
5,6,88192.53758854516,999999,4,5,1
6,2,88223.20046443888,999999,0,0,1
5,6,88234.29625427812,5,5,999999,1
5,4,88235.82086086873,999999,4,1,1
6,8,88277.69735027784,999999,6,4,1
8,0,88320.30300295824,6,999999,5,1
6,5,88405.96391571878,999999,8,7,1
6,8,88502.22959537941,999999,5,0,1
5,8,88512.7072531828,999999,5,2,1
8,8,88519.37400814185,999999,5,6,1
5,3,88543.17735103333,5,999999,2,1
8,4,88567.76750758651,999999,2,2,1
2,1,88579.52200531372,8,2,999999,1
1,6,88587.30600793369,999999,4,4,1
5,2,88605.00778435172,999999,2,5,1
1,5,88621.30632925952,999999,999999,2,1
8,0,88640.437728841,999999,3,5,1
5,2,88662.32595748728,999999,5,5,1
2,1,88672.87239731247,999999,4,5,1
5,6,88675.1128091486,999999,1,8,1
8,6,88688.10060858312,999999,4,2,1
4,5,88706.18361116714,999999,6,4,1
1,5,88877.07143956577,999999,6,0,1
6,1,88895.50650527963,999999,6,2,1
1,0,88938.88230469666,999999,8,6,1
8,5,88943.884295946,999999,6,3,1
6,2,88951.23777161799,5,999999,8,1
1,4,88954.42486438663,999999,1,6,1
5,2,88976.10344308135,999999,1,6,1
6,1,88978.12607329627,999999,8,6,1
5,0,89117.22181191575,999999,6,5,1
5,1,89123.0415515399,999999,5,2,1
2,6,89145.04898257072,999999,5,5,1
1,5,89184.12772090614,999999,2,6,1
5,5,89186.24341010091,999999,6,0,1
6,6,89201.54032626611,999999,6,6,1
1,5,89243.85662142998,0,3,999999,1
1,2,89263.63721047457,999999,1,8,1
1,5,89301.94698249793,999999,2,1,1
5,6,89308.76162854156,5,2,999999,1
6,5,89329.8942063323,999999,0,6,1
6,5,89384.5047433039,999999,6,3,1
5,5,89401.62012434464,999999,7,3,1
6,1,89412.373878925,999999,5,1,1
6,6,89415.72266496731,999999,2,3,1
8,8,89415.72490676132,999999,8,6,1
6,5,89491.74769565846,999999,6,6,1
8,7,89527.41895872337,999999,3,1,1
1,5,89532.86365125909,999999,1,2,1
2,1,89598.70712062235,999999,0,6,1
5,5,89606.19097988629,999999,1,2,1
6,1,89613.52197709342,999999,5,6,1
8,2,89625.03037217446,999999,4,6,1
6,2,89630.90856676367,999999,0,1,1
6,0,89650.3285510554,999999,6,5,1
5,6,89661.48061968817,999999,3,5,1
4,3,89707.52330278262,8,999999,1,1
5,0,89711.85970303004,999999,6,5,1
5,5,89723.68616277099,6,999999,6,1
5,6,89777.5836640094,999999,6,6,1
5,5,89785.68310381235,2,999999,1,1
5,2,89804.55478077811,8,5,999999,1
1,5,89810.51407624253,999999,6,6,1
5,4,89820.07351658227,999999,6,3,1
5,2,89828.71879023136,999999,3,4,1
5,5,89943.61340464265,999999,0,6,1
1,1,89954.09124038181,999999,1,7,1
4,1,89961.42683820674,999999,5,8,1
8,1,89988.16804201184,999999,6,3,1
5,5,89991.95614919538,999999,1,2,1
4,1,90019.72194236524,999999,1,1,1
4,6,90026.09717835371,6,999999,1,1
5,2,90027.11438760818,999999,1,0,1
1,0,90038.3654872842,999999,1,3,1
1,2,90082.99382685582,999999,0,5,1
4,8,90134.63815673141,999999,1,1,1
5,5,90146.6133264042,999999,6,1,1
8,8,90167.64479008815,999999,0,5,1
6,1,90176.01811507242,999999,5,6,1
1,4,90198.51301289698,0,999999,3,1
5,0,90200.54033948403,999999,6,2,1
1,3,90222.1504118645,4,5,999999,1
1,2,90228.02923072052,999999,6,5,1
6,1,90247.46011341088,6,999999,5,1
6,1,90249.70281442489,999999,4,5,1
4,2,90265.18997660062,999999,5,999999,1
8,0,90308.38759265994,999999,6,0,1
6,1,90320.5982768234,999999,0,5,1
5,6,90347.42260409449,999999,2,8,1
5,5,90367.58535092803,999999,0,5,1
5,2,90379.56166837797,999999,6,4,1
5,8,90390.39019299127,999999,1,5,1
6,5,90394.30909542568,999999,6,4,1
5,5,90404.29525891387,999999,8,2,1
6,6,90406.6705398619,999999,2,0,1
6,6,90406.9278522327,999999,6,5,1
6,0,90422.17483783346,999999,5,5,1
5,4,90451.0804537859,999999,2,1,1
5,6,90462.04059953283,999999,1,6,1
6,1,90462.4958273851,999999,1,6,1
6,1,90492.64149476543,999999,3,0,1
1,1,90504.30249927078,999999,6,0,1
1,4,90625.39484295326,2,3,999999,1
5,5,90638.80806835301,999999,6,1,1
5,1,90645.71580529767,999999,6,0,1
6,3,90676.95696939398,999999,6,5,1
1,5,90694.30100915642,999999,3,0,1
6,5,90717.69187516693,4,999999,6,1
5,5,90780.1337491147,1,3,999999,1
6,5,90789.80949171026,999999,3,1,1
4,5,90810.26092959197,6,999999,2,1
6,6,90853.65202930193,999999,1,2,1
1,8,90883.60540229543,999999,0,2,1
5,8,90923.5585726811,999999,6,6,1
5,6,90952.40465021528,999999,0,1,1
5,2,90962.45399756421,999999,2,4,1
5,8,90976.17027677168,999999,2,6,1
4,0,91003.984431735,999999,8,6,1
8,3,91037.92580444747,1,999999,5,1
8,2,91061.2742246926,999999,6,6,1
5,7,91062.58927508122,999999,5,0,1
1,5,91063.9391790287,999999,1,7,1
8,5,91135.82502762231,999999,6,1,1
5,1,91308.76833134721,6,999999,8,1
5,6,91323.63155289304,999999,1,0,1
6,2,91402.95975537876,999999,0,6,1
4,8,91472.03014135487,999999,8,8,1
8,7,91486.81756037752,999999,4,1,1
5,4,91488.3719156049,6,999999,3,1
5,1,91496.2317556774,6,999999,1,1
5,6,91543.19388417671,999999,3,5,1
1,4,91585.30821166965,999999,8,5,1
5,5,91616.93604842061,999999,8,5,1
5,6,91663.70339794943,999999,6,5,1
6,1,91705.63741360029,999999,7,6,1
4,3,91763.01902141192,6,999999,2,1
6,3,91770.2168097939,999999,5,0,1
1,1,91787.45972376683,999999,1,5,1
2,1,91791.87480462632,999999,6,6,1
8,8,91822.161839813,999999,0,5,1
1,7,91976.44289111046,1,999999,5,1
6,2,91977.81490832458,999999,5,6,1
6,1,92062.54255226793,999999,5,8,1
6,6,92135.34639906228,999999,1,2,1
6,1,92146.66011945388,999999,6,2,1
5,2,92151.3285609165,999999,2,3,1
1,6,92152.58489437336,999999,3,6,1
5,4,92214.54737044794,999999,6,3,1
6,3,92262.96240834052,999999,5,6,1
2,4,92286.15334963959,999999,1,8,1
6,6,92288.13864067,999999,3,2,1
5,8,92349.9880053262,999999,5,6,1
6,2,92354.37460317247,5,999999,8,1
6,5,92387.36375587607,999999,6,1,1
5,2,92413.75867654516,999999,6,1,1
6,2,92433.50939700284,999999,4,6,1
5,4,92509.46537751959,999999,5,5,1
8,6,92537.58457396064,999999,1,0,1
8,8,92565.12082708946,999999,0,8,1
4,0,92605.16934652216,999999,3,6,1
6,5,92678.389019053,999999,999999,1,1
5,2,92793.14994440002,999999,8,1,1
6,4,92910.51273224081,999999,7,2,1
4,5,92939.74458517088,999999,6,0,1
5,5,92989.41109935504,999999,1,0,1
4,6,93009.71496789716,1,999999,2,1
1,2,93029.76707152538,999999,3,1,1
8,8,93134.0246470962,999999,1,3,1
8,4,93191.87775261955,999999,6,5,1
1,6,93249.38115758932,999999,1,8,1
5,2,93277.24272380256,999999,8,6,1
6,2,93287.89493868423,6,999999,6,1
5,6,93364.5831781976,999999,6,1,1
5,4,93408.61345790507,2,999999,4,1
2,2,93415.34688136133,999999,0,4,1
4,5,93451.13132973123,2,999999,2,1
5,0,93511.82110458615,999999,6,4,1
1,1,93576.89568848436,999999,3,6,1
6,5,93579.3126998085,999999,1,6,1
6,2,93592.39755888176,999999,0,4,1
6,5,93595.15769109322,999999,0,8,1
8,5,93786.22519979502,999999,6,5,1
6,6,93830.48309315862,4,999999,1,1
8,5,93949.104288454,999999,2,2,1
5,0,93990.81341134106,999999,3,5,1
5,6,94060.12737183116,999999,2,3,1
5,1,94161.461411708,4,999999,5,1
1,7,94215.45933286713,999999,1,6,1
5,5,94270.77745449566,999999,5,1,1
6,8,94332.76260185118,999999,5,1,1
6,2,94354.85437996488,999999,6,2,1
1,5,94398.24760833611,999999,6,8,1
5,4,94681.04175777713,5,999999,2,1
6,0,94900.20027776128,999999,6,5,1
5,4,94943.74582247979,999999,5,5,1
5,2,95060.48125002811,999999,1,8,1
8,3,95072.44568169449,999999,5,1,1
6,1,95106.3158260305,999999,5,6,1
4,2,95118.5631265603,999999,5,4,1
5,5,95122.71549131486,999999,3,6,1
5,3,95209.60910205942,999999,8,2,1
1,2,95300.12366244553,999999,4,0,1
4,4,95312.04906427598,999999,4,6,1
6,2,95382.16325788067,3,5,6,1
8,3,95459.30388826186,999999,6,1,1
4,1,95473.32337435854,6,999999,5,1
6,5,95509.04130057081,999999,0,2,1
8,5,95513.08937078454,999999,2,8,1
8,5,95568.0304145987,999999,1,6,1
6,6,95691.77284129673,999999,4,1,1
5,5,95781.90905787465,999999,5,1,1
4,7,95794.64432871297,999999,6,8,1
6,8,95824.4161693003,6,999999,7,1
6,5,95886.62025808347,999999,6,1,1
6,1,95891.71733405477,999999,6,5,1
5,5,95908.08565930286,999999,6,3,1
4,5,95925.37954712303,999999,7,2,1
5,6,95952.36140395832,999999,2,8,1
5,2,95965.78750185526,999999,0,1,1
2,4,95972.96358413021,999999,7,3,1
5,2,96026.6492940668,999999,1,8,1
6,2,96084.85254305879,999999,5,6,1
5,6,96128.37794852958,999999,2,8,1
6,1,96264.82527189967,999999,6,5,1
6,5,96270.59046539561,999999,1,2,1
5,5,96672.73037060548,999999,0,8,1
4,5,96764.11934118807,0,8,6,1
4,2,96832.50682742034,999999,6,0,1
4,0,96968.09482195888,999999,3,5,1
5,1,96973.382058952,999999,5,5,1
5,5,97000.38016376682,1,999999,5,1
8,5,97165.81547741302,999999,6,6,1
5,1,97226.56940093708,999999,5,3,1
5,2,97368.58357666347,999999,8,5,1
1,6,97618.68496725922,999999,5,3,1
5,6,97830.7916960512,999999,4,2,1
5,6,97943.7548051588,999999,7,4,1
5,1,98050.9665768116,2,999999,8,1
4,1,98111.90150679142,0,999999,5,1
6,8,98583.41767093318,999999,5,3,1
4,6,98627.02838476638,8,999999,0,1
6,2,98649.12486493024,6,5,999999,1
6,6,98751.95959708634,999999,3,4,1
6,2,99131.15908441972,5,999999,1,1
1,8,99183.53550106699,999999,5,3,1
1,2,99302.74451732865,999999,5,1,1
1,8,99314.46683016184,999999,4,6,1
6,1,99496.73595350892,999999,8,0,1
5,5,99560.78700558493,999999,4,8,1
5,4,99584.46137126043,999999,6,0,1
4,1,99865.09875838362,999999,5,0,1
5,5,99886.30668753054,999999,4,6,1
5,2,99987.85853991339,999999,5,5,1
5,2,100044.01751108463,999999,6,5,1
6,2,100117.15779635923,999999,8,0,1
1,1,100119.51096800705,999999,2,0,1
6,2,100226.28758755472,999999,0,4,1
5,6,100356.03785024385,999999,0,4,1
6,5,100447.22588417225,999999,0,1,1
5,5,100558.46412818813,999999,6,0,1
8,4,100645.51439322569,999999,8,8,1
5,5,100819.54130491898,999999,2,0,1
5,8,100857.24037327335,999999,6,6,1
2,5,100859.73945191264,999999,8,999999,1
4,2,101057.09527036548,999999,6,3,1
5,6,101096.79350719473,999999,5,0,1
8,2,101192.71592911387,5,999999,6,1
5,1,101257.82937516151,999999,6,4,1
5,8,101616.52585942532,999999,2,0,1
5,2,101640.03681017982,5,0,999999,1
5,5,101754.27356235243,0,999999,2,1
8,8,101793.4996480327,999999,2,6,1
8,6,101888.5563465822,999999,5,2,1
5,1,102197.36594266436,5,999999,5,1
5,2,102292.7101900277,999999,6,8,1
6,2,102367.80557490725,999999,2,6,1
6,1,102462.64509290252,999999,5,0,1
5,2,102645.31298480931,999999,4,5,1
5,6,102685.41254606597,999999,0,6,1
5,1,102801.16856762642,999999,0,3,1
6,3,102922.14075237446,999999,6,5,1
6,8,102971.67305633289,999999,6,3,1
8,8,103014.5387580306,8,1,6,1
1,2,103031.62181735018,999999,8,5,1
6,6,103032.50656959071,8,999999,6,1
1,5,103074.61209544515,0,3,999999,1
1,6,103213.47516231795,999999,6,3,1
2,8,103263.89438732062,999999,6,5,1
5,3,103314.6433360234,999999,6,1,1
5,6,103334.01106944012,999999,5,1,1
6,8,103387.45996415209,7,5,999999,1
5,2,103436.44270673762,5,5,999999,1
6,6,103474.95991000916,999999,1,2,1
6,0,103542.9504552127,1,999999,8,1
6,4,103605.26797543466,999999,5,5,1
1,8,103775.16172101756,0,999999,7,1
5,2,103789.03386199487,999999,1,6,1
1,5,103850.95378279033,999999,0,8,1
8,2,103978.72702938039,999999,7,6,1
5,6,104084.3739605159,999999,1,0,1
8,1,104148.56161237386,5,999999,6,1
6,1,104181.34708490435,999999,8,5,1
5,6,104286.8054578458,999999,6,4,1
5,6,104315.88244022524,0,6,999999,1
8,0,104355.3585326403,999999,6,5,1
6,2,104397.52568792018,999999,1,8,1
6,1,104502.3798725019,0,5,999999,1
1,4,104531.11980223947,999999,6,8,1
6,5,104638.48465390498,5,999999,8,1
5,6,104673.41105470207,999999,1,8,1
6,2,104709.49476211482,999999,0,5,1
6,6,104771.73728948398,1,999999,2,1
5,5,104780.34737905306,999999,6,5,1
6,5,104792.92932207097,4,8,999999,1
5,2,104838.61053776514,999999,6,2,1
8,5,104878.84294876736,999999,6,1,1
5,6,104925.95192078224,999999,4,0,1
6,1,104953.36004062765,999999,6,4,1
5,5,104993.63459274825,999999,0,7,1
6,1,105082.69961674174,999999,5,5,1
6,5,105085.19783405699,999999,1,0,1
5,2,105135.27866352507,999999,6,6,1
2,5,105297.88351166013,999999,8,6,1
4,8,105396.73247523782,999999,2,0,1
8,1,105401.84118612786,6,0,999999,1
8,6,105409.42438951918,999999,2,8,1
4,6,105529.39405466816,999999,5,2,1
5,5,105529.66651107425,999999,0,8,1
1,3,105551.09019165671,999999,5,2,1
6,5,105652.42912013379,6,999999,8,1
1,8,105805.89232037654,999999,3,6,1
5,0,105814.9706271498,999999,6,8,1
6,4,105831.51320604653,1,999999,6,1
6,4,105841.95381626677,5,999999,5,1
1,0,105926.28859311288,999999,6,7,1
4,3,106018.11680050653,999999,7,5,1
1,1,106049.22547318538,999999,1,3,1
8,5,106147.00832177946,999999,6,6,1
5,5,106241.33725978872,999999,1,6,1
8,1,106276.53568261725,999999,1,6,1
1,4,106292.62585288516,999999,2,5,1
5,3,106330.63131116067,999999,6,1,1
5,1,106414.89055824785,999999,8,7,1
5,1,106474.17927364145,999999,2,0,1
5,2,106537.37689417608,999999,4,2,1
6,5,106551.83948428427,999999,5,8,1
6,6,106566.34362088138,999999,8,3,1
4,0,106570.90674277226,999999,1,4,1
6,3,106641.14907723335,1,999999,6,1
6,5,106662.10283182557,2,1,999999,1
6,4,106662.38329938965,999999,7,1,1
5,2,106713.0835999516,3,999999,1,1
8,2,106716.33464758121,5,999999,6,1
1,4,106808.20395892436,999999,5,0,1
8,5,106815.24978256325,999999,6,6,1
1,2,106824.25164017324,999999,6,8,1
5,5,106824.78497172607,999999,0,2,1
5,1,106837.7574864782,999999,6,4,1
1,5,106859.51331697691,999999,8,1,1
1,1,106903.65748010152,0,999999,2,1
4,1,106905.06114650572,999999,2,1,1
8,5,106924.26550750005,6,6,999999,1
5,1,106925.38228136234,999999,6,5,1
5,5,106967.67170552013,999999,2,4,1
1,5,107012.13255863742,999999,1,2,1
5,5,107016.91712218443,999999,4,6,1
6,4,107147.45775998806,999999,0,6,1
6,5,107154.24020569991,3,999999,0,1
5,2,107202.42127525959,999999,1,5,1
5,3,107202.5791013184,999999,6,1,1
5,5,107212.44960499632,999999,5,6,1
6,2,107215.45817601132,6,999999,8,1
4,4,107255.48060427031,999999,5,5,1
5,1,107258.3190358948,999999,5,6,1
1,0,107266.06465986973,999999,5,1,1
5,1,107282.54910778493,999999,0,6,1
5,6,107289.63063113934,999999,0,8,1
5,2,107305.30020932913,999999,8,6,1
6,4,107346.14242769749,999999,4,2,1
4,5,107355.40027090987,999999,6,6,1
6,2,107365.36954386391,999999,8,5,1
1,4,107386.15238470332,999999,0,5,1
5,3,107409.4462769962,999999,5,6,1
5,6,107422.63379717998,999999,0,5,1
5,5,107433.85965718451,999999,5,4,1
6,0,107437.48071585942,999999,2,1,1
6,8,107509.84977932816,999999,5,6,1
5,8,107517.92045246312,999999,2,6,1
4,7,107769.99610800143,999999,6,5,1
5,8,107779.25242347863,999999,6,4,1
4,0,107782.4363406543,999999,8,5,1
6,0,107814.9915753005,999999,5,6,1
5,6,107816.98952155853,4,999999,5,1
4,4,107867.18695925213,999999,6,6,1
5,6,107887.74694035,999999,6,6,1
8,5,107887.97600467526,1,0,999999,1
5,3,107906.78232482144,999999,0,5,1
5,5,107914.36524675158,999999,3,1,1
5,5,107935.1413749017,999999,4,1,1
6,6,107946.17642377321,999999,5,5,1
5,4,107962.3977827278,999999,6,5,1
8,6,107967.46909566004,999999,5,0,1
6,2,108045.18052067053,999999,1,1,1
5,1,108049.8520128397,999999,2,6,1
5,8,108053.83945501722,999999,6,8,1
4,5,108128.44149938266,999999,0,5,1
8,1,108143.46636876318,999999,2,6,1
5,1,108153.54563653936,999999,7,4,1
1,6,108172.84741198122,5,6,6,1
4,6,108177.61473327181,999999,5,2,1
8,2,108186.02756558057,6,999999,3,1
4,0,108211.59994188495,999999,5,6,1
5,6,108268.32587872905,999999,5,6,1
6,6,108274.15321186472,999999,5,4,1
1,5,108279.03609796189,999999,5,6,1
1,7,108290.94423795208,6,999999,6,1
1,6,108308.94935483142,999999,8,1,1
5,5,108314.96831161431,4,4,1,1
4,4,108339.2542687251,999999,6,2,1
6,5,108370.25598800604,999999,6,6,1
6,6,108373.3832931912,999999,6,2,1
8,8,108474.51638824012,999999,6,3,1
5,1,108475.30180750636,999999,4,4,1
6,8,108513.17862025749,999999,5,0,1
4,6,108515.19528124187,999999,6,2,1
8,6,108590.55877388334,2,999999,3,1
6,6,108594.69201859093,999999,2,5,1
5,3,108625.4089937535,999999,2,2,1
1,6,108650.47905712032,6,999999,5,1
1,1,108653.61465891024,999999,0,5,1
8,8,108654.78649141506,999999,6,0,1
5,3,108681.70204970514,999999,1,0,1
2,1,108694.28737976014,999999,7,4,1
5,1,108736.89389187786,999999,5,8,1
8,7,108756.86981122645,999999,5,3,1
5,5,108807.59086167124,999999,5,6,1
8,8,108819.52952992909,999999,3,2,1
5,6,108835.08590451398,0,999999,6,1
5,5,108844.0800818856,999999,6,3,1
5,5,108886.73612290544,999999,5,0,1
4,6,108963.93618360086,5,999999,6,1
1,2,108968.59308875236,999999,3,5,1
1,8,108969.29703914345,999999,2,5,1
6,5,108972.88708064106,5,5,999999,1
5,2,108985.67219846569,6,8,999999,1
5,2,108990.44858137546,999999,3,4,1
5,2,109034.80864300883,1,999999,1,1
5,0,109042.95639573515,999999,3,1,1
5,2,109063.57870542216,999999,3,1,1
6,5,109103.61293568533,6,999999,0,1
6,6,109127.73292157748,999999,1,6,1
6,5,109152.95995028148,999999,6,2,1
6,3,109183.01307290084,999999,6,4,1
6,2,109188.67831413787,0,999999,5,1
2,4,109205.25373164652,999999,1,5,1
6,2,109262.25879711621,6,999999,4,1
6,2,109294.32184772906,999999,4,2,1
5,2,109300.76385411693,999999,8,1,1
5,6,109302.21321585773,999999,8,6,1
6,2,109399.34222208947,999999,4,0,1
1,6,109399.60062244006,999999,3,4,1
2,1,109461.07736899272,999999,1,8,1
8,0,109555.40750354916,1,5,999999,1
6,4,109562.05686613962,999999,1,8,1
1,0,109564.43087893337,999999,4,6,1
4,2,109581.9111862854,999999,6,0,1
5,8,109647.51656056113,999999,3,1,1
6,6,109663.10992882027,999999,5,6,1
5,8,109723.48774583855,999999,2,6,1
6,6,109757.81621875765,6,999999,0,1
4,3,109761.21038576316,999999,6,6,1
6,5,109777.07734790156,999999,5,2,1
6,6,109781.7625847767,999999,4,6,1
6,6,109825.00118012293,5,999999,6,1
6,5,109849.2833895699,999999,6,6,1
5,1,109859.97829898335,999999,6,2,1
5,8,109869.02472644925,8,999999,4,1
4,1,109894.00203513849,0,999999,5,1
6,1,109909.42605151577,5,999999,6,1
7,6,109927.92193651709,6,999999,1,1
6,2,109929.3207248099,999999,0,5,1
5,6,109931.77527693937,999999,2,8,1
4,2,109948.83809910892,999999,5,0,1
5,6,109950.39384627344,8,4,999999,1
8,2,110019.32370957725,5,999999,1,1
6,6,110055.67193226508,6,999999,6,1
6,6,110078.91550094397,999999,6,2,1
6,0,110212.49703868813,999999,1,8,1
5,5,110216.84681719744,999999,1,8,1
4,2,110242.92858834207,999999,8,0,1
6,6,110244.55047629894,999999,2,1,1
5,6,110262.45169151282,1,999999,5,1
8,4,110343.46995835126,999999,3,6,1
4,1,110344.8418319268,999999,2,2,1
1,6,110365.09021372841,999999,1,0,1
5,2,110384.20717593105,3,999999,5,1
1,2,110400.89339154772,8,999999,6,1
6,6,110425.90090605413,999999,5,6,1
5,3,110451.84091804958,999999,4,1,1
1,4,110525.70372018758,999999,5,8,1
4,3,110529.2371053372,999999,1,6,1
6,5,110552.58614343968,999999,8,6,1
6,2,110586.04483044434,999999,5,8,1
1,2,110596.41046640371,999999,6,5,1
8,8,110596.44198094342,999999,2,6,1
1,5,110604.74452419551,2,5,999999,1
5,5,110609.89451358872,999999,8,1,1
6,0,110617.11126874683,999999,6,6,1
5,5,110647.27365776613,999999,8,4,1
1,0,110650.17524812628,999999,4,3,1
8,5,110672.57710299167,5,4,999999,1
2,2,110713.29707402369,999999,0,5,1
8,1,110736.46361629183,6,999999,5,1
1,4,110783.09574410215,999999,5,8,1
6,5,110788.84012470643,999999,5,0,1
1,5,110827.93726239172,999999,0,6,1
1,0,110833.04564526452,6,999999,8,1
5,5,110834.62673601495,999999,1,8,1
1,5,110892.40071482673,999999,2,3,1
5,2,110898.13986032075,999999,3,6,1
5,6,110899.26110203726,4,0,999999,1
2,5,110905.98318718058,999999,3,6,1
6,7,110918.18496363919,999999,6,8,1
8,2,110923.5735566191,999999,8,5,1
6,4,110924.44824685142,999999,5,999999,1
5,1,110947.13063335698,6,3,999999,1
5,8,110965.59591458157,999999,5,2,1
1,6,110974.55535763888,999999,8,6,1
8,8,110999.42352724321,999999,8,3,1
6,1,111002.74496073544,5,999999,5,1
6,5,111024.04809331402,999999,6,5,1
6,1,111034.91061234343,999999,5,1,1
5,5,111074.60786573378,999999,8,6,1
6,5,111085.24388193988,999999,0,8,1
6,2,111107.60618767417,999999,0,4,1
5,2,111118.66986700744,999999,8,6,1
8,3,111122.26562468153,999999,6,4,1
5,6,111124.55501153645,999999,4,2,1
5,6,111132.78420650681,999999,6,1,1
6,2,111152.69688687766,999999,1,4,1
5,5,111181.31912108691,6,1,999999,1
8,1,111211.40962972467,999999,4,8,1
5,8,111213.89129406559,999999,5,5,1
6,5,111249.48396757772,5,999999,0,1
5,1,111251.79430192364,999999,0,5,1
5,6,111280.53104377777,999999,5,6,1
6,4,111316.8207757823,999999,5,2,1
5,2,111325.77706131902,999999,5,8,1
5,6,111340.89669061471,999999,6,2,1
6,5,111370.69820852525,999999,1,5,1
1,4,111393.99785887946,999999,5,6,1
1,6,111403.1367311029,999999,5,4,1
5,6,111404.69242233645,999999,8,3,1
4,5,111406.0294885088,999999,1,8,1
5,6,111425.23966949762,999999,5,1,1
5,4,111457.11488460534,1,999999,2,1
5,4,111480.91508461509,999999,2,7,1
1,6,111491.29001869136,999999,2,8,1
5,8,111517.28575856607,2,999999,5,1
6,1,111522.969155005,999999,5,2,1
1,2,111639.65480594459,999999,6,5,1
6,1,111642.17170782218,999999,1,5,1
6,5,111646.21586995675,999999,6,5,1
4,5,111674.79829450548,999999,6,8,1
4,4,111685.66809810346,999999,6,1,1
5,6,111743.08763065441,6,999999,1,1
1,4,111758.37260522811,8,999999,1,1
5,5,111759.87480018252,999999,6,1,1
6,2,111770.21995673577,4,999999,5,1
5,2,111789.42616828454,999999,6,4,1
1,6,111793.6754367708,6,999999,6,1
6,0,111795.29197353359,999999,5,8,1
6,6,111804.9321192501,999999,5,1,1
6,2,111827.12881362208,999999,5,6,1
1,5,111828.16990782376,3,999999,1,1
4,5,111849.3040891873,999999,6,1,1
5,5,111850.54510435992,999999,0,5,1
6,1,111851.43693356052,999999,0,2,1
1,6,111872.34973856212,999999,6,4,1
5,4,111874.84755546814,999999,6,8,1
1,6,111875.244195148,3,999999,0,1
6,8,111876.74394747124,2,999999,4,1
6,6,111881.31994510566,999999,6,3,1
8,5,111885.02360830424,999999,6,6,1
5,6,111895.24215964136,999999,5,8,1
1,5,111904.5500145078,999999,5,1,1
8,5,111942.20562087861,999999,6,4,1
5,2,111990.74172067174,999999,0,5,1
6,3,112014.78084897019,999999,6,8,1
5,4,112029.06145553218,999999,6,3,1
5,2,112032.70981792861,999999,6,5,1
1,1,112038.50732887714,999999,6,6,1
1,2,112038.73248802485,999999,6,5,1
8,6,112040.67938724805,999999,1,4,1
6,0,112042.61867838136,999999,0,6,1
1,6,112043.13498428235,999999,1,3,1
8,2,112047.22794297397,999999,5,8,1
4,8,112072.66766435425,999999,0,3,1
5,3,112076.40189753656,999999,2,6,1
8,4,112095.21725478671,999999,5,5,1
5,5,112097.87802960974,999999,6,2,1
5,2,112116.78585451984,6,999999,6,1
5,5,112131.78677624647,999999,1,0,1
6,4,112134.7885742187,999999,5,1,1
4,1,112137.51545306564,999999,6,2,1
4,2,112148.64801765952,999999,5,6,1
5,6,112150.34905495745,999999,6,3,1
4,6,112151.15269741663,999999,8,2,1
8,5,112156.51549906771,999999,8,0,1
6,1,112158.18480585782,999999,3,5,1
5,5,112175.15877193768,999999,4,4,1
6,8,112175.35076908139,999999,1,1,1
8,8,112175.71825744116,999999,5,6,1
5,3,112177.1902697248,999999,1,0,1
1,6,112192.6306605218,999999,8,1,1
6,1,112195.88020734518,999999,4,6,1
6,2,112200.928579547,999999,5,6,1
6,7,112206.15126169067,999999,2,4,1
6,5,112219.32621849795,999999,0,4,1
5,6,112227.56566318228,999999,5,7,1
1,6,112235.27454608837,1,999999,8,1
5,5,112243.29402569955,999999,8,8,1
6,8,112251.76824609864,999999,6,0,1
5,8,112274.73561107747,7,1,999999,1
1,2,112287.7099746625,999999,5,8,1
5,5,112300.68483588623,6,4,999999,1
2,2,112322.01342018785,999999,3,0,1
5,2,112327.3412251327,999999,8,0,1
6,3,112327.49451209871,5,999999,6,1
5,7,112348.35277843429,999999,1,0,1
5,4,112364.32698961027,999999,5,5,1
1,8,112380.84517618352,6,1,1,1
4,1,112386.77805811571,6,2,4,1
5,1,112388.02404591265,999999,4,6,1
4,5,112404.04924881678,999999,6,0,1
6,4,112426.39207291446,6,999999,6,1
5,5,112436.3515125064,999999,5,4,1
2,1,112438.18792118641,999999,0,6,1
5,8,112440.4416714358,4,999999,6,1
6,1,112447.25724428258,999999,5,5,1
6,1,112453.74765552976,999999,3,6,1
6,2,112462.702693984,999999,4,2,1
4,3,112502.68682488381,999999,6,5,1
5,2,112516.61742113484,999999,6,0,1
5,4,112538.32778782243,6,5,999999,1
5,8,112564.11410416923,999999,1,5,1
6,1,112598.09293772803,0,6,999999,1
5,6,112601.21452904576,999999,1,4,1
4,2,112617.09270273507,999999,6,0,1
5,3,112617.33502433532,999999,6,2,1
1,5,112636.55703007251,999999,8,3,1
6,5,112678.7121922529,999999,1,5,1
5,8,112690.53494285127,999999,3,6,1
1,4,112718.42588920538,1,999999,3,1
6,1,112738.66525814848,999999,8,5,1
4,2,112740.6042556331,999999,3,5,1
6,8,112744.48504359678,999999,6,4,1
5,6,112745.82087884525,5,6,8,1
1,0,112759.10356042419,6,999999,6,1
5,1,112762.39953633667,999999,4,6,1
5,1,112772.48957197276,5,5,6,1
5,1,112779.51690062635,999999,3,5,1
6,1,112783.03833351521,999999,0,6,1
5,2,112784.05908202364,999999,4,1,1
6,1,112784.8328884163,999999,4,4,1
5,5,112803.94191460292,0,999999,6,1
5,1,112806.52814149112,999999,1,2,1
1,2,112806.87808644083,999999,6,5,1
5,5,112811.70472683602,4,999999,3,1
6,6,112836.40282803812,999999,8,2,1
5,6,112837.30269296186,999999,1,4,1
4,2,112842.92182451003,999999,1,6,1
1,1,112854.57034655337,999999,2,5,1
6,3,112868.43877395435,999999,8,0,1
5,4,112871.64009215662,999999,5,1,1
5,3,112872.5796094559,999999,1,5,1
5,8,112874.30111830715,999999,8,6,1
6,2,112892.64165999465,999999,1,1,1
6,5,112893.87814003942,999999,5,8,1
4,3,112924.78799766095,999999,8,5,1
6,0,112934.44745666084,6,999999,8,1
4,6,112944.24149007909,999999,5,5,1
5,2,112945.85509034373,6,6,999999,1
6,5,112957.95062152817,999999,5,3,1
6,8,112960.07593155625,999999,4,5,1
5,4,112974.77670333789,999999,5,8,1
6,5,112983.06034554123,999999,2,6,1
5,5,112986.21660115616,999999,1,2,1
5,4,113032.048893007,999999,1,4,1
8,1,113033.63391590724,999999,1,6,1
6,5,113045.9139809712,999999,5,2,1
4,6,113046.28212676944,999999,8,5,1
5,5,113050.00649579051,8,6,1,1
6,5,113054.38569964244,999999,5,0,1
1,8,113058.50619684943,999999,2,3,1
5,6,113064.06428922935,1,999999,4,1
1,5,113073.00321855748,999999,0,2,1
6,5,113082.15862501711,999999,0,6,1
5,2,113093.97301130746,999999,3,6,1
5,5,113096.41408578251,999999,2,5,1
1,6,113114.1720299581,6,999999,5,1
5,0,113118.42384597253,999999,6,7,1
2,5,113129.6103498004,999999,6,2,1
6,5,113140.77453600116,999999,1,5,1
8,2,113146.57474229213,999999,1,3,1
6,0,113154.75977156947,999999,2,6,1
5,6,113163.79426093583,999999,5,7,1
5,5,113176.08393555004,999999,1,8,1
6,5,113181.85051551643,999999,2,5,1
6,5,113186.97790732383,6,999999,1,1
5,5,113196.36746331016,999999,6,2,1
5,5,113202.42283766437,999999,5,1,1
6,2,113203.09437615906,5,999999,6,1
5,5,113212.06081633871,999999,6,8,1
5,0,113212.5702194187,999999,5,2,1
8,3,113212.74541120918,999999,0,6,1
5,5,113218.6122089599,999999,2,0,1
6,6,113235.74553905157,6,999999,6,1
6,6,113268.24842200112,0,999999,2,1
4,2,113274.19349037454,999999,1,6,1
6,6,113282.36960766115,6,999999,5,1
5,2,113290.67060684758,6,999999,1,1
1,1,113311.08349772586,999999,5,6,1
6,2,113336.97776741463,999999,5,5,1
5,2,113337.50457394886,999999,8,0,1
8,5,113337.84581790077,0,999999,7,1
6,6,113355.63665489567,999999,2,1,1
6,5,113370.29104165589,999999,6,8,1
6,6,113384.73042497075,999999,5,2,1
8,1,113389.94055040536,999999,8,6,1
8,1,113396.29171540192,999999,5,6,1
6,5,113405.7778037368,999999,0,8,1
1,6,113413.0501604112,999999,5,6,1
4,2,113418.15418691437,999999,6,3,1
1,1,113426.91214516918,999999,1,7,1
5,6,113432.334402244,999999,5,6,1
6,5,113439.00413205834,999999,8,1,1
6,8,113443.91649415507,999999,0,2,1
2,5,113446.8895040306,999999,6,1,1
8,8,113455.36123627664,999999,0,2,1
5,1,113466.96275363756,999999,5,8,1
5,1,113475.72825316025,999999,5,8,1
6,5,113477.27497919198,0,999999,6,1
1,3,113495.17374098954,0,999999,2,1
6,2,113496.38516617278,999999,6,1,1
1,1,113500.83671663357,999999,5,2,1
5,6,113523.3041940593,999999,6,5,1
1,2,113529.22229472082,999999,8,3,1
6,3,113529.22622223677,999999,0,2,1
8,0,113530.1926393683,999999,1,6,1
6,6,113532.12661922908,6,999999,4,1
6,4,113534.16925657794,999999,2,8,1
6,1,113551.72196474888,999999,8,0,1
6,6,113559.40798425609,6,999999,6,1
5,2,113599.31209406632,999999,2,6,1
8,5,113610.30906426623,999999,2,2,1
5,6,113617.17866229947,999999,5,8,1
5,5,113623.6275513444,999999,0,5,1
4,0,113625.96665101907,999999,6,8,1
2,6,113630.11266464362,999999,5,0,1
1,2,113638.60331205941,3,0,1,1
6,0,113639.33236407365,8,999999,6,1
5,2,113644.91038220753,3,999999,1,1
5,5,113651.2967091202,2,1,999999,1
8,8,113659.36843216904,999999,8,4,1
5,6,113675.13590408223,999999,1,8,1
4,5,113675.44070915628,999999,6,6,1
6,5,113685.31829279465,999999,1,2,1
6,5,113690.18622194414,2,6,999999,1
6,5,113697.4950172751,999999,8,5,1
5,1,113721.355951675,999999,5,8,1
6,1,113732.87692139653,999999,4,6,1
1,5,113734.11272525252,6,6,999999,1
1,5,113739.36450189976,999999,8,8,1
6,1,113745.4920097061,999999,4,0,1
6,7,113748.72782868912,1,999999,5,1
5,0,113757.62159813294,999999,5,6,1
6,5,113763.02922064373,999999,3,8,1
5,5,113763.94117723504,999999,0,6,1
4,6,113768.70160637598,999999,6,5,1
5,6,113775.20961702733,999999,4,0,1
5,6,113777.92022355284,999999,2,8,1
1,8,113779.10700759149,999999,0,2,1
8,8,113788.57049262764,5,999999,2,1
2,2,113797.61025808744,999999,6,2,1
5,2,113806.83531826572,999999,8,0,1
4,8,113812.21456857979,999999,8,1,1
5,3,113820.98855523032,999999,2,6,1
5,6,113822.54369831327,999999,5,4,1
5,6,113831.42021071154,999999,3,8,1
4,6,113833.99815930935,4,999999,6,1
4,0,113835.2977613278,999999,1,6,1
8,5,113842.59283465301,999999,8,0,1
8,2,113866.60759266838,999999,5,3,1
5,6,113875.77481268694,999999,6,5,1
4,1,113877.06966554518,999999,5,5,1
6,6,113884.84362638666,999999,6,4,1
1,6,113892.8139149865,3,999999,6,1
5,5,113911.11900839699,999999,0,4,1
8,8,113913.988995613,999999,0,5,1
6,8,113930.27990368985,999999,5,5,1
5,0,113930.468878597,999999,1,7,1
6,1,113930.67353435948,999999,6,5,1
6,3,113931.02215216022,999999,5,2,1
5,3,113931.86601074622,999999,8,6,1
5,4,113936.89779941902,999999,5,1,1
6,1,113938.95644025462,999999,8,3,1
5,2,113947.22927425895,999999,6,1,1
5,5,113947.82062809476,999999,4,1,1
6,6,113957.26836643042,6,999999,8,1
5,6,113960.3425091926,999999,6,0,1
5,6,113969.94697549952,999999,5,6,1
5,3,113976.55883394234,999999,5,0,1
6,6,113988.5932740463,999999,3,5,1
6,0,113999.43784383804,8,6,999999,1
6,2,114000.31533226586,6,999999,5,1
6,8,114006.06168768025,999999,2,6,1
4,6,114008.97004516443,999999,7,2,1
5,2,114011.97370904055,999999,6,6,1
2,1,114019.93122616944,999999,6,3,1
6,2,114021.64763371968,999999,5,6,1
6,3,114025.73086496764,1,999999,6,1
5,8,114029.55615272599,999999,5,2,1
5,5,114030.50922637065,5,999999,8,1
6,5,114039.46428587682,999999,6,2,1
5,6,114055.14015533937,999999,3,2,1
6,4,114069.18766559927,6,999999,3,1
6,2,114069.7310921794,5,999999,1,1
6,2,114075.18779426182,999999,0,8,1
6,6,114085.38285618283,999999,3,5,1
6,5,114093.36276089065,999999,1,5,1
5,2,114099.1445504683,999999,1,2,1
5,4,114111.84092188948,999999,1,5,1
6,6,114123.27152789374,999999,2,4,1
1,6,114132.41299266223,6,999999,5,1
5,7,114133.82856855601,999999,1,0,1
6,1,114146.20981572395,5,1,999999,1
6,0,114165.5056409494,999999,5,1,1
8,8,114166.11048225136,999999,8,3,1
1,6,114172.84923913963,6,999999,5,1
8,3,114182.0644797808,999999,7,4,1
5,0,114189.91148251492,999999,5,2,1
5,8,114192.89664488815,999999,3,5,1
5,5,114207.7519993858,999999,6,999999,1
5,0,114212.9559917456,999999,5,5,1
4,5,114216.54809776637,999999,2,3,1
8,6,114249.58308435923,8,4,1,1
1,5,114258.70055854967,5,6,999999,1
5,6,114265.49523558907,999999,5,0,1
8,6,114273.67694893594,999999,8,3,1
8,1,114276.21174048726,999999,5,6,1
6,2,114286.0674917273,0,5,999999,1
5,6,114292.58483774465,999999,5,6,1
6,6,114294.15468429934,0,999999,5,1
6,4,114305.69963077507,5,6,999999,1
1,3,114329.5821546495,999999,6,2,1
5,6,114330.66217312496,1,999999,6,1
1,0,114336.55312504299,999999,6,5,1
6,5,114344.832054945,999999,6,1,1
4,2,114346.51918418982,999999,1,5,1
1,5,114346.61683213885,6,999999,0,1
4,2,114358.3732266228,999999,3,6,1
6,2,114380.82040886661,999999,5,0,1
6,6,114383.07613398456,0,999999,6,1
5,3,114385.35946229426,999999,8,1,1
5,6,114393.56482994102,999999,1,0,1
1,0,114428.06486099795,6,999999,0,1
5,3,114429.14061326742,1,999999,5,1
4,2,114431.42021737366,999999,3,5,1
5,0,114440.39428155567,999999,5,6,1
6,6,114447.01283725527,999999,5,4,1
6,6,114447.58219907642,999999,6,6,1
1,0,114450.56897212336,999999,5,3,1
5,2,114459.13270922088,999999,6,1,1
1,1,114476.38917850287,999999,5,1,1
6,6,114481.5522526321,999999,6,1,1
8,7,114481.85948728611,999999,3,1,1
6,3,114482.04201828869,999999,5,6,1
6,6,114496.55319265464,999999,0,2,1
5,6,114496.61396344044,999999,5,0,1
1,6,114497.17129953355,999999,5,4,1
5,6,114497.27118889864,999999,5,8,1
8,1,114497.49126434117,999999,2,5,1
1,1,114505.12227929951,999999,5,6,1
8,4,114506.02889177072,999999,5,2,1
5,5,114507.07398196535,999999,1,6,1
5,4,114507.35731244224,999999,2,5,1
6,0,114511.7416478587,999999,8,6,1
6,8,114522.28928358405,999999,6,1,1
5,6,114536.79308665097,999999,8,6,1
1,6,114544.76523112766,999999,5,6,1
8,5,114548.64640276821,999999,7,5,1
6,8,114559.49954475902,999999,2,2,1
5,6,114562.58076084233,0,5,999999,1
6,5,114563.09532343657,5,999999,1,1
5,6,114565.25515955241,999999,0,4,1
5,6,114573.5107711621,999999,4,1,1
6,5,114579.74204865225,6,999999,1,1
6,8,114613.0219592194,999999,3,6,1
8,1,114618.45661677916,999999,4,3,1
5,3,114618.4992433746,999999,0,1,1
5,8,114636.61852286947,999999,1,5,1
6,4,114642.56979875492,2,5,999999,1
6,5,114646.05418878347,999999,5,0,1
1,6,114648.4795260622,999999,7,5,1
1,4,114654.71795673699,999999,5,6,1
1,4,114655.46694917194,999999,5,8,1
4,6,114682.10652798443,999999,5,7,1
6,5,114690.86251254466,999999,7,1,1
5,2,114693.65459271803,999999,8,5,1
1,6,114695.98030121389,999999,0,4,1
5,5,114697.95335436627,5,8,6,1
6,1,114698.96796537944,999999,2,0,1
8,5,114699.5885150916,999999,5,3,1
6,3,114701.78831983423,999999,6,6,1
2,6,114705.6281155142,1,5,999999,1
6,5,114706.06632186161,999999,4,6,1
6,6,114710.85116863859,999999,7,0,1
5,6,114713.04926964015,1,1,8,1
2,4,114731.78566890568,1,999999,6,1
6,1,114734.3239093415,999999,1,6,1
5,5,114741.89544037016,999999,0,6,1
6,4,114749.8575805625,999999,1,6,1
1,0,114756.84934394664,999999,2,6,1
6,0,114757.20724338661,999999,2,5,1
1,2,114759.04828786255,3,0,1,1
8,8,114760.88554594244,999999,5,6,1
5,5,114761.47744187337,999999,5,0,1
6,6,114763.35501248763,999999,8,5,1
4,1,114771.16582560292,999999,2,8,1
7,7,114771.51108692183,999999,5,1,1
5,2,114774.60477064976,3,999999,4,1
6,1,114774.6601195279,999999,5,6,1
6,1,114776.21284388995,999999,6,5,1
6,1,114796.54467085132,7,999999,6,1
1,1,114806.3073705382,999999,2,5,1
5,8,114814.25253037577,999999,6,6,1
5,2,114814.6528950551,999999,1,2,1
8,5,114816.38749367642,999999,1,5,1
1,1,114824.64372655605,7,999999,4,1
5,1,114837.91557727665,6,3,999999,1
5,2,114842.46631680916,999999,6,0,1
8,5,114844.82903943483,999999,5,6,1
6,2,114846.08701452825,0,999999,5,1
5,6,114846.40743202546,6,999999,6,1
5,3,114874.24443845487,999999,5,5,1
4,2,114879.01570796687,999999,6,1,1
5,2,114880.56812914481,999999,3,5,1
1,2,114900.41333071346,999999,1,5,1
8,6,114904.86511436889,999999,2,5,1
6,5,114905.23894245944,4,999999,6,1
1,6,114909.63704750565,999999,8,8,1
6,6,114915.97314790545,999999,5,2,1
1,5,114922.68369013318,999999,6,6,1
4,5,114930.74666721074,999999,0,8,1
8,2,114931.35624957719,999999,1,5,1
5,6,114933.19963444861,999999,1,6,1
1,5,114940.00669796711,999999,6,3,1
4,0,114948.8436260491,999999,3,1,1
1,8,114950.48880597822,6,999999,0,1
4,6,114956.51103071576,999999,4,1,1
6,6,114958.57011553687,999999,2,0,1
8,5,114972.98819517145,999999,6,2,1
5,3,114977.56871021495,999999,6,5,1
5,0,114982.0973053427,999999,5,1,1
5,2,114984.35863273233,999999,8,1,1
6,8,114992.98760319129,5,999999,999999,1
6,5,114995.01591391567,999999,8,2,1
5,2,114996.02574487592,3,999999,5,1
8,5,114996.90922433567,6,999999,5,1
1,4,115008.30078272744,999999,1,6,1
6,2,115009.10333907924,999999,1,1,1
5,8,115010.28505493053,999999,6,5,1
5,2,115022.82670891566,999999,6,1,1
2,5,115024.38733852548,999999,6,1,1
6,2,115024.54695161617,0,6,1,1
1,7,115029.96281853197,999999,5,1,1
4,6,115032.6668060972,999999,0,5,1
5,6,115033.14100221153,999999,0,2,1
6,4,115045.02221984416,999999,5,2,1
6,2,115065.87785745223,5,999999,0,1
5,8,115066.94655058545,5,999999,1,1
6,1,115067.62666266235,999999,2,3,1
5,2,115085.9959882133,999999,6,2,1
5,1,115092.34634922456,0,999999,5,1
4,8,115092.7597540354,999999,6,1,1
6,2,115107.02589144366,3,999999,0,1
6,4,115107.73030168665,999999,5,3,1
8,6,115109.03425767146,999999,8,1,1
1,2,115114.79313598438,999999,6,0,1
4,4,115115.17792692037,999999,6,8,1
5,6,115122.63904542403,2,999999,5,1
5,1,115123.76960939166,999999,0,5,1
1,5,115128.46488704813,999999,5,1,1
4,1,115135.20816871477,999999,6,6,1
5,6,115135.64479080986,999999,0,3,1
6,2,115139.40812197428,5,6,999999,1
5,7,115139.9462529805,999999,8,6,1
8,5,115142.67243746574,999999,5,5,1
5,6,115144.95027321241,8,999999,5,1
5,5,115147.81767131212,1,5,999999,1
6,6,115148.29585392457,999999,5,5,1
5,6,115149.45169112903,8,999999,5,1
7,7,115151.53298047115,999999,3,5,1
1,8,115153.92757877255,6,3,999999,1
5,6,115153.93189914575,2,999999,0,1
8,4,115155.22213621651,999999,1,5,1
8,6,115158.21051434234,999999,2,1,1
6,0,115163.8085168436,999999,6,2,1
8,6,115168.40062254017,999999,1,6,1
5,1,115179.720484835,999999,0,5,1
1,4,115193.1488870597,0,999999,5,1
1,8,115193.75372785666,999999,4,5,1
6,2,115199.53291655319,999999,5,3,1
4,5,115208.11723412151,999999,1,3,1
6,6,115213.84625706785,4,999999,5,1
2,1,115216.34799627977,999999,5,6,1
6,6,115218.8314874299,999999,5,6,1
6,6,115219.4382462697,999999,2,4,1
5,5,115219.77306746686,3,6,6,1
5,3,115220.01971585279,999999,4,0,1
4,1,115231.6186145349,999999,2,2,1
6,1,115233.76184482728,999999,3,6,1
5,6,115233.79819657035,999999,2,4,1
4,3,115235.05467096994,999999,5,3,1
5,6,115237.33383059803,999999,3,5,1
5,8,115239.45959678288,999999,0,6,1
5,1,115241.41697930364,999999,6,6,1
1,6,115241.69927674047,8,6,999999,1
6,2,115244.40816524885,1,999999,6,1
4,5,115245.05558709218,999999,6,0,1
8,2,115247.74461986207,999999,6,0,1
6,8,115248.31207663917,999999,5,8,1
5,6,115248.72535850712,999999,2,5,1
6,1,115249.96589833286,999999,4,2,1
8,2,115250.09575153675,999999,4,6,1
6,2,115251.19330146394,999999,5,5,1
2,3,115253.99512497998,999999,1,6,1
6,2,115274.5295283757,999999,0,5,1
6,6,115274.83085001948,999999,3,8,1
5,2,115279.82279039423,999999,6,5,1
1,1,115284.26377888967,999999,5,2,1
6,5,115291.71933316831,999999,0,5,1
5,4,115296.87668430671,999999,3,2,1
1,6,115302.07010485487,999999,4,4,1
6,8,115305.4784476579,999999,2,8,1
5,2,115308.67363464108,3,2,5,1
6,7,115320.94532841991,999999,3,6,1
6,6,115340.22644932852,999999,8,6,1
6,6,115342.77519743105,999999,5,6,1
5,4,115358.47198122,5,1,999999,1
5,3,115358.74415263091,999999,5,2,1
5,3,115360.26757846029,999999,6,5,1
6,1,115364.80790127342,0,5,999999,1
1,5,115366.68466182149,999999,2,6,1
6,5,115366.84959977184,999999,2,5,1
8,4,115366.90442338302,999999,8,3,1
6,3,115371.86249494128,999999,6,5,1
8,3,115372.39619831786,999999,6,5,1
6,2,115372.99601849318,999999,5,6,1
6,2,115374.40326881756,999999,5,5,1
1,6,115376.91381711967,999999,8,2,1
5,5,115387.492856066,999999,0,5,1
1,6,115400.02901594379,999999,1,4,1
6,5,115400.51604651986,4,999999,6,1
5,6,115403.8196196762,999999,0,5,1
6,0,115409.61293313924,999999,1,3,1
5,5,115411.32470933087,999999,3,0,1
1,4,115415.87030755625,999999,6,1,1
5,8,115420.46792611522,999999,3,5,1
8,8,115421.84106505626,999999,6,5,1
1,6,115423.07745409803,2,999999,7,1
5,4,115424.87549516384,999999,5,8,1
6,8,115427.24026383182,999999,5,2,1
1,2,115430.31442086652,999999,5,5,1
1,0,115436.7201757967,999999,1,5,1
5,8,115440.53162991413,999999,5,4,1
5,5,115440.7910338176,8,999999,0,1
1,1,115440.96186864513,999999,2,6,1
5,1,115460.21799870313,5,999999,8,1
6,2,115466.34999298769,999999,0,1,1
6,6,115470.19444404104,999999,5,5,1
6,5,115474.02472426776,999999,1,6,1
1,2,115479.81289743999,8,999999,6,1
6,5,115483.10743107574,999999,5,3,1
1,4,115493.05353047118,999999,6,3,1
1,5,115493.0949853884,999999,8,2,1
6,5,115497.50526319901,999999,3,6,1
1,5,115509.0341373643,999999,0,8,1
5,8,115510.37492734783,5,999999,1,1
8,5,115511.90262621993,999999,6,6,1
4,8,115523.6977200109,999999,1,8,1
1,6,115528.32603485892,999999,6,8,1
4,5,115538.57558509789,999999,5,0,1
5,5,115555.9722555194,999999,0,6,1
5,4,115567.7278282285,8,0,999999,1
5,6,115570.69565032009,999999,1,5,1
5,8,115572.45601840201,999999,1,5,1
6,1,115581.29299898901,999999,5,4,1
5,4,115586.90470027635,999999,1,8,1
6,4,115601.58980193977,999999,5,8,1
6,1,115611.75484210395,999999,7,6,1
5,6,115612.86843111979,999999,6,4,1
5,5,115614.67280370629,999999,1,6,1
6,1,115616.7936655519,999999,5,6,1
4,5,115617.3592376096,2,2,3,1
1,6,115628.13027555434,999999,5,6,1
4,2,115635.33061597958,999999,3,5,1
5,2,115637.61948777523,999999,0,5,1
5,6,115638.03089061454,999999,4,6,1
4,1,115638.03533585383,999999,4,6,1
6,3,115642.38195038054,0,999999,6,1
6,5,115645.31306075501,999999,3,1,1
8,5,115645.39315594398,5,999999,0,1
8,8,115649.01609497196,999999,6,8,1
6,5,115653.26271623022,999999,5,7,1
1,4,115659.37833113027,999999,2,7,1
8,0,115668.12245860932,8,6,999999,1
6,1,115668.30563686907,999999,6,2,1
1,7,115670.95884380957,6,0,999999,1
6,2,115674.60330824011,999999,1,5,1
5,2,115677.54074857029,999999,4,5,1
8,8,115681.00472489602,999999,1,2,1
6,5,115685.11454865272,3,999999,1,1
6,6,115696.17100347069,999999,8,1,1
6,1,115713.77643880469,999999,0,2,1
6,3,115718.93345514807,5,999999,8,1
6,2,115719.47438115434,8,999999,5,1
6,2,115721.59759116381,999999,1,5,1
8,5,115730.91909986651,999999,6,8,1
8,1,115736.45328267195,999999,5,7,1
5,3,115741.00179299655,8,999999,6,1
5,3,115742.46570678157,8,999999,8,1
5,5,115744.20684983987,999999,0,8,1
5,2,115752.6072145837,6,999999,8,1
1,1,115756.56701137524,4,999999,6,1
6,6,115761.12629908141,6,999999,2,1
4,3,115782.0824380124,999999,1,6,1
2,3,115801.25818821123,999999,1,6,1
1,0,115803.74104060337,999999,1,6,1
5,3,115804.50051438752,999999,8,6,1
6,0,115810.39588695705,999999,6,6,1
1,1,115810.87438727275,999999,1,3,1
6,3,115814.37964644321,999999,2,2,1
1,1,115814.96856433556,999999,6,6,1
5,5,115815.14702207409,8,999999,1,1
8,1,115820.39490340749,999999,2,6,1
5,7,115820.39934618956,999999,5,3,1
1,2,115820.64142435881,999999,6,8,1
1,2,115824.18505293646,999999,6,6,1
5,6,115828.33613319094,999999,6,6,1
6,8,115838.96086199663,999999,5,4,1
6,6,115843.45165365365,999999,5,2,1
6,7,115843.98829605842,999999,5,3,1
5,6,115844.02439977981,999999,1,3,1
8,6,115844.95224549506,999999,0,1,1
5,5,115863.98281584977,999999,0,6,1
4,5,115867.27391256813,999999,6,7,1
6,5,115882.28200607799,4,999999,1,1
5,6,115890.53711509675,999999,1,6,1
6,1,115898.79714002766,999999,8,6,1
1,5,115913.56023384955,5,6,999999,1
5,4,115914.20262747441,999999,1,5,1
1,6,115916.9196211314,999999,3,0,1
6,6,115918.83969992491,999999,5,7,1
5,1,115932.89963621541,999999,6,4,1
6,3,115932.95006787292,999999,2,4,1
1,2,115937.21324293202,999999,5,6,1
6,2,115948.47590965647,8,999999,5,1
2,6,115963.9398380022,999999,6,6,1
5,2,115968.71372162199,999999,2,5,1
8,3,115971.54606559638,999999,2,6,1
1,5,115974.93161131979,999999,8,7,1
5,5,115975.11462511554,999999,2,6,1
5,0,115978.07776051688,0,999999,3,1
5,1,115984.684479586,999999,6,6,1
5,5,115990.58269836243,999999,3,5,1
8,2,115991.81480933976,999999,1,8,1
5,2,115994.59411631558,6,999999,8,1
4,5,115996.73436507309,999999,4,1,1
6,2,116001.92656252033,999999,4,8,1
1,3,116003.66039335648,5,8,999999,1
5,5,116004.45602344564,999999,5,5,1
6,5,116010.4619451729,999999,1,2,1
6,6,116012.2362298748,999999,6,6,1
5,0,116027.61714119601,999999,6,1,1
4,5,116028.71238749642,999999,8,1,1
4,6,116038.54733564184,999999,8,5,1
5,6,116040.32801748825,999999,6,2,1
8,5,116059.56078994018,999999,8,2,1
5,5,116073.05368487157,999999,5,5,1
6,3,116073.94261788526,999999,1,0,1
1,2,116079.06921726622,8,999999,6,1
1,6,116085.1444821522,999999,4,4,1
6,1,116102.67201291809,999999,6,8,1
5,1,116107.64245250123,999999,2,4,1
1,5,116110.08159359945,999999,999999,1,1
5,5,116110.61243263977,999999,1,8,1
8,5,116112.8212192232,4,999999,3,1
1,6,116116.10984658291,999999,2,1,1
1,8,116123.89917952273,999999,1,5,1
8,0,116125.98516875334,999999,6,0,1
5,2,116127.43356729309,999999,1,6,1
5,5,116133.66666849267,999999,5,8,1
6,0,116135.31400256483,999999,6,5,1
4,1,116139.46088139656,6,999999,5,1
8,5,116150.5770316653,999999,6,0,1
5,6,116158.42681620935,1,999999,5,1
5,1,116159.14640460818,0,999999,8,1
5,5,116161.37495844248,999999,6,8,1
4,2,116168.46360783093,999999,5,6,1
5,2,116170.86448282107,999999,2,8,1
4,6,116176.50358382534,999999,5,5,1
5,3,116180.22402203656,999999,5,6,1
4,1,116184.65910416274,999999,0,6,1
6,6,116184.9860593366,999999,5,8,1
4,5,116186.96952076521,999999,1,6,1
6,7,116195.332516599,999999,6,8,1
1,2,116205.87054404164,999999,6,6,1
6,8,116214.89358078489,999999,2,1,1
6,8,116222.13597190345,5,999999,6,1
5,2,116222.34046708193,999999,6,5,1
5,6,116224.48713048341,999999,5,4,1
5,6,116227.32311598117,999999,1,5,1
6,1,116234.28104325646,999999,6,0,1
6,5,116241.72698438054,999999,4,5,1
4,5,116241.93929498765,5,999999,1,1
8,2,116245.87626300546,999999,5,3,1
6,1,116246.57741484632,999999,6,2,1
8,0,116246.87660272325,999999,4,2,1
5,5,116252.33260231974,999999,2,1,1
5,8,116258.24634183713,999999,0,1,1
6,3,116262.58663213489,999999,5,5,1
6,3,116265.93124319369,999999,6,2,1
1,8,116268.87015341735,999999,1,5,1
5,4,116270.37405571816,2,999999,0,1
5,3,116277.43888969568,999999,6,1,1
1,5,116277.6372712832,999999,5,1,1
6,2,116283.32429319932,6,999999,8,1
6,6,116286.27551597459,999999,5,1,1
6,2,116290.07576913777,999999,5,999999,1
1,5,116294.16664676182,8,6,999999,1
2,6,116300.0080096812,999999,3,4,1
6,5,116300.88501403514,999999,4,6,1
6,1,116301.57163690693,999999,6,4,1
5,2,116316.39302705972,6,5,0,1
6,6,116317.82305401641,999999,6,5,1
5,6,116338.35473169395,999999,0,2,1
6,4,116338.82413792322,999999,5,8,1
5,5,116344.07673014728,999999,6,6,1
5,8,116345.69418263216,999999,5,5,1
5,4,116347.2614385072,1,999999,5,1
5,2,116351.74606637255,999999,1,5,1
5,4,116353.53606899001,999999,5,3,1
6,0,116357.1951664996,999999,8,4,1
6,1,116357.76990048008,5,3,999999,1
6,6,116363.36930069777,999999,4,3,1
1,2,116366.5350256689,999999,5,3,1
5,0,116370.61835578429,3,999999,5,1
8,2,116377.57722066493,6,999999,3,1
1,3,116378.80090036654,999999,6,5,1
6,5,116381.36788282204,999999,6,6,1
1,1,116383.13795320813,999999,1,6,1
6,5,116385.12440516688,999999,4,3,1
6,5,116386.32795294498,999999,0,6,1
2,3,116386.46965739009,999999,4,8,1
1,8,116386.63766978687,6,1,999999,1
1,6,116390.57412379798,999999,5,2,1
5,6,116404.13746537747,999999,6,2,1
5,8,116412.91120139569,2,999999,1,1
5,1,116418.83774338278,999999,1,8,1
8,4,116419.01377897162,999999,2,1,1
1,2,116424.63040914293,8,999999,1,1
5,3,116428.34151011535,999999,1,0,1
5,5,116431.93453954677,999999,1,8,1
5,6,116432.5410581371,999999,6,8,1
5,4,116434.71822225286,999999,6,8,1
1,4,116436.0942354886,6,999999,6,1
6,6,116438.94080659896,999999,3,5,1
5,1,116439.6107222369,999999,6,6,1
5,3,116443.3623185761,999999,6,1,1
5,5,116444.21921187211,8,999999,2,1
5,3,116451.36774292882,999999,1,6,1
5,8,116452.66013452668,999999,1,4,1
4,6,116460.12139669181,999999,8,5,1
5,0,116462.17892377723,999999,3,8,1
5,0,116474.92670566106,999999,3,5,1
6,2,116475.69785967619,5,3,999999,1
5,2,116477.92131746927,999999,5,5,1
4,4,116483.99817210338,4,999999,3,1
5,3,116487.94410425019,999999,1,6,1
5,3,116491.67156829525,999999,6,6,1
6,4,116493.05953720116,999999,5,0,1
6,2,116502.41649989327,999999,6,5,1
5,6,116508.88914564914,999999,2,8,1
1,1,116519.45784037405,999999,8,1,1
5,5,116533.33396594782,999999,1,0,1
6,6,116540.9725402012,999999,5,1,1
1,6,116548.9113399993,999999,0,5,1
4,6,116549.94125735156,999999,1,5,1
8,5,116551.81206084437,999999,6,2,1
5,5,116562.01652824497,999999,0,6,1
4,7,116576.16508044493,999999,5,1,1
8,5,116577.75809438164,999999,8,1,1
5,6,116577.94590613825,8,999999,3,1
5,6,116585.08794418532,7,6,999999,1
1,6,116586.46077253978,999999,4,2,1
6,0,116604.91710640791,999999,2,8,1
1,6,116605.03616912832,999999,6,0,1
6,3,116611.63912538963,999999,1,0,1
4,6,116643.40333205154,999999,6,5,1
5,2,116646.51604921368,999999,1,5,1
5,6,116649.7754962378,999999,5,5,1
6,1,116651.95091774077,999999,6,6,1
1,5,116663.25208496877,999999,5,6,1
8,3,116663.92888676653,999999,4,7,1
1,1,116665.16547613894,999999,5,2,1
8,8,116672.90783053932,999999,1,0,1
5,6,116675.73485741798,999999,6,1,1
6,4,116676.35102495216,999999,5,1,1
1,2,116676.89075994278,999999,6,5,1
6,5,116678.73297300196,999999,6,1,1
5,5,116682.36651637175,999999,6,1,1
1,6,116685.04192580064,999999,6,1,1
8,1,116689.5737485367,999999,1,8,1
6,2,116699.94958511638,5,999999,8,1
8,6,116701.40619166216,999999,3,1,1
5,6,116704.90987841804,999999,1,1,1
6,4,116708.62953740965,999999,5,5,1
6,3,116711.77388561322,999999,0,6,1
5,6,116720.62708582428,999999,0,5,1
4,6,116723.86304207379,999999,6,5,1
6,5,116730.81629111701,999999,8,5,1
8,8,116736.83122592444,0,999999,3,1
1,2,116743.9111594057,999999,6,6,1
1,3,116746.71517156185,999999,6,6,1
5,8,116750.3603260949,999999,5,8,1
6,0,116751.4223591474,999999,5,6,1
6,6,116751.9744449659,999999,3,5,1
1,0,116765.67967294477,999999,6,3,1
1,6,116767.2430449713,6,999999,5,1
5,6,116770.03689586255,5,1,999999,1
4,6,116772.6067177721,6,999999,0,1
6,2,116786.41586499067,999999,4,0,1
1,6,116786.76856675324,6,999999,6,1
1,0,116793.33033886716,999999,3,5,1
5,4,116813.42958662426,999999,2,5,1
1,1,116813.43099092858,0,999999,2,1
1,3,116822.72232056863,999999,1,8,1
5,2,116832.04993540677,999999,3,1,1
5,2,116833.42993005183,999999,2,3,1
1,6,116837.6229693724,999999,6,3,1
1,5,116838.60430628854,999999,6,6,1
2,2,116839.9822425938,999999,8,6,1
5,6,116846.73112459117,999999,5,1,1
5,3,116852.52500451244,999999,8,2,1
8,6,116853.85291904652,999999,6,5,1
8,6,116874.90939505001,999999,6,4,1
5,8,116877.34314644689,5,999999,5,1
4,5,116878.73652608093,999999,5,5,1
4,5,116879.96703294928,999999,2,1,1
1,6,116887.19918358186,999999,1,4,1
6,5,116899.75844539072,6,2,2,1
5,6,116907.90264619843,0,1,999999,1
5,4,116915.91600616467,6,6,2,1
8,8,116916.07222586106,999999,6,6,1
5,4,116918.9556252672,999999,5,8,1
5,3,116923.28914765803,999999,2,6,1
2,2,116923.61796408016,999999,6,6,1
6,2,116923.90893019259,6,999999,5,1
5,2,116926.47880646876,999999,1,7,1
8,8,116930.8816449826,999999,0,2,1
4,1,116935.83027288801,5,5,999999,1
6,5,116937.62500157139,999999,2,6,1
6,5,116947.32660101735,999999,6,2,1
1,1,116949.2491786571,999999,6,2,1
5,8,116961.43519536703,999999,5,1,1
4,2,116967.47644938032,999999,2,0,1
5,2,116968.75366802068,999999,4,5,1
5,5,116970.47858564669,999999,6,1,1
6,8,116975.2514248946,999999,5,6,1
1,5,116978.39061638624,999999,1,6,1
2,2,116979.09821391742,999999,6,6,1
1,5,116984.30169865733,999999,1,5,1
4,6,116989.67772323266,999999,2,5,1
4,5,116990.18919878015,999999,2,1,1
6,2,116990.75823177588,999999,4,1,1
6,5,116991.0078060313,999999,2,0,1
6,0,116992.55639232637,999999,8,1,1
5,6,116996.42971761205,999999,1,6,1
6,6,116996.99134892372,999999,4,5,1
6,3,116999.66028786267,999999,6,2,1
4,4,117002.86968973115,999999,5,4,1
5,2,117004.96070040615,999999,6,4,1
6,5,117006.50098257199,999999,8,0,1
6,8,117010.24207472899,999999,2,5,1
5,6,117012.4146585721,3,0,999999,1
5,2,117014.19546199174,999999,3,5,1
4,8,117019.79537173636,8,999999,2,1
1,2,117020.73799421133,999999,3,5,1
6,2,117021.11237792032,999999,6,1,1
1,6,117022.49175208587,999999,6,3,1
5,7,117031.95054816484,999999,6,6,1
5,5,117034.81984270993,8,999999,1,1
5,1,117038.42853023624,999999,4,5,1
5,6,117038.83587048117,999999,1,8,1
5,6,117040.62293177788,999999,8,5,1
1,8,117041.50709541465,999999,1,6,1
2,6,117043.75692230214,999999,0,6,1
8,8,117045.49031999688,5,999999,0,1
5,6,117059.57873708553,999999,1,5,1
5,4,117061.70533452924,999999,6,5,1
6,1,117062.50082850987,999999,6,5,1
6,6,117065.577413356,999999,6,8,1
1,3,117066.4980399002,999999,4,6,1
4,0,117067.11760927521,999999,2,0,1
5,8,117073.2155827795,999999,5,6,1
1,3,117073.56199205779,5,1,999999,1
6,3,117073.69254705808,1,5,6,1
6,6,117074.8392878365,999999,6,3,1
6,7,117076.96439088554,999999,5,1,1
5,2,117078.27002645498,999999,1,0,1
5,5,117083.2545307559,999999,2,1,1
5,5,117085.61278650805,999999,6,4,1
5,7,117094.06262832755,999999,5,5,1
6,4,117104.02895535908,999999,4,5,1
5,3,117110.12574061638,999999,0,7,1
7,6,117112.74507098673,8,999999,4,1
5,5,117121.14797681278,2,999999,3,1
6,0,117122.50831695432,999999,6,6,1
6,5,117122.66761420864,999999,7,3,1
5,5,117127.01123986374,6,999999,0,1
6,1,117128.35643522663,999999,6,5,1
5,5,117135.63004883727,999999,6,2,1
6,4,117139.66730204028,999999,5,1,1
4,4,117140.32583821782,999999,1,5,1
6,6,117143.1336742303,999999,4,2,1
2,5,117150.01374681607,999999,8,5,1
1,8,117150.04659190458,999999,1,2,1
4,1,117152.00242923264,999999,6,4,1
1,3,117155.0757787324,6,999999,6,1
5,4,117160.1356870668,999999,2,5,1
6,8,117165.51822121433,999999,6,0,1
5,0,117167.9725845705,999999,6,8,1
5,5,117171.33815513237,999999,6,6,1
6,6,117171.52982123395,4,999999,2,1
5,2,117173.94013505173,999999,6,5,1
5,1,117180.86870074592,999999,2,6,1
1,5,117184.02255658757,2,999999,1,1
4,1,117184.61888797663,999999,6,5,1
5,1,117185.56054702474,999999,0,5,1
8,5,117189.73097829675,999999,6,5,1
4,8,117191.94403182597,999999,6,3,1
5,1,117200.92996626915,999999,2,2,1
5,2,117210.99432827164,999999,6,1,1
5,5,117214.49875394617,999999,7,5,1
4,5,117215.3143392531,3,999999,6,1
8,6,117216.03508411694,4,999999,8,1
6,6,117218.13105843023,999999,0,1,1
1,6,117221.32262590749,999999,3,5,1
2,6,117224.10337664203,999999,6,7,1
6,6,117226.76472801882,999999,1,8,1
5,5,117228.45079893013,999999,8,6,1
5,3,117229.9104093726,6,0,5,1
6,6,117233.55081019033,999999,1,6,1
1,6,117242.32848289644,999999,6,8,1
6,4,117242.49083482196,5,999999,2,1
5,5,117244.12337688167,999999,2,1,1
1,8,117245.54540364601,999999,5,1,1
6,6,117246.68901860794,4,999999,5,1
5,3,117247.07330216981,8,0,999999,1
5,1,117252.35621155529,999999,3,6,1
1,5,117253.46330903322,999999,2,3,1
4,4,117259.17241164876,999999,8,0,1
5,2,117260.2670601249,6,6,999999,1
1,2,117260.91751724154,999999,6,5,1
5,6,117261.13964486204,999999,3,2,1
5,6,117264.09587596719,999999,2,1,1
8,5,117266.0749712373,6,999999,4,1
6,2,117266.16383305276,6,999999,1,1
5,3,117269.33213468743,999999,1,2,1
1,2,117275.2476430053,999999,8,2,1
6,0,117277.36620886798,4,999999,5,1
5,8,117287.23833084744,999999,6,3,1
6,6,117290.4038486316,999999,6,5,1
6,2,117293.70663805486,999999,8,5,1
4,3,117294.2083960081,999999,6,8,1
5,5,117295.21702357792,999999,4,5,1
4,1,117296.33502985591,999999,1,4,1
4,5,117296.4220390764,999999,6,0,1
5,0,117301.75896914127,999999,8,5,1
6,6,117312.65891082418,999999,5,6,1
6,7,117312.93665802745,999999,5,6,1
5,1,117317.59798775366,6,6,999999,1
5,5,117319.22757426261,999999,6,2,1
5,2,117320.45632810786,999999,6,5,1
8,4,117322.97003675748,999999,8,2,1
1,6,117330.15442449652,999999,2,0,1
1,6,117338.16606424427,999999,3,5,1
5,1,117339.00063112882,6,999999,5,1
6,2,117342.29020080587,999999,5,5,1
6,5,117346.15145369644,999999,5,6,1
6,1,117354.74681236128,999999,5,1,1
6,4,117355.5636845329,999999,2,5,1
8,5,117365.89340001275,999999,6,0,1
6,4,117368.77902793442,999999,4,5,1
6,8,117371.8069293652,999999,2,4,1
4,5,117374.54187709399,999999,8,6,1
1,3,117375.84467528806,6,999999,6,1
5,5,117375.89299611158,999999,1,8,1
4,3,117386.46208965658,999999,4,6,1
4,5,117387.97144201543,999999,1,6,1
6,5,117388.15572630308,999999,4,6,1
1,1,117391.67130688552,999999,1,0,1
1,6,117395.8282915675,999999,3,5,1
5,6,117400.14534899869,999999,1,5,1
8,8,117401.65872347761,999999,1,8,1
1,4,117403.54847248537,999999,5,3,1
8,6,117408.23431812215,999999,8,5,1
6,1,117409.4805318618,999999,6,4,1
8,8,117409.58586083184,5,999999,0,1
8,0,117415.58163611186,1,999999,8,1
8,8,117416.98829160361,999999,2,6,1
5,1,117419.88875716325,999999,3,1,1
8,6,117424.32649313402,999999,4,7,1
6,3,117424.62807222568,6,1,999999,1
5,5,117425.75576408146,999999,4,2,1
5,4,117425.81474920042,999999,2,2,1
1,6,117427.1972571865,999999,5,2,1
6,3,117428.41359253123,999999,5,1,1
6,0,117429.9844182107,999999,2,5,1
2,7,117430.8626989287,999999,8,5,1
4,0,117431.3708132548,999999,8,3,1
8,3,117433.61782279059,999999,4,6,1
5,8,117434.62580455499,999999,4,8,1
1,5,117442.02027894351,999999,5,2,1
1,1,117442.35506675644,4,8,999999,1
5,3,117445.88326353532,1,2,4,1
1,6,117447.02718089371,2,4,999999,1
4,4,117447.11594247732,2,999999,5,1
4,2,117447.17541434236,5,999999,0,1
5,5,117447.76093977243,999999,5,5,1
6,6,117448.93117961673,999999,2,8,1
1,5,117456.91880734795,999999,1,5,1
5,6,117457.1564610841,999999,6,6,1
5,3,117457.71263182534,999999,6,5,1
6,8,117461.76733372202,999999,6,2,1
6,3,117466.22286398016,999999,1,6,1
1,5,117467.28185820462,999999,8,1,1
5,1,117468.53278910769,999999,0,5,1
8,4,117469.17335251615,999999,8,2,1
5,5,117469.42489806304,999999,5,4,1
5,6,117470.47273211672,999999,2,3,1
5,4,117471.12374742869,2,999999,6,1
5,2,117474.49043936704,999999,1,0,1
1,4,117476.21031609505,999999,3,8,1
5,6,117477.66434712567,999999,8,0,1
5,8,117481.5446175809,999999,1,5,1
5,7,117487.74742989716,999999,3,5,1
4,6,117487.99157333985,999999,5,5,1
8,2,117488.85572831074,999999,8,5,1
5,1,117490.4857972743,999999,2,2,1
6,2,117494.4827976175,999999,1,1,1
6,5,117504.08132355312,999999,2,6,1
6,5,117514.14612398797,999999,6,6,1
5,6,117514.26582226742,6,999999,1,1
6,2,117523.13872327996,999999,8,6,1
4,4,117523.80872773862,999999,8,0,1
6,6,117525.06921149734,999999,6,6,1
5,2,117530.02840351593,999999,6,3,1
6,4,117532.95523999672,999999,2,6,1
5,4,117534.60635216643,999999,6,6,1
8,6,117535.54631920373,999999,5,1,1
6,5,117543.84575997622,999999,5,1,1
6,4,117544.75142818417,999999,0,3,1
6,1,117545.94738370673,999999,6,3,1
1,1,117551.70950967184,999999,5,6,1
6,6,117552.97904403647,999999,3,5,1
6,8,117557.4109084115,999999,5,4,1
5,3,117562.19662741481,999999,2,6,1
5,2,117562.25871251106,999999,8,6,1
4,5,117566.98951366828,1,0,999999,1
1,5,117567.21755014843,999999,5,8,1
4,2,117574.81411941216,4,1,999999,1
8,2,117581.52755334716,999999,8,5,1
5,6,117584.6288702785,999999,4,1,1
8,2,117585.39375724464,6,6,6,1
8,5,117591.37014817505,999999,0,5,1
5,2,117594.47929606681,5,999999,8,1
6,2,117601.20863316463,6,999999,8,1
6,6,117606.57400788782,999999,5,3,1
4,2,117610.60753318423,999999,5,1,1
6,8,117611.85827616819,5,999999,0,1
5,6,117611.97651702982,999999,1,6,1
8,1,117612.70946487722,999999,4,5,1
1,6,117614.22641635145,999999,4,0,1
1,5,117619.72882992729,999999,0,6,1
6,6,117621.2160452172,999999,5,6,1
5,2,117630.10286649858,999999,5,8,1
8,1,117631.36587713925,5,999999,5,1
6,6,117633.78433318691,999999,8,6,1
6,1,117634.79882863282,999999,5,6,1
4,6,117647.58489621751,999999,8,0,1
6,0,117648.13620796263,999999,5,8,1
4,2,117650.71299545249,999999,7,5,1
6,6,117651.67805453349,3,999999,0,1
5,7,117652.75220275749,999999,8,6,1
8,5,117653.37178484404,999999,2,8,1
5,8,117655.41623164626,6,999999,2,1
6,1,117669.85909433292,999999,3,6,1
4,1,117679.19921711102,8,999999,5,1
6,1,117682.67820394239,999999,5,8,1
1,6,117685.31655114029,6,999999,4,1
5,4,117687.75175163073,0,6,999999,1
4,6,117687.91949101891,999999,3,5,1
1,6,117688.46511121736,5,999999,3,1
5,6,117690.84947653422,999999,6,4,1
6,6,117695.3610602487,999999,5,4,1
5,1,117695.83325210336,999999,5,6,1
2,4,117701.07414682847,999999,6,3,1
5,5,117703.28174362303,999999,5,0,1
6,6,117706.73661313692,1,999999,2,1
6,0,117707.94851152918,999999,6,1,1
5,5,117709.13394316279,999999,0,6,1
5,5,117714.86864725477,1,999999,0,1
1,6,117718.2744887628,6,8,999999,1
1,6,117723.34762214549,999999,5,5,1
5,1,117726.22587653008,999999,3,0,1
5,2,117737.06857460756,999999,6,1,1
5,1,117738.20330420307,999999,5,6,1
8,0,117740.2881451144,999999,6,5,1
4,6,117753.8563151377,999999,1,2,1
1,5,117754.72314415885,999999,6,6,1
5,3,117755.13576652492,999999,5,0,1
1,6,117756.64283932166,999999,6,8,1
1,5,117758.52470772367,2,6,999999,1
4,8,117759.73886964016,999999,1,5,1
6,5,117761.22234715885,999999,4,3,1
4,5,117766.93753205868,999999,5,5,1
6,5,117772.18502008394,999999,5,6,1
6,5,117772.40531115694,999999,5,1,1
5,0,117775.67980929314,999999,5,3,1
6,4,117776.28110276067,999999,8,5,1
1,2,117776.5756951195,999999,6,8,1
5,5,117776.80910762731,999999,2,8,1
5,2,117792.13894599795,6,999999,3,1
6,6,117795.61961549486,1,999999,5,1
8,5,117797.4526043729,6,6,3,1
5,1,117799.0520428746,999999,6,6,1
4,6,117803.15438505988,999999,5,8,1
1,8,117814.38877888863,1,999999,2,1
6,1,117814.59452344167,999999,6,8,1
8,5,117819.24792280383,999999,6,0,1
4,3,117819.60151370041,6,999999,5,1
5,5,117823.54832079515,1,6,999999,1
5,0,117824.38500283087,999999,2,1,1
4,0,117844.66137310752,999999,6,5,1
6,1,117847.024545532,2,999999,6,1
5,5,117848.21485693821,999999,8,3,1
6,2,117849.7786234833,1,999999,6,1
5,6,117855.36706040597,2,999999,1,1
4,1,117869.26724234544,999999,6,1,1
5,5,117871.60325005642,999999,3,2,1
5,3,117886.53752398332,6,999999,2,1
5,1,117886.54434424784,999999,6,2,1
4,4,117890.59078855491,999999,6,1,1
6,6,117893.82893650886,999999,8,3,1
5,0,117894.96522273851,999999,1,8,1
5,5,117895.45335390711,999999,3,6,1
4,2,117897.64417345032,999999,3,5,1
6,3,117898.8850652961,999999,0,5,1
5,0,117899.41133309608,999999,5,8,1
6,8,117903.697531656,999999,1,6,1
5,1,117910.34971089667,999999,6,4,1
8,3,117910.81920420112,999999,4,7,1
1,3,117911.97430245018,999999,5,0,1
5,3,117912.10795116248,999999,5,6,1
5,4,117917.33542660273,999999,6,6,1
5,6,117920.97935112829,999999,5,6,1
5,5,117923.82806535487,999999,3,2,1
5,8,117924.35713228292,5,3,999999,1
6,6,117926.34334219198,4,999999,2,1
6,6,117934.32787320651,999999,5,1,1
6,4,117937.03183751875,999999,0,3,1
6,7,117940.99133268856,999999,4,8,1
6,1,117950.20079732142,999999,5,4,1
5,8,117952.26831374718,999999,6,4,1
1,5,117954.4517123425,999999,6,8,1
6,5,117956.32167983128,2,999999,8,1
6,5,117957.00815083993,5,4,999999,1
6,4,117961.69681916315,1,6,999999,1
6,4,117964.68045940313,999999,1,5,1
6,2,117967.97196030886,999999,0,4,1
5,5,117969.02368940214,999999,3,5,1
6,3,117977.59144589657,999999,1,8,1
2,3,117983.92411810909,999999,2,6,1
6,6,117993.37178578864,999999,5,6,1
6,5,117993.87388552763,999999,5,1,1
5,5,117994.65892452629,999999,6,6,1
6,6,118001.90378154234,999999,2,2,1
5,5,118008.88031537601,999999,1,8,1
6,4,118009.23897945852,999999,6,5,1
1,5,118009.68181424614,0,999999,0,1
8,2,118011.31366037286,999999,6,6,1
2,1,118014.04302099686,999999,8,6,1
5,6,118015.61774501881,999999,0,1,1
8,5,118016.35439335558,999999,5,0,1
5,0,118020.22528087297,999999,5,2,1
5,6,118021.17371792543,999999,6,5,1
8,4,118022.44969707858,999999,1,5,1
7,3,118023.37070105447,999999,0,5,1
4,5,118025.64541698513,999999,5,0,1
2,8,118026.12539273573,0,999999,2,1
4,6,118027.64617274598,999999,6,5,1
5,4,118028.11059388514,999999,5,1,1
5,6,118036.03556365764,999999,4,6,1
6,5,118036.39250197397,999999,6,5,1
6,3,118040.66587329467,999999,5,0,1
5,0,118046.63931637553,999999,5,0,1
6,6,118048.02821131836,999999,1,6,1
6,5,118049.6311682713,999999,2,4,1
5,2,118054.47486626444,7,999999,6,1
1,2,118057.57045215124,999999,5,0,1
5,4,118062.35242443273,999999,6,5,1
5,5,118072.79411985503,999999,1,5,1
4,8,118073.66289915673,999999,6,6,1
2,1,118074.33558931282,999999,8,2,1
5,5,118076.39336510876,999999,5,5,1
6,5,118083.05609958422,4,999999,5,1
6,6,118086.1111199937,999999,3,7,1
8,3,118090.90775178351,999999,2,5,1
8,6,118093.44344032745,999999,1,8,1
5,7,118096.47636977654,999999,1,6,1
6,8,118103.69577715367,999999,5,6,1
5,6,118104.26084015178,999999,1,2,1
6,4,118105.30969276353,999999,0,3,1
5,6,118111.67316758657,6,2,999999,1
6,2,118112.83187606881,999999,5,8,1
6,3,118112.87144467438,999999,0,6,1
6,6,118119.57680068092,999999,5,2,1
1,7,118123.19553249511,1,1,999999,1
5,2,118126.01714530507,999999,3,0,1
6,5,118126.69510419697,999999,2,0,1
2,1,118128.887205899,999999,7,4,1
5,1,118130.19806380352,999999,6,0,1
6,3,118130.53728042384,999999,5,6,1
1,5,118133.5738247918,999999,6,8,1
5,5,118136.42803813366,999999,0,6,1
5,7,118138.03923890188,8,999999,4,1
6,6,118138.33993149815,8,999999,6,1
1,8,118138.44162504713,999999,0,6,1
6,0,118152.89231855793,5,999999,4,1
4,2,118171.01823702436,999999,3,5,1
6,5,118174.56367372,999999,1,6,1
8,2,118176.27149087694,999999,0,5,1
6,7,118185.01601756037,999999,8,1,1
5,7,118188.40469159854,999999,1,0,1
8,3,118190.96227825242,999999,6,6,1
5,5,118192.34274711725,999999,2,0,1
6,2,118195.57362010902,999999,0,4,1
8,1,118197.70510731793,5,0,6,1
4,8,118199.30352048391,999999,2,5,1
1,2,118199.6626689278,999999,3,1,1
8,4,118204.16517539592,999999,8,2,1
1,6,118204.17437953157,999999,4,5,1
1,1,118206.17659492882,999999,5,3,1
1,6,118206.33607096311,999999,1,5,1
6,5,118207.66200029157,999999,5,6,1
1,6,118207.7914227209,2,999999,6,1
5,6,118209.52989083286,999999,5,6,1
6,3,118211.81677712228,999999,1,2,1
6,5,118214.67337863633,999999,4,6,1
5,2,118218.97814879453,999999,5,4,1
6,6,118223.60735882587,999999,4,5,1
5,2,118224.42501203905,999999,5,2,1
5,2,118230.68847003642,999999,6,5,1
4,3,118231.9906243049,999999,8,1,1
5,8,118232.77579528527,999999,0,1,1
5,5,118240.53852652317,999999,7,5,1
5,3,118245.19115234308,999999,6,5,1
5,2,118245.3562267017,999999,6,4,1
6,0,118247.30113558721,999999,6,8,1
8,0,118248.10930509969,999999,8,6,1
5,3,118249.21254303833,999999,8,0,1
6,1,118256.91506179885,999999,0,8,1
1,8,118257.41154615239,999999,0,6,1
1,8,118261.00362257771,999999,8,5,1
6,3,118266.85747095151,999999,8,6,1
8,2,118267.75181556819,999999,1,3,1
1,0,118267.86103524687,5,999999,4,1
6,5,118269.98371350473,8,999999,0,1
5,3,118270.90797289013,999999,2,6,1
1,6,118284.59189439197,999999,5,0,1
5,6,118287.0111780461,999999,4,2,1
5,5,118301.97040412934,999999,1,2,1
6,5,118307.97294667615,999999,5,2,1
8,5,118309.81259269358,999999,6,8,1
8,5,118310.14403765085,999999,3,6,1
1,6,118313.78966859981,1,999999,5,1
4,2,118316.00143377973,999999,5,7,1
4,6,118320.36332794685,999999,1,4,1
1,5,118320.496301404,999999,3,1,1
6,4,118327.6118968643,999999,8,5,1
6,2,118329.4126580344,999999,3,4,1
5,1,118330.21229447098,999999,1,8,1
6,5,118331.9987454165,999999,6,6,1
1,5,118334.56987154826,2,999999,5,1
1,8,118338.10603108477,8,999999,4,1
1,2,118350.49994742827,999999,5,0,1
5,6,118361.71326398908,999999,1,2,1
5,5,118362.35360209967,999999,0,2,1
6,5,118363.61954043264,999999,1,5,1
6,1,118363.88871205978,999999,6,0,1
1,6,118365.79104961778,1,999999,6,1
5,2,118374.39882631766,999999,4,5,1
6,4,118378.39125974447,999999,0,5,1
5,3,118380.11119411119,1,999999,5,1
1,1,118383.24006785022,999999,8,5,1
8,5,118389.10601371246,999999,7,5,1
5,5,118393.98921370658,999999,5,3,1
6,2,118398.9912340633,2,999999,8,1
1,3,118399.89440613723,999999,6,5,1
5,6,118403.87965678838,999999,6,2,1
6,4,118410.7473716012,999999,5,6,1
1,6,118411.60536962702,999999,6,6,1
4,4,118412.460790302,999999,8,3,1
5,5,118413.86399024016,999999,0,6,1
5,6,118418.11558774648,999999,3,5,1
6,5,118418.52654909239,999999,0,4,1
5,4,118419.10865680246,999999,2,0,1
6,2,118420.90056023523,999999,4,6,1
5,2,118422.39669260762,999999,3,4,1
4,0,118425.21095712652,6,5,999999,1
5,6,118425.666436695,999999,4,6,1
5,6,118427.97866238648,999999,8,2,1
8,8,118428.93462316279,999999,6,2,1
5,0,118436.44853321918,999999,5,6,1
4,5,118437.03784928763,999999,5,5,1
7,6,118446.55401166868,999999,1,6,1
5,2,118446.77673673154,999999,4,4,1
6,6,118447.38845867362,999999,6,8,1
1,8,118448.49795184315,999999,8,4,1
5,6,118456.10268398667,999999,5,2,1
8,0,118464.74408670107,999999,2,5,1
6,5,118466.26911455659,999999,6,0,1
6,5,118475.95588466254,999999,4,4,1
6,1,118478.20860838154,5,999999,0,1
4,6,118478.31008042961,1,999999,6,1
6,8,118480.75198466306,999999,8,6,1
6,2,118483.17935751974,999999,3,1,1
5,4,118485.79667793542,999999,5,8,1
6,1,118488.24815693071,999999,4,2,1
5,5,118493.15219286019,999999,8,5,1
5,6,118496.10992113674,999999,4,1,1
2,1,118499.79711626147,8,999999,6,1
6,6,118501.24442047921,999999,2,2,1
6,6,118501.61051081125,999999,6,0,1
4,5,118503.8030458876,2,2,3,1
5,8,118504.39607795936,999999,5,5,1
6,2,118504.86627086035,999999,1,6,1
6,7,118507.588064426,999999,5,8,1
6,2,118512.35878393182,999999,1,2,1
5,2,118522.74111830068,3,999999,1,1
4,4,118522.95408885585,8,999999,2,1
6,2,118529.6350494507,0,999999,6,1
5,2,118530.46172838501,999999,6,1,1
1,5,118537.73817724973,999999,3,8,1
8,0,118540.87332863886,999999,1,6,1
1,2,118541.13445034882,999999,5,8,1
5,6,118541.81383977205,999999,3,5,1
1,0,118546.08748206761,999999,6,8,1
6,1,118551.87097743257,999999,6,2,1
5,5,118557.10032432181,999999,8,6,1
1,2,118562.53039935297,999999,8,3,1
4,3,118567.15924045474,999999,8,6,1
4,5,118567.62609167809,999999,6,5,1
6,5,118567.81447665651,999999,6,5,1
6,6,118569.38520167788,999999,2,4,1
8,8,118570.84726308986,999999,0,6,1
1,5,118579.12416298396,999999,8,6,1
8,2,118583.11150480206,999999,0,5,1
5,8,118583.33114642334,6,999999,6,1
6,6,118583.63322793272,999999,5,6,1
4,2,118585.8860503656,999999,0,5,1
8,1,118591.79866087233,999999,5,2,1
5,1,118593.04126606374,4,999999,4,1
1,5,118595.50834034469,999999,8,6,1
2,1,118597.95038323943,999999,5,6,1
5,8,118598.06269829383,999999,4,8,1
6,6,118605.07127639659,3,999999,8,1
1,3,118608.76197654477,999999,6,6,1
6,1,118614.7004632311,999999,7,5,1
2,2,118616.59876990606,5,999999,1,1
1,1,118619.07297341414,999999,8,1,1
4,0,118624.96100765101,8,999999,7,1
4,6,118626.73266829064,999999,5,2,1
6,5,118628.68506449573,999999,3,6,1
5,2,118629.42453647325,8,999999,1,1
6,4,118638.9077354081,999999,6,5,1
5,6,118653.13315576377,999999,5,0,1
5,6,118655.23766270293,999999,3,6,1
2,1,118656.6985500948,999999,5,6,1
5,5,118657.79560190822,999999,6,1,1
1,6,118658.85657320073,999999,5,6,1
6,1,118659.85113506776,999999,8,2,1
4,6,118661.84246470942,999999,5,0,1
6,7,118687.06455115518,999999,5,6,1
1,6,118689.34354484633,999999,0,5,1
5,5,118693.09657023859,6,999999,8,1
5,5,118697.74435576497,999999,5,5,1
6,0,118698.54448258562,6,999999,6,1
6,0,118701.48608877666,999999,5,6,1
5,7,118703.7717491923,999999,8,1,1
8,1,118704.27550005149,5,999999,5,1
6,5,118705.32255239873,8,999999,6,1
8,2,118706.02242412244,999999,4,6,1
1,5,118717.6606941437,999999,2,3,1
5,4,118717.89772388393,999999,5,7,1
2,7,118719.92709911977,999999,0,1,1
4,1,118722.74865220327,999999,0,6,1
6,6,118723.06739332585,999999,1,5,1
6,1,118736.01182384968,2,3,999999,1
6,6,118742.10755969309,999999,3,0,1
5,5,118742.19393108379,4,999999,6,1
1,5,118749.58363262814,999999,5,0,1
5,5,118754.0555316637,999999,5,4,1
1,4,118755.17168360167,999999,6,3,1
6,6,118758.0276397843,2,999999,3,1
5,4,118758.74200569931,999999,0,5,1
6,6,118769.94239419447,999999,6,8,1
5,1,118770.38035628897,999999,5,6,1
8,4,118772.514472829,999999,1,6,1
1,5,118772.76509330553,3,999999,2,1
6,5,118774.23749402113,999999,6,3,1
6,1,118775.73533287298,5,999999,6,1
5,5,118783.98820227514,4,5,999999,1
5,3,118785.3976445657,999999,2,5,1
5,6,118786.40901195965,999999,8,6,1
5,0,118788.16005216535,999999,2,4,1
5,1,118789.62476942662,999999,0,6,1
5,2,118792.09576756299,999999,6,5,1
5,1,118793.97718215093,999999,5,5,1
6,2,118798.26619225652,999999,0,1,1
1,3,118803.69778106538,999999,5,1,1
5,6,118806.66539783849,999999,6,6,1
6,2,118806.76138507955,999999,0,4,1
6,6,118806.81472898477,999999,3,6,1
5,5,118810.48778843827,999999,1,2,1
6,8,118815.45802555219,3,999999,5,1
6,2,118821.50664618734,999999,0,5,1
5,5,118825.55339136813,999999,8,5,1
5,4,118833.99922161376,999999,6,4,1
5,1,118835.75872656789,999999,8,5,1
6,2,118837.82396608942,999999,3,8,1
1,0,118839.60394909453,999999,6,8,1
1,8,118841.16973565928,999999,1,5,1
5,6,118846.71410864464,999999,8,5,1
6,8,118849.28521916865,999999,6,2,1
2,1,118852.811807444,999999,5,0,1
8,8,118853.62572686859,999999,5,6,1
1,6,118855.28755159682,8,999999,2,1
6,1,118857.14423907411,999999,3,5,1
5,1,118858.10616092844,999999,3,1,1
5,8,118862.66578967996,999999,6,1,1
6,2,118867.88873811782,999999,4,8,1
8,5,118873.39824484586,999999,1,8,1
6,0,118873.44789303064,999999,2,3,1
4,6,118877.49558476983,999999,3,5,1
4,1,118877.8862358441,4,5,999999,1
1,6,118879.66188672444,999999,5,2,1
1,3,118883.44360764016,999999,8,6,1
1,5,118885.67669916966,999999,1,6,1
6,4,118886.11049036951,999999,6,6,1
1,6,118892.96600604999,999999,5,4,1
5,4,118894.1726565532,999999,1,1,1
5,1,118901.46337032308,999999,2,0,1
6,3,118902.24745219522,999999,4,5,1
5,2,118927.35560747009,999999,2,8,1
5,8,118928.79457057582,999999,1,1,1
6,5,118931.06017841713,999999,8,2,1
4,3,118932.13893947529,999999,5,6,1
6,1,118936.78366928501,999999,1,6,1
2,5,118937.25541161501,999999,1,4,1
8,4,118940.10003991252,999999,5,1,1
6,3,118942.95351796939,999999,2,5,1
4,6,118944.92505019592,999999,8,2,1
8,5,118951.38060802623,999999,8,0,1
4,6,118955.54459661261,0,999999,1,1
4,7,118955.88301150105,999999,3,2,1
4,8,118961.11303797332,6,999999,2,1
6,1,118963.04223412281,3,999999,6,1
6,6,118970.91111358497,999999,5,5,1
5,1,118983.29112975505,999999,6,4,1
6,6,118985.67680066929,999999,3,8,1
6,8,118989.47499618217,999999,0,5,1
1,8,118995.0807295088,999999,0,999999,1
5,4,118995.70086688384,0,5,999999,1
5,6,118996.87578686743,999999,8,5,1
8,3,118999.41195340335,999999,6,5,1
4,3,119001.57760456015,999999,2,5,1
5,6,119002.3676910137,999999,1,3,1
6,6,119003.15127635875,999999,8,4,1
6,1,119006.45235761607,999999,3,0,1
1,6,119007.55231849183,5,999999,3,1
5,4,119007.7684078291,6,2,999999,1
1,1,119010.79425434592,6,999999,3,1
5,4,119011.08790758112,999999,5,1,1
4,2,119014.09786816797,999999,5,3,1
6,3,119014.63801429274,999999,0,5,1
5,2,119017.4817882096,6,999999,4,1
6,5,119019.01627149619,999999,6,3,1
5,3,119019.97956895623,999999,8,1,1
5,1,119022.48630130349,999999,8,5,1
4,8,119026.44254560214,999999,6,3,1
5,6,119036.79391178493,999999,5,6,1
6,2,119038.43312617834,999999,3,5,1
5,2,119044.86456308233,999999,1,5,1
6,4,119045.90607618191,999999,8,6,1
1,6,119048.02283825814,999999,2,3,1
1,1,119048.68287889214,999999,6,1,1
8,6,119049.52458321892,999999,5,5,1
1,1,119049.61561873354,7,999999,4,1
5,4,119050.70010849416,999999,6,5,1
4,2,119053.50449402862,999999,3,6,1
5,5,119055.69385514861,999999,3,3,1
4,3,119057.46065247718,6,999999,1,1
8,5,119061.84015897398,999999,5,6,1
1,3,119071.09846955947,5,999999,6,1
6,5,119072.43464661042,999999,1,6,1
4,2,119072.46734010316,999999,5,1,1
6,5,119073.10146778704,999999,2,6,1
8,0,119073.48581599133,999999,6,6,1
8,8,119074.22054677893,999999,5,0,1
4,0,119076.15077351948,999999,6,5,1
5,6,119076.28906860722,999999,6,6,1
8,8,119077.72935639748,999999,5,0,1
1,6,119079.78256601332,999999,1,2,1
6,3,119080.48319955313,999999,1,4,1
4,0,119082.76026116758,999999,5,6,1
6,1,119085.80898070273,5,1,999999,1
6,3,119090.6947459978,999999,2,0,1
6,5,119091.67708962406,999999,3,7,1
8,5,119094.45439924182,6,999999,5,1
5,5,119095.3710070373,2,999999,5,1
5,5,119097.13060145879,2,999999,2,1
4,2,119107.25577888776,999999,6,5,1
1,4,119111.60198650805,1,999999,6,1
4,0,119111.91808495946,6,999999,6,1
6,6,119112.30589969906,999999,3,2,1
5,6,119113.28439881273,1,999999,6,1
4,6,119116.13024953479,999999,6,1,1
1,2,119121.0296378867,999999,3,5,1
5,4,119124.09130675784,999999,1,2,1
5,8,119124.36158086806,999999,4,5,1
6,2,119126.3901159983,0,999999,5,1
1,3,119127.80119840635,5,999999,6,1
5,2,119128.16965113973,999999,5,4,1
5,6,119132.75753758838,999999,0,6,1
5,8,119133.27361401025,999999,1,5,1
6,1,119134.700153696,999999,8,6,1
8,4,119134.92132765117,999999,3,5,1
6,8,119137.87146417888,999999,5,5,1
5,2,119138.89105952531,999999,6,1,1
6,5,119139.75731019609,999999,1,6,1
5,1,119142.08776840997,999999,8,6,1
5,5,119142.70479332174,999999,2,6,1
1,2,119144.72941186847,999999,3,8,1
5,2,119145.52961817308,999999,8,5,1
6,8,119148.56776213816,999999,3,6,1
1,5,119148.83511199198,7,999999,2,1
5,2,119153.24998537093,999999,3,5,1
5,1,119161.88581166949,999999,6,6,1
1,3,119163.42746206031,999999,2,2,1
8,8,119163.84580822579,999999,6,2,1
5,1,119164.8140286124,999999,6,5,1
5,0,119172.01966044975,5,999999,8,1
5,0,119172.03605522534,999999,5,5,1
6,8,119172.62792402481,999999,5,4,1
5,1,119173.2743038339,6,999999,5,1
5,6,119174.62726470889,999999,6,5,1
5,5,119182.54103685045,999999,6,4,1
6,6,119182.93474755294,3,999999,2,1
1,6,119188.7390912717,999999,4,4,1
6,3,119192.60098134133,999999,4,6,1
4,1,119198.63440168303,999999,8,4,1
1,0,119200.80641282933,999999,1,6,1
6,6,119203.50647913953,999999,5,1,1
6,3,119203.53569632125,999999,6,6,1
6,1,119206.2732279987,999999,5,8,1
1,6,119212.81116195254,1,999999,5,1
2,0,119213.3385112777,5,999999,3,1
6,2,119216.62473305753,999999,6,3,1
1,3,119217.81576124454,999999,5,5,1
6,0,119218.08510750603,8,999999,5,1
6,2,119218.45046250951,999999,6,5,1
6,1,119219.76012079295,999999,0,8,1
5,6,119220.63492095735,999999,8,1,1
1,1,119226.2346909687,999999,5,3,1
8,5,119226.38757447196,999999,0,1,1
5,6,119231.96376950074,3,999999,4,1
6,0,119237.36661180068,5,1,999999,1
6,6,119237.37993912946,999999,5,3,1
8,2,119249.1767070832,6,999999,6,1
2,4,119254.31702225652,999999,5,4,1
6,6,119256.48008765819,999999,3,6,1
5,2,119262.12298177856,999999,5,5,1
6,3,119262.23130308712,4,999999,8,1
6,4,119264.84699963205,999999,8,5,1
6,6,119266.55069656207,999999,6,2,1
6,0,119267.86987527438,999999,6,5,1
6,5,119275.57236909316,999999,6,6,1
4,5,119276.67913527411,999999,6,5,1
1,6,119277.4691873294,999999,4,4,1
8,0,119277.98250399437,6,999999,3,1
6,6,119279.55869076584,999999,4,5,1
6,0,119281.30314375277,999999,8,6,1
1,7,119287.37491626402,999999,3,1,1
4,1,119289.1109230975,999999,5,4,1
5,8,119291.14928410463,999999,6,4,1
5,2,119291.56883715095,999999,6,6,1
6,2,119300.64164551295,999999,6,5,1
1,5,119306.63444023015,999999,8,6,1
5,8,119307.12956719511,999999,6,1,1
6,0,119307.29069174884,999999,6,2,1
1,1,119308.5410115164,7,999999,4,1
6,6,119312.99903219193,5,999999,5,1
6,4,119315.23885581328,0,999999,3,1
5,1,119334.46801692699,999999,2,6,1
6,6,119343.66756615425,999999,5,1,1
6,5,119344.07010216918,8,999999,2,1
5,2,119344.42299441503,999999,8,5,1
6,5,119344.53143231476,999999,8,5,1
5,5,119352.37882075399,999999,5,0,1
6,5,119353.03396329802,999999,6,0,1
6,0,119355.7002352248,999999,1,6,1
5,5,119357.8975191811,999999,2,1,1
4,1,119359.07443591126,999999,6,4,1
8,6,119364.30079907915,999999,4,8,1
4,2,119364.81385535312,999999,6,3,1
8,5,119368.48092378947,999999,6,2,1
5,5,119369.5979846839,999999,0,6,1
6,5,119370.51426741495,0,999999,2,1
1,6,119381.11056099628,999999,4,4,1
6,5,119383.1243863781,999999,1,5,1
6,1,119386.7966130311,999999,5,1,1
4,0,119390.2821591261,999999,6,5,1
6,6,119390.32342180924,999999,1,5,1
5,0,119391.14225158819,999999,7,1,1
8,8,119398.83097874316,999999,5,8,1
5,2,119399.04401446946,999999,1,6,1
6,5,119400.72826472459,6,999999,0,1
6,0,119402.32155901351,999999,1,6,1
6,5,119406.79918248061,999999,6,6,1
6,1,119410.6992092112,999999,0,6,1
5,3,119416.52864353778,999999,1,4,1
5,3,119417.85965052962,5,999999,1,1
6,0,119421.79421971295,999999,8,4,1
5,3,119428.84031041207,999999,8,1,1
5,2,119436.42649211355,6,999999,5,1
1,2,119437.64723666596,8,999999,6,1
4,5,119438.04361933991,5,999999,1,1
5,6,119444.41591261547,999999,1,6,1
8,1,119445.07983548492,999999,6,3,1
5,1,119446.37786263214,999999,5,0,1
1,4,119446.4259517008,5,999999,6,1
5,2,119452.3100785075,3,999999,1,1
5,5,119452.54803548865,999999,1,3,1
5,3,119454.96498192566,999999,6,2,1
5,5,119456.24888933044,999999,8,2,1
1,7,119457.48579064372,999999,5,0,1
6,1,119457.76867180273,5,4,999999,1
5,5,119464.66153018449,999999,4,3,1
4,3,119466.30872549032,6,999999,1,1
5,8,119466.3447534693,6,6,999999,1
4,3,119467.99345114957,999999,5,0,1
6,5,119468.65617379812,999999,4,1,1
5,4,119475.16468365178,999999,5,2,1
1,4,119475.31852611237,6,999999,8,1
6,3,119479.05434478307,2,999999,1,1
5,2,119479.78911777755,999999,5,3,1
8,5,119483.67202850715,4,5,999999,1
5,5,119485.32785453135,999999,0,1,1
5,1,119485.84726590912,8,2,999999,1
6,5,119489.71566897492,999999,5,6,1
6,2,119492.34752473228,8,3,999999,1
6,6,119492.8687147538,1,0,2,1
4,5,119501.89298533105,999999,4,1,1
2,1,119510.56046120057,999999,0,6,1
4,5,119519.8584765521,999999,6,0,1
8,4,119526.14054787937,999999,2,3,1
5,6,119526.31770660388,999999,2,8,1
6,5,119526.41713711053,999999,1,3,1
5,3,119527.15064446974,999999,1,1,1
5,0,119528.505085857,999999,6,6,1
5,8,119528.57978997141,999999,3,6,1
5,1,119528.70098402066,999999,6,2,1
1,4,119529.94908259241,999999,0,4,1
6,0,119533.54674683294,5,999999,3,1
6,6,119535.24221137493,999999,8,5,1
5,2,119537.24634311379,999999,4,5,1
5,1,119541.12317312324,999999,5,0,1
5,4,119547.43772565818,999999,2,6,1
6,4,119549.68103224212,999999,5,3,1
5,8,119550.19951962757,8,999999,0,1
2,1,119550.60123079711,8,1,999999,1
8,4,119552.28217595904,999999,2,2,1
8,5,119560.417932719,999999,8,6,1
1,2,119560.5292382995,3,0,1,1
1,5,119560.61900955997,999999,6,0,1
5,5,119561.04064636855,3,999999,8,1
6,2,119562.85566693448,999999,5,0,1
5,4,119567.14053788211,999999,8,5,1
1,5,119567.5274251069,5,999999,8,1
1,6,119571.36870314198,999999,4,4,1
5,8,119573.103253847,999999,4,0,1
6,6,119576.84226265464,999999,2,5,1
8,8,119580.30759929093,999999,2,3,1
8,6,119582.16029520296,0,5,6,1
6,5,119585.73241849449,999999,0,6,1
2,2,119588.90155650793,999999,6,3,1
5,4,119590.03315873882,999999,5,6,1
6,6,119590.09274923205,5,5,999999,1
1,0,119597.25010428706,999999,5,1,1
5,3,119599.11620184788,8,999999,1,1
1,4,119600.13045576602,6,8,999999,1
5,0,119600.26310580956,6,999999,4,1
4,2,119600.4717969564,999999,5,4,1
1,5,119601.61144110614,999999,6,5,1
6,8,119602.47017373686,999999,5,1,1
5,6,119604.08956018038,999999,0,5,1
6,1,119607.00269431864,999999,6,5,1
1,2,119611.81819931463,999999,6,5,1
1,2,119613.89492090433,999999,7,0,1
5,6,119623.87943745662,1,999999,4,1
5,5,119624.0139780964,999999,1,6,1
1,6,119628.7804504455,999999,1,3,1
5,5,119630.6538991024,999999,8,0,1
5,7,119631.89220654535,6,999999,2,1
5,3,119632.05248939016,999999,5,4,1
5,5,119634.26383438914,8,6,999999,1
5,2,119634.77463695587,999999,5,2,1
1,5,119635.40451333045,5,999999,8,1
5,4,119637.05863072384,999999,2,0,1
8,6,119638.48725050414,999999,6,5,1
4,4,119640.10891232453,5,999999,5,1
5,5,119643.38341478648,999999,2,1,1
6,5,119644.6964073277,999999,3,8,1
5,5,119646.59020552023,999999,0,5,1
6,1,119647.129514361,999999,6,5,1
8,6,119650.77850938299,999999,3,2,1
1,6,119650.90021687544,999999,3,4,1
1,5,119656.74744945213,999999,6,6,1
5,6,119658.09592032965,999999,8,6,1
5,1,119659.4561255321,999999,6,2,1
6,6,119673.45439898418,999999,1,3,1
4,3,119678.46464355303,999999,4,6,1
1,5,119679.31944007218,999999,6,0,1
1,1,119679.92662790061,999999,4,8,1
6,1,119680.33088416727,999999,4,4,1
6,4,119682.6259842312,999999,2,0,1
5,2,119685.15051956108,999999,2,6,1
6,0,119685.34862400942,999999,0,3,1
5,5,119687.67037131503,999999,1,5,1
5,1,119691.90720967963,999999,6,5,1
6,2,119692.94991581938,999999,1,5,1
5,8,119693.28586107204,999999,6,1,1
6,8,119693.86909709152,999999,1,6,1
6,1,119694.65073740573,999999,5,2,1
6,6,119696.42856790213,999999,6,6,1
2,1,119698.60067773084,999999,7,6,1
1,5,119704.24586261033,999999,8,4,1
5,1,119708.05898062237,999999,6,5,1
1,2,119710.94612160651,999999,5,4,1
6,2,119721.77145055527,999999,7,5,1
5,1,119723.09101627022,999999,2,1,1
4,1,119725.75453080331,999999,4,2,1
6,5,119725.8079068997,999999,3,1,1
8,8,119727.21150253981,999999,6,8,1
6,1,119732.76952494979,5,6,999999,1
2,2,119741.43877125211,999999,5,4,1
5,3,119742.48813932102,999999,5,2,1
5,0,119748.06126327012,999999,2,5,1
6,5,119751.9762763884,999999,2,6,1
8,8,119752.27147098786,999999,0,2,1
8,3,119755.25314093631,999999,5,1,1
8,6,119757.81550049847,999999,6,1,1
5,5,119763.05158548894,999999,4,1,1
6,3,119763.21036340074,999999,4,3,1
6,5,119764.7237661849,999999,5,8,1
6,5,119771.23743191278,999999,3,6,1
5,8,119771.77281995292,999999,5,6,1
5,1,119774.043442691,999999,5,8,1
5,1,119779.74774053655,999999,8,5,1
5,8,119783.85008886346,999999,2,1,1
6,0,119791.32200774999,1,999999,5,1
6,1,119795.16777541563,5,3,999999,1
8,2,119795.8986724641,999999,5,4,1
5,2,119799.39488707826,999999,5,3,1
5,4,119800.496953433,999999,6,0,1
6,2,119800.68070404997,999999,2,3,1
4,1,119801.8477546141,0,999999,5,1
5,4,119803.31917360319,999999,1,5,1
1,2,119809.10424264951,999999,1,6,1
6,5,119811.75835767292,999999,2,6,1
5,2,119812.38921746392,999999,4,8,1
5,6,119815.10024523201,999999,2,7,1
5,2,119824.74686015738,5,999999,8,1
8,8,119825.31133902282,999999,1,6,1
1,4,119825.96617426362,999999,5,6,1
6,6,119826.51762788046,999999,1,3,1
6,6,119829.36038208175,999999,5,4,1
5,0,119830.38345108477,999999,1,5,1
5,6,119835.88858133006,999999,6,2,1
5,8,119838.72157689223,999999,5,6,1
5,6,119840.57995392643,6,999999,1,1
4,5,119848.89753343645,999999,3,6,1
5,1,119849.61513893846,8,999999,3,1
5,3,119853.84158729042,5,999999,2,1
5,2,119854.78484583154,999999,1,8,1
6,1,119855.11290874486,5,999999,5,1
6,0,119855.16974134705,999999,5,2,1
5,5,119855.88001611439,8,999999,6,1
6,5,119856.15527132773,999999,3,8,1
1,3,119857.73123431709,999999,6,5,1
1,3,119860.69671491349,999999,6,5,1
6,1,119864.91153692412,999999,6,5,1
5,6,119871.43146096446,0,999999,8,1
4,5,119875.40060524194,999999,5,5,1
6,5,119875.53973176837,999999,3,4,1
5,3,119877.48443331399,999999,1,5,1
1,3,119877.76925988458,999999,1,6,1
4,4,119883.92846997536,999999,1,6,1
6,6,119888.83759515602,999999,1,3,1
8,5,119889.62968624955,1,2,999999,1
6,0,119890.73397074801,1,999999,3,1
6,2,119893.25846551753,999999,7,5,1
5,5,119894.01549730038,999999,6,6,1
1,4,119894.04057192667,999999,6,8,1
1,5,119897.799626207,999999,1,3,1
5,8,119899.08104974334,999999,1,5,1
4,8,119902.28000604716,999999,8,1,1
5,1,119902.70527673225,999999,8,8,1
1,6,119905.62587491979,999999,0,1,1
1,6,119907.02605948626,999999,2,0,1
6,5,119913.7217897439,999999,6,3,1
5,3,119918.19961268964,999999,5,4,1
8,7,119923.9770004283,999999,0,2,1
4,4,119925.59760182192,999999,3,6,1
5,5,119929.66218941919,999999,5,6,1
6,6,119929.95554412526,8,5,999999,1
5,5,119932.51854035191,8,999999,5,1
5,2,119934.59592767699,999999,8,5,1
4,3,119936.12430864321,999999,6,8,1
6,0,119941.55220440187,999999,8,5,1
5,4,119949.24084796986,5,999999,0,1
5,6,119951.66904110268,0,999999,6,1
4,1,119957.83829947571,0,999999,5,1
6,0,119958.19219881656,999999,5,0,1
6,2,119971.55880600342,999999,6,5,1
5,3,119972.10566916276,2,999999,6,1
5,2,119973.26471145591,999999,2,8,1
6,5,119974.73128672206,999999,1,5,1
8,5,119977.36200212625,999999,6,0,1
2,1,119977.97646076175,999999,1,5,1
1,5,119981.01096557462,999999,0,5,1
8,6,119982.47025585134,999999,8,6,1
6,6,119985.17391959929,999999,8,0,1
4,2,119985.58841668995,999999,5,6,1
1,2,119985.62218618381,0,6,999999,1
1,2,119985.64825197696,5,999999,3,1
6,2,119994.33030869057,999999,5,0,1
6,2,119996.91489607022,999999,5,4,1
6,6,119998.74706952601,999999,4,8,1
1,0,120008.94525075397,999999,6,5,1
1,2,120014.1448502618,999999,6,5,1
6,4,120019.80767061129,8,999999,6,1
8,7,120025.61452427214,999999,6,6,1
5,1,120028.12694810002,999999,1,8,1
4,2,120029.86389736313,999999,5,6,1
5,2,120031.4578397967,999999,6,2,1
6,6,120034.01438342714,999999,2,0,1
6,5,120035.29744619665,999999,0,6,1
5,1,120039.54762242842,999999,6,6,1
6,2,120043.8729752349,999999,6,3,1
2,1,120047.6390618816,999999,6,6,1
4,2,120060.8521695843,999999,3,5,1
6,6,120061.58464928357,3,5,999999,1
6,6,120064.07604203375,6,999999,2,1
1,8,120065.58100047825,999999,6,3,1
6,5,120074.32020787275,6,999999,3,1
2,2,120078.08472625278,999999,8,6,1
6,8,120078.59423326643,999999,2,5,1
6,5,120088.87963899263,999999,8,7,1
6,5,120095.72163757948,999999,6,1,1
6,8,120095.84925867098,999999,6,2,1
6,3,120104.63611432286,999999,6,4,1
6,2,120108.90868405461,999999,1,1,1
1,5,120109.19696043848,999999,0,2,1
5,5,120110.656148724,3,2,6,1
5,1,120112.11887082047,0,999999,8,1
5,5,120125.91558677713,999999,2,8,1
6,1,120128.67520469768,999999,7,6,1
4,1,120129.23236855722,999999,2,2,1
8,6,120129.52442744978,999999,8,5,1
1,3,120131.56577376278,999999,5,0,1
5,5,120136.39792795714,999999,8,4,1
4,6,120136.44283820355,999999,1,0,1
4,8,120138.03730289737,999999,1,0,1
5,8,120139.52404109226,4,999999,1,1
8,2,120144.50583810935,6,999999,3,1
5,6,120145.73700030739,999999,8,1,1
4,7,120150.09110382387,3,999999,1,1
6,8,120150.32475703342,999999,2,4,1
4,2,120153.68459154287,999999,5,0,1
6,6,120155.9770746907,999999,5,2,1
1,8,120163.8119331824,999999,0,2,1
6,1,120172.33635936632,999999,2,4,1
6,5,120172.46620593018,999999,0,1,1
4,5,120174.69912717529,999999,5,2,1
6,1,120175.27173994285,999999,0,4,1
1,5,120178.43075120597,999999,5,6,1
5,8,120184.55482044833,999999,6,8,1
6,6,120184.5933442864,999999,2,6,1
5,5,120189.14118300761,999999,6,0,1
5,5,120190.57795508264,999999,5,3,1
5,5,120191.42694050827,999999,1,6,1
6,6,120194.27445106965,999999,4,0,1
5,2,120204.84943668675,999999,2,1,1
4,1,120206.61334590842,999999,5,8,1
5,6,120214.470873161,999999,2,5,1
6,5,120214.49366162119,999999,3,6,1
8,0,120215.75812999472,999999,6,5,1
6,5,120216.83012465149,2,999999,0,1
6,2,120216.84681300419,999999,6,3,1
8,4,120226.28847553328,999999,2,8,1
5,1,120231.00454417121,999999,4,3,1
5,6,120232.25734113685,999999,3,2,1
1,1,120232.96801613682,999999,2,5,1
6,4,120238.48739631743,999999,1,2,1
8,2,120238.96996271075,999999,5,3,1
2,2,120244.63617330379,999999,3,1,1
5,2,120247.14660205913,6,999999,1,1
1,5,120249.26764152906,999999,0,8,1
5,1,120255.33336360483,999999,6,5,1
8,6,120257.10980669879,999999,3,5,1
5,4,120257.55341308306,5,999999,2,1
4,5,120258.35407928236,999999,6,5,1
4,4,120259.84761415226,999999,2,6,1
6,0,120260.9190883802,999999,6,4,1
6,4,120262.38510989815,999999,6,3,1
6,3,120265.64556392258,999999,6,6,1
6,7,120265.77850365074,999999,8,4,1
6,8,120269.5147515258,0,999999,6,1
6,0,120277.17365751622,999999,0,8,1
5,2,120277.18602166483,999999,4,8,1
5,5,120279.23566506225,999999,6,3,1
5,5,120280.60426591361,6,999999,3,1
8,4,120281.4846312842,999999,2,8,1
8,4,120285.78568410294,999999,6,8,1
4,4,120294.84263341865,1,999999,6,1
5,6,120297.98643065906,6,999999,2,1
5,5,120298.21232701564,999999,6,8,1
6,2,120309.03748130346,5,1,6,1
5,1,120312.43796373362,1,999999,8,1
8,4,120316.70006548177,2,5,1,1
6,0,120316.78891443207,999999,5,2,1
5,1,120320.02886769702,999999,6,6,1
5,6,120320.67564151021,999999,5,5,1
5,6,120321.3191127729,999999,2,5,1
6,6,120322.47213008605,999999,5,2,1
1,5,120322.66260097722,6,6,999999,1
5,1,120324.39753161663,999999,5,2,1
8,6,120324.92463097778,4,999999,3,1
5,5,120336.14861041622,999999,6,2,1
5,1,120337.65488993049,999999,8,5,1
5,2,120340.97704346289,999999,5,8,1
5,1,120346.40228591957,4,3,6,1
5,2,120349.00788607034,999999,5,5,1
4,3,120349.28240813396,6,2,999999,1
5,0,120362.49344617361,999999,8,2,1
6,4,120363.19799166423,999999,6,1,1
1,6,120367.07454715639,999999,4,5,1
6,7,120367.13436576581,999999,1,1,1
5,6,120376.095048417,999999,1,5,1
2,2,120387.62551546318,999999,8,6,1
1,5,120388.35834952479,999999,0,5,1
5,5,120395.3911080929,8,999999,5,1
5,6,120401.49480710556,999999,0,0,1
5,5,120403.6746087137,999999,8,2,1
2,6,120407.44293965568,999999,8,6,1
6,5,120408.6402147375,999999,0,4,1
8,5,120409.10988768321,999999,8,0,1
8,6,120411.99527205928,999999,8,4,1
6,5,120415.3592735947,999999,4,5,1
5,1,120417.84155683765,999999,3,1,1
5,1,120422.6302485163,999999,6,1,1
6,8,120422.98641991864,999999,6,5,1
6,5,120423.48535213426,6,999999,1,1
2,8,120423.59699344744,999999,5,5,1
6,2,120428.83948485577,999999,6,3,1
5,2,120434.14366600779,999999,0,6,1
6,5,120439.4382928674,999999,3,8,1
1,8,120440.27979740531,3,999999,2,1
5,2,120441.63115981748,999999,6,5,1
5,1,120442.5987932063,999999,6,6,1
6,5,120444.93659176462,6,999999,8,1
8,2,120445.69118155359,999999,6,0,1
6,5,120449.44757458835,1,6,0,1
5,6,120451.20678763148,999999,4,6,1
4,4,120452.94410860505,999999,1,2,1
4,1,120455.44804737999,1,999999,6,1
6,5,120455.92351403905,999999,3,1,1
1,4,120456.98361982606,999999,3,5,1
1,6,120460.5463455008,999999,3,6,1
5,2,120463.44576212407,999999,5,7,1
5,5,120463.57624029591,999999,4,3,1
6,6,120463.78451300005,999999,3,4,1
5,6,120463.9203827018,8,4,999999,1
6,2,120465.96376785498,0,6,1,1
5,8,120466.12170961275,6,999999,0,1
1,3,120478.1598986646,999999,5,0,1
5,8,120479.71156609284,999999,3,1,1
8,4,120481.74638196148,999999,5,6,1
1,6,120482.14350472309,999999,3,5,1
8,2,120484.25915233877,999999,4,6,1
8,7,120487.57405653413,999999,8,5,1
1,1,120488.17406332635,999999,8,5,1
1,4,120491.40633056402,999999,2,5,1
6,5,120491.44485131271,999999,2,8,1
2,1,120497.64935164354,999999,6,6,1
6,3,120498.53574500894,999999,4,8,1
5,5,120503.45970082338,999999,1,6,1
6,6,120507.72777197945,0,999999,5,1
5,8,120511.54773761008,999999,8,1,1
4,6,120511.61771211993,999999,6,5,1
6,2,120511.64790160776,999999,4,8,1
5,5,120515.80329287806,999999,2,8,1
6,6,120516.81276709384,999999,5,5,1
4,8,120517.1662484556,999999,6,1,1
2,6,120517.4337564464,1,999999,3,1
5,1,120518.59945610838,6,3,999999,1
4,3,120519.33432670895,999999,7,5,1
6,7,120522.53739908733,999999,5,4,1
5,6,120527.97552667439,999999,6,1,1
4,2,120530.53234558633,999999,1,1,1
6,3,120540.03135544628,5,6,999999,1
6,6,120540.06337276555,999999,1,5,1
4,2,120542.37936378295,999999,1,5,1
6,2,120543.68488616627,999999,6,8,1
6,2,120544.07673495979,8,999999,5,1
8,6,120553.4010752794,6,999999,5,1
5,5,120562.10793100916,999999,5,1,1
5,0,120568.41362073513,999999,6,1,1
5,6,120569.02818195045,5,999999,4,1
6,5,120571.9849630273,999999,1,6,1
6,6,120575.60298544323,999999,6,2,1
6,0,120578.14750220232,999999,6,5,1
5,6,120579.96294930943,999999,8,2,1
5,3,120582.79754223993,1,1,999999,1
6,8,120583.64523795889,999999,5,5,1
5,6,120583.8912381999,999999,3,2,1
4,2,120584.34059810388,999999,5,3,1
8,2,120584.98424343498,999999,0,6,1
4,2,120588.28218970583,999999,5,0,1
6,6,120588.60442189759,999999,1,0,1
5,4,120589.9758124777,999999,8,5,1
6,5,120593.74296768235,999999,6,6,1
1,6,120595.82479909652,6,999999,7,1
4,6,120596.88049826577,999999,0,2,1
6,6,120601.68564439351,6,0,999999,1
8,5,120611.36505693452,2,999999,6,1
6,6,120618.03399022088,2,999999,2,1
6,5,120619.90815833611,999999,3,5,1
4,6,120622.74848871745,0,999999,6,1
6,5,120629.97734204882,999999,6,5,1
6,6,120632.5062017573,999999,1,5,1
1,6,120632.57170689841,6,999999,5,1
5,6,120635.20047458618,999999,4,2,1
6,1,120639.18104417073,999999,7,4,1
4,5,120640.56871462657,999999,6,4,1
5,8,120640.90908020227,999999,5,6,1
2,6,120647.65856512025,999999,4,6,1
6,2,120647.93319821346,999999,1,6,1
5,6,120648.7606409692,999999,8,5,1
8,2,120650.70062821987,999999,8,1,1
8,4,120654.68611309469,999999,2,5,1
2,3,120659.99596425141,6,999999,2,1
8,6,120661.53920631006,999999,3,8,1
5,3,120661.69233511592,999999,5,2,1
5,1,120662.69381743697,999999,6,6,1
5,5,120674.8816712857,999999,6,5,1
5,4,120676.8834260749,999999,6,2,1
4,2,120678.48129688462,999999,6,1,1
5,5,120680.18029584977,2,999999,2,1
6,5,120687.33412441495,999999,6,5,1
6,3,120687.46270843991,999999,4,5,1
6,6,120688.79254255135,999999,8,0,1
5,5,120692.48560541372,999999,4,2,1
1,5,120693.27028959962,5,6,999999,1
5,5,120696.09453929294,999999,7,1,1
4,1,120696.13371126208,999999,5,6,1
1,6,120696.26673932413,999999,6,1,1
5,2,120704.04895988776,999999,8,1,1
8,5,120705.71293951175,999999,5,3,1
6,5,120708.40078038033,8,999999,6,1
5,6,120713.22417564954,999999,4,0,1
8,0,120715.91027171718,8,999999,4,1
1,8,120718.98587934872,999999,0,3,1
5,5,120724.89388289447,999999,1,6,1
5,1,120725.52497219463,8,999999,1,1
6,4,120726.48099506737,999999,1,2,1
5,1,120730.08512825427,999999,6,1,1
8,2,120730.83416857867,5,999999,6,1
5,5,120733.01264056608,8,999999,5,1
5,5,120745.16639762142,999999,6,0,1
2,2,120748.45939776176,999999,8,6,1
6,5,120750.35742673231,0,999999,6,1
5,6,120752.54415541443,999999,2,4,1
5,1,120755.05307015454,999999,5,8,1
5,5,120756.4112461007,999999,6,2,1
5,5,120756.47083398185,999999,1,2,1
4,0,120756.53345731505,999999,5,1,1
5,5,120757.29921452992,999999,7,5,1
5,3,120757.84217298802,999999,5,6,1
1,4,120760.30231677784,999999,5,2,1
6,6,120760.71368530174,999999,1,5,1
1,4,120762.3482091732,999999,6,8,1
6,6,120765.05874976444,0,999999,1,1
6,8,120777.98747989244,6,999999,0,1
6,4,120780.77451427828,999999,5,2,1
5,8,120782.13309053847,999999,1,2,1
5,6,120783.45444669247,999999,8,3,1
8,5,120785.8448791141,999999,6,1,1
6,1,120785.99862409933,999999,2,6,1
5,2,120786.90334302519,999999,4,5,1
1,1,120791.74296114518,999999,5,5,1
4,5,120795.08839690719,999999,8,5,1
6,6,120797.46675678066,999999,4,3,1
6,3,120799.0681378684,8,999999,5,1
5,5,120803.56234924635,999999,1,5,1
5,1,120807.87839067896,999999,6,8,1
6,3,120810.48634475791,999999,4,3,1
6,5,120812.54023524039,999999,1,8,1
5,1,120812.57022924046,999999,0,3,1
1,3,120814.50365077582,999999,5,6,1
5,5,120818.1426244031,999999,6,2,1
1,3,120820.97014283674,999999,8,1,1
2,6,120827.40678176207,999999,2,1,1
5,6,120828.0617738771,999999,0,2,1
4,6,120828.28113421207,999999,5,2,1
5,6,120838.15867234486,999999,6,1,1
5,5,120842.39620347376,999999,5,6,1
8,8,120843.42020534928,4,999999,5,1
6,0,120843.61908600805,999999,4,5,1
5,5,120848.70385432601,999999,6,2,1
5,6,120848.78567386445,999999,4,6,1
5,1,120851.25665889416,999999,0,5,1
1,5,120853.57993293718,999999,1,5,1
6,1,120857.19821710436,999999,0,5,1
6,5,120859.61620204583,999999,5,8,1
5,8,120860.30076805677,999999,3,6,1
5,1,120861.05462026795,999999,5,8,1
5,7,120865.47593270765,999999,6,5,1
1,5,120865.72784141488,999999,6,2,1
6,2,120868.9175904007,999999,3,6,1
1,1,120895.18946283821,999999,6,5,1
6,8,120896.65471253158,999999,6,8,1
5,6,120898.61085020658,5,999999,1,1
5,4,120901.50269820754,999999,8,5,1
6,1,120901.68490262964,999999,0,8,1
6,0,120902.23344337307,999999,1,6,1
4,8,120905.21666938551,6,3,999999,1
2,2,120906.51441809762,999999,5,5,1
8,2,120907.69682248335,999999,8,5,1
8,6,120908.38210275212,999999,3,2,1
4,0,120909.72912741438,999999,4,4,1
5,6,120927.72162426313,999999,1,5,1
6,2,120935.24880031886,999999,3,1,1
5,2,120936.01800503327,999999,3,8,1
6,2,120936.03710183578,999999,1,4,1
8,2,120936.45460106348,999999,8,5,1
6,6,120941.67139850448,999999,1,5,1
1,1,120941.90614996922,999999,5,3,1
6,3,120943.83925484595,999999,2,5,1
5,1,120948.52807305922,999999,8,6,1
6,6,120950.7862783266,999999,0,8,1
5,5,120956.22555773452,999999,5,1,1
6,6,120956.33741915425,999999,3,5,1
5,3,120958.62112048584,999999,2,4,1
4,3,120958.89564978478,999999,2,6,1
5,2,120962.0873619043,999999,8,6,1
1,0,120967.41844059735,999999,4,6,1
6,3,120968.92262279429,999999,6,4,1
1,5,120970.45213706813,999999,6,8,1
8,5,120972.39362722727,999999,4,8,1
5,1,120975.59315745247,6,999999,5,1
4,3,120976.52130278683,4,999999,8,1
1,6,120976.90568032437,999999,4,0,1
2,2,120976.98225893633,999999,6,0,1
5,7,120978.97969186616,999999,8,2,1
1,8,120979.2543146256,999999,4,5,1
5,5,120986.99706441016,999999,8,6,1
6,6,120989.59248322099,999999,8,3,1
6,5,120990.13978499136,999999,2,3,1
5,3,120992.06074217425,8,999999,1,1
5,6,121004.31173121794,999999,5,2,1
6,5,121006.39573351422,999999,6,1,1
5,1,121008.76807827238,999999,6,4,1
5,8,121009.06675427864,999999,5,7,1
6,5,121011.36199757851,999999,8,6,1
5,0,121012.019584643,999999,3,2,1
5,2,121017.38690934284,999999,3,4,1
5,8,121019.41400517979,999999,5,5,1
6,5,121021.14646865717,999999,6,0,1
6,5,121021.67641654646,999999,8,5,1
8,8,121028.30066777673,2,6,999999,1
6,1,121033.3905593267,999999,6,1,1
1,1,121034.77603785344,999999,2,6,1
6,1,121046.9717888703,7,999999,6,1
5,2,121048.85900045096,5,999999,5,1
5,6,121049.13468691576,999999,1,6,1
6,2,121056.35777440252,999999,4,3,1
4,5,121057.36345653894,999999,5,6,1
1,8,121062.67178479541,999999,6,3,1
2,6,121062.74077784871,999999,3,0,1
5,5,121064.08709294828,999999,6,0,1
6,5,121067.96632229388,999999,6,1,1
1,1,121068.70716372605,999999,4,4,1
5,1,121076.8799606074,999999,5,4,1
6,6,121080.443666649,999999,5,999999,1
6,5,121081.32854272776,999999,6,1,1
2,1,121081.6140568734,999999,8,4,1
1,4,121090.7950481132,999999,2,1,1
6,5,121097.95471910766,999999,0,6,1
4,0,121098.83429000792,999999,6,5,1
4,8,121104.94283237391,5,999999,6,1
5,5,121105.7391820545,0,999999,4,1
8,6,121107.72524973942,8,3,999999,1
1,2,121109.67556741867,999999,5,4,1
6,6,121114.85276874465,999999,0,6,1
5,4,121125.1077290293,999999,8,8,1
5,5,121136.47653220833,8,999999,4,1
8,6,121137.86812289877,999999,5,0,1
6,6,121139.73182829865,999999,6,5,1
5,8,121141.13903044822,999999,2,0,1
6,6,121144.82293005237,999999,6,2,1
1,5,121150.43298367009,999999,6,0,1
1,3,121152.4524055841,999999,4,5,1
8,4,121152.65979135995,999999,2,3,1
8,3,121153.173340161,999999,5,6,1
8,3,121153.56337647603,999999,1,5,1
6,6,121161.77682705816,8,999999,8,1
8,2,121174.12000036947,6,6,6,1
6,1,121175.16827721542,999999,6,8,1
4,4,121179.72281285355,5,999999,8,1
6,6,121181.0054757538,999999,2,3,1
4,6,121182.17717884354,999999,0,5,1
1,6,121183.7790581552,999999,5,1,1
6,8,121184.4777857567,999999,5,6,1
6,0,121185.94445578,999999,5,4,1
6,0,121191.36967426525,999999,8,5,1
6,5,121192.57593851558,999999,0,8,1
6,5,121195.52366211874,2,4,999999,1
5,1,121197.13735638032,999999,5,3,1
5,6,121203.42687539937,999999,5,6,1
4,0,121204.97893404073,1,999999,6,1
5,5,121206.33714144753,999999,0,8,1
5,5,121211.39195384596,999999,6,4,1
5,5,121215.43780268444,999999,2,4,1
6,4,121222.95365082649,999999,6,7,1
1,7,121224.28831279442,999999,5,4,1
5,3,121226.44392120809,999999,2,0,1
6,5,121239.03851795783,999999,1,8,1
6,8,121244.55199386021,999999,6,5,1
6,6,121250.61684770453,999999,8,8,1
8,2,121250.66338935461,999999,5,8,1
1,2,121251.16862582437,8,999999,6,1
1,5,121252.40232096401,999999,1,7,1
8,0,121260.56718105615,999999,6,4,1
4,6,121260.68410501284,999999,2,3,1
1,5,121264.81342517145,999999,6,0,1
5,2,121265.24835551088,6,5,0,1
6,6,121269.87232460089,999999,6,5,1
8,3,121272.31485332518,999999,6,5,1
6,1,121272.47973098102,999999,4,0,1
2,5,121274.21202799858,999999,6,4,1
5,2,121274.50678609074,999999,6,8,1
6,1,121275.7355137844,999999,5,0,1
1,5,121279.17449517275,999999,5,7,1
5,6,121279.84098194928,999999,6,5,1
8,3,121281.95349890686,999999,6,8,1
6,6,121282.0562904978,5,3,999999,1
6,6,121282.07624910661,999999,5,8,1
2,1,121283.04735994806,6,999999,5,1
5,5,121299.27488803728,999999,8,0,1
4,8,121304.02053580098,0,2,999999,1
8,5,121306.51303002326,2,999999,6,1
5,8,121306.94866786848,999999,2,8,1
1,6,121308.1982880177,0,999999,6,1
5,8,121310.81417727788,999999,3,0,1
5,3,121326.24197593376,999999,1,5,1
4,1,121328.2378701902,999999,0,6,1
1,1,121328.2546422488,999999,6,4,1
5,5,121329.01102976482,999999,6,6,1
5,4,121330.7551319391,999999,0,5,1
8,4,121332.63310295058,999999,3,1,1
5,1,121335.26725470352,999999,2,0,1
6,8,121336.78552042063,999999,4,4,1
6,1,121337.25384939754,999999,5,8,1
8,5,121339.9054225939,5,999999,5,1
1,0,121340.16833618552,3,999999,5,1
1,6,121340.5414729591,1,3,999999,1
5,4,121340.93386897385,999999,2,3,1
6,3,121341.64071144926,999999,6,6,1
6,4,121346.4648039465,999999,5,2,1
6,2,121349.45476131968,999999,1,1,1
6,5,121349.71808301477,999999,7,5,1
1,6,121350.9047836004,999999,6,6,1
4,6,121353.80804934335,999999,2,3,1
5,5,121355.12800198585,6,999999,6,1
8,8,121355.58265793875,0,999999,7,1
5,7,121355.79908289097,999999,1,5,1
1,6,121357.74710371943,999999,3,6,1
8,1,121357.8402857983,999999,1,6,1
5,3,121364.53247071002,999999,1,6,1
6,2,121371.52756974338,6,999999,5,1
5,8,121377.17171143959,999999,8,4,1
6,4,121378.3396117252,999999,3,2,1
5,2,121381.20977373279,999999,0,5,1
4,6,121382.78297333365,999999,1,5,1
6,5,121383.75212607224,999999,4,6,1
8,6,121383.77371468641,999999,6,4,1
1,5,121384.26287784593,999999,4,1,1
5,4,121386.82074562911,0,999999,6,1
1,5,121390.54469432592,5,999999,8,1
6,2,121395.21130573783,999999,8,3,1
5,5,121395.34091858905,999999,0,5,1
6,1,121395.46445324083,999999,0,2,1
6,1,121404.42231828462,6,999999,5,1
8,2,121407.12832958814,999999,4,3,1
5,5,121408.50669152888,999999,6,0,1
4,8,121413.60402306759,999999,4,2,1
6,4,121418.70631660889,6,999999,6,1
6,5,121419.63175840206,5,999999,3,1
5,4,121420.79503348659,5,999999,6,1
8,4,121421.63835023643,8,1,999999,1
8,5,121422.38112970332,999999,5,5,1
5,7,121422.44355218759,999999,2,5,1
5,1,121424.04112072838,1,3,6,1
5,5,121424.41716646566,999999,6,6,1
1,0,121425.69212830263,999999,6,0,1
6,7,121429.25375991783,1,999999,6,1
8,5,121432.6110516167,999999,2,5,1
5,3,121433.01094946421,999999,1,2,1
5,3,121434.0106559289,999999,2,6,1
6,2,121434.02367745331,999999,0,8,1
5,6,121445.2554415029,999999,2,5,1
5,2,121452.75852819163,999999,2,3,1
6,1,121452.90864811967,8,6,999999,1
5,5,121453.14018353667,999999,5,1,1
8,8,121465.7464953646,5,999999,3,1
1,1,121466.26058413679,999999,2,6,1
8,8,121475.37200621402,8,1,6,1
5,1,121477.44835194178,2,999999,8,1
4,5,121478.7953971308,999999,8,6,1
8,2,121480.87934469577,999999,1,3,1
1,4,121481.7045842333,999999,5,2,1
5,1,121483.25460236741,5,999999,8,1
5,5,121489.63661076306,999999,2,1,1
5,5,121490.48703000518,3,999999,0,1
8,1,121494.51812710005,999999,6,6,1
6,1,121495.2048745828,999999,2,3,1
5,3,121498.40511017099,999999,8,5,1
6,6,121498.95315836523,999999,6,5,1
5,8,121507.33203480433,999999,5,0,1
6,8,121510.09849814186,999999,2,3,1
5,6,121511.83893435224,6,999999,5,1
5,6,121512.09213908382,999999,5,2,1
5,1,121512.72510810068,999999,8,6,1
5,6,121512.98450564868,999999,8,5,1
1,6,121514.86238281263,999999,5,0,1
5,0,121515.19018644946,999999,1,5,1
5,5,121516.2793030439,999999,6,2,1
5,8,121518.1465510071,999999,5,6,1
4,2,121522.1120493163,999999,3,5,1
5,1,121524.03139989167,999999,0,6,1
8,5,121527.36393502155,999999,6,2,1
4,3,121532.19106247877,999999,0,5,1
1,2,121534.96279358734,999999,5,5,1
1,6,121538.71512838863,6,999999,3,1
8,1,121544.14761389206,999999,5,2,1
5,1,121547.74244809072,999999,7,4,1
5,1,121550.41393728547,999999,5,6,1
6,6,121552.23279656301,999999,1,4,1
5,5,121561.91865069055,999999,5,4,1
5,8,121565.59784993234,999999,6,1,1
6,6,121569.08747448373,999999,2,3,1
5,5,121570.45597270483,6,999999,2,1
6,1,121570.79928942407,5,999999,2,1
4,4,121571.0514185119,999999,6,2,1
5,2,121572.10263946134,3,999999,5,1
6,4,121580.76878958032,999999,5,3,1
6,1,121582.3303598894,999999,6,5,1
5,2,121590.1440652737,5,0,999999,1
6,6,121600.81657112903,999999,3,1,1
5,6,121607.69916012218,999999,5,4,1
6,2,121608.01864571798,999999,6,6,1
5,1,121609.24513382188,999999,5,8,1
5,1,121612.53126987361,999999,6,0,1
8,1,121619.12661790544,999999,1,3,1
1,8,121623.50135838056,4,6,0,1
6,0,121624.86453527484,999999,2,3,1
6,1,121625.0178198272,999999,3,5,1
5,8,121625.81362755313,999999,1,4,1
6,3,121629.40100846927,1,8,999999,1
1,1,121635.24152569752,3,999999,2,1
1,0,121639.26053180081,999999,6,5,1
8,8,121644.87017827659,999999,4,1,1
6,8,121648.47305728006,2,0,999999,1
1,6,121652.15150114926,999999,2,4,1
5,0,121652.9407455297,999999,1,6,1
4,2,121653.44015801688,4,1,999999,1
1,4,121654.24794174955,8,999999,6,1
8,2,121654.49181828913,999999,4,3,1
5,2,121656.60839671413,999999,5,2,1
5,2,121661.75999743007,999999,3,4,1
5,5,121664.77877052741,999999,6,6,1
4,6,121668.60226785256,999999,4,6,1
5,5,121672.37955078739,999999,2,1,1
4,1,121673.75427827165,999999,3,8,1
1,6,121677.25510824464,999999,3,5,1
5,3,121684.03871728055,999999,6,1,1
8,0,121684.78526603771,999999,6,5,1
5,5,121685.55372998126,999999,6,3,1
8,8,121685.65654699816,999999,2,5,1
5,1,121687.29809667254,999999,8,5,1
4,5,121689.92667469641,999999,5,1,1
5,8,121696.36781923639,999999,2,2,1
5,5,121705.50470351243,999999,1,3,1
6,7,121706.9027241131,999999,6,0,1
1,5,121709.4949268696,999999,3,5,1
5,5,121712.07611472717,2,999999,6,1
5,1,121712.80304207756,4,999999,4,1
8,5,121715.00873651261,4,999999,3,1
8,5,121721.81932152958,999999,8,0,1
5,1,121729.66526326108,5,999999,5,1
4,0,121736.0856982419,999999,5,6,1
6,5,121736.62189642097,8,999999,5,1
1,6,121737.46292911428,999999,6,3,1
1,8,121737.7192497734,999999,6,6,1
6,5,121739.42999843102,999999,6,6,1
5,2,121741.129733634,1,999999,4,1
8,6,121741.95508555412,999999,2,5,1
5,6,121747.37754798605,5,1,999999,1
1,6,121749.15612226425,999999,6,4,1
5,0,121749.44646624834,999999,6,8,1
6,4,121758.55874913254,999999,5,8,1
1,3,121758.66929071058,999999,6,6,1
5,8,121763.48258261994,7,999999,6,1
5,5,121773.59978892535,999999,1,5,1
5,7,121774.84471566406,2,999999,8,1
8,4,121776.227149883,999999,2,4,1
6,6,121777.33383866497,999999,5,5,1
8,8,121785.50797699443,999999,2,1,1
5,6,121790.8152143964,999999,8,5,1
5,5,121792.21633352686,6,999999,6,1
5,5,121796.23539912848,999999,2,6,1
5,5,121802.01250178821,999999,6,5,1
6,5,121804.57176735254,999999,0,8,1
2,7,121804.57788797669,999999,2,1,1
8,8,121807.63951733151,999999,3,2,1
5,2,121808.0486894969,999999,1,5,1
6,2,121812.05629033566,999999,5,0,1
6,0,121819.18881919014,999999,3,5,1
5,2,121819.195154882,6,999999,4,1
5,0,121821.91846539933,999999,6,6,1
6,2,121822.64539171314,999999,1,5,1
1,8,121823.90127399404,999999,6,6,1
6,8,121826.93118061479,999999,2,5,1
6,2,121828.10042779779,999999,0,8,1
2,3,121829.93154708468,999999,2,5,1
6,6,121834.08673754692,999999,6,1,1
1,1,121843.70470476171,999999,0,4,1
5,6,121846.99242498359,999999,1,6,1
1,1,121848.29620385863,999999,3,6,1
4,6,121852.67488454455,999999,0,3,1
5,5,121854.82297896629,999999,4,3,1
6,2,121856.94464415411,5,6,999999,1
8,5,121858.98845943013,999999,6,8,1
4,1,121863.09427842041,999999,0,2,1
2,2,121864.74355297818,999999,3,0,1
6,6,121867.14078849238,999999,0,6,1
1,1,121867.20778837716,999999,6,4,1
1,6,121867.78318118241,999999,3,5,1
6,5,121870.70031608274,999999,0,8,1
8,1,121875.057300051,999999,6,3,1
5,5,121875.34323520212,4,999999,1,1
5,8,121876.66955769225,5,999999,1,1
5,6,121878.41553545624,999999,0,6,1
1,8,121880.04590869059,999999,5,1,1
6,6,121881.65388466671,999999,1,6,1
5,0,121886.4202662372,999999,1,6,1
6,6,121886.70683868308,6,999999,2,1
5,2,121891.73458540167,999999,6,4,1
5,5,121908.49492259562,0,999999,6,1
5,5,121911.8233623913,999999,0,2,1
1,6,121916.27567834841,999999,5,6,1
2,8,121919.09168556542,999999,5,1,1
5,6,121920.95268051492,999999,0,5,1
1,3,121922.32882758658,999999,1,0,1
1,3,121923.7455339191,7,999999,0,1
6,6,121925.43189259632,999999,2,1,1
4,5,121942.86343439897,999999,1,8,1
1,2,121943.05975911794,999999,6,5,1
5,3,121944.45959722223,999999,6,4,1
4,2,121951.69478322189,999999,6,4,1
4,6,121952.66311128627,999999,5,6,1
6,2,121954.8877542203,999999,0,2,1
5,5,121955.62856982445,999999,6,0,1
1,6,121970.67235935746,6,999999,5,1
4,1,121973.49099822382,999999,5,6,1
1,1,121982.32743107389,999999,3,2,1
6,2,121982.82443240412,3,5,2,1
4,6,121983.14132525054,6,0,999999,1
5,5,121993.91053248504,999999,5,3,1
6,5,121994.55256462519,999999,6,1,1
5,7,122004.35606725825,4,999999,6,1
5,7,122005.10305652146,999999,1,5,1
6,3,122006.52964694245,999999,1,1,1
6,2,122008.23622982652,999999,7,8,1
5,6,122009.38522798405,999999,5,8,1
1,8,122009.73320784661,999999,2,1,1
4,6,122022.30518711315,999999,6,8,1
5,5,122030.17696353469,999999,5,2,1
1,1,122030.71433892583,999999,5,2,1
5,2,122037.9222449125,999999,6,6,1
6,4,122040.84119979547,999999,5,6,1
6,2,122048.0384347002,999999,5,5,1
1,6,122048.32739765308,999999,8,5,1
6,6,122057.3936117978,999999,1,4,1
8,5,122060.03683871697,999999,6,5,1
6,4,122065.77129925058,999999,0,6,1
6,6,122066.13869677173,999999,6,5,1
2,0,122070.78329291435,999999,6,6,1
5,6,122075.23997065656,999999,6,1,1
6,3,122076.71629044347,999999,4,5,1
6,6,122079.11471454252,999999,6,6,1
5,6,122079.89044843873,999999,5,6,1
5,6,122081.8004189521,999999,8,0,1
6,8,122082.61136819316,6,999999,2,1
6,6,122086.09601387268,3,5,999999,1
5,2,122088.37758918859,999999,1,7,1
6,5,122094.40121353907,999999,5,6,1
5,5,122094.76543743603,999999,1,6,1
6,6,122106.3553846508,5,999999,6,1
5,2,122110.88327793796,999999,1,6,1
1,2,122111.94290338803,999999,3,8,1
6,1,122112.49068384345,999999,8,5,1
6,5,122113.58495698054,999999,8,2,1
6,1,122114.03531711674,5,3,999999,1
5,4,122115.09927108779,999999,5,6,1
5,8,122118.63812434062,7,999999,2,1
5,1,122121.67621703568,999999,1,5,1
1,1,122127.19167247173,7,999999,4,1
5,5,122131.98876284978,999999,5,5,1
6,6,122133.91344421044,999999,5,1,1
5,3,122143.69646073454,999999,2,5,1
8,5,122147.16647597506,5,999999,6,1
5,0,122151.16462986678,999999,8,5,1
5,8,122156.28549335872,999999,5,8,1
4,1,122161.98460093966,5,5,999999,1
1,5,122167.97836512848,2,8,999999,1
6,6,122170.09987936828,999999,4,5,1
4,5,122172.96633720963,999999,0,6,1
8,6,122181.76615593984,6,3,999999,1
8,5,122185.87761423632,999999,2,7,1
6,6,122190.29442539002,8,999999,5,1
6,6,122191.13594789477,999999,0,1,1
6,0,122195.0137084057,999999,3,1,1
6,6,122196.41231838864,999999,5,3,1
8,3,122197.04869280722,999999,0,4,1
6,2,122198.75178416312,999999,0,6,1
6,4,122199.23532495335,999999,3,0,1
1,6,122211.01785599471,2,999999,8,1
8,4,122211.89680420312,999999,8,6,1
1,7,122213.99118051516,999999,5,8,1
5,5,122216.7466646104,999999,8,6,1
4,2,122217.02482763941,6,5,999999,1
8,5,122222.6666376069,999999,5,6,1
1,6,122222.88198350395,999999,3,5,1
6,4,122226.43274906342,1,999999,3,1
5,2,122227.24954282306,999999,8,5,1
5,5,122231.66696057009,999999,2,8,1
1,5,122233.09866762,999999,4,6,1
6,0,122234.8880050497,999999,5,1,1
1,5,122236.06057564163,999999,0,5,1
5,3,122236.69420193882,5,5,999999,1
1,2,122237.55006255077,5,999999,6,1
4,1,122239.33671171896,999999,6,6,1
6,6,122239.67754251217,999999,3,2,1
5,6,122247.11373058832,1,2,999999,1
6,2,122257.19566576272,8,999999,0,1
4,6,122258.61381511667,999999,5,6,1
8,5,122263.71792097682,999999,2,3,1
6,8,122264.35051301241,999999,3,0,1
1,1,122270.75054631376,999999,2,6,1
4,5,122277.94261965818,999999,5,5,1
4,1,122280.53386240714,999999,8,5,1
5,1,122283.50147219535,999999,7,5,1
6,8,122284.78104325237,999999,1,5,1
5,5,122290.10503750118,999999,0,6,1
8,5,122290.12135925458,999999,8,0,1
5,6,122307.70413812739,999999,0,6,1
6,6,122310.39933349028,999999,4,5,1
6,5,122313.34067534469,999999,6,8,1
5,8,122317.92118797844,5,3,999999,1
6,2,122318.9967226345,6,999999,8,1
5,3,122320.64666797833,999999,0,3,1
1,6,122328.1676467177,999999,5,6,1
8,2,122328.53385749775,999999,5,0,1
5,4,122332.41535528903,999999,3,5,1
6,6,122337.61558101267,1,999999,8,1
1,6,122340.83762847034,999999,1,4,1
6,1,122340.9863835545,999999,5,8,1
8,5,122341.17842655102,1,999999,3,1
5,2,122342.1079472718,6,999999,8,1
4,1,122342.40977177792,5,5,999999,1
5,6,122342.88159512584,999999,2,8,1
5,8,122346.96983886421,999999,2,6,1
5,1,122347.93002570835,999999,5,8,1
5,6,122352.74264122797,999999,5,6,1
5,8,122356.90928272955,1,999999,6,1
5,5,122359.06994740448,999999,5,4,1
1,6,122360.39318019013,999999,5,0,1
6,0,122367.1709026777,999999,1,6,1
6,5,122370.08271887682,1,999999,7,1
5,8,122375.57830428323,999999,5,1,1
6,5,122376.080935003,999999,6,5,1
5,5,122376.51537490018,4,999999,6,1
6,6,122382.21215150031,5,5,999999,1
5,5,122382.63663629888,999999,6,6,1
6,6,122388.36121248976,999999,0,8,1
6,7,122391.78506739449,999999,5,4,1
5,1,122393.35608934931,999999,3,1,1
1,5,122397.74590759384,999999,1,6,1
8,4,122398.28984007133,6,8,5,1
1,5,122403.29955069727,999999,1,2,1
5,6,122405.50549010269,999999,3,2,1
5,4,122406.49656752413,999999,7,6,1
6,4,122409.58958489636,5,999999,5,1
1,6,122412.1689264837,999999,3,8,1
6,6,122412.5270741541,0,999999,8,1
5,8,122415.24716493374,999999,6,5,1
5,6,122418.2429561522,999999,2,1,1
2,5,122420.08342678609,999999,2,0,1
6,4,122422.98859420679,999999,1,5,1
1,8,122423.00563666955,999999,4,2,1
1,3,122424.09511678568,6,999999,8,1
6,5,122428.58060346488,999999,0,8,1
5,6,122429.11460391473,999999,1,5,1
6,8,122430.34087959325,999999,6,0,1
5,5,122430.95183121692,999999,6,2,1
5,3,122433.1558835439,999999,5,6,1
5,6,122433.7722548924,999999,1,6,1
5,5,122435.31043761114,4,999999,6,1
1,5,122436.27139427168,999999,1,6,1
6,4,122436.55894742193,999999,2,3,1
5,5,122442.72452521656,999999,8,6,1
4,5,122447.38269557699,4,2,999999,1
1,6,122447.62245633102,999999,6,4,1
4,3,122449.13430631587,999999,6,2,1
5,4,122454.81044499802,8,999999,3,1
6,0,122456.21727634987,999999,6,6,1
6,0,122458.50649010604,999999,5,8,1
8,8,122458.84712991586,999999,3,2,1
6,6,122466.4526277815,999999,2,4,1
5,3,122466.46425397674,2,999999,5,1
8,8,122468.39690736328,999999,5,1,1
6,6,122475.98269977275,999999,5,0,1
8,2,122477.2551024386,999999,3,1,1
5,5,122479.10445827973,1,0,999999,1
2,5,122479.94101070246,999999,2,0,1
8,1,122482.72471010814,1,999999,3,1
8,5,122486.40456153144,999999,6,8,1
5,6,122486.78748400201,999999,5,1,1
8,6,122487.57247379028,999999,5,6,1
5,1,122488.06965638054,5,999999,6,1
6,2,122488.37791146313,999999,5,1,1
6,6,122492.0751731129,999999,5,8,1
4,6,122494.01197196699,999999,6,5,1
1,6,122496.92043959684,999999,4,8,1
8,5,122500.63958898283,999999,7,5,1
2,2,122501.76101079003,999999,6,6,1
8,5,122502.19874345773,999999,7,6,1
6,6,122508.87517898556,999999,6,2,1
5,6,122512.46395937477,4,999999,8,1
5,4,122513.58637385002,999999,2,1,1
5,3,122519.73588570318,999999,8,1,1
6,6,122520.12870890493,999999,4,5,1
1,8,122529.0013182248,999999,6,1,1
5,0,122530.367343575,999999,6,5,1
6,0,122530.6163527511,999999,3,5,1
6,6,122530.91612362569,5,999999,4,1
5,2,122531.32336288138,999999,5,4,1
2,2,122532.21846197605,999999,3,0,1
5,6,122533.25141283112,5,999999,2,1
4,1,122533.73439002525,8,999999,5,1
5,5,122540.85397499976,999999,8,1,1
6,5,122540.99736237273,2,999999,8,1
6,3,122544.98808611036,999999,6,4,1
1,7,122545.65544348842,999999,5,1,1
6,6,122547.16736439473,999999,7,6,1
6,0,122547.29992222125,999999,8,1,1
4,5,122548.5711577792,999999,6,5,1
6,3,122549.4442891155,999999,6,6,1
1,6,122552.80839798834,999999,1,6,1
1,5,122557.50088067522,999999,3,1,1
8,6,122557.76828566071,6,999999,1,1
6,4,122558.74707479197,999999,5,8,1
8,7,122559.30780212484,999999,1,4,1
5,5,122565.10149494323,999999,6,6,1
5,2,122568.3157651994,3,999999,1,1
6,6,122570.375013113,999999,5,1,1
6,1,122570.43744894762,999999,5,6,1
1,6,122570.5446084637,999999,3,2,1
4,2,122581.27393731478,999999,6,1,1
5,3,122587.16529737796,5,999999,1,1
5,1,122587.84833014442,999999,8,1,1
6,1,122591.07804334637,8,999999,4,1
5,0,122591.29475756406,999999,5,2,1
8,5,122591.61255436839,999999,1,5,1
1,6,122595.70076877339,999999,1,1,1
8,1,122596.2460454684,999999,5,7,1
5,8,122598.89427996459,2,4,999999,1
8,1,122601.80106112195,1,3,999999,1
1,6,122602.3289007014,999999,3,5,1
6,6,122603.23482368457,999999,3,0,1
5,5,122603.89279294874,999999,0,6,1
1,6,122611.28713570886,999999,5,4,1
5,7,122611.89145515955,999999,2,5,1
6,6,122615.92402603655,999999,2,6,1
8,8,122619.37892582334,2,999999,6,1
6,1,122619.80546400537,6,999999,5,1
1,2,122622.12653501747,999999,6,5,1
1,0,122633.15097380817,999999,4,2,1
6,2,122642.38392045144,3,999999,1,1
5,3,122644.51741900216,999999,1,2,1
6,5,122646.48982832396,999999,6,6,1
5,5,122647.76833117264,999999,5,0,1
4,4,122649.06147233692,999999,1,8,1
6,5,122649.47319592575,999999,5,0,1
6,7,122651.26796385177,999999,5,5,1
5,2,122655.11707480194,999999,5,2,1
5,3,122655.98377268502,8,999999,6,1
8,1,122664.27410412735,999999,2,6,1
1,6,122665.87605268588,7,0,999999,1
4,5,122666.00353621127,999999,2,1,1
5,5,122669.97883996517,999999,6,1,1
1,8,122673.9637505643,999999,5,2,1
1,7,122674.55158092221,999999,5,8,1
6,6,122684.31407408588,999999,5,6,1
4,5,122684.46673018708,999999,0,1,1
4,6,122688.80689978403,999999,6,0,1
6,5,122691.70284938595,999999,2,4,1
2,6,122698.65702673524,999999,5,0,1
1,1,122700.21922919228,999999,8,1,1
6,2,122701.74248735645,999999,8,0,1
6,6,122704.49056132749,999999,8,6,1
5,3,122708.10200608778,999999,8,5,1
8,6,122709.41180754332,999999,1,6,1
5,1,122710.13756574149,2,999999,8,1
6,8,122713.45018745697,999999,1,2,1
5,4,122713.89024019643,999999,4,8,1
6,4,122718.50865648787,5,999999,3,1
6,2,122720.8550850555,3,999999,5,1
1,6,122726.12975506629,999999,3,5,1
5,5,122726.74572362714,999999,6,0,1
4,5,122731.46269119531,0,3,4,1
4,6,122735.82641525609,5,999999,7,1
5,4,122737.71506973378,999999,5,1,1
5,1,122737.73148065989,999999,5,5,1
5,8,122745.3734011309,999999,2,3,1
5,1,122748.99689029815,999999,5,8,1
5,1,122752.71958733302,5,999999,6,1
1,2,122752.87380107552,999999,6,8,1
4,0,122753.93759164674,999999,5,2,1
6,1,122756.31070157052,999999,3,5,1
4,2,122756.59696545913,999999,0,3,1
5,3,122757.29436985534,999999,8,6,1
1,5,122762.16437181638,999999,8,6,1
6,5,122763.37669096151,6,999999,0,1
5,5,122766.43458386465,999999,6,8,1
5,0,122766.84984108506,999999,8,4,1
5,6,122771.0183015079,999999,6,5,1
6,8,122772.90231531067,999999,1,6,1
6,0,122773.99480350662,999999,5,6,1
6,0,122779.01720517194,999999,2,6,1
8,1,122779.02391825816,999999,6,3,1
5,5,122780.83952424252,4,999999,6,1
8,1,122783.0258528337,999999,0,4,1
6,7,122783.1860352012,999999,3,5,1
6,5,122784.781185861,999999,4,1,1
8,6,122784.78252491863,999999,2,4,1
5,3,122788.58120227941,999999,6,0,1
1,5,122792.61374592414,999999,1,8,1
6,5,122796.60407767088,999999,6,1,1
4,1,122797.96130006289,999999,2,2,1
6,6,122806.46403875743,999999,1,0,1
5,1,122809.10662902446,999999,7,2,1
8,6,122809.46674034832,999999,5,6,1
5,1,122811.28962438209,999999,6,1,1
2,0,122811.38183848264,999999,1,2,1
1,5,122811.63767812957,0,3,999999,1
1,5,122813.42387648649,999999,5,6,1
4,1,122814.3834520858,999999,0,2,1
6,3,122817.61366707644,999999,1,7,1
5,5,122819.10347285295,6,999999,0,1
5,5,122819.50255495546,3,999999,5,1
5,2,122820.78481992755,5,999999,3,1
6,6,122823.43517838311,999999,2,1,1
4,4,122825.89753560895,999999,7,1,1
5,6,122830.58975182331,5,1,999999,1
4,5,122835.93877061272,999999,1,5,1
1,2,122837.00811125158,6,999999,2,1
5,5,122837.60750532412,999999,0,6,1
6,3,122838.03315696462,5,999999,999999,1
5,1,122840.10235809964,5,999999,2,1
5,8,122846.05317946877,8,999999,6,1
4,6,122851.55877336598,999999,5,1,1
1,5,122851.9860273478,999999,4,5,1
6,1,122852.73214988412,999999,3,0,1
5,5,122853.62032824484,3,999999,1,1
6,5,122854.21355360789,999999,6,4,1
6,2,122863.91748304873,999999,8,6,1
1,5,122865.7952598177,6,999999,4,1
5,1,122873.14215042577,999999,2,6,1
5,5,122875.01191459832,999999,5,999999,1
4,6,122875.37223667144,999999,0,5,1
2,2,122879.9929042639,999999,8,6,1
8,8,122880.09730702794,999999,0,8,1
4,5,122882.3131721119,999999,1,6,1
5,3,122882.3137682445,1,999999,4,1
5,2,122883.14443242412,999999,1,7,1
6,6,122884.71886964543,999999,0,3,1
6,5,122884.75954834797,999999,8,6,1
6,8,122885.98651907111,6,999999,1,1
6,5,122887.84304800958,3,999999,6,1
8,5,122890.84556762624,999999,5,6,1
5,6,122891.46046170387,999999,8,2,1
8,3,122895.70949187115,999999,0,8,1
8,6,122900.04559091943,999999,1,3,1
8,1,122900.29794260192,4,999999,3,1
8,5,122903.34454566058,1,5,999999,1
4,1,122904.50776750765,999999,5,6,1
5,1,122907.55426602667,999999,4,6,1
5,2,122912.11894861855,8,999999,6,1
5,8,122914.81434426605,999999,4,6,1
8,5,122916.50195336646,999999,2,2,1
8,5,122924.86493649767,5,6,999999,1
5,5,122924.87495992993,999999,4,8,1
5,8,122928.96001379807,7,5,5,1
4,4,122932.61787590836,999999,5,0,1
6,6,122934.14403038271,5,999999,6,1
4,6,122935.16808908273,999999,6,5,1
5,5,122938.42018556136,999999,6,8,1
4,5,122944.43796328196,999999,6,1,1
5,0,122945.8783377708,3,999999,2,1
5,2,122952.72459438677,1,999999,1,1
6,5,122956.12079194031,999999,6,3,1
5,5,122960.51470607128,999999,4,1,1
6,1,122962.04819994369,999999,2,6,1
5,5,122970.65755484236,999999,8,8,1
5,2,122970.95251902417,999999,0,1,1
1,1,122971.22677242961,999999,1,5,1
6,3,122973.0817147079,999999,8,0,1
5,1,122975.615198305,999999,7,4,1
6,8,122979.04642543441,999999,6,8,1
6,2,122980.1150791349,999999,6,0,1
5,1,122982.67234129817,8,999999,0,1
6,7,122983.18055929853,999999,8,5,1
1,0,122983.8119122677,999999,6,1,1
1,5,122984.32941461449,999999,2,3,1
5,2,122987.49582955663,6,1,999999,1
5,5,122988.5922997419,999999,5,6,1
1,1,122988.89486825545,999999,5,6,1
5,4,122991.22882182714,999999,5,2,1
2,2,123001.9154225391,999999,3,5,1
6,5,123003.2045182315,999999,6,3,1
5,8,123006.97059682822,999999,6,3,1
5,2,123010.25518483516,999999,2,3,1
4,2,123017.86967779906,999999,6,3,1
5,5,123018.02400878193,999999,1,6,1
6,6,123020.35409785305,999999,8,5,1
1,6,123023.78377935491,999999,3,5,1
1,4,123024.33907578101,999999,5,4,1
6,2,123033.46522256595,999999,8,5,1
6,1,123034.2463700757,999999,0,2,1
6,5,123038.33965768394,2,999999,5,1
6,2,123038.3592934928,1,999999,4,1
1,5,123043.05013501129,999999,0,6,1
1,0,123045.05840196437,999999,6,2,1
6,2,123048.07263623712,999999,3,6,1
6,5,123048.36719594146,999999,6,1,1
5,2,123051.52234933992,5,999999,8,1
1,6,123052.26094075138,999999,1,8,1
6,4,123053.12114346874,999999,3,1,1
6,1,123055.14233430427,999999,6,5,1
6,8,123057.02606366313,999999,6,1,1
4,5,123060.6712064336,999999,6,0,1
5,6,123061.31167856957,999999,6,6,1
4,2,123063.7913388585,999999,3,5,1
6,5,123064.61262408398,999999,3,8,1
6,5,123064.67829597149,999999,4,5,1
4,4,123067.45503821585,999999,6,6,1
6,6,123073.0210165191,999999,5,4,1
1,2,123075.5182952569,999999,1,6,1
5,2,123077.84821987488,999999,4,1,1
1,6,123080.04042387655,999999,5,1,1
1,7,123082.23788621514,999999,0,5,1
1,6,123084.05889070727,999999,1,6,1
6,0,123089.14780683767,5,3,999999,1
6,7,123089.99881371374,5,999999,6,1
8,8,123097.08378375738,999999,3,6,1
8,5,123114.36118173088,999999,6,1,1
5,6,123115.61400368156,999999,0,1,1
1,3,123124.69486995795,1,999999,6,1
8,1,123129.79267706406,5,999999,6,1
1,1,123131.1292327331,999999,6,5,1
6,6,123131.90272744423,999999,6,5,1
8,4,123135.41752939594,999999,5,8,1
4,6,123137.50122786965,999999,2,5,1
6,6,123140.4881936368,999999,1,5,1
8,0,123141.1632016288,999999,5,6,1
8,2,123142.89361077928,999999,5,6,1
5,3,123143.56015290043,999999,1,5,1
5,2,123145.45403721904,999999,0,8,1
5,5,123145.86386562165,999999,0,3,1
6,5,123150.68305003206,999999,8,5,1
5,3,123159.05256359105,6,999999,2,1
5,2,123160.03519502432,999999,4,5,1
5,8,123160.94350787558,999999,3,0,1
5,8,123168.64890926254,8,999999,3,1
2,5,123168.89159812665,999999,4,8,1
4,1,123170.61554217331,999999,8,5,1
4,4,123172.69778559788,999999,8,2,1
6,5,123178.16082725761,999999,8,4,1
4,6,123180.24921370207,999999,1,8,1
5,3,123182.30954939178,999999,1,5,1
6,4,123183.43762832785,999999,5,6,1
5,5,123184.21596753797,999999,8,4,1
8,2,123184.98373571421,999999,1,3,1
6,4,123187.2764879876,5,999999,5,1
6,6,123191.65636457707,999999,6,0,1
6,6,123198.63384128835,999999,5,8,1
6,4,123200.5556129237,999999,5,5,1
1,6,123201.87196811268,0,999999,3,1
1,5,123202.86312670988,999999,0,8,1
5,0,123203.34903392673,999999,6,3,1
6,5,123205.93846653235,999999,8,2,1
5,2,123206.63273014218,3,999999,7,1
6,5,123207.14527840784,999999,1,6,1
8,8,123209.78029784936,999999,1,8,1
5,5,123211.52515861545,999999,5,0,1
5,5,123214.68738258636,999999,4,6,1
5,0,123219.15557642182,1,999999,4,1
2,1,123220.10862700315,999999,6,6,1
5,6,123221.26413290239,999999,1,1,1
5,6,123227.37496825974,999999,3,1,1
5,4,123227.38197646313,999999,2,6,1
8,5,123234.80065319652,6,8,999999,1
1,5,123236.66431832957,999999,1,0,1
8,1,123239.01115101647,999999,1,2,1
8,8,123249.49959503708,4,8,5,1
6,1,123249.82834217759,999999,8,3,1
4,5,123251.3926983744,999999,5,5,1
8,6,123254.6061764058,999999,5,6,1
5,6,123255.78417694624,999999,5,3,1
1,1,123256.18864409724,5,999999,4,1
6,1,123258.51723623087,999999,8,0,1
1,0,123258.72816505753,999999,8,4,1
5,5,123270.98479093818,999999,0,6,1
5,6,123271.65122970381,999999,5,8,1
6,3,123275.17070557768,999999,2,5,1
5,3,123275.59923685635,8,999999,0,1
4,4,123277.89604706637,999999,3,6,1
6,1,123278.00488239017,999999,6,6,1
6,2,123280.87052743699,999999,5,8,1
1,6,123283.1531453322,999999,6,8,1
6,5,123283.58323951758,999999,6,5,1
6,0,123283.79089865605,999999,0,4,1
5,3,123291.61134665135,999999,5,0,1
5,5,123292.0125887019,999999,1,8,1
4,5,123300.76431115632,999999,6,6,1
6,2,123301.62349866022,6,3,999999,1
5,5,123303.68074490601,999999,0,6,1
5,6,123307.02307012976,999999,8,6,1
5,4,123309.71369801078,999999,2,8,1
6,6,123311.65870917507,999999,5,6,1
8,7,123312.26598371884,999999,1,6,1
5,8,123312.53602497705,999999,6,8,1
6,6,123314.1320207727,0,999999,5,1
8,5,123321.47630756727,999999,2,8,1
5,2,123330.68683645075,999999,3,6,1
5,7,123335.60721845271,999999,4,8,1
5,3,123336.99518265096,999999,5,2,1
5,5,123341.90224712084,999999,6,8,1
6,8,123342.01446823511,999999,3,6,1
5,1,123344.09692578885,5,999999,8,1
8,5,123348.69757529107,999999,5,6,1
4,5,123349.74672593985,999999,5,0,1
4,5,123351.24304671622,999999,5,5,1
5,8,123352.58083642353,999999,3,5,1
5,2,123352.79616129141,999999,5,8,1
8,2,123353.77767838437,999999,4,3,1
1,6,123354.48909412455,1,999999,4,1
8,2,123358.63997420768,999999,4,6,1
8,4,123363.94215659615,999999,6,3,1
1,1,123366.3621287368,999999,1,3,1
6,1,123366.63971322261,999999,4,1,1
4,5,123369.23436546532,999999,8,5,1
5,0,123372.9486250645,999999,6,8,1
6,6,123375.16923743678,5,999999,6,1
1,6,123377.70079465552,999999,5,0,1
5,1,123386.28595817063,999999,2,4,1
5,6,123387.77437149732,3,999999,5,1
5,5,123391.21272276224,999999,1,0,1
6,6,123394.91148254811,999999,0,8,1
1,5,123400.2257308549,0,999999,0,1
6,3,123401.37979177551,4,7,999999,1
5,1,123406.36498895768,5,999999,6,1
6,2,123407.23202286744,999999,1,5,1
6,1,123407.71001773325,999999,5,6,1
5,2,123412.98862638246,999999,4,5,1
8,5,123418.23178983942,999999,2,2,1
8,5,123419.89707978995,999999,6,3,1
8,6,123420.85771701206,999999,3,5,1
5,2,123421.66816502802,999999,4,5,1
5,2,123424.43267711831,3,999999,1,1
5,2,123427.54348627689,6,999999,1,1
6,8,123427.67382672182,999999,6,0,1
5,2,123440.91502957683,999999,2,3,1
5,1,123442.12138239248,999999,2,0,1
6,1,123442.93526913988,999999,5,6,1
8,1,123447.65110431351,999999,8,5,1
8,1,123450.50459024287,999999,6,3,1
5,2,123451.2886666119,1,3,999999,1
1,4,123455.6655720204,999999,7,1,1
6,1,123460.83832011014,999999,4,2,1
5,2,123461.29823492355,999999,1,7,1
8,0,123463.2792947382,999999,8,6,1
8,6,123466.15642928067,999999,1,6,1
6,4,123467.60537106138,999999,2,5,1
4,4,123469.5935632322,6,999999,2,1
5,4,123471.93112058257,999999,6,1,1
6,5,123477.8078564771,999999,3,4,1
6,6,123480.15113672738,999999,2,6,1
6,5,123480.36307080991,999999,1,2,1
6,1,123481.37196648661,999999,6,8,1
5,7,123488.48781021344,999999,6,6,1
6,2,123490.4154298605,999999,5,1,1
4,6,123491.83252897067,999999,4,2,1
5,4,123505.17805116352,999999,6,5,1
8,8,123505.63364350809,999999,0,2,1
1,5,123508.09466115398,999999,5,2,1
1,1,123509.66386981512,999999,6,0,1
1,6,123509.91112436201,999999,5,6,1
5,5,123511.17768069389,999999,5,1,1
5,6,123511.75875877224,999999,0,1,1
6,6,123513.53046656592,999999,6,5,1
5,3,123513.9461572759,3,999999,5,1
5,0,123514.05997109672,999999,5,6,1
6,6,123523.52542557822,6,999999,5,1
5,5,123525.2478095582,999999,4,6,1
1,6,123536.74885107498,999999,6,3,1
5,4,123537.51002595134,999999,0,5,1
6,5,123542.69978603619,999999,2,4,1
5,4,123545.7062453175,8,0,999999,1
5,8,123549.89736253693,999999,6,3,1
5,5,123550.89224941695,999999,6,6,1
5,5,123551.49591120487,999999,8,4,1
1,3,123556.23142620496,999999,6,6,1
8,6,123564.88533157248,999999,5,5,1
5,2,123566.92197085511,999999,6,1,1
5,4,123567.68743700115,999999,5,6,1
5,8,123568.80123474843,999999,5,999999,1
4,8,123568.95114495147,999999,0,6,1
5,3,123574.11621066292,999999,2,5,1
6,4,123574.18969446806,999999,0,8,1
6,6,123574.85390548177,3,999999,0,1
2,1,123579.23300700591,999999,6,2,1
6,1,123580.33481167527,999999,6,8,1
5,6,123580.9759433269,999999,6,2,1
5,1,123584.78959414239,999999,2,6,1
5,4,123585.40528028627,999999,5,7,1
5,1,123585.55711357118,2,3,4,1
8,1,123585.64144958132,999999,3,6,1
6,5,123586.24007248433,999999,4,4,1
5,5,123589.48897529833,999999,6,1,1
6,8,123592.91596659429,999999,6,4,1
4,8,123593.99000929965,999999,5,1,1
6,8,123595.21118927657,999999,5,2,1
6,6,123597.08160809134,999999,2,5,1
6,4,123597.08734200294,999999,8,2,1
1,6,123597.98291338106,1,0,999999,1
1,6,123598.2498752522,8,999999,0,1
1,8,123600.24249169226,999999,6,1,1
6,3,123603.7674419401,999999,1,4,1
1,8,123604.28115683835,999999,6,2,1
5,5,123604.29408520162,999999,6,6,1
5,5,123605.53791028357,999999,1,6,1
1,3,123607.30694018812,999999,8,5,1
6,4,123607.49120126058,2,999999,2,1
2,5,123616.33369564502,999999,3,8,1
6,4,123617.52452023378,999999,5,8,1
4,1,123620.36118270365,999999,0,6,1
4,2,123626.01054305237,4,1,999999,1
2,6,123627.06426257407,999999,6,1,1
4,1,123637.75737874451,999999,6,5,1
6,2,123638.65084512382,5,999999,6,1
5,5,123639.30052920087,999999,0,2,1
6,1,123639.768177846,999999,2,5,1
6,6,123643.65747116665,999999,1,5,1
6,1,123651.13617505184,2,999999,2,1
6,6,123651.47880121712,999999,6,8,1
5,5,123654.8574060321,999999,0,999999,1
5,5,123659.26439353649,999999,6,1,1
8,5,123662.76314688855,6,999999,5,1
6,0,123664.59372955667,999999,4,1,1
5,5,123673.78236125529,999999,1,5,1
1,6,123674.7571972321,999999,1,3,1
6,4,123676.67406355581,999999,1,2,1
1,2,123678.18689000035,999999,3,1,1
1,0,123680.02317386652,999999,8,1,1
6,8,123682.40234320656,6,5,999999,1
1,8,123682.69323873076,999999,5,3,1
5,1,123683.87658399226,999999,5,3,1
1,6,123695.47548005,999999,5,8,1
8,8,123699.67415533465,999999,6,8,1
6,8,123702.42528299754,999999,6,5,1
6,2,123702.73370771167,5,999999,0,1
6,6,123707.72400725554,999999,8,8,1
5,3,123711.7326904835,999999,8,0,1
6,5,123713.0600504984,999999,8,3,1
8,6,123719.07755464777,999999,1,5,1
8,8,123720.86229231415,999999,5,2,1
6,2,123722.02364581435,999999,5,5,1
5,1,123722.0946909375,999999,5,0,1
1,5,123722.09830158715,6,999999,0,1
8,2,123726.20521827332,999999,0,5,1
5,0,123739.46005523144,999999,5,6,1
2,6,123740.64714551158,999999,1,5,1
5,3,123744.0651574331,999999,1,6,1
5,5,123746.56624238021,999999,0,5,1
1,0,123750.30528393586,999999,3,5,1
6,6,123751.12663284857,999999,6,8,1
5,6,123755.68996198654,999999,8,8,1
8,4,123762.26828757043,999999,7,4,1
5,1,123762.78641809255,999999,6,8,1
5,2,123764.8083432838,8,4,999999,1
6,3,123767.4475909967,999999,6,1,1
5,4,123772.20503372217,999999,5,0,1
6,2,123775.25852585789,8,3,999999,1
5,5,123777.04944677973,999999,0,2,1
8,8,123798.00776133813,999999,1,8,1
5,5,123805.06212166297,4,999999,6,1
1,1,123809.86701136257,999999,2,6,1
5,4,123812.67281169746,999999,3,6,1
5,2,123814.77264731345,5,999999,1,1
6,1,123819.10537472076,999999,3,6,1
4,0,123821.24075051052,999999,4,1,1
6,2,123823.75283799687,999999,6,3,1
6,2,123827.82159158925,6,999999,8,1
5,2,123830.70079561156,999999,0,5,1
8,3,123857.02117235858,999999,6,5,1
5,6,123857.52890417892,999999,4,2,1
5,5,123858.18887264992,999999,6,2,1
6,4,123858.81495760409,999999,5,8,1
6,2,123859.29210874288,999999,6,6,1
5,1,123859.85710789083,999999,2,0,1
6,5,123861.9736774656,999999,5,2,1
6,5,123862.06389154869,999999,0,6,1
5,4,123868.29266664475,5,999999,2,1
8,2,123877.40942839696,999999,4,6,1
4,5,123879.36301766215,999999,6,7,1
8,6,123884.00523075627,999999,0,8,1
5,6,123894.51925184292,999999,1,5,1
6,6,123895.85332913202,999999,4,7,1
1,6,123901.11425784527,999999,4,0,1
5,2,123902.06410512324,999999,0,3,1
6,6,123906.31678149647,6,999999,5,1
1,2,123906.53535702162,999999,6,0,1
5,2,123912.31869507056,999999,0,6,1
1,1,123912.57128418374,999999,2,6,1
1,1,123912.87440518821,999999,2,6,1
6,6,123922.98573655883,999999,0,2,1
5,7,123923.75928783679,6,999999,3,1
5,5,123925.13236498658,1,999999,5,1
5,8,123934.58575816112,999999,6,5,1
5,6,123938.88627031446,999999,8,1,1
5,2,123939.15912202252,999999,6,1,1
1,6,123949.54459023016,999999,5,6,1
5,1,123955.00852295161,5,999999,2,1
5,2,123961.29964158384,999999,5,2,1
6,3,123973.2117144701,8,999999,5,1
4,6,123976.67857439414,999999,5,6,1
6,2,123977.09137385212,999999,0,8,1
8,2,123980.26829504635,4,999999,2,1
5,6,123983.6984595995,8,2,2,1
5,5,123988.1683946114,1,999999,2,1
5,5,123992.79303873316,999999,6,8,1
8,6,123997.81208260634,999999,5,0,1
5,2,124013.51266361948,3,999999,7,1
5,5,124014.24175062879,999999,4,3,1
5,5,124015.2835050273,2,999999,4,1
4,2,124015.94295922553,999999,6,5,1
2,6,124016.3838106305,5,4,999999,1
1,5,124020.51388162478,0,999999,1,1
6,5,124021.77102172186,6,999999,5,1
5,7,124021.8857082707,999999,8,6,1
1,6,124025.00695613504,999999,5,4,1
8,2,124028.5361852539,999999,5,1,1
6,1,124034.28684756129,999999,6,3,1
5,1,124037.24368983763,999999,6,3,1
5,2,124043.39282083459,999999,8,6,1
6,2,124043.75010240638,0,999999,5,1
5,6,124045.34994008936,999999,2,4,1
1,5,124049.23072904775,999999,0,7,1
8,5,124053.9607350659,1,999999,3,1
4,1,124055.27435264939,0,999999,5,1
5,5,124055.3488394188,6,999999,0,1
4,3,124056.86413756144,999999,2,5,1
6,5,124057.1971554145,999999,5,7,1
1,0,124057.90192435004,999999,6,2,1
6,3,124059.366187693,2,999999,8,1
6,6,124062.75677263972,999999,1,4,1
5,0,124063.97940243584,999999,6,1,1
6,1,124067.09097383963,999999,3,6,1
5,5,124067.1391353824,999999,6,4,1
5,8,124069.40353162833,6,999999,1,1
4,4,124078.2947799698,999999,0,5,1
8,3,124080.6112373933,999999,4,6,1
1,8,124081.78935745543,5,2,6,1
5,2,124081.89929649394,8,999999,5,1
5,6,124083.98878610966,999999,0,5,1
6,5,124087.71784188318,999999,0,2,1
6,6,124090.67222039224,5,999999,3,1
5,8,124100.67699243354,2,4,999999,1
4,2,124102.5393744225,8,999999,6,1
4,1,124102.63429727277,999999,6,2,1
1,8,124104.7819310792,999999,5,4,1
5,1,124109.25083681374,2,999999,5,1
5,5,124114.03627241097,6,0,999999,1
7,5,124114.29452004314,8,1,999999,1
6,3,124123.42665313063,999999,1,0,1
6,3,124124.28022650647,999999,6,4,1
6,2,124124.81709131617,999999,5,5,1
6,1,124127.27909968505,999999,5,5,1
6,6,124127.95706686529,999999,0,5,1
1,8,124129.26832135256,999999,6,5,1
5,6,124130.26935098863,1,999999,4,1
6,8,124131.51885911176,999999,6,8,1
6,2,124133.80679529494,999999,2,0,1
5,4,124136.87542411391,999999,2,7,1
6,0,124141.97618684017,999999,6,5,1
1,5,124144.01686742628,6,6,999999,1
8,4,124151.33474841865,999999,1,5,1
5,7,124158.02517037977,999999,6,5,1
1,1,124158.86281601482,6,999999,3,1
1,2,124166.49537937323,999999,8,5,1
5,2,124167.93620958089,5,999999,8,1
6,5,124172.68849263364,999999,2,2,1
5,2,124173.72272149152,999999,1,6,1
4,2,124180.78225112788,8,999999,4,1
6,1,124183.79588299018,999999,6,2,1
5,1,124184.81576418056,0,999999,1,1
5,5,124195.49578489031,999999,6,5,1
5,0,124197.85777811024,999999,4,2,1
4,1,124197.96684708481,999999,8,8,1
6,0,124200.44815865913,999999,2,6,1
8,2,124204.29358978994,999999,8,1,1
5,3,124204.61637265421,999999,5,4,1
8,2,124205.98894834063,6,6,6,1
8,6,124207.73253872694,999999,3,5,1
4,4,124209.73970100837,999999,8,5,1
4,5,124211.57678401234,999999,8,6,1
5,2,124216.46489917814,999999,3,6,1
5,3,124223.92343999447,0,999999,6,1
6,5,124239.3160772867,5,5,999999,1
6,6,124240.43989468087,999999,4,6,1
6,4,124242.68890972632,999999,2,5,1
5,3,124243.08943130414,999999,8,5,1
2,2,124247.12704743883,999999,5,6,1
6,2,124249.59701874273,999999,2,6,1
1,5,124253.66977084297,999999,6,6,1
1,3,124254.67665477107,8,6,8,1
1,3,124257.76538126875,8,6,2,1
6,5,124259.57761422865,6,999999,0,1
6,6,124259.96080185911,999999,5,0,1
1,6,124266.60829199664,999999,4,4,1
6,4,124268.12906245227,999999,6,3,1
5,1,124271.46906850494,999999,5,6,1
5,6,124271.90853932635,6,999999,2,1
5,6,124274.51348747406,999999,4,5,1
5,5,124281.07722492363,999999,1,8,1
6,3,124285.25976875381,999999,5,4,1
6,6,124286.42807428805,999999,0,5,1
6,1,124289.76898785321,999999,6,5,1
1,6,124292.65332986802,999999,8,0,1
5,0,124292.93953731788,5,999999,4,1
5,2,124301.4337253213,999999,1,0,1
5,5,124307.0375424102,4,999999,3,1
6,6,124309.7343580049,999999,6,1,1
5,8,124310.66661219933,6,0,999999,1
8,1,124311.34095735394,999999,4,2,1
5,6,124313.7404971576,999999,0,6,1
6,1,124315.20089489753,999999,5,6,1
1,6,124317.14244389361,999999,3,5,1
6,0,124317.27209608247,999999,5,6,1
5,4,124317.76868604565,2,999999,5,1
5,0,124328.94914535244,999999,1,5,1
6,8,124331.40624905004,999999,1,2,1
5,8,124331.906094236,2,999999,0,1
5,1,124332.75426693991,999999,5,2,1
5,5,124334.45004570321,999999,6,6,1
8,1,124336.20253490923,999999,2,6,1
5,5,124341.71195342064,4,6,999999,1
4,2,124343.73804848385,999999,5,6,1
6,3,124349.03684312389,999999,2,2,1
8,4,124349.76567251218,999999,7,1,1
8,8,124353.61002047664,2,999999,2,1
1,6,124354.4231474071,999999,0,5,1
6,8,124354.64919648845,999999,3,6,1
5,6,124355.16016299005,999999,5,6,1
5,2,124358.52263958426,999999,5,2,1
6,1,124365.69402303622,8,999999,4,1
5,2,124368.6742545661,6,6,999999,1
6,0,124374.91855864726,999999,5,6,1
6,4,124376.27510016784,999999,6,5,1
6,6,124392.27288877673,999999,2,6,1
6,5,124398.34725108952,999999,0,6,1
6,2,124399.60578503273,999999,1,4,1
5,5,124406.32576475499,999999,3,6,1
6,6,124406.42616943864,999999,5,5,1
5,5,124406.83769081542,999999,5,1,1
5,6,124407.10722072421,999999,0,3,1
8,2,124412.94113367301,999999,8,5,1
5,2,124414.58746300297,999999,5,8,1
1,6,124417.08012721788,1,999999,1,1
4,4,124417.41824419983,999999,5,6,1
5,6,124422.49552908255,999999,0,5,1
6,3,124422.98223857726,999999,0,4,1
1,6,124429.65618704693,999999,4,0,1
1,1,124429.84403055176,999999,5,8,1
5,6,124434.6610385383,999999,3,5,1
5,3,124438.80937782113,999999,8,6,1
6,6,124442.17179501826,6,999999,5,1
5,5,124442.37905308607,999999,2,3,1
5,4,124443.52086206444,999999,6,0,1
5,1,124445.20573442614,8,999999,3,1
5,5,124450.59425639756,999999,6,2,1
5,4,124450.71167717612,999999,6,3,1
6,8,124451.69184124029,2,0,999999,1
6,4,124452.32079597618,999999,5,3,1
5,2,124460.75445720636,8,999999,6,1
6,2,124466.3287775805,999999,3,4,1
4,5,124466.60105180304,999999,6,0,1
1,8,124468.44810271684,999999,5,0,1
1,5,124470.88749786103,999999,8,6,1
4,4,124483.24044769855,999999,5,2,1
5,6,124485.65023555802,999999,6,1,1
5,2,124489.0741139252,3,999999,1,1
2,0,124496.9337725249,6,999999,5,1
5,6,124500.34677377953,999999,6,0,1
6,4,124503.18076131152,999999,0,8,1
1,1,124506.26431005003,999999,6,0,1
6,5,124506.54290851085,999999,1,6,1
6,7,124507.05770852735,999999,2,1,1
8,5,124510.81505344372,999999,2,1,1
5,2,124515.85308122107,999999,4,2,1
6,5,124516.49683132276,999999,0,5,1
1,6,124518.83433777426,999999,5,3,1
8,1,124521.20592098194,8,6,999999,1
5,3,124526.24164803437,999999,0,5,1
1,1,124527.68715425492,999999,2,5,1
6,5,124530.51937953114,999999,5,0,1
6,6,124534.11323460385,999999,2,1,1
6,5,124542.16433954619,999999,8,6,1
5,3,124543.97537733312,999999,5,4,1
5,5,124551.54734546153,999999,1,6,1
5,5,124553.96000595395,999999,6,8,1
5,8,124557.54665359469,999999,2,2,1
8,3,124566.73626626753,999999,2,1,1
1,6,124570.53011207221,2,0,999999,1
5,2,124574.55990330009,999999,1,6,1
1,5,124575.80510329943,999999,8,5,1
5,8,124579.73137690434,999999,5,5,1
8,6,124591.64793231584,999999,6,5,1
5,3,124593.34082957741,999999,2,5,1
4,5,124594.04166785134,999999,6,1,1
5,1,124598.31155058565,999999,0,5,1
1,6,124599.08681897372,999999,6,0,1
6,8,124599.43806069583,999999,2,2,1
5,0,124600.03023944834,999999,8,4,1
2,1,124600.72979253379,999999,1,2,1
6,1,124606.99351307198,999999,3,5,1
6,7,124608.43173190039,1,999999,2,1
1,2,124611.57430216948,999999,4,6,1
6,8,124612.62642042991,999999,0,1,1
5,6,124616.7373641343,999999,6,0,1
6,2,124621.54385904573,999999,1,4,1
5,4,124625.49441320202,999999,2,1,1
1,3,124626.56301649468,999999,6,4,1
5,5,124626.60789493968,999999,6,1,1
5,5,124632.70682443267,999999,8,4,1
5,1,124634.94774336454,999999,6,8,1
1,6,124636.81876225406,8,999999,6,1
2,0,124637.52802083109,999999,6,5,1
4,1,124638.59000657455,999999,4,6,1
6,0,124640.86735127297,999999,4,6,1
1,1,124650.57168823027,999999,6,6,1
5,6,124652.99380292889,999999,6,6,1
1,6,124658.26542674784,999999,6,6,1
6,8,124666.12492330074,999999,6,3,1
5,2,124668.06974282322,999999,3,4,1
8,6,124670.1353215452,999999,0,5,1
5,8,124677.57420173111,5,2,999999,1
5,6,124678.14017229836,999999,6,7,1
6,5,124678.64092752189,999999,8,2,1
5,1,124684.13276684516,999999,6,2,1
5,3,124685.313336896,6,8,7,1
6,5,124686.19644812113,0,999999,6,1
6,7,124691.7810185274,999999,6,5,1
4,0,124698.62071139985,999999,6,5,1
5,6,124703.1438281907,999999,7,6,1
6,3,124705.02122937393,2,999999,0,1
5,5,124711.88573769448,999999,6,1,1
6,5,124713.77053676701,999999,6,1,1
1,1,124714.15237319001,999999,6,0,1
1,2,124717.04890706774,999999,5,5,1
6,6,124719.46018157313,5,999999,8,1
4,5,124719.82590083065,999999,3,5,1
5,5,124724.90038354191,999999,6,5,1
6,8,124725.36865919913,999999,5,6,1
6,6,124739.46260422787,999999,0,3,1
8,0,124743.08655256112,5,999999,0,1
4,2,124743.8194074398,999999,0,5,1
5,6,124746.08018468268,999999,6,0,1
4,6,124754.1844993409,999999,5,6,1
5,7,124757.95415725478,999999,2,6,1
1,5,124766.42527255627,999999,3,8,1
5,1,124767.1725661892,6,999999,1,1
6,2,124770.04986102396,6,999999,1,1
2,6,124770.74011855447,999999,1,1,1
6,6,124771.8563741131,999999,1,3,1
4,5,124775.06649555008,999999,1,6,1
2,6,124781.22434375365,999999,5,0,1
1,6,124782.93447837279,999999,6,3,1
6,6,124791.97614723677,999999,0,6,1
6,4,124794.53000606428,999999,6,0,1
5,6,124796.87505800372,999999,5,0,1
5,5,124801.24770026788,999999,0,0,1
8,8,124803.22020929381,999999,2,6,1
6,0,124803.90731199809,999999,8,5,1
6,1,124806.04112648497,999999,5,8,1
5,2,124808.61533320948,999999,5,8,1
6,5,124808.89179313388,999999,6,6,1
5,0,124811.3053532414,999999,2,2,1
4,1,124811.31114809547,0,999999,5,1
8,6,124823.20987018135,999999,5,1,1
6,7,124830.39459574883,999999,5,8,1
6,3,124833.76752050481,999999,1,4,1
5,5,124835.0213627676,999999,3,5,1
1,5,124836.89549009527,6,999999,5,1
6,5,124841.38928633138,999999,5,5,1
6,5,124842.14387411339,4,999999,7,1
5,6,124844.0468482708,999999,8,1,1
1,0,124848.26421337297,1,2,999999,1
6,3,124849.97391503402,999999,5,1,1
6,4,124850.21103142534,999999,5,1,1
6,4,124850.70905272679,999999,5,1,1
5,4,124854.24899174912,999999,1,5,1
5,5,124856.70210727201,999999,0,8,1
5,5,124857.083924598,999999,8,2,1
5,6,124858.00464700813,999999,5,3,1
4,5,124866.2020097301,999999,8,6,1
1,5,124867.64144491823,999999,1,0,1
5,1,124868.26845103165,999999,5,6,1
6,6,124874.74307798565,999999,0,8,1
6,4,124875.46656377843,999999,5,8,1
6,5,124877.8080687964,999999,5,6,1
6,6,124887.51889365255,999999,8,2,1
5,2,124888.18980217143,999999,3,6,1
5,5,124890.94176104711,999999,5,999999,1
5,1,124899.27635240319,999999,0,8,1
6,6,124901.29910803682,999999,2,6,1
8,8,124906.34874368581,999999,4,0,1
5,3,124909.52260351388,999999,6,2,1
1,3,124911.88476212112,7,999999,0,1
6,5,124916.81179285113,999999,1,0,1
8,5,124916.93267423559,999999,3,5,1
6,2,124920.55824531795,6,999999,2,1
4,0,124932.52588574158,999999,8,3,1
8,7,124935.31608567182,999999,6,2,1
5,4,124948.85596200326,999999,5,5,1
5,1,124953.73416635272,999999,4,8,1
5,2,124957.17901364746,999999,0,1,1
6,5,124965.67784120917,3,999999,2,1
5,6,124966.23978467626,999999,2,1,1
6,1,124966.35754220623,5,999999,5,1
5,5,124970.79757796192,999999,6,0,1
6,5,124972.5542372644,999999,6,6,1
8,5,124976.15188527462,2,999999,1,1
6,8,124976.45536839459,999999,2,6,1
6,6,124981.5425533884,999999,8,8,1
5,2,124983.49048927116,999999,4,5,1
8,6,124986.65691814054,999999,5,5,1
5,5,124991.39913048313,8,6,1,1
8,3,124992.90395518029,999999,6,1,1
5,3,124994.10635858633,999999,5,4,1
6,0,124994.45302368145,999999,5,3,1
1,2,124995.32700763145,999999,1,6,1
8,2,124997.21328797065,999999,5,6,1
5,1,124999.90632289709,999999,5,6,1
1,4,125001.07287313436,6,999999,5,1
5,2,125001.57709641474,999999,4,4,1
6,1,125002.76407894783,999999,5,1,1
4,2,125008.29170300093,5,999999,5,1
5,6,125017.74150632914,999999,2,8,1
5,8,125022.25402876384,999999,6,4,1
1,2,125027.33157767224,999999,1,6,1
6,8,125031.91912092919,3,999999,6,1
6,5,125032.18778914172,999999,8,0,1
6,8,125032.47754361424,999999,5,2,1
1,6,125036.52467237308,999999,5,0,1
5,5,125037.66977694341,999999,2,1,1
8,8,125044.86368315738,0,999999,1,1
5,3,125045.80731675884,6,999999,2,1
6,6,125047.43368107766,999999,5,0,1
1,6,125047.50005497686,3,999999,8,1
5,5,125049.66647132285,999999,0,2,1
5,6,125058.43389803958,999999,1,2,1
6,6,125059.30832612563,999999,6,8,1
5,2,125061.6974814902,999999,0,6,1
1,4,125067.52584589022,999999,2,5,1
4,5,125073.58210647124,999999,6,4,1
1,6,125076.81219596484,999999,0,4,1
6,2,125083.60885525504,999999,0,2,1
6,3,125084.84196083502,999999,5,6,1
6,1,125084.9346401393,999999,1,4,1
2,5,125087.78658269468,999999,6,5,1
6,6,125097.58994647581,999999,0,6,1
5,1,125097.60478173026,999999,2,2,1
8,2,125099.7920846968,999999,5,1,1
5,5,125100.36747307969,999999,1,3,1
6,8,125102.72305673246,999999,5,6,1
5,1,125106.81520404664,999999,8,5,1
1,2,125107.98975731045,999999,7,0,1
1,5,125108.60751191934,999999,3,8,1
6,6,125115.37336821099,5,999999,8,1
5,5,125125.07281702758,999999,5,4,1
1,6,125127.4997881424,999999,2,0,1
6,8,125128.7715828582,999999,0,6,1
8,5,125129.87848266069,999999,6,6,1
4,5,125132.25701552068,999999,6,5,1
5,5,125136.72977627353,999999,6,6,1
5,8,125137.68516965798,0,999999,6,1
4,2,125139.02473487562,999999,2,5,1
4,2,125141.0972495321,999999,8,0,1
1,7,125143.03802896409,999999,1,8,1
4,1,125143.41082981795,999999,2,2,1
8,1,125148.68604581928,4,5,999999,1
5,8,125154.01952631267,4,999999,5,1
6,5,125154.69909424474,999999,6,5,1
5,7,125159.64326161661,999999,0,1,1
5,5,125161.3086496508,999999,1,6,1
1,3,125165.9010556242,7,999999,0,1
4,6,125167.86408590926,999999,8,5,1
1,6,125169.3746145247,999999,5,6,1
6,5,125174.08969627629,1,999999,2,1
5,6,125174.34198867957,999999,8,2,1
5,1,125177.79632615107,999999,5,0,1
6,6,125178.01623222006,999999,0,1,1
1,5,125178.96626605598,999999,1,6,1
1,6,125180.35976013777,0,999999,6,1
1,6,125183.35057186478,999999,7,2,1
6,6,125185.382576074,6,999999,5,1
5,0,125185.99821716192,999999,6,6,1
5,0,125187.86499978584,999999,6,5,1
4,8,125191.70009811339,999999,6,3,1
5,2,125191.93981182521,8,2,999999,1
6,5,125200.41417323137,999999,1,1,1
1,0,125203.32190018245,3,2,1,1
4,2,125204.6245950348,999999,3,5,1
5,6,125205.96525760801,999999,0,5,1
6,3,125215.05619890954,999999,2,0,1
6,6,125233.35853504905,999999,5,2,1
5,3,125236.17365046663,2,999999,4,1
6,2,125236.5386920584,6,999999,4,1
4,5,125241.21180248179,999999,8,8,1
6,6,125244.87432436131,999999,8,1,1
6,7,125246.26198977773,999999,3,5,1
6,2,125248.03856825708,999999,8,2,1
8,3,125248.42575653706,6,999999,2,1
5,2,125249.17057617616,999999,5,8,1
1,5,125257.39941295335,999999,6,6,1
8,5,125257.46871863928,2,999999,3,1
5,2,125257.73930917135,999999,8,5,1
2,6,125257.8927452315,999999,0,5,1
5,1,125258.38482356198,999999,6,1,1
6,6,125259.76248331415,999999,5,1,1
8,6,125260.35851132302,999999,2,8,1
6,5,125265.63572082687,999999,5,6,1
6,2,125266.21186597868,999999,5,8,1
5,5,125268.87798760722,999999,3,5,1
4,4,125269.00842301754,6,999999,6,1
5,5,125270.20842764503,999999,2,4,1
1,0,125277.94854640104,999999,3,6,1
5,2,125278.07216918607,999999,1,8,1
4,6,125286.6965666641,5,999999,1,1
5,4,125290.7048312546,4,999999,3,1
1,5,125291.0722006915,999999,6,3,1
6,8,125292.35131138682,1,999999,1,1
5,8,125294.86175831444,999999,5,6,1
6,2,125295.02915485646,999999,2,3,1
6,3,125295.85405759969,999999,5,2,1
4,2,125302.72554891801,999999,3,5,1
4,5,125305.35847831304,999999,1,8,1
4,3,125305.96136732056,2,999999,1,1
4,3,125307.16641327682,999999,6,8,1
1,3,125314.50731433343,5,7,999999,1
6,5,125318.43044654345,999999,0,8,1
6,7,125324.00778863931,999999,8,4,1
5,5,125325.26369086427,999999,2,0,1
2,2,125325.69429351512,999999,8,6,1
4,5,125326.99659947855,999999,2,5,1
8,6,125329.72844294558,999999,5,0,1
4,3,125332.72303673292,4,999999,0,1
8,8,125334.69804244344,999999,8,3,1
5,5,125341.88015101188,1,999999,8,1
5,1,125351.35096671614,999999,6,0,1
8,4,125352.4733357895,999999,5,8,1
5,6,125355.08746562774,999999,8,1,1
5,0,125358.51937960819,2,999999,5,1
6,1,125367.52632298814,999999,5,1,1
6,5,125372.37990799804,6,999999,5,1
6,1,125372.56990298277,999999,4,2,1
4,4,125373.99153474838,999999,8,6,1
5,5,125376.36351948991,1,999999,3,1
4,2,125377.92756145727,6,999999,1,1
6,8,125379.0117137474,999999,7,5,1
1,6,125381.0589886442,999999,5,4,1
1,6,125381.5009698683,999999,0,5,1
1,3,125391.75270059568,4,999999,6,1
2,2,125395.854812458,999999,3,0,1
5,7,125397.5023274695,999999,8,6,1
2,6,125399.82092471169,3,999999,0,1
5,3,125400.53797710386,999999,6,5,1
5,3,125402.37838005787,999999,5,6,1
5,2,125403.04902508369,999999,5,8,1
5,3,125403.40547415837,999999,0,1,1
8,4,125404.44306426343,999999,2,5,1
1,0,125409.56207096385,4,999999,6,1
5,2,125410.08781817899,999999,1,0,1
6,2,125410.16093938293,999999,6,0,1
6,6,125412.063582299,999999,2,4,1
6,5,125412.75096204961,999999,4,6,1
6,1,125414.05398400465,999999,2,6,1
1,3,125414.34575616768,0,999999,2,1
6,6,125415.89575289634,8,999999,1,1
8,5,125420.53935774205,999999,1,6,1
1,8,125427.97953362997,999999,8,5,1
5,2,125430.14445891549,999999,1,7,1
1,4,125434.38062655194,999999,2,5,1
5,6,125435.7415403393,999999,4,8,1
6,6,125436.92376387425,999999,4,6,1
8,2,125441.01566483278,999999,5,1,1
5,4,125450.42963420831,999999,1,6,1
6,6,125450.45457670484,999999,5,2,1
5,8,125452.0489323668,999999,0,6,1
8,6,125455.99347643062,999999,4,2,1
5,1,125458.58437654388,999999,6,2,1
6,2,125459.67541583595,999999,5,6,1
8,3,125460.51503479689,999999,6,5,1
1,3,125462.11167565228,6,999999,6,1
6,6,125471.43822546561,999999,5,7,1
4,8,125473.99211086148,999999,5,6,1
4,6,125478.52559373972,999999,5,0,1
8,1,125493.25176128208,999999,5,5,1
8,1,125494.93774706093,999999,6,4,1
6,6,125501.94412126606,999999,8,5,1
2,6,125505.22680533571,999999,1,4,1
6,2,125508.90133004176,0,999999,5,1
1,2,125513.39632538623,999999,8,1,1
6,5,125513.83804381313,999999,2,6,1
5,5,125523.18662536837,1,999999,5,1
5,6,125524.68173502492,999999,5,1,1
6,2,125525.63860167042,999999,2,6,1
5,2,125525.83732239465,999999,7,6,1
6,5,125528.89401573887,999999,0,3,1
1,5,125542.3461134767,999999,6,8,1
5,6,125549.93456646988,999999,1,5,1
4,8,125554.01866327244,999999,6,5,1
8,6,125568.83419172665,5,999999,6,1
5,5,125571.87383674775,999999,0,6,1
1,5,125577.50758836252,999999,6,6,1
5,6,125578.55404910637,999999,6,1,1
8,2,125582.10332175446,999999,0,5,1
8,8,125582.72527812586,999999,1,0,1
8,2,125588.89741745671,6,999999,3,1
5,6,125590.65747445897,999999,5,0,1
4,6,125602.40940020648,999999,5,2,1
6,2,125606.04452982465,999999,6,1,1
5,6,125610.2760575203,999999,6,5,1
5,5,125615.71866619005,999999,1,8,1
5,6,125616.45575357512,0,6,999999,1
6,5,125621.47835334092,999999,8,1,1
6,6,125621.98980686032,1,999999,2,1
5,1,125633.53067935658,999999,3,1,1
6,1,125638.63454211704,3,999999,2,1
5,5,125639.81390036353,999999,0,6,1
5,5,125641.68700895632,2,999999,1,1
1,6,125645.3384238873,999999,0,3,1
2,7,125650.84183430008,999999,0,5,1
5,2,125658.06924306361,999999,8,8,1
5,2,125661.74708213337,999999,4,4,1
8,5,125665.73263174684,999999,0,2,1
5,4,125667.64417009782,999999,5,8,1
6,0,125668.74003167712,999999,6,6,1
5,5,125671.63054075249,999999,8,5,1
6,4,125673.267723898,999999,5,5,1
5,6,125677.28055945865,999999,6,3,1
1,5,125678.09661091406,6,6,999999,1
5,5,125679.64556406294,999999,3,6,1
5,6,125686.02326404494,999999,6,5,1
5,0,125689.37099116172,999999,1,3,1
2,6,125690.19732163363,999999,4,6,1
4,0,125697.10298478803,999999,6,5,1
4,6,125702.80686641185,999999,8,1,1
6,5,125711.01866069586,999999,1,3,1
5,3,125713.2010321315,999999,5,6,1
5,2,125714.33887619151,999999,5,5,1
6,3,125715.64826900435,999999,6,6,1
6,0,125726.02875927718,999999,6,1,1
8,3,125728.86697829186,999999,3,4,1
1,4,125728.98347216731,999999,5,6,1
6,2,125729.11472119894,999999,6,0,1
1,5,125730.8986008551,999999,1,2,1
8,5,125731.27213754637,999999,5,7,1
2,4,125734.21656356612,999999,2,0,1
6,5,125735.91719741508,999999,5,8,1
5,8,125740.07036016471,5,2,5,1
1,2,125741.69099139085,999999,3,1,1
6,5,125742.5670079848,999999,1,2,1
1,5,125742.64169058172,6,6,999999,1
6,8,125743.79190998746,999999,4,5,1
6,2,125746.1001662008,8,999999,0,1
6,5,125746.65702237362,999999,2,8,1
4,0,125758.53904471353,999999,5,5,1
6,5,125769.57863155412,999999,1,1,1
8,2,125770.55668378618,999999,5,1,1
1,8,125774.78464135948,999999,2,5,1
6,5,125782.35904829674,6,999999,1,1
1,5,125783.40210100364,999999,8,6,1
6,5,125786.99557562385,999999,6,5,1
6,1,125793.13844634347,999999,5,0,1
6,2,125798.63166216887,999999,1,6,1
5,1,125799.76877019517,999999,2,6,1
5,5,125807.8016326775,6,999999,4,1
6,4,125812.6027196073,999999,5,1,1
6,5,125816.33585065608,999999,1,2,1
5,5,125818.63012403536,999999,0,1,1
5,1,125818.76596915442,999999,1,8,1
5,1,125820.86789279891,999999,2,5,1
1,6,125821.09091998303,999999,3,5,1
5,6,125825.5078063796,999999,1,8,1
5,1,125827.32107940584,6,999999,6,1
5,3,125829.07608652076,999999,6,1,1
2,6,125830.01891064072,999999,5,0,1
5,2,125831.84427014273,999999,3,0,1
5,0,125832.72541539771,999999,2,6,1
6,5,125833.93214673252,999999,1,6,1
1,5,125838.83704334382,999999,0,5,1
6,4,125842.1118158211,999999,6,6,1
5,0,125850.08235749108,999999,1,6,1
6,4,125850.64915255543,999999,0,5,1
5,6,125852.1915871114,999999,6,3,1
6,5,125852.33593667448,999999,3,6,1
5,5,125852.83441689843,999999,1,4,1
5,1,125875.3843471,999999,6,2,1
5,2,125875.46645919475,999999,5,3,1
6,1,125878.05798641115,999999,6,1,1
5,5,125878.26020471822,999999,6,5,1
6,6,125884.04138012521,999999,5,3,1
5,6,125884.35658160134,999999,1,6,1
5,0,125885.45373121332,999999,5,8,1
5,6,125885.72715182757,999999,2,6,1
5,3,125887.96834011035,999999,8,1,1
5,2,125891.01354656628,999999,5,3,1
2,5,125891.91844972402,5,999999,0,1
8,2,125892.26104667578,3,999999,4,1
5,8,125895.86508573891,999999,6,8,1
1,1,125896.12624496789,999999,6,0,1
5,3,125904.83603595664,999999,2,4,1
6,5,125915.08311959433,999999,2,5,1
1,3,125918.35644239158,999999,5,1,1
6,7,125918.49644447905,999999,3,5,1
8,1,125922.6969404494,999999,6,8,1
5,2,125927.49607354947,999999,5,8,1
5,5,125931.14717389931,999999,1,4,1
5,1,125936.27843706231,999999,5,5,1
6,7,125938.15861590316,999999,4,2,1
5,5,125942.96924955667,999999,2,8,1
6,0,125945.83640580754,999999,6,4,1
4,8,125949.69126471107,999999,2,3,1
6,6,125949.99511901622,8,8,999999,1
1,6,125952.23012363657,999999,2,1,1
4,2,125952.53399281696,999999,6,5,1
8,4,125953.25982986583,999999,2,8,1
6,4,125953.3681021204,999999,5,3,1
4,1,125957.08131255474,999999,6,5,1
5,5,125961.20196142491,999999,0,2,1
5,5,125963.53368379598,999999,6,0,1
8,2,125964.27192794335,6,999999,3,1
5,0,125965.35645682266,3,999999,6,1
5,2,125970.55838607987,999999,8,6,1
6,1,125974.79916582622,999999,6,0,1
5,3,125982.9136541224,999999,5,6,1
1,2,125984.60330976047,999999,5,0,1
6,1,125990.28642158648,999999,0,6,1
6,2,125992.9654927555,8,8,999999,1
6,0,125999.20572725688,999999,6,2,1
5,6,126010.50370964005,999999,5,4,1
5,0,126011.34764666639,999999,8,6,1
8,3,126016.10162851482,8,999999,0,1
6,5,126021.25470318507,999999,6,6,1
5,1,126021.70737429663,0,999999,1,1
4,8,126037.31642853495,4,999999,1,1
6,1,126039.05398608444,999999,2,7,1
6,2,126040.929145523,999999,1,8,1
2,1,126047.96704262882,999999,8,2,1
1,0,126048.51567990657,999999,6,1,1
5,2,126054.1692707626,999999,2,3,1
6,1,126054.43949791083,999999,6,8,1
5,2,126057.37803083872,999999,0,2,1
5,1,126058.14104393241,999999,6,5,1
6,5,126063.16345109344,999999,2,5,1
5,5,126066.61225547241,999999,6,6,1
5,4,126067.85665658733,999999,6,7,1
5,3,126072.80963360457,999999,5,6,1
5,0,126077.98469890445,999999,6,1,1
4,8,126078.39217670908,999999,1,5,1
5,3,126084.40403833188,999999,6,5,1
5,5,126085.30089246594,999999,5,4,1
6,0,126093.7937733346,999999,1,2,1
6,3,126093.91631723741,999999,5,6,1
4,8,126095.09951772062,999999,5,1,1
6,8,126095.2849725333,999999,5,2,1
6,6,126101.2182331246,999999,5,5,1
8,6,126101.46950063611,999999,6,3,1
6,1,126102.57633158077,7,999999,6,1
1,2,126105.56376894828,999999,6,0,1
6,1,126106.33759576792,5,6,999999,1
6,1,126106.7379595866,999999,6,8,1
6,5,126106.96729671156,999999,8,6,1
6,5,126108.42403102781,999999,8,5,1
5,2,126111.11773160624,999999,5,6,1
4,2,126112.15418180679,999999,6,5,1
6,5,126113.63571534649,999999,6,1,1
5,1,126113.74547816662,0,999999,8,1
5,6,126119.36168237534,999999,0,8,1
6,0,126127.22308336315,999999,1,8,1
4,0,126133.26304580504,6,999999,1,1
5,1,126133.76380370354,999999,0,6,1
8,5,126140.67969050814,999999,6,6,1
5,5,126143.71960837196,999999,6,2,1
4,1,126146.18376169755,0,999999,5,1
6,5,126146.5966459518,8,999999,2,1
2,2,126153.66439385297,999999,0,4,1
4,7,126154.83841213562,999999,5,6,1
8,4,126157.61220897287,999999,1,2,1
4,6,126161.17852104458,8,999999,0,1
5,1,126165.62524084274,999999,6,4,1
8,8,126168.34148944386,999999,2,6,1
6,2,126172.63088466949,0,999999,5,1
5,5,126174.94613933469,999999,4,6,1
5,6,126179.28912410965,999999,8,6,1
4,3,126181.94173586961,4,999999,5,1
8,8,126182.9617869088,999999,0,5,1
6,6,126188.1083652792,999999,4,4,1
6,5,126191.26112303579,3,999999,4,1
8,5,126191.58165355658,999999,8,0,1
4,6,126198.76971371254,6,999999,8,1
4,2,126205.02487871092,999999,6,0,1
1,6,126209.25034438817,999999,0,5,1
6,5,126213.15974833771,999999,0,8,1
6,6,126220.95904425578,6,999999,4,1
6,4,126223.79015806869,999999,8,7,1
6,6,126225.2915155641,999999,1,0,1
5,6,126226.0786099447,999999,8,3,1
6,8,126237.84021973576,999999,0,6,1
5,5,126240.01346420497,1,999999,5,1
6,6,126244.1576076904,999999,1,8,1
5,2,126245.5911693558,999999,3,5,1
6,2,126247.13803994606,999999,4,5,1
5,6,126251.03023505915,8,6,999999,1
4,6,126252.04159893267,999999,6,3,1
5,6,126255.17084697395,3,999999,6,1
5,6,126264.86865364607,999999,1,5,1
6,5,126274.35729582349,3,999999,1,1
6,5,126278.42820118842,999999,5,6,1
5,8,126284.05239559704,999999,3,4,1
2,0,126284.34550640729,999999,5,7,1
5,5,126294.25129843008,2,3,999999,1
6,5,126295.54832162938,8,999999,6,1
1,6,126302.29541664655,999999,3,5,1
8,5,126305.51189862103,999999,8,0,1
1,5,126308.82908225071,999999,5,2,1
5,5,126310.67071449866,999999,0,2,1
5,0,126320.15477298667,999999,1,8,1
1,5,126323.48821729851,999999,6,5,1
8,1,126325.43078694517,6,999999,0,1
5,2,126325.62060221373,999999,0,6,1
5,5,126330.74369636412,999999,4,2,1
6,5,126331.35820129537,999999,5,6,1
6,6,126333.60198536339,999999,5,6,1
4,1,126335.55564647207,999999,0,6,1
6,3,126336.3573255251,999999,6,6,1
5,0,126347.01674471491,999999,6,5,1
5,0,126375.36345306662,999999,3,5,1
5,2,126389.669773894,999999,6,2,1
6,2,126390.78560817064,999999,2,7,1
5,6,126392.3238555051,2,999999,5,1
6,6,126392.44746666565,0,999999,8,1
5,2,126393.05826146796,999999,3,4,1
1,3,126415.46427289111,6,999999,3,1
6,3,126416.90897367573,999999,2,5,1
2,5,126417.45965699387,999999,2,6,1
8,2,126418.34071138698,999999,3,5,1
5,5,126428.92540136709,999999,5,6,1
5,5,126435.97445432053,8,999999,1,1
5,1,126439.96261302885,999999,5,8,1
5,5,126442.50883772901,999999,1,8,1
4,1,126447.74106412125,999999,5,2,1
6,8,126448.32851083051,999999,5,4,1
4,4,126455.83444987939,999999,6,5,1
6,1,126459.21053425128,999999,8,6,1
5,6,126461.09623588299,999999,6,0,1
5,3,126463.35994486618,999999,3,5,1
4,5,126463.57645134686,999999,8,7,1
6,8,126476.22910035026,999999,5,3,1
8,8,126477.18351445592,999999,5,1,1
5,4,126478.86526372014,999999,1,6,1
6,6,126482.36025553978,999999,2,5,1
6,0,126482.8027233794,999999,5,4,1
6,6,126483.23596094019,999999,5,2,1
2,5,126487.350157896,999999,6,6,1
6,6,126490.47176555882,999999,5,0,1
4,5,126491.12669223554,999999,8,1,1
1,1,126498.66303496655,999999,5,6,1
4,4,126508.00678421104,999999,1,5,1
5,4,126508.3427943413,999999,0,8,1
6,1,126510.7766636394,999999,8,0,1
6,4,126523.1685708819,1,999999,5,1
6,1,126525.12423258723,999999,8,6,1
5,7,126529.52256599003,999999,5,1,1
6,5,126534.10422635564,5,999999,8,1
6,3,126548.08035623531,999999,4,5,1
6,5,126550.05367290528,999999,6,0,1
6,4,126550.97435522622,999999,6,0,1
8,5,126552.79533434092,5,999999,3,1
6,3,126557.36505103986,999999,8,0,1
5,2,126558.90677118866,999999,8,5,1
8,8,126559.41588203452,8,1,6,1
6,7,126559.75552351424,8,999999,6,1
5,0,126560.52223818284,999999,2,4,1
5,3,126561.35417379743,999999,2,6,1
1,4,126566.4104408555,0,1,999999,1
5,1,126573.60980301013,4,999999,5,1
1,6,126575.83613399477,999999,0,5,1
1,6,126587.5665915112,999999,8,4,1
6,8,126589.25136218169,999999,4,6,1
6,5,126596.61549358092,999999,6,1,1
6,7,126599.29704065765,999999,8,0,1
8,2,126605.74572627254,999999,4,6,1
6,5,126609.35833188215,999999,8,6,1
6,6,126612.10991881997,999999,8,4,1
1,6,126612.24017322797,999999,3,5,1
6,1,126615.0029623564,999999,0,5,1
4,8,126615.06812472631,999999,0,3,1
1,5,126617.4530761221,999999,2,6,1
5,5,126625.00783046396,999999,8,4,1
5,4,126629.62865197225,999999,6,8,1
6,2,126629.95793710533,2,999999,8,1
6,5,126633.0332604904,999999,2,1,1
1,4,126641.06857714728,999999,5,1,1
1,6,126644.05456504022,999999,8,5,1
1,6,126672.99043397591,6,999999,6,1
1,2,126673.21490871118,999999,8,1,1
6,8,126678.55127226036,999999,8,3,1
2,5,126682.02418021926,0,999999,4,1
1,3,126682.34146292532,999999,8,2,1
6,6,126684.2768665937,8,5,999999,1
5,5,126687.16485853297,999999,1,8,1
6,1,126688.0781229337,999999,2,6,1
5,7,126688.82147801005,999999,1,1,1
5,2,126695.7215011061,999999,8,0,1
8,6,126697.76967036513,999999,3,0,1
5,4,126698.08464504672,5,999999,2,1
5,6,126698.85364200259,999999,6,6,1
4,2,126700.08544947144,999999,5,5,1
5,5,126702.51565463965,999999,0,5,1
1,6,126708.08596380384,999999,5,1,1
6,6,126709.45261555616,999999,999999,2,1
6,0,126722.43971028154,999999,1,3,1
4,6,126722.44370290286,0,999999,1,1
5,6,126727.14321549029,5,999999,1,1
1,6,126732.14313576356,5,999999,2,1
5,3,126737.47169654976,999999,8,5,1
5,2,126738.42020711083,5,0,999999,1
4,6,126744.00242138118,5,999999,8,1
6,2,126748.37159876103,2,999999,3,1
1,5,126760.30776040071,999999,1,5,1
5,1,126762.70086201213,4,3,6,1
5,8,126763.3996238084,999999,6,2,1
5,3,126767.8851342623,999999,2,7,1
6,1,126769.77126272008,4,999999,5,1
4,5,126772.25267056366,999999,6,2,1
1,1,126773.07055072064,4,8,999999,1
4,6,126777.79623624748,5,999999,7,1
6,3,126779.07750999695,999999,8,2,1
5,5,126779.39279226396,1,0,999999,1
5,4,126780.17220167932,6,999999,8,1
5,5,126784.17625705704,999999,2,6,1
6,6,126788.9345680119,999999,3,0,1
5,6,126789.73378279136,2,999999,8,1
1,2,126794.54475927973,5,4,6,1
6,6,126798.6348765251,999999,4,6,1
5,2,126806.54847998936,999999,6,5,1
1,5,126807.38599008933,3,6,999999,1
6,2,126809.54702674464,1,999999,6,1
6,8,126810.06361902421,5,999999,1,1
6,2,126814.72681162452,3,1,5,1
1,2,126820.31120509782,999999,5,6,1
8,8,126822.37891926599,999999,6,5,1
4,1,126827.57037436555,999999,5,5,1
4,1,126829.98399954503,999999,3,5,1
6,1,126830.98407931204,999999,8,0,1
8,6,126835.00409906488,999999,5,3,1
2,6,126836.29836611311,999999,2,6,1
8,0,126840.68968491563,999999,6,5,1
4,2,126842.46787357742,4,1,999999,1
6,6,126844.00994999362,999999,6,1,1
2,2,126857.55164406089,999999,4,6,1
5,0,126863.95791630885,999999,8,6,1
1,3,126872.5511301928,999999,2,6,1
6,5,126875.09148241722,999999,2,5,1
1,5,126879.36217934992,999999,1,7,1
6,4,126882.43212521254,999999,2,1,1
6,5,126883.51962148314,999999,1,5,1
5,5,126885.15855711824,999999,6,2,1
6,5,126890.38139903914,999999,5,1,1
4,2,126891.10291733229,999999,6,5,1
6,3,126894.98921177021,1,8,999999,1
5,0,126896.43682623887,999999,6,5,1
6,4,126899.8253705822,6,999999,5,1
6,2,126903.73117090267,999999,3,5,1
6,0,126910.45894312212,999999,6,2,1
5,2,126915.98446369432,999999,6,8,1
5,4,126928.52391538965,999999,4,3,1
5,2,126930.6247446145,6,999999,3,1
4,1,126931.63068462179,999999,6,5,1
4,6,126931.74752652654,999999,5,0,1
4,0,126936.12463191978,999999,5,3,1
5,5,126938.42453368934,999999,5,1,1
6,5,126945.46482790091,999999,8,6,1
2,4,126947.75461513513,999999,5,8,1
1,3,126948.3729208223,999999,7,5,1
4,2,126953.8000437031,999999,3,5,1
5,1,126955.60926253904,5,999999,2,1
5,0,126961.65665675834,999999,6,6,1
5,5,126965.1389743951,999999,0,3,1
5,5,126969.41684456824,999999,3,1,1
6,8,126973.43570324869,999999,8,6,1
1,2,126976.50222391766,999999,4,0,1
5,2,126981.51194822091,999999,8,6,1
8,1,126982.57966772938,999999,6,1,1
4,0,126983.40802335933,999999,2,3,1
1,6,126984.18625939841,999999,5,2,1
8,5,126985.03698375184,999999,2,1,1
5,2,126995.87379958056,6,999999,1,1
5,2,126996.56696510967,999999,6,5,1
5,5,126996.90179917014,999999,8,3,1
5,1,127005.28560843867,999999,1,6,1
5,6,127006.8712976189,999999,5,1,1
4,6,127014.56947449237,999999,8,3,1
5,4,127017.81872540711,999999,6,3,1
6,6,127022.34354704792,999999,5,1,1
6,2,127023.76831368501,999999,1,4,1
6,7,127026.58413973755,999999,5,1,1
5,5,127036.58304787088,999999,4,5,1
5,2,127044.55983793752,999999,4,1,1
6,2,127044.72504034125,0,999999,4,1
8,8,127052.27739348964,999999,1,6,1
5,6,127052.30996583868,999999,1,6,1
5,5,127054.15151100312,999999,6,6,1
5,5,127054.52094143996,999999,4,6,1
6,1,127054.66297424963,999999,5,6,1
6,6,127056.47156165328,999999,1,1,1
1,0,127056.48942906139,999999,5,3,1
6,8,127057.39491673425,999999,5,2,1
6,6,127063.07559356798,999999,5,0,1
1,2,127065.61199867191,4,999999,8,1
6,8,127067.9906513861,999999,0,6,1
6,3,127074.10829546963,999999,6,4,1
6,2,127081.14009887924,999999,3,5,1
5,6,127093.18618789742,999999,2,0,1
5,2,127097.33539105892,999999,3,5,1
5,3,127099.43267261352,8,999999,2,1
1,4,127102.26853859192,999999,5,2,1
4,7,127104.94141685398,3,999999,4,1
6,6,127110.88227071785,999999,6,5,1
5,8,127111.55531932514,999999,6,8,1
5,5,127119.26402622918,999999,3,6,1
4,6,127123.11396395008,999999,2,1,1
6,5,127142.43355912971,999999,1,8,1
6,1,127143.8072242722,999999,4,5,1
5,6,127146.00621647977,999999,8,6,1
5,6,127151.18272480227,999999,5,6,1
1,3,127151.9568456201,999999,6,6,1
5,1,127163.62517251492,999999,6,4,1
5,6,127164.21409416453,999999,3,0,1
6,8,127169.51956201749,999999,5,2,1
5,5,127179.56055747395,1,999999,5,1
6,2,127184.00577311248,5,999999,6,1
6,4,127185.29143514272,999999,8,1,1
6,1,127186.100054945,999999,4,5,1
1,0,127187.98727614447,999999,8,3,1
2,5,127197.04944529357,999999,8,3,1
6,1,127206.48464494967,999999,6,4,1
1,0,127209.10596722961,999999,6,1,1
5,6,127213.18731761375,999999,1,5,1
6,4,127217.66965487093,999999,8,6,1
6,8,127218.72928266833,5,4,999999,1
5,1,127219.56498282825,999999,0,5,1
8,0,127221.53328306446,999999,5,6,1
5,6,127223.89926239125,999999,6,6,1
2,1,127225.14476265067,6,999999,5,1
5,6,127225.15251083652,999999,5,4,1
4,4,127226.24703666272,999999,1,6,1
6,6,127230.7173455296,999999,8,1,1
5,1,127232.57510856238,999999,8,5,1
8,2,127243.575507474,999999,5,5,1
6,1,127244.42240377204,2,3,999999,1
1,5,127251.34695832506,5,999999,4,1
6,5,127253.93007911826,999999,0,6,1
6,2,127254.72683559173,6,999999,8,1
6,5,127256.74285384938,6,999999,5,1
2,5,127257.389259494,999999,5,8,1
6,1,127257.86171104928,999999,8,6,1
5,3,127261.03032514836,999999,6,6,1
5,6,127274.78944984586,999999,5,4,1
5,2,127276.87014123224,999999,4,2,1
8,2,127283.94974580666,999999,7,2,1
5,6,127298.47859079932,999999,2,8,1
6,5,127299.16904225534,999999,6,8,1
1,7,127302.04978626381,999999,6,4,1
5,5,127305.09004185132,999999,2,4,1
8,0,127307.50494443004,999999,3,6,1
5,6,127309.47822829266,999999,0,6,1
6,6,127318.05395064925,999999,6,6,1
1,1,127320.29438097526,999999,8,6,1
1,6,127323.12219293698,999999,6,0,1
6,6,127327.01211951268,999999,3,8,1
6,7,127327.41369031025,999999,4,6,1
5,5,127334.29714226893,999999,1,8,1
4,3,127335.62306679586,6,999999,2,1
6,5,127339.64204082698,2,6,999999,1
1,2,127342.2205128121,999999,7,0,1
2,1,127345.46760607023,999999,5,1,1
1,2,127347.84390543861,4,999999,5,1
6,5,127358.41406551724,999999,1,7,1
5,5,127359.4556317828,999999,2,8,1
6,6,127361.12634649858,999999,5,6,1
6,7,127362.26932953666,999999,6,4,1
8,2,127362.99851625407,6,6,6,1
1,1,127367.34639347935,999999,2,5,1
5,2,127367.86233513324,999999,3,4,1
5,6,127373.46046425661,999999,2,1,1
5,6,127381.93027317416,999999,2,5,1
6,8,127383.205472254,3,999999,4,1
5,2,127386.01302666502,3,999999,1,1
5,2,127387.22010849424,999999,6,3,1
5,6,127393.20235185105,999999,6,8,1
6,6,127394.30544215342,999999,8,4,1
1,6,127407.6155760209,2,999999,5,1
5,0,127408.9024792795,999999,2,6,1
5,7,127418.42747818699,999999,8,6,1
5,2,127423.27437166366,999999,6,3,1
5,6,127426.13528877878,999999,1,5,1
2,2,127431.46219287223,999999,5,6,1
6,1,127431.80118778592,999999,6,4,1
5,1,127441.65701287573,999999,6,5,1
5,6,127441.89991611282,999999,3,1,1
5,6,127444.35413277172,999999,5,0,1
5,2,127445.16659445695,999999,0,5,1
5,6,127447.74516648661,999999,2,1,1
6,8,127451.6327596071,999999,2,5,1
5,8,127458.06746838817,999999,3,6,1
2,1,127462.24521377234,999999,6,3,1
8,6,127465.14877548043,999999,3,6,1
6,1,127467.30103330746,999999,5,6,1
5,7,127470.61313871988,999999,6,4,1
4,2,127471.91513267308,999999,3,5,1
1,2,127478.09280265577,999999,6,5,1
5,6,127483.83022212141,999999,5,0,1
6,3,127488.55933360034,999999,2,5,1
8,5,127498.63676795136,999999,1,4,1
2,8,127503.5150511667,5,999999,1,1
6,2,127518.45248466897,5,999999,1,1
6,4,127518.45822305496,999999,5,3,1
5,6,127520.81519713443,2,999999,5,1
6,5,127522.7671523747,999999,5,2,1
1,5,127523.61030594437,999999,5,2,1
4,1,127524.64691373409,999999,1,1,1
5,8,127529.82907046152,999999,999999,5,1
6,5,127530.83071532413,999999,6,4,1
5,2,127539.00857924002,6,1,8,1
6,6,127543.25471470694,999999,0,6,1
8,2,127545.24079939004,999999,1,3,1
8,8,127547.17513410265,999999,6,2,1
1,2,127551.80929774328,999999,3,6,1
5,1,127554.75674061135,999999,5,8,1
4,3,127566.58882484671,999999,5,8,1
6,5,127567.37546247608,3,999999,6,1
5,5,127569.06349099577,999999,6,1,1
6,4,127570.2975794078,999999,6,5,1
4,2,127575.23241317007,999999,5,8,1
6,8,127580.30707240845,999999,6,6,1
4,7,127582.69091404292,999999,6,1,1
5,2,127582.85831729473,3,999999,7,1
6,6,127586.3907257798,999999,5,1,1
5,1,127593.26371350283,999999,3,1,1
5,3,127598.54851259313,5,999999,0,1
5,6,127603.41067460949,999999,2,1,1
5,2,127610.7881558477,999999,8,6,1
5,0,127611.15197132964,999999,6,0,1
6,6,127611.56595471641,999999,1,5,1
5,2,127612.39144098006,999999,4,1,1
6,2,127613.46012861663,999999,5,8,1
1,6,127614.80692919684,999999,4,4,1
5,2,127622.30388388805,999999,3,0,1
5,5,127625.67784980625,999999,5,6,1
6,5,127630.28542574611,5,999999,8,1
5,5,127631.23545112356,3,999999,1,1
5,0,127634.60768369772,1,999999,6,1
5,1,127637.24605154264,999999,0,6,1
6,8,127640.93507882864,1,999999,2,1
5,8,127641.00429318126,3,999999,2,1
8,8,127652.55433906711,999999,3,2,1
6,8,127653.9596770729,999999,6,2,1
8,6,127656.27276386673,999999,2,5,1
6,8,127657.79695776137,999999,6,1,1
4,8,127658.49916514795,999999,2,0,1
6,2,127668.95147056824,999999,1,1,1
1,8,127671.17850479322,999999,1,0,1
6,5,127677.237058267,999999,6,6,1
8,7,127678.7895669382,999999,2,6,1
1,4,127681.78239419659,999999,8,6,1
1,5,127684.52684960407,999999,0,3,1
6,5,127684.70833653577,999999,8,6,1
1,5,127686.33073067902,999999,2,6,1
4,8,127700.81114214423,999999,3,1,1
6,0,127701.43028635193,5,999999,5,1
6,8,127706.23476472126,999999,6,3,1
6,2,127708.76606115433,8,3,999999,1
5,1,127713.8787128982,999999,2,6,1
5,6,127714.24027680265,999999,6,6,1
4,2,127714.60027732966,5,999999,6,1
1,0,127721.52353469677,999999,6,1,1
5,6,127723.45776562141,999999,5,5,1
5,4,127727.43913457164,999999,1,6,1
6,4,127736.96720109296,999999,2,0,1
1,3,127737.16005357707,999999,6,2,1
8,3,127739.40151779738,999999,2,6,1
5,4,127745.29744181177,999999,5,6,1
5,1,127748.0053798953,0,999999,5,1
5,8,127764.94630942495,999999,4,1,1
8,6,127767.22077731117,4,999999,0,1
6,8,127772.06213162848,999999,5,1,1
6,6,127779.97061707973,2,999999,5,1
5,5,127783.98038775772,999999,5,5,1
4,5,127788.42662027711,6,2,999999,1
6,5,127788.88879572488,999999,6,8,1
8,5,127798.60082793856,999999,6,6,1
4,0,127801.49898370387,999999,5,2,1
6,6,127806.08207782607,999999,1,5,1
8,1,127807.98295101417,999999,2,6,1
8,1,127809.35599506211,999999,8,5,1
6,1,127810.56157842153,999999,0,2,1
5,4,127813.32341820092,999999,5,6,1
5,5,127814.96705216265,999999,3,0,1
6,3,127826.46943383198,5,999999,999999,1
4,6,127826.67173716001,999999,8,5,1
8,8,127828.02150803368,2,6,999999,1
5,5,127835.31072298132,999999,0,5,1
5,5,127839.3848037219,4,999999,2,1
6,4,127848.44860835442,999999,6,3,1
6,5,127850.21985947496,999999,6,6,1
6,1,127855.66826059918,6,999999,6,1
6,8,127862.67034153808,999999,6,4,1
6,6,127872.16667168812,3,999999,4,1
1,4,127872.5708051055,999999,2,5,1
1,6,127874.86349037394,5,999999,2,1
5,5,127875.31329207384,1,999999,8,1
5,6,127875.85482544325,999999,6,4,1
5,4,127880.07062904417,999999,0,7,1
5,8,127890.97092172356,999999,1,3,1
5,3,127892.90897847302,999999,6,5,1
5,5,127904.52127821065,5,999999,8,1
5,5,127906.80878192002,999999,0,5,1
6,5,127908.88122733917,2,999999,8,1
5,4,127916.02485906518,999999,1,2,1
5,2,127923.5140068814,999999,5,2,1
6,1,127933.35007598439,999999,6,2,1
5,5,127939.08378418197,999999,1,6,1
6,6,127945.66424850134,999999,6,0,1
8,5,127948.09506866736,999999,3,8,1
4,1,127953.58909710457,999999,3,2,1
1,5,127955.07472283515,999999,5,1,1
8,3,127967.00354552276,999999,6,1,1
5,2,127967.69445260728,999999,1,2,1
5,4,127971.20001050571,999999,6,8,1
6,0,127971.40414591253,999999,0,2,1
5,2,127972.1329466862,999999,1,5,1
8,5,127975.83783163986,4,999999,3,1
6,1,127980.3941490541,999999,4,3,1
6,5,127985.25496019375,8,6,999999,1
6,4,127992.96747443936,999999,8,2,1
6,6,127995.60161793651,5,999999,6,1
1,6,127997.53701578555,999999,4,2,1
5,6,128000.8078345191,999999,5,5,1
6,8,128001.16517250105,999999,5,1,1
6,1,128001.89208454163,999999,5,5,1
5,4,128003.88710845915,1,999999,3,1
1,2,128005.9204079066,999999,5,0,1
5,5,128010.08681935116,999999,1,6,1
6,0,128013.55186899552,2,999999,6,1
6,8,128018.01734354437,999999,6,4,1
5,2,128021.25907898396,6,6,999999,1
8,6,128027.96077287813,999999,3,8,1
1,0,128031.7791015303,999999,4,5,1
5,8,128037.91732746766,999999,3,6,1
5,5,128044.69742470223,999999,6,6,1
4,6,128047.62787493705,999999,3,5,1
5,6,128049.18409028067,2,999999,8,1
1,6,128049.90005296268,999999,2,8,1
8,4,128051.8898618541,999999,6,6,1
8,5,128051.93744992351,999999,6,5,1
5,0,128057.17653395886,5,999999,6,1
6,1,128063.1156634277,999999,8,5,1
5,5,128070.47418358356,999999,0,5,1
6,7,128073.30823786199,999999,2,2,1
8,8,128073.59987762585,999999,6,5,1
6,1,128074.46890035282,999999,0,5,1
5,6,128085.7651589946,999999,1,0,1
4,3,128087.42487229525,999999,0,5,1
1,5,128100.1865056931,999999,4,1,1
6,3,128109.74748373678,999999,6,6,1
5,5,128111.29796141914,999999,2,8,1
6,5,128116.6294314154,8,999999,0,1
8,3,128120.3332746917,5,999999,6,1
8,5,128121.90940468763,6,8,999999,1
1,4,128126.77177177335,999999,5,5,1
6,2,128126.90749389949,5,999999,1,1
1,6,128128.78080502641,999999,8,5,1
5,2,128129.89046576737,999999,4,4,1
5,6,128132.84151335145,999999,1,6,1
6,5,128134.05912853884,999999,2,6,1
5,6,128137.9291653574,2,5,999999,1
5,4,128140.32936308658,999999,5,8,1
1,0,128145.1023814358,999999,5,3,1
6,7,128150.94142356918,1,999999,2,1
6,6,128153.4439561016,999999,1,5,1
6,1,128153.4563799522,999999,2,5,1
6,1,128155.75993555324,999999,2,5,1
2,6,128157.27773060421,7,999999,6,1
6,2,128157.41493641179,1,999999,6,1
2,7,128164.26255540643,999999,6,5,1
5,5,128171.2466574151,999999,0,5,1
2,2,128185.3776890188,999999,6,1,1
5,3,128210.09007702171,999999,5,4,1
5,8,128210.56182888965,999999,5,8,1
6,8,128213.50849814291,1,999999,2,1
4,5,128213.57667604036,0,3,4,1
6,4,128213.67908872,5,6,999999,1
6,3,128216.08006956616,6,999999,3,1
5,6,128216.85715908524,6,999999,8,1
6,5,128219.47579178018,999999,0,5,1
6,7,128229.4100351446,999999,4,6,1
1,6,128231.79397355515,999999,5,4,1
5,4,128233.92019261779,999999,6,0,1
5,5,128237.0568233404,8,4,6,1
4,2,128251.65537529929,5,999999,6,1
6,3,128252.23493794489,999999,1,5,1
5,4,128255.72933764452,999999,5,8,1
6,0,128260.52108758061,1,4,999999,1
2,4,128261.50943046341,999999,5,0,1
6,8,128266.68372815887,999999,6,4,1
5,4,128269.55774450392,999999,6,0,1
1,6,128277.13505892773,999999,6,0,1
8,5,128278.02608790499,6,999999,0,1
6,6,128279.6388671436,999999,2,6,1
8,5,128279.64745863443,999999,5,3,1
5,5,128281.96010078237,999999,5,4,1
6,1,128285.09384898201,4,999999,5,1
5,6,128285.96151071246,999999,6,5,1
4,6,128292.9897260285,0,999999,6,1
8,3,128297.60096798517,999999,6,1,1
6,5,128300.71956028369,999999,8,6,1
6,2,128301.94393175941,3,999999,1,1
5,6,128312.76188525504,999999,6,2,1
1,6,128316.975183938,999999,3,7,1
6,5,128321.47376911872,999999,2,4,1
6,6,128327.24867445593,999999,4,1,1
8,0,128334.13142402975,999999,1,5,1
5,5,128343.21310502198,3,999999,1,1
6,5,128345.74834676644,999999,6,1,1
5,5,128354.12052261215,999999,0,7,1
1,5,128354.26722840051,999999,6,0,1
5,5,128358.54206450541,8,999999,2,1
1,5,128362.34799221168,999999,4,8,1
4,8,128363.51020566802,999999,6,6,1
6,6,128364.96176565955,999999,6,6,1
6,1,128366.95925021796,999999,5,5,1
6,6,128367.66727152382,999999,5,6,1
5,5,128374.8985889013,5,6,999999,1
8,8,128378.98677685345,999999,5,6,1
6,6,128380.67011989618,999999,6,8,1
6,3,128385.02856428846,999999,8,2,1
1,7,128388.64413647407,999999,8,6,1
5,6,128388.88911969104,2,999999,8,1
6,2,128392.77554375921,0,999999,8,1
4,4,128397.22485072968,999999,0,1,1
5,3,128398.4194066811,999999,6,1,1
5,5,128402.89580225946,999999,6,2,1
6,5,128405.52204608865,999999,2,6,1
1,6,128408.44401140192,999999,5,5,1
5,6,128412.3292394937,999999,5,1,1
1,7,128417.88022102317,999999,6,4,1
5,3,128425.61028028204,7,999999,1,1
5,5,128426.06027709147,999999,6,8,1
8,7,128427.6103107506,999999,8,1,1
1,5,128431.67093390448,999999,8,7,1
5,5,128431.9637589964,999999,8,4,1
8,7,128437.91143899503,2,999999,5,1
6,2,128440.89449224254,999999,6,1,1
6,0,128441.40290909506,6,999999,4,1
5,3,128443.49120955399,999999,6,4,1
5,6,128443.731476833,999999,3,8,1
4,0,128448.28695185568,999999,8,6,1
6,3,128448.59705502691,5,5,999999,1
8,7,128449.35647151001,8,3,999999,1
5,0,128450.47519734924,999999,2,0,1
8,3,128457.25673119225,999999,5,6,1
4,5,128458.30034495245,999999,2,3,1
5,4,128459.99597213432,999999,6,1,1
4,1,128462.65215980122,999999,3,2,1
4,0,128467.9954027004,1,999999,6,1
5,6,128470.86821032413,999999,6,5,1
6,5,128471.78554840846,999999,0,1,1
6,5,128474.46939702178,999999,6,4,1
6,8,128478.26062318451,999999,6,1,1
5,5,128479.93345621802,999999,8,0,1
1,7,128480.57935151417,999999,8,6,1
1,2,128482.14684093883,999999,1,6,1
6,8,128487.8005140117,999999,5,6,1
5,8,128488.95505133661,3,2,999999,1
4,5,128494.30257560394,999999,1,5,1
6,1,128507.78143837793,999999,6,5,1
5,6,128509.0609097765,6,999999,1,1
6,5,128519.6401489467,999999,1,0,1
6,6,128527.2985847016,999999,3,6,1
8,1,128538.42183187653,999999,2,6,1
4,5,128539.24169224894,999999,6,5,1
1,5,128544.0081078908,5,6,999999,1
6,2,128545.13221144605,0,999999,8,1
5,1,128546.34088212227,999999,6,6,1
4,8,128550.92804554866,5,999999,4,1
5,5,128554.62039758904,8,999999,1,1
5,5,128556.34803832932,999999,6,2,1
6,5,128557.64650251075,1,999999,6,1
6,1,128563.7123415103,999999,8,6,1
4,6,128564.18621802381,999999,5,6,1
8,0,128569.44039082818,999999,5,1,1
5,1,128570.607984561,999999,6,1,1
6,8,128573.03290882407,999999,6,4,1
5,5,128575.34521613225,999999,6,8,1
8,6,128575.73676098938,999999,5,6,1
8,5,128578.31459426494,999999,0,6,1
8,7,128582.06042992555,0,8,999999,1
5,3,128587.71889979803,0,999999,6,1
8,7,128587.74337488636,999999,0,5,1
1,5,128589.76853399388,999999,0,8,1
5,4,128597.86828893422,999999,2,6,1
8,5,128600.2707625442,999999,5,2,1
5,6,128612.26663764172,999999,5,2,1
6,2,128621.96459852488,999999,8,5,1
6,6,128622.04566140976,999999,1,5,1
6,6,128623.16766263264,999999,1,0,1
5,5,128624.62754701903,999999,5,2,1
6,6,128630.11080649476,999999,5,3,1
4,2,128630.73482161447,999999,6,1,1
1,0,128633.52931906945,999999,1,8,1
6,6,128640.8813373651,999999,5,0,1
1,2,128644.57974341347,999999,5,6,1
2,0,128645.9693759091,1,999999,2,1
6,5,128649.25228381484,6,999999,0,1
4,1,128653.22203787007,999999,3,8,1
5,6,128656.6593517745,2,999999,1,1
5,6,128660.5471587163,999999,1,2,1
5,8,128671.4045059398,999999,0,8,1
6,5,128675.52451853256,999999,5,3,1
1,4,128678.33573925756,999999,3,1,1
6,2,128682.72740445197,999999,5,8,1
1,5,128683.86163474133,999999,5,1,1
6,8,128687.51018681367,999999,1,5,1
6,2,128690.47927647163,999999,0,5,1
6,1,128693.05718384545,999999,4,6,1
4,1,128696.40552779964,5,5,999999,1
8,2,128699.65975528175,4,999999,8,1
5,6,128705.63493813942,999999,6,8,1
6,2,128711.55789734384,999999,1,6,1
6,6,128730.67701913125,999999,7,0,1
5,2,128731.67577177382,999999,5,4,1
6,4,128734.75423905185,999999,8,8,1
6,5,128740.328161929,999999,6,0,1
1,0,128741.94640212617,999999,5,6,1
4,1,128742.53448553785,999999,6,8,1
5,6,128744.71573616874,999999,2,4,1
8,5,128755.24685074162,999999,1,5,1
1,2,128760.8555934641,999999,6,1,1
5,6,128763.37997599905,999999,2,6,1
5,6,128766.39955193918,5,999999,2,1
2,2,128776.41936478799,999999,5,6,1
6,4,128779.55938944382,1,999999,6,1
5,0,128792.31021513433,999999,6,5,1
6,0,128794.65392818036,5,999999,6,1
5,2,128799.74099425087,5,999999,8,1
6,6,128807.08579570147,999999,5,6,1
1,5,128814.2411417103,999999,4,0,1
5,0,128819.53707930412,999999,5,0,1
6,1,128830.01102953737,999999,5,0,1
4,6,128839.05565814185,999999,8,5,1
5,1,128839.52629897775,999999,2,4,1
4,5,128841.23504762932,8,999999,0,1
6,6,128846.50979920925,999999,6,1,1
8,5,128850.50390351555,999999,6,3,1
4,1,128852.39877436505,8,999999,5,1
6,8,128860.39915681581,999999,6,6,1
5,1,128865.75399926868,999999,0,3,1
1,6,128866.56848912007,5,999999,1,1
6,6,128874.36266287633,999999,8,0,1
8,6,128878.76558244118,1,999999,6,1
4,1,128883.34115599572,999999,0,8,1
5,5,128887.81381157893,999999,6,8,1
5,5,128892.4137329845,999999,1,0,1
1,5,128894.69569467891,2,999999,5,1
5,4,128895.37855460418,999999,3,1,1
5,2,128898.37346575859,6,6,999999,1
6,6,128908.90684242794,999999,2,1,1
5,2,128912.85785087226,999999,3,8,1
5,6,128916.10783510384,5,999999,3,1
6,1,128923.22030319338,2,5,999999,1
8,1,128929.91375246175,999999,8,5,1
4,1,128951.40015956173,999999,2,6,1
6,1,128955.29638502249,999999,5,5,1
4,4,128956.05361077664,999999,2,6,1
6,1,128961.05213594253,999999,8,8,1
6,6,128969.79723081776,999999,8,2,1
6,2,128979.44073348724,999999,1,6,1
8,5,128988.92946287514,1,999999,3,1
1,6,128995.41888196325,999999,8,6,1
5,5,128995.84534775441,6,999999,1,1
1,5,129001.2612295726,5,999999,8,1
5,5,129003.63419898855,999999,0,8,1
1,5,129005.03956631542,999999,0,8,1
2,3,129011.03543704888,999999,1,6,1
5,2,129012.26561302862,999999,1,3,1
6,0,129013.63376642685,1,999999,0,1
6,5,129022.57542524613,999999,3,6,1
5,1,129024.73797767116,6,999999,1,1
6,6,129026.71078544857,999999,3,4,1
5,5,129028.43954213982,999999,4,1,1
1,6,129029.62977947888,999999,6,1,1
4,6,129032.3342872956,999999,3,1,1
6,2,129035.060673922,999999,0,6,1
5,5,129043.55970333926,999999,4,6,1
5,3,129047.92421164911,999999,6,1,1
5,3,129049.39308832903,999999,5,4,1
5,4,129057.10621478148,999999,6,2,1
4,2,129060.86306038934,999999,6,5,1
1,6,129061.09995066351,999999,5,3,1
6,3,129068.05936468291,6,999999,8,1
6,5,129074.09731931856,999999,5,1,1
2,8,129075.34109090659,999999,2,5,1
1,5,129078.2481868017,2,6,999999,1
6,6,129081.25830319666,999999,0,5,1
6,2,129086.26885500808,999999,1,1,1
5,7,129086.97222980668,999999,6,3,1
1,5,129088.67461958599,999999,6,6,1
1,6,129095.57776798504,999999,8,0,1
6,2,129101.31163109686,4,3,999999,1
6,5,129105.94780544193,4,999999,6,1
5,5,129108.42277768414,999999,5,8,1
5,3,129115.84672096091,5,999999,5,1
5,6,129116.95877295225,999999,2,5,1
8,1,129122.22460954072,6,999999,5,1
6,6,129128.41417536451,2,999999,5,1
5,2,129138.71283597096,999999,6,4,1
5,3,129141.98162236986,999999,6,1,1
5,1,129149.88682357233,999999,2,6,1
1,1,129150.30671419446,999999,6,2,1
5,5,129153.48676868802,999999,5,2,1
5,3,129169.43559096637,0,999999,6,1
6,4,129169.56556954293,999999,3,4,1
8,5,129169.87330672212,999999,6,6,1
4,6,129170.21618297868,999999,5,6,1
5,1,129173.37260475002,2,999999,5,1
5,2,129173.4844957575,999999,6,5,1
8,4,129182.00922345954,999999,2,5,1
8,5,129183.22444378417,999999,6,5,1
8,2,129183.38347985658,999999,4,3,1
6,3,129187.14123971573,999999,5,0,1
1,1,129198.9610996016,999999,8,5,1
5,2,129207.86650298836,2,999999,3,1
4,5,129208.56323888744,999999,5,1,1
4,6,129216.2553379502,999999,4,8,1
8,6,129217.04058353647,5,999999,5,1
6,5,129223.59870227154,2,999999,6,1
6,5,129225.06071175577,999999,4,8,1
5,5,129233.356434724,999999,5,8,1
5,5,129241.17048197395,999999,1,8,1
6,1,129242.88461328846,999999,6,5,1
6,3,129244.10127972178,5,999999,6,1
8,6,129247.08248924593,999999,1,3,1
8,2,129256.1726839541,999999,4,6,1
6,6,129258.8903018211,999999,1,5,1
5,0,129263.24843570401,999999,7,1,1
6,6,129264.44780515405,1,999999,0,1
6,8,129268.45559325916,999999,5,6,1
4,6,129278.1144414299,999999,2,6,1
5,5,129279.00899470001,6,999999,1,1
1,1,129286.91258663301,4,999999,6,1
5,2,129293.70373345316,999999,6,5,1
6,5,129295.78560438183,999999,8,0,1
5,2,129298.57087209023,1,5,999999,1
6,5,129302.0351666525,8,999999,4,1
1,5,129307.15642598565,999999,2,6,1
8,5,129317.00640439814,999999,4,2,1
5,1,129318.45701711821,5,999999,8,1
5,2,129320.94280108088,999999,4,2,1
6,1,129322.2745787094,5,6,999999,1
4,8,129332.62894205941,999999,6,6,1
1,6,129334.84546105191,999999,5,0,1
1,4,129340.8515332393,999999,4,5,1
4,6,129341.7947646119,5,999999,0,1
5,1,129342.0497882674,5,999999,6,1
6,5,129348.8488876198,999999,4,3,1
6,6,129349.73659881018,999999,2,2,1
6,6,129351.1735770697,999999,0,4,1
6,3,129351.19412728302,999999,6,8,1
1,5,129358.79481306783,5,6,999999,1
2,5,129366.19570788031,999999,6,3,1
5,5,129374.67805521526,999999,5,1,1
5,5,129380.77522818069,999999,3,4,1
5,3,129381.35229419998,999999,6,0,1
2,1,129406.1158214046,999999,6,3,1
6,6,129406.1563398155,999999,2,3,1
5,0,129421.9920649106,999999,6,4,1
5,2,129424.07602187594,999999,5,4,1
4,4,129424.35492868618,999999,3,8,1
6,0,129424.6856961036,7,999999,6,1
8,4,129425.08347639359,999999,2,8,1
6,6,129427.14245972507,999999,0,1,1
6,8,129435.72592852541,999999,5,0,1
6,2,129436.13896744333,3,8,999999,1
5,0,129441.54378434227,999999,6,6,1
6,7,129442.07002814366,999999,1,5,1
1,6,129446.9205473068,999999,6,5,1
5,8,129450.16213496553,999999,5,5,1
6,3,129453.70771803499,6,999999,5,1
5,2,129454.75931650592,999999,1,2,1
5,6,129457.63455941385,999999,6,5,1
5,8,129460.06332447083,999999,3,0,1
1,6,129460.19534364363,999999,5,3,1
1,1,129462.26885339578,999999,1,5,1
5,2,129462.9812981844,1,3,999999,1
5,2,129463.75470036689,999999,4,5,1
5,2,129466.37340480735,999999,4,5,1
4,4,129479.19278616429,999999,2,5,1
6,5,129481.05255905048,6,999999,8,1
5,2,129487.87224252906,999999,1,7,1
5,8,129489.5533580465,999999,1,3,1
6,1,129491.70063499843,999999,5,2,1
4,1,129496.33951174094,999999,6,6,1
6,1,129499.45780432444,999999,5,5,1
5,2,129509.22841662572,999999,3,4,1
5,2,129516.02210901707,999999,5,8,1
1,6,129523.38054640513,2,5,999999,1
6,5,129526.05863150144,1,6,6,1
1,5,129529.2289923133,999999,0,8,1
4,6,129529.7643544194,999999,1,6,1
5,6,129531.51575878395,999999,6,0,1
4,1,129537.27944336164,999999,6,5,1
6,1,129537.40050954446,6,999999,6,1
6,2,129537.43404567918,999999,5,3,1
1,0,129539.12699095944,999999,0,2,1
5,5,129541.48575981612,2,6,999999,1
6,1,129543.69808889517,999999,4,8,1
5,5,129548.09746819967,5,999999,3,1
5,1,129549.1284942245,999999,5,6,1
8,2,129551.89268654796,999999,0,5,1
5,1,129553.67382117198,999999,5,5,1
5,2,129572.47999664446,1,999999,1,1
6,5,129574.24660477747,6,999999,3,1
5,6,129575.71393228775,999999,6,6,1
5,6,129576.29903500795,999999,6,2,1
1,5,129583.94173620398,3,999999,1,1
6,2,129584.80600366519,999999,2,3,1
8,2,129587.59697998196,999999,0,5,1
6,8,129589.32260345173,999999,6,0,1
5,2,129590.35644775719,2,999999,0,1
4,4,129591.19849316146,999999,0,8,1
5,1,129591.63333317843,1,1,999999,1
5,5,129593.30136472316,999999,5,2,1
4,6,129593.3493540982,999999,1,7,1
5,5,129596.82485600606,999999,6,8,1
1,5,129598.60745210013,999999,3,8,1
6,3,129601.89565050138,999999,8,0,1
7,2,129607.42555882403,999999,1,3,1
6,5,129608.97927214339,999999,2,1,1
4,2,129611.95699081606,999999,5,4,1
1,6,129611.99819649235,0,999999,6,1
8,8,129617.00636635174,999999,6,2,1
6,1,129617.79165576112,999999,6,2,1
6,1,129619.34513796057,999999,5,2,1
6,6,129622.77546625739,999999,3,5,1
5,5,129640.12895935385,7,999999,6,1
4,1,129641.11425813138,999999,5,7,1
4,6,129656.10216045054,999999,0,2,1
8,8,129658.38488855948,999999,0,5,1
1,8,129659.71556662471,999999,8,5,1
6,6,129660.13599783176,999999,5,6,1
6,1,129681.88398510478,999999,5,8,1
8,8,129696.92153436002,999999,1,4,1
8,6,129715.71958677696,999999,6,6,1
5,1,129726.95716441737,0,999999,8,1
5,6,129729.32097550794,999999,1,8,1
5,3,129751.33910106396,999999,5,2,1
6,2,129760.40824558974,999999,6,0,1
6,2,129763.43929648717,999999,1,0,1
1,4,129765.19935183949,999999,4,1,1
5,2,129767.00815652328,999999,4,1,1
5,8,129787.91080840463,999999,1,6,1
6,8,129797.152418511,5,6,999999,1
1,5,129801.06671017215,0,999999,6,1
5,2,129806.6168398069,999999,3,0,1
4,6,129807.77870059865,999999,5,1,1
5,5,129815.5416124661,999999,4,5,1
6,3,129817.52435696231,999999,0,6,1
1,6,129818.81857893291,999999,3,6,1
6,6,129828.49278463188,999999,5,8,1
5,5,129830.7482360015,999999,6,8,1
5,2,129834.51890957243,8,999999,1,1
6,4,129834.89002788352,6,999999,2,1
6,6,129845.75136531256,4,999999,6,1
6,6,129846.99444025163,999999,5,6,1
6,6,129850.83083091368,999999,5,6,1
6,2,129868.5134674765,999999,4,6,1
6,5,129878.3744380274,999999,6,2,1
1,5,129879.2263309877,6,999999,2,1
5,6,129888.98818656954,999999,8,5,1
8,5,129903.5946005109,999999,0,1,1
5,0,129910.24602563944,2,999999,8,1
1,1,129919.66237427,999999,6,6,1
8,8,129923.12639583986,999999,2,4,1
6,7,129923.68039418128,999999,5,5,1
4,1,129926.95210143313,999999,6,5,1
4,8,129946.08708122729,999999,2,5,1
5,3,129947.98007392824,4,0,999999,1
1,8,129955.98514155515,999999,5,4,1
1,5,129963.10947458916,999999,8,5,1
8,0,129967.96164312742,999999,8,2,1
1,5,129986.47732325464,999999,6,2,1
6,1,129997.89532153173,999999,6,6,1
5,2,129998.23584018875,999999,6,8,1
4,0,130007.4593111407,999999,2,5,1
6,5,130009.33867631579,999999,0,1,1
5,5,130025.10868323347,999999,5,1,1
5,8,130031.79062271793,999999,5,8,1
4,2,130033.96853773056,999999,5,4,1
5,8,130061.54227083235,1,4,999999,1
5,5,130067.24853066007,999999,4,2,1
5,5,130070.54247078356,999999,8,3,1
6,5,130081.38474746046,999999,1,5,1
1,6,130088.79131945895,999999,5,5,1
5,6,130098.06804142125,999999,1,8,1
8,6,130102.32049430542,999999,6,2,1
1,8,130110.43425439096,999999,6,2,1
5,5,130114.70163109637,999999,4,8,1
6,0,130116.36325624619,999999,5,6,1
4,1,130117.18731232831,999999,5,7,1
2,4,130126.79465408184,5,999999,5,1
6,5,130134.88559511548,999999,4,2,1
5,6,130135.2992978611,999999,6,0,1
6,6,130149.49146473488,999999,4,0,1
5,6,130159.03601404994,999999,6,1,1
8,5,130170.84728877981,999999,5,8,1
4,8,130173.960674199,999999,6,0,1
6,1,130179.4223814516,999999,3,6,1
6,3,130180.81104000556,999999,1,6,1
5,1,130180.8266164176,999999,5,6,1
6,7,130187.76463279258,999999,5,5,1
4,1,130192.48943693902,999999,6,4,1
5,2,130198.1378912218,999999,4,4,1
1,5,130211.85547794496,999999,0,2,1
5,5,130244.04402926989,999999,6,0,1
6,3,130248.11838652915,999999,0,6,1
2,3,130257.67810053148,999999,1,6,1
5,2,130263.71488957223,999999,4,4,1
4,8,130277.24699120298,999999,6,1,1
6,2,130287.5465616496,6,999999,3,1
6,6,130298.08430367358,999999,4,1,1
6,6,130308.79504584019,999999,5,1,1
6,6,130315.63477852884,999999,5,6,1
5,5,130317.66945672862,1,999999,8,1
8,6,130331.09712581056,999999,5,5,1
5,3,130339.61252396618,999999,5,4,1
6,5,130344.49416966287,999999,5,0,1
5,5,130346.86637096351,999999,1,8,1
5,3,130348.23903276405,5,999999,4,1
5,2,130350.17485143286,3,999999,1,1
5,1,130370.8286721706,999999,0,5,1
5,5,130371.01077396185,999999,0,2,1
1,0,130371.81078212819,999999,1,6,1
1,6,130378.57598128146,999999,0,2,1
6,8,130399.22288148852,999999,6,6,1
6,5,130405.67821226343,999999,5,6,1
5,2,130413.82224982022,5,999999,6,1
5,6,130420.42411015458,999999,6,5,1
5,3,130426.46164281636,999999,1,5,1
5,5,130427.24967455512,999999,8,4,1
5,6,130437.4365179638,999999,3,6,1
4,8,130441.24177278316,999999,8,2,1
5,5,130447.57606891019,999999,3,4,1
4,1,130449.20367186809,999999,6,6,1
5,5,130472.51619551083,999999,2,5,1
1,5,130476.2904128469,999999,6,6,1
5,6,130479.54774412315,999999,0,1,1
1,6,130496.44354305173,999999,3,5,1
1,3,130501.93210497942,999999,1,5,1
5,6,130502.74963883896,999999,6,6,1
2,6,130514.46301878229,999999,4,6,1
5,6,130529.04695763966,999999,8,5,1
6,3,130533.31049921061,999999,1,8,1
4,0,130552.08435251773,999999,6,8,1
6,1,130557.77068104941,5,999999,6,1
5,2,130563.16891182498,999999,2,4,1
6,4,130564.71048279664,999999,5,5,1
5,2,130569.01254205113,6,999999,1,1
1,8,130577.8485606774,5,999999,6,1
6,5,130597.5322159041,999999,3,1,1
5,6,130602.18075471165,999999,6,6,1
8,6,130608.16602387627,999999,3,6,1
1,1,130613.8885565859,999999,4,3,1
1,6,130620.73387150896,999999,8,5,1
6,7,130621.36318708774,999999,5,0,1
5,2,130647.41240483143,999999,1,5,1
6,5,130655.5177342046,999999,4,2,1
1,2,130657.56401224177,3,0,1,1
5,3,130668.24147991966,999999,2,5,1
5,5,130687.52716226786,999999,3,0,1
6,4,130693.01389466543,999999,5,8,1
5,1,130700.57604655184,999999,5,0,1
1,4,130722.26111544008,6,999999,5,1
8,0,130728.99653839644,999999,5,8,1
8,2,130729.86105541953,999999,4,1,1
1,6,130730.82714464971,999999,8,3,1
8,7,130736.134207146,999999,5,2,1
4,2,130749.84733819685,999999,5,3,1
1,1,130752.80850431217,999999,5,5,1
6,5,130760.36042453251,999999,6,2,1
6,4,130769.04893267955,999999,5,2,1
8,3,130783.37702205412,999999,6,0,1
4,6,130807.20107094217,999999,5,8,1
5,1,130808.74418319458,3,999999,7,1
6,5,130819.82753111859,999999,6,4,1
1,4,130827.64472400617,1,999999,3,1
6,5,130837.26712801178,999999,6,1,1
1,6,130838.06610553541,999999,0,5,1
8,0,130839.96279621063,999999,2,5,1
6,1,130858.2395208982,999999,5,3,1
6,4,130862.77249074115,999999,8,0,1
6,3,130866.2084776811,999999,2,8,1
8,1,130879.18266397106,999999,8,5,1
5,5,130879.45758021447,999999,6,2,1
1,2,130880.76102659249,999999,5,8,1
6,1,130896.19553312687,5,5,999999,1
8,6,130901.49905036516,999999,3,6,1
1,2,130906.16714576668,999999,4,6,1
6,8,130909.82321573723,999999,5,5,1
5,4,130917.23342801366,6,1,999999,1
8,2,130923.6945643988,999999,1,8,1
6,7,130949.0495097052,1,999999,2,1
8,5,130949.84967663334,999999,5,5,1
5,1,130954.85059098118,999999,1,0,1
8,5,130955.61863877003,999999,5,6,1
6,6,130959.3259436197,999999,4,5,1
4,6,130960.57677187002,3,999999,1,1
5,3,130977.01846186277,999999,8,5,1
1,1,130989.95562624685,999999,3,6,1
5,0,130992.00521471792,999999,1,5,1
6,8,130998.32964209594,999999,3,5,1
5,5,131002.4770227079,999999,2,3,1
8,1,131007.29851283357,999999,8,6,1
5,6,131012.6780339095,999999,5,6,1
5,5,131015.45853667748,999999,6,4,1
6,6,131016.07288504022,999999,1,2,1
5,8,131019.86360400623,2,999999,0,1
2,5,131021.36246910709,999999,4,8,1
4,6,131027.63350778203,3,5,999999,1
5,7,131030.9345168473,999999,1,6,1
6,5,131041.69830577301,6,999999,1,1
7,2,131047.6479021878,999999,6,0,1
8,6,131050.63202117023,2,3,999999,1
8,5,131052.70373728221,1,0,999999,1
6,6,131060.39698676711,999999,8,5,1
6,2,131074.44193242042,999999,6,0,1
4,1,131075.7325431887,4,5,999999,1
5,6,131082.92126748874,999999,6,5,1
5,2,131083.25627587282,999999,3,0,1
6,5,131086.19936510114,999999,6,6,1
5,2,131089.30427556956,999999,6,5,1
6,5,131098.42148365246,999999,2,5,1
6,1,131098.59179213722,6,999999,0,1
5,5,131114.36464851254,999999,8,2,1
5,6,131134.53457459944,999999,0,4,1
2,2,131137.5633248238,999999,0,5,1
8,2,131138.60549336136,999999,4,1,1
8,2,131142.31005866028,999999,0,2,1
8,1,131145.16767693622,5,0,6,1
5,6,131157.3309641437,999999,5,3,1
6,5,131157.42234423658,4,999999,1,1
4,2,131179.0548500496,999999,2,5,1
5,8,131181.87614409838,999999,4,5,1
6,7,131181.99207305943,999999,5,8,1
6,6,131186.57777844206,999999,7,1,1
8,5,131190.8058305238,999999,2,0,1
1,2,131195.42769859397,999999,3,1,1
1,5,131198.3211436955,999999,1,6,1
5,5,131200.87184819346,999999,8,6,1
5,5,131207.2816485855,999999,8,4,1
8,6,131212.96673781722,999999,8,8,1
1,2,131214.68307900536,999999,1,6,1
6,4,131214.77860430747,999999,1,1,1
8,0,131220.6961174784,999999,5,1,1
5,2,131229.87632663726,999999,8,1,1
5,6,131243.402868886,999999,4,4,1
5,1,131250.2377828547,999999,2,2,1
4,0,131250.58427843274,999999,5,6,1
5,1,131257.13207195303,999999,3,6,1
5,1,131263.1026137439,999999,2,6,1
5,6,131272.495587033,999999,5,2,1
6,0,131272.79113150618,999999,1,8,1
1,5,131279.52849390206,999999,2,6,1
6,4,131301.4419571117,999999,6,6,1
6,3,131323.22941553322,6,2,6,1
6,1,131327.6308238481,999999,5,4,1
1,5,131346.78957798966,999999,6,1,1
6,6,131351.27982014947,999999,2,1,1
6,2,131357.05606240843,3,999999,1,1
1,8,131360.81770249066,3,999999,2,1
5,7,131366.668263119,5,999999,1,1
6,6,131373.0334041173,999999,2,0,1
5,6,131374.28595833317,999999,3,2,1
6,1,131377.10381484384,999999,6,5,1
6,0,131380.6577863331,5,999999,6,1
5,5,131389.50275992957,999999,5,6,1
6,6,131397.13115139725,999999,2,6,1
1,0,131406.34096737762,999999,5,2,1
5,5,131417.2474660723,4,6,999999,1
8,8,131426.6218531829,999999,6,0,1
5,3,131434.168588422,999999,6,6,1
1,6,131436.2661841719,999999,5,5,1
5,0,131440.89189573214,999999,3,6,1
4,1,131443.2901239239,999999,5,5,1
6,6,131450.3716931931,999999,1,2,1
6,3,131450.7463824354,999999,1,5,1
8,0,131452.54738287005,999999,3,8,1
6,2,131467.73772440245,999999,4,5,1
5,8,131469.45425096602,999999,3,2,1
5,6,131473.5682162748,999999,0,5,1
4,6,131481.12736084888,3,5,999999,1
5,8,131489.8357760765,999999,1,6,1
8,3,131496.57299512348,999999,6,6,1
4,5,131497.756562903,999999,1,6,1
6,0,131506.1281429264,999999,4,5,1
5,5,131506.2433306936,999999,4,999999,1
6,8,131510.90104786918,6,999999,2,1
5,4,131519.39654296098,999999,6,5,1
1,2,131533.2969080411,999999,8,1,1
8,1,131539.32521578428,6,999999,5,1
1,4,131554.08210795457,999999,5,1,1
1,6,131559.49597436958,999999,5,1,1
5,5,131571.53850216023,999999,8,6,1
6,5,131573.3796274444,999999,6,3,1
5,6,131577.55836737936,999999,6,5,1
6,0,131578.44646346496,999999,5,4,1
1,5,131599.40169684918,1,999999,999999,1
6,6,131617.0661686062,999999,8,0,1
5,2,131621.83746847528,8,999999,1,1
8,1,131636.45348165883,1,999999,0,1
8,2,131644.4974573192,999999,6,8,1
5,1,131645.44611268764,999999,4,6,1
5,5,131658.35807144945,999999,8,2,1
5,2,131672.26402938835,999999,4,2,1
5,5,131673.13243099232,999999,5,6,1
8,3,131685.26965084055,999999,6,5,1
1,7,131688.56836692357,999999,5,5,1
8,5,131695.63807657378,999999,6,1,1
5,5,131701.01773490268,999999,6,1,1
6,1,131701.19393205372,999999,0,1,1
6,1,131706.89171336277,999999,0,5,1
5,5,131708.2989504073,5,999999,1,1
6,3,131723.2639540632,999999,6,5,1
6,5,131725.97505011962,999999,1,4,1
1,5,131728.029250755,0,999999,7,1
6,8,131762.57615025152,5,999999,0,1
8,1,131764.91331167624,999999,5,0,1
6,5,131767.57742020657,999999,2,6,1
6,6,131774.724731372,0,999999,6,1
8,5,131804.50787306437,999999,5,6,1
1,6,131815.1161713145,999999,2,8,1
6,6,131828.07392407372,999999,4,6,1
5,6,131832.45567865614,999999,8,2,1
5,8,131843.86838374534,999999,6,2,1
6,5,131875.81036861608,999999,6,0,1
6,3,131881.31781861887,999999,6,2,1
6,6,131882.5888156481,999999,5,6,1
2,1,131883.86128479184,999999,5,0,1
5,2,131889.18685656216,999999,6,1,1
6,2,131890.30265296748,4,999999,2,1
8,6,131899.71819070514,999999,5,4,1
6,6,131901.2290092994,8,999999,5,1
8,6,131912.67234176517,6,3,999999,1
1,2,131923.3025479848,4,999999,8,1
5,5,131929.1956283872,1,6,999999,1
4,5,131935.10528609835,999999,2,2,1
5,5,131943.383371493,999999,6,8,1
5,6,131943.53666909123,5,999999,1,1
1,3,131945.93513896075,999999,5,5,1
5,3,131947.27410348956,999999,6,2,1
8,5,131962.8990237352,999999,6,0,1
1,5,131981.23566991382,3,999999,1,1
6,6,131982.7171779666,999999,1,8,1
4,1,131987.09921720083,999999,8,5,1
5,6,131988.40052892664,999999,2,1,1
1,3,131992.33127834718,999999,1,4,1
6,1,132000.55010807037,999999,5,6,1
6,6,132007.93196204072,999999,0,6,1
5,8,132015.48373111078,999999,8,6,1
1,3,132015.95982821126,999999,1,4,1
5,6,132018.48720184845,0,6,999999,1
6,5,132022.81968779268,1,999999,6,1
6,6,132024.41305188037,999999,6,1,1
1,4,132034.51249057782,999999,1,6,1
5,5,132038.1835872823,999999,3,0,1
5,1,132063.96019756084,999999,0,5,1
5,6,132067.01401657975,999999,1,5,1
8,8,132074.05454967142,999999,6,0,1
5,5,132080.29384008073,999999,4,1,1
8,6,132082.19172093927,999999,5,7,1
5,8,132088.2440277898,7,5,5,1
5,6,132096.35661343843,1,999999,5,1
5,1,132103.15322828718,999999,3,1,1
5,5,132105.11562954716,999999,8,2,1
8,5,132111.35984652632,999999,8,1,1
8,5,132113.60687619823,5,0,1,1
2,2,132117.89562455032,999999,1,5,1
6,5,132122.01548443915,999999,2,8,1
6,6,132124.13262341425,999999,6,3,1
8,3,132126.5701509382,999999,8,6,1
6,5,132138.7428091899,999999,5,1,1
6,5,132144.5249221491,0,1,999999,1
5,2,132148.90010351207,999999,3,5,1
6,1,132150.12528656988,999999,6,8,1
6,1,132150.47240250112,2,5,999999,1
6,6,132180.89483921803,6,999999,5,1
5,5,132200.7201187738,999999,5,3,1
5,8,132208.37333516675,999999,6,4,1
6,2,132209.01968700968,999999,6,8,1
1,2,132213.12033379346,999999,6,6,1
6,3,132224.32864820078,999999,5,6,1
5,2,132225.27619886753,999999,8,1,1
6,0,132247.85009489,999999,2,6,1
6,2,132276.57564589803,999999,4,0,1
6,5,132279.7282784788,999999,4,6,1
4,4,132282.61243985634,999999,5,2,1
6,1,132298.99093240613,999999,2,5,1
6,1,132305.93912648445,999999,6,8,1
6,5,132309.77420090992,999999,5,8,1
6,5,132319.90249407006,999999,6,2,1
5,6,132324.73554183813,8,999999,1,1
1,7,132326.13388779046,999999,1,4,1
5,2,132332.66436070975,999999,0,5,1
6,4,132357.25478534488,0,999999,1,1
4,1,132363.60580690412,999999,8,4,1
6,6,132380.24246985867,999999,5,0,1
5,4,132390.80534008617,999999,2,1,1
6,2,132395.89738626027,5,999999,3,1
1,5,132409.3260429379,999999,2,6,1
8,2,132413.7428559009,6,999999,3,1
4,5,132424.81563413533,999999,6,1,1
8,5,132434.09720973272,999999,5,8,1
6,8,132435.3527147207,1,999999,5,1
6,2,132442.62309906926,999999,0,6,1
1,4,132443.94651817257,999999,6,5,1
5,8,132445.4796303289,999999,6,1,1
5,3,132457.0850493163,6,1,999999,1
5,5,132465.14661579163,999999,8,5,1
6,6,132470.9953274133,999999,7,6,1
6,5,132472.11906940417,999999,3,2,1
5,6,132480.92239581945,999999,1,3,1
6,0,132494.64992376967,999999,6,8,1
6,5,132496.34101742998,999999,1,2,1
5,1,132497.16859854362,999999,6,1,1
8,2,132497.30053084245,6,6,6,1
5,3,132516.14895865653,1,999999,6,1
5,1,132517.5493786897,999999,8,5,1
5,6,132522.31919960445,999999,6,1,1
5,6,132527.07886799492,999999,6,8,1
6,1,132538.45999158762,999999,3,1,1
5,5,132546.7202255169,1,999999,5,1
6,2,132557.5256703229,999999,4,2,1
6,5,132561.17450625807,999999,8,1,1
6,2,132563.78949623514,999999,0,6,1
4,6,132572.16486694769,999999,1,0,1
1,3,132579.2738809847,999999,6,2,1
4,2,132585.46830801625,999999,1,5,1
5,4,132602.70403482637,999999,2,2,1
5,3,132604.83217203172,999999,4,5,1
5,4,132610.80645191815,999999,4,5,1
4,2,132613.55876341095,999999,5,6,1
6,6,132614.7203013486,8,999999,5,1
6,6,132626.20300249493,999999,1,1,1
5,3,132636.1085287475,999999,2,6,1
6,1,132640.1140339456,999999,3,6,1
5,3,132649.26148927704,999999,5,2,1
6,1,132667.03909389314,999999,1,6,1
5,5,132674.51330925114,999999,6,8,1
1,6,132677.4235679381,999999,2,6,1
5,4,132687.62913598953,999999,5,6,1
6,5,132688.38215240443,999999,8,6,1
6,5,132695.54255682108,999999,6,6,1
1,6,132700.5423940801,8,3,999999,1
6,1,132705.06035454993,8,999999,2,1
4,5,132706.36005997806,6,999999,8,1
6,2,132706.55368889682,999999,5,8,1
8,6,132727.25965910975,999999,3,0,1
5,2,132728.16254368247,999999,5,4,1
8,6,132735.88011370075,999999,0,6,1
6,1,132739.19746936072,999999,6,6,1
1,3,132746.32859226654,999999,1,3,1
1,1,132749.16522664198,999999,2,5,1
1,1,132776.45752488493,999999,2,5,1
8,5,132778.06752659328,999999,2,1,1
5,2,132784.34855620484,999999,5,4,1
6,5,132791.04933320053,999999,5,1,1
6,4,132800.10816666522,0,999999,5,1
8,5,132821.01606077136,999999,0,3,1
6,2,132821.79347758397,999999,1,8,1
6,4,132824.28798973194,999999,6,3,1
6,6,132824.40219563933,999999,6,2,1
5,6,132825.10757033035,999999,1,0,1
6,5,132830.23488701406,999999,5,4,1
1,4,132831.13534506992,999999,5,6,1
6,1,132832.24349550565,999999,2,5,1
6,1,132843.8594923091,999999,3,5,1
6,3,132847.3232430524,999999,4,6,1
1,1,132850.13947837142,999999,6,6,1
5,4,132851.43692208867,999999,6,7,1
5,6,132875.17712720155,999999,2,8,1
6,6,132905.74138972926,999999,5,6,1
5,8,132909.14358416092,999999,6,4,1
6,6,132909.2186250227,999999,3,5,1
8,1,132915.16902570723,999999,5,2,1
5,2,132938.1271558512,999999,0,5,1
1,0,132945.6596507253,999999,0,6,1
6,6,132949.72788626037,999999,5,2,1
5,2,132950.69711071052,999999,5,4,1
6,2,132974.49975380348,6,999999,5,1
5,2,132979.10350479255,999999,5,8,1
6,1,132982.77790909036,999999,5,3,1
6,2,132983.9796385493,999999,4,8,1
6,2,132995.6287280418,0,999999,5,1
6,3,133001.93413051407,999999,8,6,1
5,8,133002.06230137963,3,0,999999,1
6,2,133009.00738158074,8,8,5,1
4,6,133009.4732276693,5,999999,8,1
5,6,133010.54484556313,999999,6,1,1
6,2,133011.75521024456,999999,5,5,1
6,1,133015.964569655,999999,6,2,1
5,2,133019.59714078283,999999,5,2,1
5,2,133026.73329204213,3,999999,6,1
5,1,133028.1004361708,0,3,999999,1
6,2,133038.49767643568,999999,1,1,1
5,6,133043.0518729588,5,999999,3,1
6,2,133062.32528391862,999999,5,0,1
6,2,133064.92248224074,999999,2,4,1
1,1,133075.6363186183,999999,5,8,1
5,1,133077.16517947367,0,999999,6,1
1,3,133080.91819605586,999999,6,5,1
5,2,133094.69907150115,5,999999,1,1
6,2,133107.2360123983,6,999999,6,1
5,1,133117.71507069757,999999,5,0,1
4,2,133129.01210339266,999999,5,5,1
1,5,133129.97866794682,999999,6,3,1
6,6,133131.81828403697,999999,3,4,1
5,0,133135.44240421444,999999,6,5,1
5,5,133144.36943445553,999999,6,0,1
5,8,133146.4077067922,999999,5,5,1
1,4,133149.33127254204,999999,6,6,1
6,7,133160.76682938845,999999,1,6,1
1,8,133164.21161932082,999999,6,6,1
8,6,133173.9722201623,999999,0,5,1
6,0,133177.482098318,2,999999,6,1
6,1,133182.07353807017,5,999999,5,1
1,6,133188.17771896606,999999,0,4,1
4,2,133215.98533313826,999999,5,4,1
1,6,133217.7081720451,999999,1,5,1
6,1,133217.7158966291,5,999999,6,1
6,6,133217.92192156435,999999,1,5,1
4,1,133219.73053303108,999999,5,4,1
6,6,133231.09900824205,999999,2,6,1
1,5,133239.78978360043,999999,1,6,1
5,5,133240.68234197175,999999,0,5,1
1,6,133264.5603844513,999999,5,0,1
6,5,133277.34357770692,999999,3,2,1
4,2,133279.69070403528,999999,3,5,1
5,4,133282.60039913698,999999,8,8,1
5,6,133296.7274016252,999999,5,2,1
5,3,133305.34934894557,999999,1,8,1
6,6,133312.7208046697,999999,6,0,1
4,1,133312.94714263888,999999,8,6,1
5,4,133314.98116089107,999999,5,5,1
2,5,133316.1255765469,999999,6,6,1
6,6,133326.53688491118,999999,7,6,1
5,6,133334.97015024285,999999,6,5,1
8,0,133340.04843768018,999999,2,8,1
4,1,133341.41759874768,999999,8,8,1
8,8,133348.61499746382,999999,8,4,1
2,1,133359.0028000899,5,4,999999,1
5,1,133369.31402432302,4,999999,5,1
2,4,133369.43696776652,0,999999,3,1
5,2,133378.82966307603,999999,5,6,1
5,2,133379.6725901795,999999,6,4,1
1,5,133387.82431458685,999999,1,6,1
5,5,133404.4273401874,999999,1,3,1
6,6,133406.16272215123,1,2,999999,1
6,2,133408.2411985399,999999,5,8,1
1,6,133409.51900339298,999999,6,5,1
5,4,133417.90828850455,999999,6,8,1
1,8,133420.11269729215,999999,1,6,1
6,4,133455.23075296707,999999,2,1,1
6,0,133468.71926977194,999999,3,2,1
6,6,133469.54319694344,999999,3,5,1
2,1,133471.5378676948,8,2,999999,1
6,7,133473.0295503337,999999,6,2,1
6,6,133505.43514957558,999999,8,0,1
5,5,133520.85384688707,999999,4,6,1
2,5,133545.27656046223,999999,5,8,1
1,1,133547.63410021053,999999,1,5,1
1,2,133553.53093989313,999999,4,1,1
6,5,133557.97020282666,999999,4,6,1
5,1,133559.45989950327,2,999999,8,1
4,5,133566.17738904036,6,999999,2,1
1,5,133576.07227763638,999999,2,6,1
8,6,133581.1721676678,999999,5,2,1
5,5,133591.89288277645,999999,6,3,1
5,3,133592.4867476319,3,999999,5,1
1,4,133596.2060451697,6,999999,8,1
8,1,133598.97542180997,999999,2,5,1
6,6,133615.8879330378,6,999999,3,1
6,4,133617.95918793333,999999,4,5,1
6,6,133621.78792486867,999999,6,2,1
5,2,133626.6564748515,6,6,999999,1
6,6,133632.45862721116,999999,8,5,1
6,1,133633.64228936657,999999,6,2,1
5,1,133642.1984286747,999999,5,5,1
6,5,133644.04718265746,6,999999,1,1
1,1,133651.36701673578,999999,6,5,1
1,5,133659.18311311293,999999,6,1,1
6,2,133667.45552356387,1,999999,6,1
6,1,133673.89990410476,999999,3,6,1
5,6,133675.50073890417,999999,2,1,1
1,3,133687.252908764,999999,0,8,1
5,3,133693.28704283477,999999,1,5,1
6,1,133701.10550188666,999999,5,0,1
6,8,133706.18937801913,999999,5,8,1
5,5,133723.66767260517,999999,8,5,1
6,2,133732.9761650993,2,999999,3,1
6,1,133739.6192544844,999999,6,4,1
6,5,133743.74187391016,999999,6,6,1
6,5,133747.81336089328,999999,8,5,1
6,6,133750.8011388521,2,999999,0,1
6,6,133755.83646154587,999999,3,5,1
4,2,133759.8058370749,999999,2,5,1
5,3,133764.55294630426,6,999999,2,1
4,2,133765.66851147363,999999,5,0,1
8,8,133778.68146700555,999999,1,3,1
1,0,133779.22725718204,8,999999,1,1
6,7,133783.11749290387,999999,6,2,1
1,1,133786.88424739885,999999,1,7,1
1,8,133809.0315049738,999999,1,6,1
5,2,133815.0205328185,999999,5,2,1
5,8,133843.59871380345,999999,5,1,1
4,6,133847.61550599118,1,999999,4,1
5,6,133848.7191126682,999999,6,1,1
5,2,133848.87619293045,999999,3,6,1
4,1,133850.62131472115,999999,6,0,1
1,1,133852.59602877506,999999,5,2,1
6,6,133868.0554874586,1,999999,2,1
6,3,133874.3017433862,999999,1,2,1
6,0,133876.24946277807,6,999999,8,1
5,6,133892.10017543082,999999,5,6,1
1,3,133894.21905317515,999999,6,6,1
6,5,133894.30971788778,999999,4,6,1
6,2,133900.02906243203,999999,1,6,1
5,2,133922.8808501101,999999,8,5,1
6,2,133925.67134661647,999999,5,6,1
5,2,133930.9181653317,999999,0,1,1
6,0,133931.03275107764,999999,8,6,1
4,8,133940.25186484502,6,999999,5,1
5,1,133955.78790311053,999999,0,6,1
5,8,133961.09345077406,5,999999,2,1
8,6,133976.3977388796,999999,6,4,1
6,0,133977.80724368978,999999,6,2,1
5,5,133990.57154806054,999999,5,2,1
5,5,134028.7830345661,999999,6,5,1
5,6,134029.3633576759,999999,0,3,1
1,2,134048.2129512448,999999,5,4,1
6,6,134052.46681980937,2,999999,3,1
5,6,134065.87130892198,999999,0,5,1
1,8,134081.02662149206,4,999999,6,1
6,1,134087.65382088203,999999,8,6,1
5,2,134095.2217084916,999999,6,8,1
5,1,134096.60556593668,999999,5,6,1
6,5,134111.94744697702,4,999999,5,1
1,2,134147.41611904034,999999,6,8,1
5,8,134148.53385795807,999999,6,6,1
5,1,134155.4627969809,5,999999,2,1
1,5,134158.40119019058,0,999999,7,1
4,5,134168.3928485901,999999,0,3,1
1,0,134174.002851541,3,5,999999,1
6,5,134174.4307598414,999999,1,4,1
4,1,134177.6706112232,5,999999,6,1
5,0,134187.7032493998,999999,1,6,1
6,5,134201.31078166908,999999,6,2,1
6,4,134223.16521533908,999999,6,4,1
4,6,134230.89280883598,999999,4,0,1
2,8,134230.93396422622,999999,6,6,1
5,6,134235.69485158738,999999,5,2,1
5,2,134243.68381641622,3,999999,7,1
5,6,134253.7253164048,999999,5,5,1
5,0,134256.69737833922,999999,5,3,1
5,1,134263.59947597497,999999,1,3,1
5,8,134266.3665245241,7,1,999999,1
6,0,134269.42881558658,999999,5,6,1
5,2,134280.65496230213,999999,8,5,1
6,4,134287.4293443576,999999,6,6,1
6,2,134288.4421991976,999999,1,6,1
6,6,134299.67381846596,999999,8,5,1
5,5,134303.44108777464,999999,3,1,1
5,2,134311.61409998633,999999,5,5,1
1,1,134314.8880581676,5,999999,4,1
1,6,134323.52730552488,999999,3,1,1
5,0,134329.22899356158,5,999999,8,1
8,8,134351.7224774083,999999,5,1,1
5,3,134354.86100502204,999999,6,2,1
2,0,134357.23115023872,999999,5,6,1
8,5,134362.16276559603,999999,4,8,1
5,5,134363.0397429749,999999,5,4,1
5,6,134381.19310087606,999999,2,4,1
2,6,134381.2595974687,999999,8,3,1
1,2,134383.02099749853,999999,3,1,1
4,4,134394.3223663899,999999,2,6,1
6,5,134396.11626641845,999999,2,4,1
6,3,134405.02703599527,999999,6,5,1
5,1,134413.2854538503,999999,3,1,1
5,5,134414.35155517512,999999,3,5,1
6,6,134415.67515221256,999999,5,0,1
1,1,134420.73692348355,999999,2,6,1
5,0,134430.97848231602,999999,1,3,1
6,1,134433.00294830895,6,999999,6,1
6,6,134433.5465748826,999999,5,5,1
1,0,134442.21057672554,1,2,999999,1
2,6,134454.4828067762,5,999999,3,1
5,5,134460.41528203845,2,999999,6,1
6,6,134464.55191069623,999999,5,6,1
6,3,134466.58201705982,2,999999,8,1
6,8,134472.34307681417,6,999999,4,1
1,2,134474.20539052723,0,999999,1,1
2,6,134480.18565485853,999999,5,2,1
6,0,134502.08539669824,999999,1,5,1
5,1,134521.7795523934,999999,2,4,1
5,4,134533.86276208537,999999,5,2,1
5,6,134535.8834634082,999999,0,6,1
5,3,134540.44386477748,999999,3,5,1
5,5,134556.1982065226,999999,7,5,1
6,5,134560.92486013734,1,999999,1,1
8,8,134566.94483822276,999999,5,6,1
1,6,134567.14758485655,999999,8,0,1
6,2,134574.174661058,6,999999,6,1
4,4,134617.5403256855,999999,6,5,1
5,1,134626.1585523474,999999,6,0,1
1,2,134645.77977962734,999999,5,8,1
2,4,134645.87730579398,999999,3,1,1
8,6,134666.45682266247,999999,2,3,1
5,5,134670.41013909408,999999,5,2,1
6,2,134677.1711851011,999999,0,1,1
6,1,134679.36599501426,999999,7,4,1
5,6,134688.35486727732,999999,1,5,1
5,5,134689.5483748763,999999,8,4,1
6,2,134690.08850892974,4,6,6,1
5,0,134691.08982365474,6,1,5,1
2,5,134692.68330987613,999999,6,6,1
5,1,134706.30067339772,999999,3,6,1
1,5,134716.44795596396,5,999999,8,1
6,1,134717.0976178712,999999,4,1,1
4,5,134717.60702268904,999999,1,6,1
4,8,134721.41115700718,999999,2,5,1
6,1,134723.5337303363,5,999999,3,1
5,1,134730.03308435334,999999,8,6,1
6,4,134732.1072575456,999999,3,6,1
6,3,134735.7929528607,999999,4,8,1
6,6,134737.06818909183,999999,6,0,1
5,1,134741.08185102275,999999,8,6,1
5,4,134746.18620719612,999999,8,2,1
6,6,134751.82525420448,999999,6,6,1
2,1,134754.28490950863,8,999999,6,1
2,2,134777.1597243591,999999,4,1,1
1,5,134778.54270309245,999999,2,6,1
6,6,134790.84500337974,999999,3,5,1
5,1,134800.6783139208,999999,6,6,1
5,4,134800.7694868277,3,999999,6,1
5,2,134801.61248244264,6,999999,1,1
6,1,134808.17147863796,5,8,999999,1
5,3,134808.2292781292,999999,6,4,1
5,0,134811.63274486104,999999,8,1,1
5,6,134812.53904648658,999999,0,5,1
6,5,134813.15316443265,999999,0,5,1
8,6,134826.89367293086,999999,8,8,1
5,2,134828.8329771116,999999,6,4,1
5,6,134839.25700115113,999999,4,8,1
5,6,134849.23889500313,8,999999,3,1
5,0,134851.34698980476,999999,5,6,1
8,5,134860.7782395127,999999,1,2,1
5,1,134862.8049696718,999999,6,6,1
8,2,134868.84059988274,999999,0,5,1
6,2,134869.85646454786,999999,5,6,1
5,6,134892.54516792577,999999,6,3,1
6,5,134903.6585381408,6,999999,0,1
6,0,134903.94674320394,999999,5,1,1
1,2,134906.13440160346,999999,5,8,1
4,4,134910.22037005782,999999,5,0,1
4,4,134916.51354420732,999999,0,6,1
4,0,134922.74618198953,999999,5,8,1
4,6,134947.2115427826,999999,1,2,1
6,6,134967.89330999993,999999,2,5,1
5,1,134968.02890424468,5,999999,8,1
5,2,134978.5150950818,999999,6,5,1
6,1,134984.15017130252,5,1,999999,1
5,6,134985.92961643534,999999,5,3,1
6,3,135000.10324155184,999999,8,2,1
5,0,135002.54910763603,999999,4,1,1
4,1,135014.11152313117,999999,6,3,1
2,2,135020.25732622397,999999,8,3,1
4,6,135041.36930551677,999999,1,2,1
5,6,135045.76265676817,999999,5,7,1
5,6,135052.06338889297,999999,8,0,1
5,8,135057.40922798458,999999,3,6,1
5,5,135064.53400535576,999999,8,5,1
5,5,135067.23620675784,999999,5,1,1
8,6,135075.53763618297,5,999999,5,1
6,6,135075.98874306958,999999,5,0,1
6,2,135081.27560592128,999999,5,0,1
8,8,135094.71564890552,999999,2,6,1
1,1,135097.66473535149,999999,5,5,1
5,5,135099.38298187923,4,2,8,1
4,2,135100.0932433405,999999,5,6,1
4,4,135100.56882133853,999999,6,5,1
6,6,135103.84197742958,999999,8,3,1
1,1,135109.61037579933,999999,5,2,1
1,6,135112.15223274074,999999,3,5,1
5,6,135114.70570411213,999999,5,6,1
6,3,135117.85463879,999999,0,3,1
2,0,135119.55253141632,999999,8,3,1
5,5,135119.94551090494,2,999999,1,1
6,2,135131.32212590508,999999,5,8,1
6,3,135149.96405086006,999999,8,0,1
6,0,135153.64875341207,999999,5,6,1
5,5,135156.93502355606,1,999999,5,1
5,8,135157.8674214352,999999,5,1,1
5,7,135160.06159881986,999999,5,4,1
5,5,135165.46415607264,4,999999,1,1
5,1,135168.52523088088,999999,4,0,1
8,2,135177.86698215798,6,6,6,1
5,5,135179.60508623184,3,4,999999,1
5,6,135181.3288367942,999999,1,8,1
5,2,135182.51397855676,999999,5,4,1
1,1,135192.3630942501,999999,5,2,1
6,1,135205.40272631156,5,999999,5,1
5,6,135206.5263211558,999999,6,1,1
5,5,135208.34777561174,999999,8,6,1
5,2,135211.6133223389,999999,6,3,1
6,5,135215.4326788449,999999,1,5,1
5,7,135224.11089054123,999999,2,5,1
6,5,135235.35309796207,2,1,999999,1
6,5,135242.9835646065,999999,6,8,1
8,3,135250.12427040047,999999,6,8,1
1,5,135251.40138687677,5,6,999999,1
5,4,135256.28123710168,6,999999,5,1
8,2,135261.99673662236,999999,6,6,1
5,3,135265.33062724344,999999,0,6,1
8,1,135271.8574488906,999999,2,6,1
6,3,135277.17499775672,999999,3,6,1
5,1,135286.02527066672,999999,6,4,1
2,1,135287.57346288813,999999,3,5,1
5,8,135299.35578239823,999999,4,6,1
1,4,135324.64617988438,999999,5,3,1
6,6,135329.749562262,999999,4,3,1
5,6,135335.3008311162,999999,6,3,1
5,2,135336.4469185969,999999,999999,7,1
6,6,135340.79435926458,999999,0,2,1
7,6,135341.35871235278,999999,1,6,1
1,1,135343.02784609952,999999,6,0,1
5,5,135343.49859569577,999999,5,4,1
4,8,135344.48580063725,999999,1,6,1
5,0,135346.63764738766,999999,6,1,1
8,0,135347.61031559206,999999,6,1,1
1,6,135354.0045960376,999999,2,7,1
5,5,135355.80364913124,0,999999,6,1
6,6,135374.06369935995,999999,4,7,1
5,2,135383.20794192134,6,5,0,1
6,5,135389.02744652616,999999,6,5,1
4,6,135394.79318239968,8,999999,6,1
5,2,135415.62842301055,999999,999999,7,1
8,2,135416.01928171492,999999,2,8,1
6,5,135429.28814883943,999999,5,7,1
4,5,135431.20477509877,999999,4,1,1
1,3,135435.3704422142,999999,1,6,1
6,1,135438.27474734173,999999,5,8,1
5,0,135446.28515433686,999999,5,8,1
1,1,135446.94183172676,999999,6,0,1
8,5,135457.7746853088,999999,6,4,1
6,1,135459.87971266705,999999,6,4,1
6,1,135461.80666406534,6,999999,5,1
5,1,135465.34426363927,999999,3,6,1
6,0,135467.2045341362,1,999999,6,1
8,1,135476.81085417428,999999,6,0,1
6,6,135478.35832683183,999999,2,1,1
6,5,135483.47462687345,999999,5,1,1
6,8,135488.9186633299,7,999999,5,1
8,5,135490.49418137522,999999,8,2,1
6,7,135492.3445041097,999999,0,6,1
6,1,135510.57523183522,999999,0,6,1
5,7,135512.60283912436,999999,8,4,1
5,5,135514.56540314725,0,6,999999,1
5,1,135517.62378495134,999999,5,8,1
8,8,135522.23646425075,999999,1,6,1
6,3,135522.66678965953,999999,1,0,1
4,2,135523.23670729308,999999,3,4,1
5,2,135529.62960957692,999999,5,8,1
5,3,135543.5983399005,999999,1,5,1
1,4,135544.453007362,0,999999,3,1
5,1,135570.3181800881,999999,3,6,1
5,5,135571.296622211,999999,5,1,1
1,6,135574.52364173852,999999,6,5,1
5,3,135587.18519078885,2,999999,5,1
5,5,135592.8529990183,999999,0,1,1
6,3,135595.26943573134,999999,8,1,1
4,3,135598.80273464535,999999,2,2,1
2,0,135603.44661527337,999999,5,5,1
6,1,135607.8713326011,999999,4,2,1
1,2,135608.40675829066,999999,6,8,1
5,1,135610.19935950532,999999,8,6,1
8,3,135611.52630504273,999999,4,6,1
1,4,135629.58754556786,999999,3,5,1
5,8,135630.67146371226,999999,2,8,1
2,5,135638.03299769692,1,999999,5,1
5,4,135638.50319650472,999999,7,5,1
6,1,135642.0467779403,8,999999,2,1
6,6,135642.92024409148,999999,6,1,1
1,6,135651.6390867448,999999,8,7,1
6,1,135659.42663619915,999999,5,6,1
6,1,135665.02513441374,999999,5,3,1
6,2,135665.43065035157,999999,0,4,1
1,4,135667.7183701443,5,1,999999,1
5,0,135669.51367233458,8,999999,5,1
4,6,135679.2149924398,999999,3,1,1
6,6,135681.62062134664,999999,6,5,1
6,7,135683.83781782398,999999,1,3,1
5,5,135686.54064096807,6,999999,6,1
5,6,135688.18298055578,999999,6,4,1
6,2,135690.89679860722,1,999999,3,1
6,5,135722.74143646477,999999,2,8,1
6,8,135724.00547669554,4,999999,2,1
6,1,135724.016600892,8,999999,6,1
6,2,135724.52459933618,999999,1,8,1
2,6,135727.56624276628,999999,2,8,1
6,1,135733.70560073986,999999,4,2,1
5,7,135733.94213021407,999999,6,4,1
5,3,135734.47237966972,999999,5,5,1
1,5,135739.25433280264,6,6,999999,1
5,1,135744.40652401675,5,999999,8,1
5,4,135752.43277834862,999999,8,1,1
1,7,135761.67412225378,999999,6,5,1
6,6,135763.37044769057,999999,6,0,1
5,6,135775.01304619721,999999,2,8,1
6,5,135777.5103453545,999999,6,1,1
5,5,135782.45546109628,999999,7,3,1
5,6,135784.33201176825,999999,5,4,1
8,1,135788.4936628411,999999,6,5,1
4,6,135790.73347991693,999999,5,8,1
5,5,135798.09504872857,999999,4,3,1
6,6,135807.19813635058,999999,5,3,1
6,5,135816.59272798762,999999,5,4,1
5,1,135817.01167846224,999999,6,5,1
5,3,135820.78576322092,999999,0,5,1
1,4,135822.19012340668,999999,5,6,1
6,0,135826.3408514469,999999,5,4,1
6,6,135827.73736693748,999999,1,6,1
4,6,135828.69022257364,999999,3,1,1
4,6,135830.07263285466,999999,3,6,1
5,2,135833.7183861917,999999,5,2,1
5,6,135835.59044275573,999999,4,7,1
4,8,135836.01156590012,999999,0,8,1
6,1,135847.45137443615,999999,0,4,1
1,2,135849.7742401562,999999,8,1,1
4,6,135854.64205170225,6,999999,1,1
5,2,135856.4150012362,999999,5,6,1
4,8,135857.83978080566,999999,6,8,1
5,6,135857.85176058867,999999,4,1,1
5,2,135858.69002233344,999999,8,5,1
4,6,135859.23006039392,999999,4,0,1
8,6,135860.85294789507,3,999999,1,1
4,6,135866.18915327868,999999,8,5,1
5,1,135882.40089987166,5,999999,8,1
6,6,135885.3555375662,999999,5,6,1
4,6,135890.80109169497,999999,1,6,1
6,5,135895.90806809752,999999,1,3,1
5,8,135903.71226965325,5,3,999999,1
6,6,135908.12287092578,1,999999,8,1
5,5,135909.68452781855,6,999999,8,1
8,4,135916.63694053265,999999,6,8,1
5,5,135924.52653044107,999999,1,2,1
5,2,135926.83633946485,8,6,999999,1
1,8,135943.53060465274,999999,8,6,1
6,5,135943.6489416517,999999,8,6,1
5,6,135943.72238023835,999999,2,5,1
1,3,135944.38564152556,999999,6,6,1
8,3,135948.05847021492,999999,6,5,1
8,5,135962.26957240625,999999,8,1,1
6,1,135963.33108571835,999999,6,5,1
6,5,135982.39642402067,999999,6,1,1
6,3,135986.30145874465,999999,8,6,1
6,1,135988.91376820923,999999,0,2,1
5,2,135994.89504491878,999999,1,0,1
5,8,135998.4377846938,999999,8,3,1
1,5,136000.49065419694,5,999999,1,1
2,6,136000.94509761702,999999,5,1,1
5,5,136002.5611333725,999999,6,7,1
5,6,136005.75694018495,999999,6,3,1
5,6,136008.38094031377,999999,3,0,1
6,0,136018.81278927968,999999,5,0,1
2,4,136024.82350070143,999999,5,0,1
5,2,136037.93418873605,5,0,999999,1
6,6,136040.99323234637,999999,4,5,1
5,1,136050.56528854303,999999,2,0,1
6,4,136060.12590772682,999999,6,0,1
8,4,136065.20552600478,999999,3,6,1
5,3,136065.8361999571,999999,0,0,1
5,2,136067.70283391667,5,0,999999,1
5,5,136068.1744931409,999999,8,6,1
5,1,136070.42702288085,999999,6,5,1
8,5,136071.89165137825,999999,2,3,1
4,4,136075.35567606098,8,999999,0,1
5,2,136081.7404207156,999999,3,6,1
5,4,136084.4458226601,999999,3,4,1
4,8,136091.256262022,999999,5,6,1
5,5,136112.28653991796,999999,4,1,1
5,6,136113.07104366188,5,999999,4,1
5,8,136121.76747708875,999999,1,1,1
6,2,136125.35572558644,999999,5,5,1
2,2,136129.17252123007,5,999999,4,1
5,6,136130.17491087475,999999,6,6,1
1,2,136134.6441443292,999999,1,6,1
6,5,136137.4559165245,999999,1,8,1
5,2,136138.47153857013,999999,5,6,1
5,4,136139.45423965022,999999,1,5,1
5,6,136147.55174863868,999999,7,1,1
5,1,136149.86256040563,999999,8,8,1
6,6,136151.01855117764,0,6,999999,1
5,2,136161.06877077892,5,999999,5,1
6,8,136163.37574111472,8,999999,1,1
5,4,136165.9805906922,999999,6,6,1
6,4,136171.89081478838,999999,5,6,1
5,1,136174.22508759316,999999,0,3,1
4,1,136179.43254230428,999999,4,6,1
1,5,136182.4632561962,999999,4,2,1
6,6,136189.1106982243,999999,6,8,1
4,6,136207.47290991092,999999,6,5,1
6,6,136214.50112236393,999999,1,4,1
6,4,136222.43055889598,999999,5,3,1
1,1,136228.1341931664,999999,2,6,1
4,2,136228.7237404134,999999,5,6,1
5,6,136258.80146096382,999999,8,6,1
5,6,136260.62467801664,999999,5,8,1
6,5,136272.89611795745,999999,4,1,1
1,5,136274.70249646937,999999,5,1,1
5,5,136276.15950410807,999999,2,6,1
2,0,136279.52949300516,3,999999,8,1
1,6,136287.1349526987,0,999999,5,1
5,7,136290.495808819,999999,4,5,1
4,2,136304.86220152068,999999,5,3,1
8,3,136309.3751897707,999999,6,6,1
5,6,136310.3411105951,1,2,999999,1
6,6,136317.3077324032,999999,4,0,1
6,3,136322.46287883195,5,999999,0,1
6,4,136325.93556339818,999999,5,6,1
6,0,136326.44765830584,999999,5,5,1
4,5,136328.06079519042,999999,8,1,1
5,0,136332.98459889388,999999,5,1,1
6,0,136337.0260896235,999999,6,5,1
6,5,136343.66951960966,999999,6,6,1
5,5,136344.0581330331,999999,1,8,1
5,3,136344.224957889,999999,0,1,1
6,6,136345.58926414466,999999,6,3,1
1,0,136356.51929580123,999999,0,6,1
5,5,136360.8133582161,999999,4,6,1
6,5,136365.71494894577,999999,6,2,1
4,3,136367.70846149774,999999,0,1,1
5,2,136368.40484793537,999999,3,3,1
6,7,136378.44424442967,999999,1,6,1
6,5,136382.23865822033,5,999999,6,1
5,6,136388.79543223372,999999,2,3,1
8,5,136389.34882201196,999999,8,5,1
5,3,136393.8248963345,999999,5,4,1
5,5,136401.07911452325,999999,5,5,1
5,2,136405.050100939,6,999999,1,1
6,6,136410.2118254349,999999,5,8,1
1,1,136410.65563010972,999999,1,5,1
5,5,136413.1746935138,6,999999,3,1
5,5,136417.5446100721,999999,1,8,1
5,1,136420.90874914778,999999,6,6,1
2,2,136435.21388594978,999999,0,5,1
2,5,136435.9575355756,999999,5,0,1
6,2,136437.49558989194,6,999999,6,1
5,0,136439.5234911512,999999,6,6,1
5,3,136440.71015234495,5,999999,6,1
1,6,136453.36170619982,6,999999,3,1
5,6,136460.09668630618,999999,0,6,1
1,5,136469.30668426005,5,999999,8,1
5,1,136469.30894505713,999999,6,5,1
6,8,136472.324725881,999999,5,6,1
4,0,136479.2405711524,5,1,5,1
6,1,136481.84157920768,999999,0,3,1
5,5,136492.4312390032,999999,3,2,1
6,4,136502.22182041197,999999,6,8,1
6,3,136504.0030589362,999999,5,8,1
4,5,136507.77595129856,999999,5,2,1
6,5,136508.38761510872,8,999999,6,1
8,5,136518.30397467825,999999,3,6,1
4,5,136522.89299117797,999999,6,1,1
6,8,136540.26423130752,999999,6,6,1
5,5,136556.32303354944,5,6,999999,1
4,6,136561.73792969913,999999,5,2,1
5,8,136565.55054495652,5,2,999999,1
5,8,136574.80094010173,999999,5,7,1
6,3,136578.3433209242,999999,1,0,1
5,0,136580.09092588464,999999,1,8,1
6,2,136585.2767744326,999999,4,2,1
8,6,136587.5598858924,999999,5,5,1
5,8,136596.0957525697,1,999999,8,1
5,6,136596.9947603224,999999,4,2,1
5,5,136602.4337797176,4,2,8,1
8,4,136604.9567786713,999999,3,8,1
8,7,136611.77244277298,999999,5,6,1
5,8,136612.59832521802,999999,6,8,1
5,3,136619.66197968597,999999,6,6,1
5,5,136628.88489633286,999999,999999,6,1
8,6,136635.7552579947,999999,6,4,1
8,6,136657.22781658533,999999,1,4,1
5,6,136673.27148800032,999999,1,5,1
6,5,136674.43676553958,999999,6,6,1
6,3,136675.48352346345,999999,2,5,1
5,6,136684.34104042247,999999,8,1,1
5,5,136684.3874809149,999999,0,6,1
1,0,136685.95776383716,999999,1,6,1
6,6,136687.23524068447,0,999999,6,1
8,2,136687.92146613103,999999,5,6,1
6,5,136689.25272819816,999999,6,3,1
6,1,136696.24593106812,999999,0,4,1
4,1,136700.11664262772,1,999999,6,1
4,4,136707.9934535935,999999,5,6,1
5,2,136708.23003501946,6,6,999999,1
4,2,136714.33627961203,999999,5,1,1
5,5,136718.49194076605,999999,6,7,1
1,1,136719.26158829645,999999,1,7,1
1,6,136732.09106839623,8,999999,6,1
8,4,136732.51584506925,999999,6,3,1
4,2,136744.98074294507,999999,5,4,1
1,5,136754.847367895,999999,8,1,1
1,8,136756.2932481326,6,1,999999,1
1,5,136757.24909223348,999999,0,5,1
6,2,136759.7932314333,6,999999,6,1
5,1,136768.08438958068,999999,5,6,1
5,5,136770.24957968894,999999,5,1,1
5,1,136770.8636255914,999999,8,5,1
5,2,136778.12451434377,999999,5,8,1
1,6,136793.54563188623,999999,5,7,1
5,4,136793.67524147808,999999,0,2,1
1,2,136796.01735845566,999999,1,6,1
5,2,136796.07132713302,999999,6,0,1
1,6,136798.67003536373,999999,5,0,1
5,5,136809.95291352103,999999,3,6,1
6,4,136823.28088182694,999999,5,6,1
5,2,136823.5185740349,999999,6,5,1
4,6,136832.69242181926,999999,2,5,1
5,6,136834.56620828548,999999,4,5,1
5,2,136839.78017226755,999999,3,0,1
5,2,136844.77757832216,999999,5,5,1
6,6,136855.22656837644,8,999999,3,1
6,8,136856.3326281889,999999,6,5,1
5,6,136857.28182196134,3,999999,6,1
5,6,136863.10729489865,0,999999,5,1
6,6,136867.2148096578,999999,5,8,1
6,6,136868.05734612184,999999,1,5,1
5,5,136869.6915027967,999999,5,6,1
8,4,136875.29220886357,999999,2,2,1
5,6,136893.5214917033,999999,5,8,1
6,5,136896.49912480978,999999,5,5,1
1,8,136902.49748517538,999999,6,3,1
2,3,136902.5502390139,999999,6,5,1
6,6,136904.3853776667,999999,1,5,1
6,1,136908.36088387942,6,4,999999,1
5,5,136909.73733722707,999999,6,6,1
5,6,136911.06702064196,999999,0,4,1
8,5,136923.71439809035,999999,8,0,1
1,8,136929.63896255626,999999,6,0,1
6,1,136935.57231122185,999999,6,5,1
5,4,136943.75083605855,6,999999,5,1
4,6,136945.72140821494,999999,2,1,1
6,6,136953.80329888343,999999,8,1,1
4,8,136960.361167871,999999,2,6,1
5,5,136971.91098730484,999999,6,0,1
6,4,136979.33840227418,999999,0,5,1
6,2,136990.07471388133,5,999999,0,1
5,6,136990.48794285642,999999,6,0,1
6,2,137009.62971764553,999999,6,3,1
4,0,137010.34796301657,999999,1,5,1
5,5,137012.23349138148,6,999999,3,1
6,6,137013.992168166,999999,2,1,1
6,0,137015.43633988936,999999,1,6,1
5,1,137016.4217663086,999999,6,5,1
5,5,137025.46500585543,999999,0,8,1
5,2,137025.8315152111,999999,4,1,1
5,4,137026.8985201225,999999,2,1,1
1,6,137029.5149439292,1,0,999999,1
5,1,137032.82693242165,999999,4,2,1
5,2,137038.16529619857,999999,5,4,1
5,1,137039.89524419585,999999,6,6,1
1,8,137040.82626233916,999999,5,2,1
6,2,137042.42269728598,999999,8,0,1
5,4,137062.51247123317,999999,8,6,1
1,6,137067.53313909925,999999,0,5,1
4,2,137068.33289906327,999999,0,8,1
1,6,137085.71774751955,1,999999,6,1
5,5,137102.86632047573,999999,1,0,1
5,6,137126.4892044199,999999,0,3,1
5,6,137131.1174216406,999999,5,6,1
5,8,137135.56946782142,999999,3,6,1
6,1,137144.95330093193,999999,6,6,1
5,5,137168.94847714386,999999,1,5,1
2,6,137171.4899954184,8,999999,5,1
8,2,137178.93957774361,999999,0,5,1
2,1,137182.82781936455,999999,7,6,1
6,6,137190.23044872002,999999,2,6,1
5,3,137201.2745639257,999999,1,4,1
6,6,137205.193013447,1,999999,2,1
6,3,137209.6243060584,999999,3,6,1
5,2,137214.13843212032,999999,4,8,1
4,8,137220.5766758633,1,999999,6,1
8,3,137233.77889145043,999999,5,6,1
8,0,137250.70453449868,999999,1,6,1
6,6,137256.66986149963,999999,3,8,1
1,6,137258.26560441006,999999,6,6,1
8,5,137272.50740512737,999999,2,1,1
6,5,137273.0732021334,999999,6,8,1
5,7,137274.05119762736,999999,5,5,1
6,4,137277.13684275423,999999,4,3,1
6,3,137284.66761802387,999999,6,6,1
8,8,137293.63812725243,999999,5,6,1
6,6,137306.8649957196,999999,1,3,1
8,0,137307.67129708576,3,999999,6,1
5,1,137308.60307014428,999999,8,5,1
5,5,137314.25661838925,6,999999,8,1
4,3,137328.54891161705,999999,6,5,1
4,5,137328.7237529375,999999,6,8,1
6,2,137329.02885781322,999999,6,0,1
5,2,137334.8096142865,999999,0,5,1
5,6,137335.45053807605,4,999999,1,1
4,2,137336.7901496588,999999,6,1,1
5,0,137339.25495758676,999999,2,8,1
6,2,137346.81994185958,999999,0,2,1
5,0,137353.21556570687,999999,2,8,1
5,8,137354.17209597566,999999,2,4,1
5,2,137358.30345542697,999999,6,1,1
6,4,137371.7749175414,999999,2,3,1
6,1,137375.39399756465,999999,2,5,1
2,2,137383.9933356472,999999,8,6,1
6,5,137386.29685167287,999999,8,5,1
6,0,137389.8504361424,999999,5,3,1
5,0,137396.1713240839,999999,6,1,1
2,6,137401.74768242246,999999,5,6,1
6,8,137403.556916669,0,999999,5,1
5,5,137429.5738441286,999999,5,3,1
6,8,137430.57067417618,999999,7,3,1
6,2,137437.80441347117,5,8,999999,1
6,6,137444.82510476935,999999,2,6,1
5,2,137447.39371053706,3,999999,1,1
1,2,137447.4103551051,999999,1,5,1
8,3,137450.86043250692,999999,6,1,1
5,3,137457.02311956437,999999,4,6,1
6,3,137458.0923719131,999999,6,8,1
2,2,137461.8914245643,999999,8,6,1
2,3,137463.12281114652,999999,6,8,1
5,5,137465.2653691565,999999,0,3,1
4,5,137468.8576036739,999999,8,0,1
5,0,137476.955305404,999999,4,2,1
5,2,137480.68665855823,8,6,999999,1
6,2,137482.78293774568,999999,8,6,1
2,6,137485.90405246618,3,999999,0,1
6,1,137490.6450461026,999999,6,1,1
6,2,137495.32409390126,999999,4,1,1
5,5,137496.40373996962,6,999999,5,1
6,7,137498.81325679042,999999,8,8,1
5,6,137500.23329653818,999999,1,6,1
8,8,137503.13318291257,999999,6,5,1
5,8,137517.7707247875,999999,6,1,1
4,3,137530.69774496026,999999,2,0,1
6,1,137554.37616696488,5,999999,5,1
6,5,137562.09154216532,999999,6,1,1
5,8,137564.28586723332,999999,5,2,1
5,2,137565.40836300445,999999,3,8,1
5,2,137588.30461538376,999999,1,5,1
5,6,137595.39351491435,999999,2,1,1
6,0,137600.37616300237,999999,1,2,1
6,8,137602.4874413088,999999,1,5,1
8,8,137603.4069965892,4,999999,5,1
6,3,137612.3862249659,1,999999,8,1
6,3,137612.9988200494,999999,1,4,1
6,8,137616.38654769896,999999,5,4,1
5,5,137625.34450645946,999999,6,6,1
8,0,137630.2250817691,999999,3,5,1
5,1,137633.54142156275,5,999999,8,1
5,4,137635.18768133593,999999,6,6,1
1,5,137635.49384284313,999999,1,0,1
6,6,137639.26193574953,5,4,999999,1
6,5,137644.54823927197,999999,4,0,1
5,1,137667.34957591613,999999,3,1,1
5,5,137675.97469417943,999999,5,1,1
6,6,137680.02201589095,999999,5,0,1
6,1,137682.46926212113,999999,6,2,1
6,4,137683.2520278101,0,999999,1,1
5,2,137704.29032265526,999999,5,5,1
1,6,137712.2332910385,999999,2,7,1
2,0,137712.38503007096,999999,5,6,1
6,5,137713.32086085784,6,6,5,1
5,6,137718.1008322731,999999,8,5,1
6,1,137718.85333914496,999999,8,0,1
4,1,137721.5271870121,6,999999,2,1
8,8,137724.50421733374,999999,4,1,1
8,0,137732.35234438864,999999,1,2,1
5,8,137737.1643306009,999999,5,5,1
6,2,137741.46164197233,999999,3,1,1
6,5,137742.22503945517,999999,2,6,1
6,2,137746.46305318212,999999,6,5,1
6,5,137746.8322593434,5,999999,8,1
5,5,137767.87429822568,999999,5,2,1
5,3,137772.62771124757,999999,8,6,1
1,1,137773.51172166414,999999,6,8,1
5,6,137776.8261723025,999999,0,5,1
1,6,137778.1847502573,6,999999,2,1
8,2,137778.75827399752,999999,0,5,1
5,0,137784.50386890094,999999,3,6,1
5,2,137790.13628405202,999999,4,3,1
1,6,137791.63648301622,999999,0,3,1
4,6,137819.3489327594,6,999999,3,1
8,6,137821.67955338262,999999,2,1,1
5,4,137823.6213832207,999999,4,1,1
1,6,137824.37135993733,999999,0,5,1
2,6,137826.6171651881,999999,6,5,1
1,6,137836.36511913175,999999,8,2,1
5,6,137847.67640044627,999999,4,6,1
6,2,137859.43991389702,999999,2,0,1
1,3,137859.69983771536,999999,6,6,1
1,6,137863.9179608251,999999,8,0,1
4,6,137866.3781904863,999999,1,3,1
8,6,137866.64794773574,999999,7,1,1
8,6,137870.56516578348,999999,5,6,1
1,4,137871.18382689968,999999,8,0,1
5,5,137874.5541677462,999999,3,2,1
5,2,137889.36251024532,0,8,999999,1
5,5,137891.23027765396,999999,6,1,1
5,5,137894.61643310412,999999,1,6,1
4,6,137897.2060159211,999999,5,0,1
2,5,137902.34305043874,999999,8,5,1
8,6,137903.09271235266,999999,1,2,1
5,1,137905.69313357704,0,999999,5,1
6,4,137907.66301528396,999999,5,1,1
1,2,137912.5089092417,999999,8,1,1
6,5,137914.11732159456,999999,6,6,1
1,4,137916.09156300488,999999,5,6,1
5,8,137917.15131763244,999999,5,7,1
6,6,137934.02480194636,1,999999,5,1
1,5,137948.09500636483,6,999999,2,1
5,2,137951.09315525228,999999,5,6,1
6,6,137952.32340920315,1,2,999999,1
6,5,137970.6145543858,999999,6,5,1
6,6,137973.5410809646,999999,6,6,1
5,6,137980.9658574883,999999,0,5,1
5,0,137981.4096399159,2,999999,6,1
1,5,137983.7492623491,999999,0,6,1
5,6,137986.11619228913,999999,6,5,1
5,3,137986.4067079694,999999,6,5,1
5,2,137988.9646442142,1,999999,1,1
6,6,137989.58521190126,2,999999,8,1
2,0,137991.9805999906,999999,6,8,1
5,4,137993.42528486525,999999,6,6,1
5,6,137997.15607109378,999999,5,1,1
6,6,138007.4480794956,999999,3,6,1
1,1,138011.92133356043,999999,6,0,1
6,1,138019.849608944,999999,5,2,1
1,5,138026.2601781871,6,999999,5,1
5,2,138026.3573833361,999999,1,2,1
5,3,138034.90664451174,999999,6,5,1
4,1,138035.0441281005,999999,6,5,1
1,6,138047.81655163554,999999,2,4,1
5,5,138060.52648414616,6,6,3,1
8,4,138067.12923530885,999999,5,1,1
6,8,138069.77282170628,999999,6,999999,1
4,8,138070.61271388078,999999,5,6,1
1,0,138079.16883819868,999999,6,7,1
6,4,138079.3661861181,999999,6,5,1
6,6,138084.43079760976,1,999999,5,1
1,2,138085.432797901,999999,6,0,1
6,5,138089.3163247331,999999,8,6,1
5,6,138100.33610622777,999999,8,5,1
1,4,138107.66546290912,5,999999,1,1
5,4,138110.36091103815,999999,4,5,1
8,5,138111.17499558043,999999,2,3,1
1,3,138114.01170705238,999999,6,6,1
6,5,138114.2230858895,999999,6,4,1
5,2,138138.61155613948,999999,8,1,1
6,5,138142.2947504843,5,5,999999,1
8,5,138142.6881005663,999999,6,6,1
5,2,138144.18424185787,8,6,999999,1
5,6,138145.70211140282,999999,1,6,1
6,5,138149.05315412162,999999,8,8,1
6,6,138155.02964542544,5,0,3,1
1,5,138163.8679115504,999999,8,6,1
6,6,138165.49406851298,1,999999,6,1
5,2,138170.34721737157,3,2,5,1
6,6,138175.94422456095,999999,8,3,1
6,0,138176.79106355875,999999,5,6,1
5,8,138177.9007255183,999999,1,4,1
5,1,138180.95128367742,999999,3,5,1
4,8,138187.27116316385,8,1,999999,1
2,1,138187.41099474515,999999,6,3,1
5,6,138209.66998595206,999999,5,8,1
6,6,138211.12209908705,999999,0,2,1
1,4,138212.78231947427,999999,1,6,1
1,2,138213.94092786478,999999,6,6,1
5,5,138216.34755975485,2,999999,8,1
8,5,138221.58723187548,999999,1,2,1
5,8,138221.71959399307,999999,0,6,1
5,8,138233.08496848328,8,999999,5,1
5,6,138249.0323687611,999999,5,1,1
4,2,138249.71757170235,999999,5,1,1
4,5,138251.32239295877,999999,1,1,1
5,2,138275.49795355884,999999,1,2,1
5,0,138286.74705828822,2,999999,7,1
6,6,138291.73096868768,999999,6,5,1
6,6,138296.57523773712,999999,4,0,1
6,6,138297.2142618498,999999,8,1,1
5,5,138298.73667595684,999999,3,6,1
1,6,138316.15911187878,5,999999,7,1
1,4,138336.90566454316,999999,0,5,1
6,5,138355.4872224659,999999,8,6,1
5,5,138356.6333319463,999999,6,6,1
5,5,138376.8717900663,999999,4,6,1
5,5,138385.52256591115,999999,6,5,1
6,5,138391.66325941257,999999,8,4,1
6,1,138400.98600757154,3,999999,5,1
5,6,138404.2928386307,999999,8,4,1
5,5,138407.31754210993,999999,1,4,1
6,6,138408.1659331623,999999,8,1,1
8,6,138414.79289304197,999999,8,8,1
8,6,138425.51698438133,999999,6,6,1
6,5,138428.8144913542,999999,4,3,1
6,2,138430.2726445155,999999,5,6,1
6,6,138430.88148127735,6,2,999999,1
6,5,138444.58860597835,6,999999,0,1
5,2,138448.4956355502,999999,7,2,1
6,6,138450.8360046139,999999,5,3,1
5,8,138460.9454021027,999999,5,8,1
5,1,138463.95932538525,999999,5,4,1
5,5,138475.06708910922,999999,2,1,1
8,8,138476.92762193226,999999,5,2,1
6,7,138479.88866104683,999999,5,6,1
6,6,138491.65249122988,999999,5,6,1
4,6,138496.83998633092,999999,5,5,1
5,6,138501.57914038788,0,999999,5,1
8,8,138501.8690744243,999999,6,0,1
6,1,138505.37270568588,999999,5,8,1
5,0,138508.01408523464,999999,2,6,1
1,5,138508.50027134197,999999,3,0,1
6,6,138510.3678541382,999999,6,1,1
5,1,138529.77855070127,6,999999,8,1
1,8,138536.61575693148,999999,6,8,1
5,8,138548.84680113464,999999,6,6,1
6,8,138574.03068598264,999999,6,0,1
5,8,138580.89279289875,999999,5,6,1
6,5,138587.4852128395,999999,8,6,1
4,2,138594.66367742184,8,999999,6,1
8,2,138598.9778484531,999999,0,5,1
6,5,138599.97107818074,999999,1,5,1
5,5,138603.57077409682,999999,4,2,1
5,1,138604.6083526674,6,999999,3,1
4,5,138606.04917375502,999999,2,3,1
5,5,138610.14861901416,8,999999,5,1
6,1,138622.5047790415,999999,6,5,1
5,2,138624.83729768582,2,999999,3,1
6,4,138626.6565333753,999999,2,5,1
5,4,138649.0070489875,999999,6,5,1
5,5,138649.45865237052,3,999999,3,1
5,1,138650.04551967361,3,999999,0,1
6,0,138655.90469736524,999999,5,2,1
4,5,138656.96169571628,8,999999,4,1
6,6,138658.80564909347,999999,8,2,1
5,5,138660.13516053543,999999,0,5,1
6,5,138675.34977848997,999999,4,1,1
5,4,138685.5606128183,999999,6,8,1
5,8,138689.46839540233,5,999999,8,1
6,2,138694.38868898817,999999,5,4,1
6,8,138697.65742559527,999999,6,5,1
6,6,138698.2425072427,999999,8,5,1
6,5,138698.58967966173,999999,3,7,1
5,6,138715.83971545266,5,999999,2,1
1,0,138719.93079468675,999999,2,1,1
4,4,138736.48189458685,999999,6,6,1
8,4,138737.66185225974,1,999999,6,1
1,5,138742.5540459627,999999,5,6,1
8,0,138751.68405264462,5,999999,5,1
2,5,138755.03511216174,999999,4,8,1
5,1,138759.31763940453,999999,5,3,1
8,6,138765.15793178295,999999,1,5,1
6,5,138771.43980016635,999999,5,0,1
5,3,138776.37967898414,999999,8,6,1
6,5,138779.27055380185,999999,2,8,1
6,5,138781.2793320485,999999,2,6,1
5,6,138788.14810948176,999999,5,1,1
5,2,138791.77511632553,999999,4,8,1
6,5,138802.42234486763,2,999999,4,1
5,6,138805.63702264216,999999,5,6,1
8,8,138811.9143346835,0,999999,7,1
1,1,138813.14388869816,999999,1,4,1
5,1,138814.18882340207,999999,8,6,1
4,2,138814.385177343,999999,6,1,1
5,6,138815.9486175601,999999,1,3,1
6,5,138823.7063873488,999999,8,2,1
5,5,138831.22613031842,999999,2,1,1
6,4,138831.97467200994,5,999999,0,1
5,5,138839.97006844272,999999,5,6,1
6,5,138847.0318698675,2,999999,2,1
1,3,138850.93895671915,999999,1,0,1
5,8,138851.50161311968,999999,5,6,1
8,5,138861.75794751677,999999,6,4,1
6,7,138899.25526267904,999999,0,4,1
5,5,138902.04288913542,999999,0,4,1
6,3,138902.07025235536,6,999999,2,1
5,5,138903.48867759758,999999,4,1,1
8,4,138917.23536539785,999999,6,5,1
8,1,138918.60871290643,999999,4,8,1
5,1,138923.86848255293,5,999999,6,1
6,0,138926.85703285874,999999,5,6,1
1,3,138932.07371204297,1,999999,6,1
5,8,138938.31923907905,999999,6,4,1
5,6,138956.09152627908,999999,5,6,1
1,6,138956.15519967803,999999,6,8,1
5,1,138970.77331938504,999999,5,5,1
6,5,138971.29679084875,999999,3,8,1
1,0,138979.259229051,999999,6,5,1
8,2,138988.51812082515,999999,7,2,1
6,8,138990.85374703803,999999,6,6,1
5,1,138991.86649765528,999999,5,0,1
6,6,138992.32711223292,999999,1,5,1
6,5,138996.22051496187,999999,1,2,1
5,7,138996.34527243412,999999,3,5,1
1,6,138998.36188034675,999999,5,1,1
6,2,139002.9377628583,999999,6,5,1
8,4,139008.8200779751,999999,5,1,1
4,1,139008.88160320566,6,2,4,1
6,8,139015.2394200373,999999,5,6,1
6,5,139015.66936565874,999999,1,1,1
5,7,139025.86097855604,999999,2,5,1
8,6,139026.68788689896,999999,5,6,1
1,8,139027.90790087054,999999,1,6,1
5,7,139031.8994771914,5,999999,6,1
5,1,139033.2257815385,999999,2,0,1
8,3,139039.4278977757,2,999999,0,1
8,1,139067.5150971113,999999,5,2,1
5,5,139071.19188334642,999999,1,5,1
8,1,139079.75693429838,999999,6,4,1
6,0,139081.4536807065,999999,3,8,1
5,6,139083.78145170806,999999,5,8,1
6,1,139085.09511083135,999999,4,2,1
5,8,139089.51974252847,999999,4,6,1
1,6,139091.3210771364,6,999999,5,1
8,5,139113.55187038242,4,999999,5,1
6,0,139130.01202179992,999999,1,6,1
8,0,139135.14200753171,5,8,999999,1
6,1,139146.57674140032,999999,5,4,1
5,5,139149.01532998617,999999,0,3,1
1,1,139154.08244738422,999999,5,6,1
6,5,139159.42678304508,999999,4,3,1
1,6,139162.85612544318,999999,5,4,1
4,5,139164.15232973895,999999,6,0,1
6,5,139167.30114862646,999999,6,6,1
5,8,139173.27328195883,999999,5,6,1
4,4,139176.73531941255,999999,5,2,1
8,5,139179.05672801385,6,999999,5,1
6,6,139191.42515391044,999999,2,5,1
4,6,139204.49241896166,999999,6,1,1
4,1,139218.02800148624,999999,0,7,1
5,6,139236.30854935045,999999,2,5,1
5,6,139236.4839146491,999999,2,6,1
6,4,139244.87810239528,999999,2,4,1
5,2,139245.0815275509,999999,8,5,1
5,6,139250.97231349468,6,999999,1,1
5,2,139254.79116113856,999999,6,2,1
8,1,139260.30456492357,5,999999,6,1
5,4,139266.93697823098,999999,6,2,1
5,3,139273.01566820746,999999,1,5,1
5,2,139281.00296763697,6,6,999999,1
6,6,139281.76561739593,999999,0,5,1
6,8,139282.115368769,999999,6,6,1
5,0,139283.36230820205,999999,6,4,1
6,1,139285.02472192526,0,999999,4,1
1,0,139285.5686399529,999999,1,6,1
5,6,139292.88189609355,999999,1,6,1
1,1,139293.09838630178,999999,5,5,1
6,0,139311.58586868542,999999,6,8,1
6,4,139319.47679000834,999999,4,3,1
6,3,139322.28291204135,999999,5,5,1
5,6,139336.38034753135,999999,3,5,1
5,6,139339.61482602096,999999,5,8,1
1,6,139346.05033859483,2,999999,0,1
1,5,139354.04818834798,3,999999,1,1
2,6,139357.40475397217,0,5,999999,1
6,2,139367.17248512263,999999,1,8,1
5,6,139371.5280221855,4,999999,5,1
8,1,139374.15590622966,999999,6,4,1
5,6,139378.96587689937,999999,8,6,1
1,4,139382.22816670657,999999,5,6,1
8,6,139385.2288726336,999999,8,6,1
5,6,139392.37972771088,999999,8,6,1
5,2,139392.83183381998,999999,6,5,1
1,2,139392.9189665764,999999,6,6,1
5,1,139398.61163452786,5,8,999999,1
5,6,139408.58215024887,999999,2,1,1
8,0,139410.85574543886,999999,1,4,1
6,2,139412.97494479647,999999,4,3,1
6,6,139413.42454325352,999999,5,4,1
8,1,139413.78666329026,8,6,999999,1
6,5,139419.16949050565,999999,6,2,1
6,2,139419.93965312262,999999,7,8,1
6,6,139420.69379760209,999999,4,6,1
1,5,139435.37925176753,999999,0,6,1
5,5,139440.51440027537,999999,3,8,1
4,1,139440.9253330895,999999,5,6,1
5,4,139440.99066442877,999999,0,5,1
1,5,139442.16068400888,999999,5,0,1
6,1,139444.97073751182,999999,0,2,1
6,6,139454.82536232052,999999,5,5,1
6,5,139458.05311591167,999999,999999,6,1
5,8,139466.37063641916,999999,6,1,1
6,0,139467.34457299006,2,999999,6,1
5,6,139486.55521474453,999999,6,2,1
6,8,139514.41469998975,999999,4,0,1
4,2,139515.21203791152,999999,5,4,1
6,6,139516.54438602593,999999,1,4,1
8,5,139530.947929902,999999,0,6,1
5,8,139537.5851869403,999999,6,6,1
5,5,139538.8631783617,999999,6,4,1
6,1,139554.32209202927,999999,0,2,1
6,8,139556.89315103885,999999,6,5,1
5,6,139558.5963726243,999999,0,6,1
1,6,139558.7036218603,5,999999,5,1
8,1,139576.2137337321,1,999999,0,1
1,4,139580.16463853038,999999,5,6,1
6,0,139589.05940537562,999999,3,6,1
1,5,139593.26304610394,6,999999,6,1
1,2,139604.94157146645,8,999999,6,1
5,8,139612.38279535162,999999,6,6,1
6,6,139612.5718571323,999999,4,2,1
6,5,139620.01748399064,5,999999,6,1
8,3,139626.60306720898,999999,2,5,1
6,6,139629.27455926675,999999,8,6,1
2,2,139629.33590229973,7,999999,4,1
6,0,139639.31535417304,999999,5,8,1
1,4,139652.69278179033,999999,8,8,1
5,4,139654.1792690981,6,999999,3,1
8,7,139655.1182047743,999999,6,5,1
6,5,139670.668220256,999999,5,6,1
5,4,139681.40997520255,999999,6,2,1
6,6,139684.7439420765,2,999999,0,1
5,5,139691.49796010618,999999,8,1,1
8,5,139692.6085894195,999999,5,1,1
6,6,139693.01283586724,8,999999,6,1
2,5,139693.26671013542,999999,6,8,1
4,8,139707.35833990783,999999,5,6,1
5,2,139717.73308839175,5,999999,1,1
5,5,139724.50440030624,999999,6,5,1
8,5,139733.19402018972,999999,5,1,1
5,2,139734.92337762186,999999,6,5,1
6,2,139738.02741102764,999999,5,0,1
6,5,139757.1205791134,999999,5,6,1
4,6,139757.73966647047,999999,5,0,1
5,8,139762.18832494214,6,6,999999,1
5,4,139773.39529690277,999999,0,4,1
5,1,139775.00985752564,999999,8,6,1
6,8,139776.1880599267,999999,4,2,1
5,6,139786.8484553696,5,999999,8,1
5,6,139789.17792616622,999999,1,5,1
5,2,139791.5191752437,5,0,999999,1
5,3,139792.23016674168,999999,1,6,1
6,1,139802.409860498,5,999999,5,1
1,8,139820.89267749258,999999,6,4,1
1,1,139833.8125041851,999999,8,7,1
6,2,139847.40657958767,5,3,999999,1
8,3,139851.71341427576,999999,0,5,1
6,4,139853.11620922544,999999,2,1,1
6,6,139858.4713188111,999999,8,3,1
5,5,139865.3919826268,999999,1,4,1
6,1,139865.70262833472,999999,3,5,1
5,4,139870.7003845322,999999,6,5,1
2,2,139873.76709223312,999999,0,2,1
5,5,139876.02646728617,6,4,999999,1
5,5,139877.58049318963,999999,1,2,1
5,6,139881.80215148255,999999,1,4,1
5,5,139887.1847216163,999999,1,6,1
5,6,139928.1339586625,999999,6,1,1
8,5,139936.24155475633,8,5,999999,1
6,5,139937.91850472384,999999,5,0,1
6,6,139946.04511648844,999999,4,1,1
6,4,139946.44231699026,999999,6,2,1
6,3,139947.6039619563,2,5,999999,1
6,6,139958.57659052775,999999,0,4,1
5,0,139962.43530204098,999999,5,8,1
6,8,139964.62036600025,7,999999,1,1
5,6,139965.45422958038,999999,6,3,1
6,8,139970.30441654433,999999,5,6,1
8,2,139974.07521948405,999999,5,1,1
2,6,139992.04993516687,999999,5,3,1
5,1,139997.15095816812,999999,6,0,1
1,5,139998.07310402574,999999,6,6,1
5,6,140001.63524930237,999999,8,8,1
5,2,140003.74280435074,999999,5,2,1
5,5,140018.00313342782,999999,6,2,1
5,5,140033.19580243205,999999,6,6,1
6,0,140056.72447473955,999999,6,5,1
5,5,140062.34604619254,0,999999,6,1
4,3,140072.31302874663,999999,5,3,1
5,5,140090.73993524752,999999,0,6,1
4,8,140094.6217887241,999999,2,6,1
5,2,140094.72282744426,0,5,999999,1
5,1,140095.2719704369,999999,5,6,1
8,3,140100.2841255281,999999,0,6,1
5,5,140102.06568040408,999999,6,3,1
5,5,140115.403998871,999999,8,1,1
5,1,140118.11622700188,999999,0,3,1
1,2,140118.92415753193,999999,6,0,1
1,1,140119.81343912063,999999,6,6,1
1,5,140134.0570458676,999999,6,6,1
5,4,140134.6343603635,999999,6,1,1
5,6,140136.85474112607,999999,1,8,1
5,3,140146.13312229246,999999,6,0,1
4,7,140147.3867565903,999999,4,5,1
5,2,140149.82548653788,2,999999,0,1
5,6,140160.47700278784,999999,4,6,1
6,6,140169.9109155123,999999,8,8,1
8,6,140170.8802822118,999999,0,5,1
8,8,140172.21056633448,999999,5,4,1
4,4,140176.90913962937,999999,5,1,1
6,4,140186.3456185325,999999,4,1,1
2,6,140189.40341685078,999999,4,6,1
8,2,140199.507700206,6,999999,3,1
4,6,140201.91314328008,999999,3,4,1
5,6,140208.72958903384,999999,5,6,1
5,5,140223.24801833005,999999,2,6,1
1,0,140225.85006432742,999999,5,1,1
6,2,140228.45295779788,999999,1,3,1
5,8,140231.34550405023,6,999999,5,1
1,6,140234.6588261078,999999,3,5,1
6,5,140235.69650210923,999999,6,6,1
6,2,140245.27145988037,999999,1,3,1
5,5,140250.38645561485,999999,8,6,1
8,8,140261.19160010712,999999,1,8,1
1,5,140262.78160735653,999999,4,6,1
5,0,140272.77381844,999999,5,2,1
5,4,140279.80854478592,2,999999,6,1
6,2,140289.34076699385,999999,0,5,1
8,8,140291.07480656254,999999,5,6,1
1,0,140293.58789105207,999999,6,5,1
5,2,140294.42876037542,5,0,999999,1
5,2,140299.58020188563,999999,1,8,1
6,6,140317.48731814907,999999,5,3,1
5,6,140323.58489659024,999999,2,5,1
5,6,140324.45938458884,999999,2,5,1
5,6,140327.2434853526,999999,8,5,1
5,5,140331.77927830684,999999,5,0,1
1,5,140335.2292225932,999999,2,0,1
4,1,140339.3094096731,0,999999,5,1
8,8,140343.92599230327,5,999999,5,1
6,5,140347.40729296568,999999,8,1,1
5,8,140349.97306011387,999999,4,8,1
8,4,140353.8225405755,999999,3,6,1
5,4,140354.23242020095,999999,6,1,1
1,3,140357.13983209635,999999,6,6,1
6,3,140365.50475309603,999999,1,6,1
4,5,140366.16268265073,999999,6,0,1
5,2,140366.97595156738,999999,6,6,1
1,6,140371.3617479979,999999,2,5,1
5,3,140380.6696299081,6,999999,1,1
8,1,140385.85492208618,999999,6,2,1
5,6,140402.43161765015,999999,1,5,1
6,5,140407.98968214664,6,999999,6,1
6,6,140412.26706716997,999999,6,5,1
6,6,140418.5940467403,6,999999,5,1
4,6,140419.02262723396,999999,5,2,1
6,8,140419.58391343988,999999,3,6,1
1,2,140437.19159702986,999999,1,6,1
5,1,140443.66263477443,999999,0,6,1
6,5,140455.15000898734,999999,6,5,1
4,4,140469.45244926144,999999,1,2,1
8,4,140471.18222100748,999999,6,5,1
1,1,140475.1853705998,999999,6,6,1
6,2,140487.15329418672,999999,3,6,1
1,4,140498.46001647058,999999,6,3,1
6,5,140503.19150168178,999999,4,5,1
6,2,140506.1287012332,999999,8,5,1
5,2,140509.0983820557,3,999999,5,1
5,6,140516.881003149,999999,1,2,1
8,4,140518.02324666458,999999,2,4,1
6,1,140530.38881146716,999999,5,2,1
6,6,140564.3674263445,999999,5,2,1
4,8,140577.60792960963,1,999999,4,1
5,2,140584.46914565013,999999,1,0,1
5,5,140585.70164836934,999999,8,2,1
8,3,140591.9036214562,4,999999,0,1
6,1,140594.6220381469,999999,3,4,1
5,4,140601.5488502446,999999,5,6,1
6,2,140607.84489201283,999999,6,0,1
4,6,140612.0264952739,999999,2,1,1
5,8,140613.95307751236,999999,6,5,1
1,6,140618.47928457928,999999,8,5,1
1,6,140622.82026178544,999999,5,8,1
5,5,140622.9944194874,999999,4,1,1
6,1,140625.17068096274,999999,6,4,1
5,6,140625.80608443642,999999,6,8,1
6,3,140626.7014166003,999999,5,8,1
4,7,140633.86197236547,999999,5,6,1
2,8,140634.13111014813,999999,4,6,1
1,2,140637.88848476097,999999,8,3,1
8,4,140657.93258902393,999999,6,6,1
5,5,140664.65356349785,6,999999,5,1
5,7,140667.24524296215,999999,6,8,1
5,2,140675.17961869386,8,4,999999,1
5,2,140677.51035448024,999999,2,3,1
6,8,140690.33977912692,999999,2,1,1
1,6,140692.21402496047,6,999999,5,1
5,5,140697.04191776284,999999,6,6,1
6,2,140700.34367928834,999999,4,6,1
1,1,140705.58045733912,999999,0,5,1
6,2,140711.77928737292,999999,6,1,1
1,6,140718.79655535604,999999,8,6,1
5,5,140727.47363678648,999999,3,6,1
5,6,140729.13186877503,999999,6,2,1
5,2,140731.2334627736,999999,5,6,1
5,8,140737.7148049018,999999,5,4,1
1,3,140740.0998218212,999999,6,2,1
1,8,140740.24894161252,999999,5,8,1
5,2,140740.57642665444,5,0,999999,1
5,5,140747.08437770093,999999,0,6,1
8,2,140749.04660698373,5,999999,6,1
1,0,140749.35320113896,2,999999,3,1
6,8,140750.83629942284,999999,5,1,1
5,6,140770.0397979785,999999,2,0,1
4,8,140776.94991034057,999999,2,3,1
2,2,140787.15327362064,7,999999,4,1
5,8,140790.0338398279,999999,6,3,1
5,6,140794.5535729706,999999,6,0,1
5,3,140798.90663345784,999999,1,6,1
6,5,140801.32477482274,999999,6,5,1
8,7,140816.60055352122,999999,8,1,1
5,6,140819.57575239136,999999,6,1,1
1,1,140833.7750991744,999999,5,6,1
5,2,140840.40492014494,3,999999,6,1
2,2,140841.03016377767,5,999999,4,1
5,6,140854.66279845836,999999,3,2,1
6,6,140856.1968281474,999999,0,1,1
5,6,140864.72174894295,999999,5,1,1
6,3,140867.1148847117,5,999999,6,1
5,5,140887.3851231099,999999,4,8,1
4,6,140896.26562180324,6,999999,3,1
6,0,140929.42860516053,999999,5,5,1
1,5,140936.76384336693,999999,8,0,1
4,1,140952.9688286075,999999,5,5,1
5,2,140953.16795645,8,999999,5,1
6,1,140965.09197410304,6,999999,5,1
8,0,140967.17414295813,999999,5,6,1
6,0,140967.37870966477,1,6,5,1
1,1,140977.8798720026,999999,5,2,1
6,2,140983.1451978322,6,999999,1,1
4,5,140988.12723365487,999999,6,4,1
5,3,140990.29392436202,999999,5,6,1
6,8,140991.56260580645,999999,1,5,1
4,2,140994.61157108098,999999,5,4,1
6,5,140999.08056960788,999999,3,5,1
1,1,141004.3980083349,999999,6,0,1
6,5,141007.85574249557,999999,3,6,1
8,3,141018.211028196,999999,1,0,1
5,0,141019.44948023057,999999,5,2,1
6,0,141032.23177169237,999999,8,5,1
8,5,141054.9482886745,6,6,999999,1
5,5,141057.8268373689,999999,4,1,1
6,1,141061.94438893392,999999,2,6,1
1,6,141077.55691184895,999999,5,6,1
1,1,141080.54531338415,999999,8,1,1
6,1,141093.14462283408,999999,0,2,1
1,5,141099.0372172595,999999,6,1,1
5,1,141105.47048780412,999999,8,3,1
6,5,141108.26253857728,999999,2,6,1
8,5,141125.6584927649,999999,6,6,1
5,5,141138.99098178503,999999,8,4,1
6,3,141147.37091423024,999999,6,1,1
5,6,141150.72502150256,999999,0,3,1
5,5,141166.13693744675,999999,6,0,1
6,6,141177.05196497112,999999,3,0,1
6,2,141181.08097101445,999999,5,6,1
6,5,141183.0466351505,999999,0,6,1
6,6,141188.1589233503,999999,0,2,1
1,1,141191.8467469072,999999,1,8,1
5,5,141198.83738013674,999999,6,2,1
4,8,141202.4213311646,999999,5,5,1
5,5,141208.12844013824,6,999999,4,1
1,6,141208.36544532116,999999,4,6,1
5,2,141217.4999714733,999999,1,2,1
6,6,141221.04686210162,999999,3,7,1
6,3,141226.4703095408,999999,5,5,1
5,5,141241.21194462696,8,999999,2,1
5,2,141243.38378881323,999999,1,2,1
8,1,141244.60315015697,999999,5,0,1
5,6,141247.91546708034,5,2,999999,1
6,6,141249.45411150076,999999,5,3,1
1,7,141257.14878876228,999999,5,5,1
6,4,141257.4979832265,999999,4,5,1
2,4,141261.35981154424,999999,5,1,1
5,8,141287.61869351723,999999,6,1,1
5,7,141299.75297670093,999999,0,1,1
8,6,141312.6682456901,999999,6,4,1
6,1,141317.13083010467,999999,5,2,1
1,5,141324.07429043885,999999,2,6,1
5,5,141352.35798578782,999999,6,5,1
5,1,141353.4053678463,999999,5,5,1
4,2,141361.15120223552,999999,6,1,1
5,8,141363.8248860703,999999,3,6,1
1,3,141380.1093200657,999999,6,4,1
5,5,141386.91867736905,999999,0,1,1
5,2,141387.33385134433,999999,4,6,1
5,1,141399.63274646332,999999,6,5,1
5,1,141400.7665782004,999999,4,4,1
6,3,141402.3403978706,999999,5,0,1
8,6,141403.906578029,999999,3,5,1
5,2,141412.75633182543,999999,8,6,1
5,1,141419.765614244,4,999999,6,1
8,6,141424.8643394464,5,999999,6,1
6,5,141424.96884450197,999999,5,8,1
4,2,141427.1405001658,999999,5,6,1
5,6,141432.7401690153,999999,3,5,1
6,5,141442.40631644902,8,6,999999,1
5,8,141444.3484878537,999999,2,3,1
8,2,141447.81385379788,6,6,6,1
5,2,141457.3492681291,999999,1,6,1
5,2,141459.529886684,5,999999,6,1
5,6,141471.12136553598,999999,2,1,1
6,2,141474.24011635716,999999,2,0,1
5,8,141479.2562649031,999999,2,1,1
8,6,141479.48471305633,999999,6,3,1
5,1,141485.0521599774,999999,3,2,1
6,5,141508.46490659539,999999,5,1,1
5,2,141519.68879184552,2,999999,0,1
6,6,141532.20657831692,6,999999,5,1
5,8,141535.44942003267,999999,6,6,1
6,1,141538.73667427566,0,6,999999,1
6,2,141540.41102624766,6,5,999999,1
6,4,141543.78404180723,999999,4,6,1
6,1,141549.85679050817,999999,5,3,1
4,6,141551.30209407528,999999,5,8,1
1,3,141564.10345939387,0,999999,5,1
5,1,141566.8229915026,999999,4,6,1
8,5,141566.9396487026,5,6,999999,1
6,2,141569.1536088607,999999,2,3,1
6,6,141569.7132874958,999999,8,2,1
6,5,141570.75528626546,999999,2,0,1
5,6,141585.8703931974,999999,4,8,1
6,1,141592.392037201,999999,0,6,1
6,1,141615.51524700125,4,999999,5,1
1,6,141616.6200496,999999,2,5,1
5,5,141628.13693298193,999999,5,2,1
1,5,141631.65489103648,999999,8,3,1
4,5,141641.32327383407,999999,2,1,1
6,0,141643.47534869946,999999,6,3,1
5,5,141650.67912977014,999999,0,2,1
1,6,141651.31388397582,999999,4,4,1
5,0,141657.52911506782,999999,3,8,1
6,6,141659.0524139494,999999,1,5,1
1,5,141669.41897754755,999999,0,4,1
4,5,141672.56712968452,999999,3,1,1
4,1,141687.50868746857,999999,6,0,1
2,6,141688.39696050572,999999,1,4,1
6,6,141696.90738467837,999999,1,5,1
8,6,141698.4436087321,1,999999,0,1
6,5,141705.73509246967,999999,1,6,1
6,2,141713.50372018229,999999,6,3,1
4,6,141713.61777147738,999999,1,2,1
1,5,141714.0214170495,999999,1,6,1
6,2,141714.29413126636,999999,8,0,1
5,5,141720.71380457812,999999,0,8,1
4,7,141726.20940351218,999999,1,0,1
5,5,141733.40608045756,0,999999,6,1
6,1,141735.7397213847,6,999999,6,1
6,1,141738.47885903297,4,999999,5,1
6,7,141744.05860644762,999999,4,5,1
2,2,141745.52949767347,999999,6,0,1
8,1,141757.83713167178,999999,1,6,1
5,8,141759.93235193822,999999,1,0,1
1,4,141762.0862270449,999999,5,6,1
5,2,141773.74484812148,999999,8,5,1
1,6,141781.37927604053,999999,0,5,1
5,1,141792.0932274136,999999,1,6,1
6,6,141797.48240274642,999999,1,2,1
1,2,141810.0664923866,8,999999,6,1
8,3,141810.33979798603,999999,2,8,1
8,2,141816.99910808756,999999,0,5,1
1,8,141822.83292120794,6,0,999999,1
2,2,141823.4761471561,999999,8,6,1
6,7,141826.2343499608,999999,5,1,1
1,0,141828.43452822103,6,999999,2,1
1,6,141836.11498769536,1,999999,5,1
1,5,141839.07835690054,999999,1,3,1
6,4,141843.49371833782,999999,6,1,1
1,3,141843.87444663764,999999,1,2,1
4,2,141843.90060575056,999999,1,5,1
5,6,141848.09148741266,5,999999,3,1
8,2,141853.9383809981,999999,0,5,1
8,1,141855.94214111916,999999,8,5,1
2,6,141859.38803187513,999999,8,0,1
5,8,141860.08025025,999999,4,5,1
6,3,141860.3392262866,999999,4,6,1
6,2,141865.99566007653,6,999999,1,1
8,4,141881.53640313487,2,999999,1,1
5,5,141887.97517148356,999999,5,1,1
5,2,141890.7295156026,999999,3,5,1
8,4,141895.95468176872,6,999999,6,1
6,0,141901.66842802425,999999,5,1,1
4,5,141903.73104308103,999999,5,6,1
5,5,141915.33860306322,999999,1,2,1
5,6,141926.54413406,999999,3,2,1
5,5,141929.36565952742,999999,1,4,1
6,1,141929.5620503808,999999,5,6,1
5,2,141934.6291044173,999999,0,8,1
8,2,141940.13007563836,6,999999,3,1
5,5,141942.8415496782,999999,4,5,1
6,2,141962.0772696119,5,999999,2,1
5,6,141963.65671572823,999999,4,8,1
5,4,141965.96478696755,999999,3,6,1
5,5,141978.52368441617,999999,2,8,1
5,5,141993.7669795918,999999,6,3,1
5,2,141995.5729036634,999999,7,2,1
6,1,142012.0732899477,999999,6,8,1
6,6,142015.39480387905,999999,1,4,1
5,4,142022.76722614616,999999,5,2,1
4,5,142037.88317708657,999999,4,6,1
6,1,142038.25000344106,999999,2,5,1
4,5,142042.9943536187,999999,6,2,1
6,1,142052.56696814066,999999,8,2,1
6,4,142055.04503602794,999999,6,1,1
5,5,142057.67055638653,999999,5,6,1
6,6,142062.48730256918,999999,8,6,1
5,6,142087.72640353133,999999,8,1,1
6,6,142088.31228646162,999999,0,5,1
7,5,142088.89616291714,6,999999,3,1
8,6,142102.15102542954,999999,6,8,1
6,1,142109.79714014812,5,999999,6,1
5,6,142116.71869877694,999999,7,5,1
5,1,142118.15167907538,999999,7,5,1
6,8,142129.68922353402,999999,0,1,1
6,3,142133.19475073213,999999,6,4,1
4,5,142134.472160959,999999,0,1,1
5,5,142134.61085117466,5,8,6,1
5,6,142154.47533698456,6,999999,5,1
5,2,142155.4654321699,999999,1,0,1
5,8,142161.71437271027,999999,2,999999,1
6,1,142167.78073644525,999999,5,4,1
6,5,142177.0349263529,999999,5,8,1
4,3,142177.77055950687,999999,2,2,1
1,2,142178.8298093442,999999,6,6,1
1,6,142185.30430797086,6,999999,5,1
6,5,142199.16494515134,999999,8,5,1
6,6,142200.01169554662,2,999999,1,1
5,4,142200.50683904334,999999,2,6,1
5,6,142206.81814722097,999999,6,1,1
8,8,142207.74068487872,5,999999,0,1
5,8,142208.521074908,999999,3,5,1
5,5,142212.5447604773,6,6,999999,1
1,4,142219.11080462649,999999,2,3,1
6,4,142224.28971261653,999999,1,5,1
5,2,142225.21377701862,999999,1,5,1
6,6,142227.16166694477,999999,6,5,1
1,7,142232.0572711412,999999,1,8,1
8,4,142236.08622109797,999999,6,3,1
1,1,142247.54750092287,999999,4,4,1
5,3,142247.9095476571,999999,2,5,1
6,2,142250.73824862586,1,999999,6,1
5,5,142282.59833305606,999999,4,8,1
1,3,142284.56873488816,999999,4,2,1
5,5,142300.73046296832,1,999999,8,1
4,2,142302.99729729036,999999,1,5,1
5,1,142311.5581485749,999999,8,5,1
8,5,142312.26124582696,6,999999,0,1
5,6,142314.56946572318,999999,5,3,1
4,8,142315.48854752284,999999,6,4,1
4,3,142332.79694437378,5,999999,6,1
5,5,142345.28302051223,999999,4,5,1
6,1,142347.78528608932,999999,6,1,1
6,5,142376.58274189458,999999,999999,6,1
5,6,142386.6860551366,999999,2,0,1
1,7,142388.60331022023,999999,0,6,1
6,5,142391.1738773604,999999,6,1,1
5,1,142392.91931313943,999999,4,3,1
2,6,142401.26511051875,999999,8,5,1
5,7,142409.5467351577,999999,2,0,1
6,5,142420.86356865696,999999,5,5,1
5,4,142432.4708927359,2,999999,5,1
5,7,142447.82823196158,999999,1,6,1
1,5,142462.04984001513,999999,3,4,1
1,6,142477.25426565728,999999,5,6,1
5,5,142489.76965281522,999999,1,4,1
8,5,142490.3843334364,999999,6,5,1
5,6,142500.7577136014,6,999999,1,1
5,0,142503.48489860576,999999,6,4,1
5,6,142505.00285958423,999999,5,8,1
6,8,142506.95461718595,999999,1,5,1
6,1,142509.3571155599,999999,6,5,1
1,1,142515.49026195603,999999,2,6,1
5,5,142520.56556334233,999999,5,4,1
1,6,142523.31582489904,999999,5,5,1
8,4,142534.35525210365,999999,6,1,1
6,4,142538.3483570255,6,999999,5,1
1,2,142543.06875336615,999999,5,2,1
1,5,142559.13934544421,999999,0,6,1
2,5,142561.609419995,999999,1,2,1
5,1,142570.55913382833,999999,0,5,1
1,6,142570.62148245843,999999,6,2,1
6,5,142577.92170347113,999999,0,8,1
4,8,142580.92985571062,999999,1,5,1
2,5,142582.05419673907,999999,1,2,1
5,6,142585.5355590653,999999,6,5,1
5,8,142590.87427787838,999999,5,5,1
6,5,142590.96967372746,999999,8,2,1
8,6,142595.65476353504,2,999999,0,1
5,5,142606.21946527716,999999,6,2,1
8,6,142619.1323888231,6,999999,5,1
8,2,142621.52500248275,6,999999,3,1
6,4,142622.93468239353,999999,2,3,1
6,8,142624.3459767782,999999,6,0,1
6,3,142626.92692693972,5,999999,5,1
5,5,142648.18811402685,999999,6,6,1
6,6,142653.0012346817,999999,1,8,1
8,6,142653.970752651,999999,2,8,1
4,2,142654.5262432175,999999,8,6,1
4,5,142658.35344057542,5,999999,2,1
8,6,142659.32328314285,999999,1,6,1
8,1,142675.43333669307,999999,8,5,1
6,5,142675.82878655134,999999,1,6,1
6,5,142678.53014460977,999999,5,7,1
6,0,142684.85570164575,999999,0,5,1
5,0,142685.62462000616,999999,5,5,1
5,5,142688.2749768382,999999,6,2,1
6,2,142690.64180830034,5,999999,0,1
1,0,142701.42313701974,999999,2,6,1
1,5,142711.11678811142,999999,8,3,1
5,6,142723.4791642,999999,1,2,1
5,1,142723.8796640946,999999,2,0,1
4,4,142727.16581894696,3,999999,1,1
5,5,142727.84262706246,999999,5,2,1
5,1,142731.82208491294,2,999999,5,1
5,2,142733.21432663949,999999,8,5,1
5,6,142744.28625524163,999999,6,5,1
8,5,142746.94570760446,6,8,999999,1
8,8,142748.5762646767,999999,2,4,1
1,7,142749.60478207195,999999,6,8,1
2,2,142755.04439346865,999999,8,6,1
8,5,142758.04117061076,999999,4,8,1
5,2,142761.4993838096,999999,5,6,1
6,1,142763.5719647745,5,6,999999,1
4,5,142763.83188953128,999999,6,4,1
1,1,142768.21083485932,999999,2,6,1
8,1,142778.50225345,999999,4,3,1
6,5,142781.68160413665,999999,6,2,1
6,8,142783.86103953165,999999,6,5,1
6,2,142784.40885644685,999999,5,0,1
4,2,142788.10445005025,999999,2,8,1
1,5,142791.09268015588,999999,0,2,1
5,3,142793.84279337377,999999,5,1,1
4,2,142817.90562780245,999999,5,0,1
5,5,142819.79003165892,999999,2,1,1
6,6,142830.90952130297,999999,2,5,1
5,6,142839.17656165618,2,999999,5,1
6,2,142845.07841341378,999999,0,8,1
5,4,142861.13789453436,999999,6,1,1
5,2,142867.89918359913,3,999999,5,1
5,4,142872.2400419781,999999,6,0,1
5,5,142879.0261321096,0,999999,6,1
6,1,142879.04690986915,999999,0,2,1
5,5,142889.2260418913,999999,5,3,1
5,6,142892.98645808137,999999,3,8,1
8,8,142898.91830855884,999999,5,2,1
4,5,142906.97969016695,999999,3,6,1
2,0,142911.65976322998,999999,1,5,1
5,5,142932.04403186313,999999,6,0,1
6,5,142941.52362585455,999999,1,8,1
5,2,142951.73907830272,999999,8,0,1
6,1,142955.72515618664,999999,5,6,1
4,6,142955.87106210398,999999,1,3,1
6,2,142957.22616111534,999999,3,6,1
5,5,142957.34060181904,999999,1,5,1
5,2,142963.80833588843,999999,3,1,1
6,5,142980.03024288407,999999,8,6,1
5,1,142987.95674055375,999999,0,5,1
6,0,142988.92964517348,999999,3,6,1
1,5,143009.13899882897,999999,0,5,1
5,1,143011.13748890147,6,999999,3,1
5,6,143012.89481571995,999999,0,5,1
6,6,143014.41381680642,999999,5,1,1
4,3,143014.70545884737,4,999999,0,1
1,6,143021.18679719776,999999,5,1,1
5,8,143026.9315497341,999999,5,3,1
1,5,143030.0035338503,6,999999,4,1
6,5,143045.4469164121,999999,1,2,1
5,5,143047.7646731162,999999,7,5,1
8,4,143055.02245801938,999999,3,5,1
4,7,143061.23930708782,999999,3,6,1
5,4,143062.13558623532,999999,8,3,1
6,6,143063.24209744605,4,999999,2,1
1,6,143069.1868279492,999999,4,4,1
6,2,143073.43985422916,999999,3,2,1
5,1,143074.3877395866,999999,3,6,1
6,6,143081.51222772794,999999,0,3,1
6,1,143082.3135234389,999999,8,3,1
5,6,143084.22351065947,999999,8,6,1
5,7,143086.99808164692,999999,6,4,1
4,6,143089.1787349656,999999,5,2,1
2,8,143090.68867896026,999999,1,5,1
1,2,143097.38881193876,999999,3,1,1
6,6,143106.8265810588,0,999999,5,1
6,5,143108.8881527781,999999,4,3,1
5,1,143115.63911217346,999999,7,3,1
5,6,143128.8218807368,999999,5,3,1
6,3,143138.12359439497,999999,8,5,1
5,1,143140.1743073155,999999,6,6,1
5,5,143156.43461454503,999999,5,6,1
6,6,143160.97164257703,999999,5,2,1
6,1,143163.0079737368,999999,5,8,1
1,1,143169.61592336735,999999,8,1,1
5,0,143171.2841758481,5,999999,6,1
6,1,143172.72704432037,999999,2,3,1
5,2,143179.8724939674,999999,1,8,1
8,2,143184.75383825664,999999,5,1,1
5,5,143188.54998280297,999999,6,1,1
6,5,143198.17166816848,999999,5,4,1
6,3,143201.52520993832,999999,6,6,1
6,5,143209.09933696812,5,999999,6,1
5,5,143212.9634912551,999999,5,6,1
6,6,143215.0313864548,6,8,999999,1
5,5,143223.62196647926,999999,4,5,1
6,6,143224.10291673976,999999,5,3,1
1,3,143225.96155328464,999999,5,1,1
5,3,143235.10499274076,999999,4,6,1
6,6,143239.64724579937,999999,6,6,1
6,0,143249.2688230699,999999,3,8,1
1,1,143258.23518225618,999999,0,8,1
6,8,143259.5201814598,6,6,999999,1
6,6,143265.10437633892,999999,4,6,1
1,5,143290.1085509518,999999,2,6,1
5,2,143318.394925466,999999,1,5,1
6,5,143320.27380986372,999999,6,2,1
5,1,143323.77287312353,999999,999999,6,1
4,2,143331.94092359018,6,999999,5,1
8,0,143337.02121162124,999999,3,6,1
6,5,143342.91000105793,999999,6,6,1
1,1,143350.3957556645,999999,6,0,1
1,5,143358.78279387468,999999,3,8,1
5,6,143390.9520230016,999999,5,3,1
4,5,143394.11718844538,999999,5,0,1
5,5,143398.31446601628,999999,3,2,1
6,4,143405.0853853035,999999,5,8,1
1,6,143427.58577110487,999999,3,6,1
2,2,143433.71606053496,999999,1,6,1
1,4,143437.81037400945,999999,8,4,1
5,6,143440.54586955238,999999,6,6,1
6,1,143444.80814658751,999999,0,6,1
6,8,143445.6618106222,999999,5,2,1
5,6,143446.1134630643,999999,5,2,1
8,8,143456.72657451424,999999,5,6,1
5,2,143464.20057977297,3,2,5,1
6,6,143471.27766376975,1,999999,6,1
6,6,143474.7713998353,999999,0,2,1
5,5,143477.0263710109,3,2,6,1
6,2,143479.80336716495,999999,8,5,1
5,6,143480.81967243814,8,999999,5,1
6,6,143483.21926078666,999999,5,3,1
8,5,143484.78014821062,999999,3,5,1
5,8,143485.03379223507,999999,6,5,1
8,5,143486.28097987443,999999,1,5,1
6,6,143486.7410947752,999999,0,5,1
6,8,143500.76001639562,999999,7,5,1
5,5,143505.0152057291,999999,3,5,1
1,1,143508.0323639299,999999,6,7,1
5,6,143514.57414332044,999999,8,2,1
8,5,143515.6533829432,999999,5,0,1
4,8,143525.73005234843,999999,0,6,1
4,5,143535.56281958,999999,6,5,1
2,6,143535.73191517917,999999,5,5,1
4,4,143536.51561350844,6,999999,1,1
5,5,143539.5691201002,999999,4,8,1
4,5,143558.09031092434,999999,2,6,1
5,2,143560.52941379056,6,999999,8,1
6,5,143580.26860012233,8,999999,5,1
8,5,143585.4195737519,999999,999999,3,1
4,2,143595.46536450714,8,999999,6,1
4,0,143608.27523649196,999999,0,5,1
8,1,143615.3803610509,5,0,6,1
6,5,143615.8951886999,999999,2,5,1
6,5,143624.59354024247,999999,8,5,1
1,6,143628.4280426708,6,999999,6,1
5,0,143650.02416461677,999999,8,1,1
6,1,143656.13103315595,999999,6,8,1
5,7,143658.2896987248,999999,5,6,1
4,8,143660.89674782677,999999,6,5,1
5,1,143661.74592608179,999999,2,5,1
5,3,143674.3736072622,4,999999,0,1
5,1,143688.06021678972,999999,8,5,1
5,2,143698.6467784616,999999,6,8,1
1,5,143700.8422152058,7,999999,2,1
8,4,143711.99104793317,999999,8,8,1
5,5,143728.19785294594,7,999999,8,1
5,2,143729.70093132553,999999,8,5,1
5,4,143751.21949691308,999999,4,8,1
8,5,143753.14748038264,999999,3,6,1
6,6,143762.72743345203,3,999999,8,1
6,4,143769.58687004144,999999,5,4,1
6,0,143775.89025661122,999999,6,6,1
5,5,143776.53778375572,999999,0,3,1
6,5,143777.82396193277,999999,6,0,1
4,6,143790.24769873839,999999,6,2,1
1,6,143794.53520549723,999999,4,0,1
6,8,143795.7059417028,999999,6,6,1
4,6,143798.32658985525,999999,1,2,1
5,6,143798.56777113656,5,1,999999,1
6,2,143800.19378982938,999999,3,5,1
5,8,143803.458052463,5,999999,8,1
1,5,143804.40725268825,999999,6,0,1
1,5,143807.30029807857,999999,1,6,1
6,2,143811.66020054993,999999,0,4,1
5,6,143816.46947284645,999999,6,4,1
4,4,143820.7873496493,2,999999,5,1
5,1,143832.51160101083,999999,2,0,1
6,6,143838.65827038544,1,999999,5,1
6,1,143840.73428171102,999999,5,4,1
5,5,143843.07306844543,999999,0,6,1
5,8,143844.33025855193,999999,6,1,1
4,6,143844.7715729733,999999,4,2,1
8,4,143846.81529845053,1,999999,8,1
4,3,143865.9011073467,999999,5,2,1
5,4,143866.12225924275,999999,2,0,1
6,1,143879.18325631067,999999,8,0,1
6,6,143879.34784041502,999999,2,1,1
1,5,143880.47787525412,999999,1,2,1
8,1,143881.75465709198,1,999999,0,1
1,0,143885.22101327986,999999,6,8,1
6,6,143887.05154149487,999999,6,8,1
5,5,143890.6656659819,999999,6,2,1
6,0,143890.95880450256,999999,2,8,1
1,0,143906.25650858454,999999,6,1,1
6,1,143908.98003642188,999999,5,1,1
5,8,143911.34712881403,999999,2,5,1
8,5,143918.0440050282,999999,8,3,1
5,3,143941.243914363,999999,8,5,1
6,1,143942.7534084039,999999,8,6,1
6,8,143947.25735312197,999999,2,1,1
5,6,143949.8551663233,999999,0,7,1
6,5,143959.63397197693,999999,0,8,1
6,1,143965.7027195873,999999,6,5,1
8,6,143966.95220167973,999999,1,3,1
1,0,143969.03533272952,999999,6,5,1
5,1,143972.56369896422,999999,3,5,1
6,5,143973.37806431446,999999,0,6,1
1,5,143974.30939661874,5,999999,8,1
5,6,143974.3725735737,999999,4,0,1
6,2,143980.19703189118,999999,1,1,1
5,4,143980.59793964768,999999,2,6,1
1,0,143983.0614932406,999999,6,1,1
5,3,143984.3258705348,3,999999,4,1
6,6,143986.3976157862,999999,6,2,1
5,4,143993.02084574697,999999,1,5,1
5,2,143997.0378227503,999999,3,6,1
5,5,143999.75346725274,999999,5,3,1
6,0,144002.1161732122,999999,6,2,1
1,1,144010.96338378897,999999,5,5,1
8,4,144015.31539052693,999999,6,5,1
5,3,144018.343981102,999999,6,1,1
6,5,144024.05648007448,3,999999,8,1
5,8,144024.1476396127,999999,2,3,1
6,0,144028.7557692844,999999,5,2,1
5,5,144029.26483216672,999999,4,2,1
6,5,144038.71708840903,5,999999,8,1
1,7,144050.2915529318,999999,8,2,1
5,5,144054.67501014686,3,999999,1,1
5,6,144056.98948751538,999999,6,1,1
5,5,144075.9284024714,999999,5,4,1
6,3,144085.94402502174,999999,5,2,1
5,8,144090.18538772664,999999,3,2,1
6,4,144097.53943144012,6,999999,2,1
4,8,144101.23208370333,999999,0,2,1
6,5,144110.77167780788,999999,1,8,1
6,1,144111.53653704404,999999,2,6,1
8,5,144119.82880409117,999999,8,0,1
6,6,144123.67918546768,999999,0,3,1
1,6,144127.7998759089,999999,5,4,1
6,5,144129.3367778392,6,999999,1,1
5,3,144138.18377563264,6,2,999999,1
6,2,144148.76763364827,6,999999,0,1
6,3,144154.0808479101,999999,4,5,1
5,5,144168.7266412102,999999,6,0,1
5,6,144169.86130946016,999999,3,2,1
6,0,144192.23041904366,999999,3,3,1
5,4,144198.12808359647,999999,8,3,1
8,1,144205.709052324,999999,1,2,1
5,2,144219.83853139248,6,6,999999,1
5,7,144220.14725670227,999999,1,5,1
4,6,144228.06191352048,999999,0,5,1
5,5,144250.34110133615,999999,2,3,1
5,6,144251.9361211106,999999,5,2,1
6,2,144255.86250064042,999999,5,6,1
5,7,144262.7596981665,999999,5,5,1
1,6,144265.860458465,999999,4,4,1
5,5,144269.16649472248,4,2,8,1
6,5,144272.19902505126,999999,2,6,1
5,8,144280.39091180585,5,999999,5,1
6,3,144282.27510159064,999999,1,5,1
6,1,144289.51157175362,999999,2,6,1
1,6,144290.79951811975,999999,1,5,1
8,2,144295.55250550254,999999,1,3,1
5,6,144309.4481773761,8,999999,8,1
5,4,144319.03745474713,999999,4,5,1
5,5,144323.5989377182,999999,3,4,1
5,3,144332.2324496787,8,999999,2,1
8,8,144334.8111598415,999999,1,5,1
6,1,144336.0046340528,999999,0,1,1
6,4,144347.7539800022,999999,6,2,1
2,8,144353.05453196928,999999,5,4,1
1,4,144358.02838329776,999999,3,6,1
5,3,144361.97622065057,999999,6,4,1
5,1,144365.27496009212,999999,8,2,1
4,1,144389.15594125164,999999,5,0,1
1,6,144392.29097268326,999999,5,1,1
5,2,144398.4226779864,999999,8,1,1
2,5,144401.2746340559,999999,1,5,1
5,1,144401.65538864653,999999,2,6,1
1,6,144414.20067730857,3,999999,8,1
1,1,144420.38383280401,999999,6,0,1
1,1,144423.96900086643,999999,6,0,1
6,6,144424.0365250274,999999,0,2,1
5,6,144424.36472040796,999999,5,3,1
4,1,144429.45466796547,999999,2,6,1
2,6,144434.2753445317,999999,1,0,1
6,2,144437.26746180956,999999,5,8,1
5,5,144440.81898880546,999999,8,3,1
4,6,144442.3673968579,999999,4,3,1
6,5,144446.50490414168,999999,6,1,1
6,5,144452.89077298137,999999,5,8,1
5,5,144453.8723444397,999999,5,6,1
5,2,144462.34937173157,1,5,999999,1
4,7,144463.24325773536,999999,1,5,1
6,2,144464.64848228163,1,999999,6,1
6,5,144466.29673758635,999999,6,1,1
5,1,144471.7066389279,0,999999,5,1
5,1,144492.52359270572,999999,0,5,1
5,1,144496.32625287716,999999,5,5,1
1,2,144502.2986330981,999999,6,8,1
5,2,144502.52677497244,999999,8,5,1
6,5,144524.17033643695,5,999999,5,1
5,6,144530.61103109436,999999,2,4,1
5,5,144532.58422979285,999999,5,3,1
6,3,144544.07905012308,999999,6,1,1
2,6,144548.5676559896,999999,6,5,1
6,2,144549.0479610565,999999,5,5,1
6,5,144553.962228887,999999,2,3,1
5,8,144554.00547845487,999999,6,8,1
6,4,144557.42617508784,999999,1,5,1
5,4,144568.95370778244,999999,6,6,1
4,2,144574.33520463994,999999,1,6,1
1,1,144575.94001618496,999999,5,5,1
6,1,144578.8267971279,1,999999,3,1
6,6,144582.05225449355,999999,1,6,1
5,3,144582.89825673442,999999,6,4,1
8,8,144585.4750857762,8,1,1,1
5,5,144585.80941862805,8,999999,2,1
2,1,144592.30546741988,999999,6,2,1
6,8,144601.78807894536,999999,6,1,1
5,4,144604.35455712272,999999,4,8,1
1,4,144604.45793952246,999999,5,1,1
4,7,144609.42929419727,999999,6,5,1
4,4,144609.7816050447,999999,1,5,1
6,2,144614.55994372492,999999,5,0,1
6,6,144616.51009990863,8,999999,6,1
6,6,144620.20692714181,999999,1,5,1
5,1,144624.55214595777,999999,5,1,1
5,1,144637.39878418858,999999,6,1,1
5,6,144637.57342307907,999999,6,5,1
4,1,144641.13304788512,1,999999,6,1
6,5,144643.72631611355,999999,6,4,1
6,1,144644.06258232435,999999,3,5,1
6,3,144650.99158440944,999999,8,6,1
5,2,144655.82320519132,8,6,999999,1
6,2,144666.52822259613,2,999999,3,1
4,5,144672.30995430436,999999,2,5,1
5,2,144677.26981151072,999999,6,5,1
5,2,144679.77625331923,6,5,0,1
6,5,144703.9478842271,999999,1,6,1
6,6,144707.19349171413,999999,5,1,1
5,6,144707.73287899452,999999,6,8,1
5,2,144712.81994551202,999999,6,5,1
5,1,144713.17328656136,999999,0,5,1
6,5,144722.6753175473,999999,8,6,1
5,3,144732.74414183843,999999,3,1,1
6,2,144733.63149652336,999999,6,1,1
6,6,144735.38571466954,999999,3,0,1
5,5,144750.0044759961,999999,0,2,1
6,6,144753.34654035917,999999,2,1,1
5,5,144754.72792421508,1,999999,6,1
5,2,144765.08072315788,999999,5,6,1
4,6,144766.42931281857,999999,6,5,1
4,6,144774.24115786966,999999,3,2,1
8,6,144796.80379651967,999999,1,1,1
5,2,144797.62102215138,999999,1,7,1
4,8,144808.60492204822,999999,0,5,1
5,5,144812.21409293704,8,999999,3,1
1,8,144818.87741498736,0,999999,6,1
4,6,144822.3518139096,999999,2,4,1
4,3,144823.77078899098,999999,4,6,1
1,2,144826.9111837585,999999,0,1,1
5,3,144835.90216081621,6,999999,8,1
5,2,144838.80118579243,999999,8,3,1
4,0,144847.25575645882,999999,5,6,1
6,2,144854.0497526123,6,999999,5,1
5,5,144863.53742683926,999999,999999,1,1
5,5,144865.30246785568,999999,6,0,1
4,8,144871.81725919893,999999,6,1,1
6,2,144873.47044866116,0,999999,6,1
4,2,144875.7075414276,999999,5,8,1
5,6,144877.43782208825,999999,1,6,1
5,1,144878.61637430126,999999,5,2,1
5,0,144888.70221859598,999999,5,6,1
6,3,144914.17724303924,999999,8,6,1
5,2,144923.71543871248,999999,6,3,1
5,6,144924.82227224568,999999,5,4,1
6,2,144933.71344730945,999999,5,1,1
6,5,144936.5042209424,999999,0,5,1
1,3,144937.98158885536,999999,5,2,1
8,3,144939.78658994508,999999,8,5,1
6,5,144945.98271715167,999999,4,1,1
2,6,144953.16310840435,999999,8,6,1
6,6,144953.65580503366,999999,3,8,1
1,1,144959.98383649765,999999,6,5,1
6,8,144966.5446989999,999999,5,4,1
5,1,144966.71540541528,999999,4,5,1
6,6,144990.65180654472,999999,5,3,1
5,1,144996.33023470474,5,999999,8,1
5,6,145011.8674507779,8,999999,7,1
6,5,145061.50639258878,999999,6,0,1
5,6,145067.73925708816,999999,5,5,1
5,5,145069.61473902134,999999,1,6,1
6,2,145076.6450476141,999999,3,2,1
5,5,145086.88247826372,999999,2,8,1
6,1,145088.8484673422,999999,2,5,1
1,4,145090.71006051515,999999,5,6,1
8,6,145095.28018040967,999999,6,6,1
4,5,145101.95183500394,999999,2,6,1
5,1,145103.35165516788,999999,4,6,1
5,2,145104.2526647913,999999,5,1,1
8,8,145110.80416011089,999999,6,2,1
8,2,145114.26579692896,999999,4,3,1
5,6,145126.78122983422,999999,6,1,1
8,5,145128.28895363281,999999,0,6,1
6,8,145135.619857759,999999,2,4,1
5,6,145154.560182211,999999,1,5,1
6,5,145156.8604353169,999999,5,6,1
5,0,145161.4189111481,999999,1,8,1
5,1,145163.92382545938,2,999999,8,1
1,6,145167.3060402143,999999,8,2,1
5,5,145169.7300590747,999999,6,3,1
6,5,145179.14962498372,999999,1,5,1
1,6,145181.06471872472,999999,3,4,1
6,1,145192.90832668202,999999,5,1,1
6,4,145193.8453058542,999999,5,6,1
6,5,145195.41328139714,0,999999,1,1
5,1,145201.78423412735,999999,1,6,1
8,0,145213.03702248653,999999,8,6,1
4,8,145213.6234749483,999999,6,5,1
4,4,145214.2066578354,999999,6,0,1
1,6,145221.62403328792,999999,6,6,1
6,2,145223.01722776203,4,999999,5,1
6,0,145223.80011838698,999999,1,6,1
2,5,145229.2180306907,8,999999,4,1
5,4,145230.7585542484,6,6,2,1
4,8,145240.0203519803,999999,5,2,1
6,1,145253.17481016813,999999,3,2,1
8,0,145254.70200067724,999999,6,2,1
5,5,145254.77141489094,999999,4,0,1
5,2,145265.06025593536,999999,1,7,1
6,6,145275.94304310062,999999,1,6,1
6,1,145278.2857682995,2,999999,5,1
8,1,145291.02892960788,5,0,6,1
2,6,145295.35567283278,999999,5,1,1
1,5,145296.21699715953,999999,1,5,1
4,1,145337.11524731747,6,999999,2,1
1,5,145353.58435521898,999999,8,5,1
5,2,145354.6061811517,999999,3,8,1
5,5,145354.88105529489,4,999999,4,1
4,1,145388.4047804407,999999,5,4,1
5,3,145394.5092385239,999999,5,4,1
5,6,145396.16623099486,999999,8,0,1
6,5,145401.24198096423,999999,5,6,1
6,6,145403.4916701002,999999,0,5,1
5,6,145404.39204532196,999999,6,5,1
8,2,145410.91292340332,999999,6,6,1
1,1,145411.0516737718,4,8,999999,1
5,2,145428.42779036547,999999,0,1,1
6,2,145431.3768667346,999999,0,5,1
5,0,145431.74066589566,999999,6,1,1
5,5,145437.2252866949,999999,1,8,1
6,2,145438.1021584291,999999,5,4,1
4,7,145458.53911819504,6,999999,3,1
5,6,145459.2399147365,999999,8,1,1
5,2,145459.9585715888,999999,5,5,1
8,8,145460.69122075796,999999,4,2,1
6,6,145472.65436361745,999999,1,5,1
5,6,145478.27151988936,3,999999,4,1
5,8,145481.52281305162,8,999999,0,1
5,6,145512.81150808278,999999,2,3,1
1,5,145521.7216838265,2,2,999999,1
4,6,145546.25940340292,999999,5,5,1
5,2,145546.30086309323,999999,8,5,1
6,5,145551.13558678934,999999,6,1,1
8,5,145553.29025496266,999999,8,2,1
6,8,145556.98578885858,0,999999,5,1
2,3,145557.6669377187,999999,0,2,1
5,5,145560.65816594494,999999,1,6,1
6,2,145572.31942565506,999999,5,6,1
6,5,145575.36670715405,999999,2,8,1
8,5,145582.73024111026,999999,6,0,1
2,1,145584.4964281912,999999,6,6,1
6,6,145590.0060249918,999999,1,6,1
5,8,145603.60962012966,999999,3,2,1
5,4,145610.6516779415,999999,6,6,1
5,4,145613.3434495004,999999,8,6,1
6,5,145614.45872726437,6,999999,6,1
5,5,145620.589076495,999999,2,0,1
6,2,145621.88714799043,999999,1,4,1
5,1,145627.3480686429,1,999999,8,1
5,6,145633.06050453946,5,999999,3,1
5,3,145638.9123924777,999999,5,5,1
5,6,145640.7419992809,999999,0,2,1
5,4,145648.300529848,999999,8,5,1
1,8,145648.70554635598,999999,2,8,1
1,2,145649.13702943196,999999,5,3,1
4,8,145659.82965230933,1,999999,4,1
1,5,145661.31903614267,999999,4,1,1
6,4,145684.07021344895,999999,5,1,1
5,5,145689.0730351792,999999,6,8,1
5,1,145692.50179570387,999999,0,3,1
6,8,145696.047263185,0,999999,6,1
1,1,145715.0552784155,999999,3,6,1
1,2,145721.53702658069,999999,6,5,1
6,5,145724.0541211632,6,999999,1,1
2,6,145726.40401228526,999999,5,8,1
6,5,145727.30710265893,8,999999,0,1
1,2,145730.8853686836,999999,1,6,1
5,5,145744.30019840528,7,999999,6,1
4,6,145746.2766467217,999999,2,4,1
6,6,145746.7791174477,999999,4,8,1
1,4,145758.1084166532,999999,6,5,1
6,2,145767.34509016134,999999,8,5,1
6,8,145771.9494265534,5,999999,1,1
5,6,145782.01153168245,999999,0,5,1
8,8,145784.43340756078,999999,8,6,1
8,8,145798.99247050434,999999,5,2,1
5,5,145806.6017232265,999999,3,5,1
5,2,145809.28481622072,999999,1,8,1
1,5,145809.6408430301,999999,2,2,1
5,8,145810.91607479597,999999,5,6,1
8,4,145818.81375359552,999999,1,6,1
8,1,145829.51531495087,999999,4,8,1
8,4,145830.8089590915,999999,5,0,1
5,1,145833.83502234134,3,999999,2,1
8,2,145840.98262940766,999999,0,5,1
5,1,145849.66719920366,999999,4,3,1
1,8,145849.66801205403,999999,6,3,1
5,1,145853.1189589143,999999,2,3,1
5,7,145854.8305290058,999999,6,6,1
6,0,145859.78092922043,999999,1,6,1
5,4,145863.80294051926,999999,6,2,1
6,3,145869.91991633957,999999,2,5,1
5,3,145870.75697762353,999999,6,2,1
2,8,145872.1700080784,999999,6,4,1
6,2,145873.33869657852,999999,5,5,1
8,7,145874.85607890948,999999,8,2,1
2,2,145887.97402987568,999999,8,6,1
5,4,145889.6045201037,999999,3,1,1
4,1,145906.2435669492,5,5,999999,1
5,2,145912.00648447414,999999,5,4,1
6,6,145914.77331807718,999999,4,5,1
5,2,145922.8922223834,999999,6,4,1
6,5,145927.62807684,999999,6,6,1
6,2,145932.17575858283,999999,1,3,1
1,7,145932.78362497906,999999,6,3,1
4,1,145934.18758354953,999999,4,6,1
6,5,145937.76865576478,999999,2,6,1
8,5,145978.09351285643,999999,5,2,1
6,2,145983.9806983532,999999,4,0,1
5,1,145985.29958621095,0,999999,8,1
4,6,145991.05874307753,999999,5,0,1
1,6,146006.93374703152,0,999999,3,1
1,8,146009.0798011827,999999,0,1,1
1,5,146013.4220719352,999999,6,8,1
1,4,146019.90080430434,999999,2,1,1
6,1,146022.41970403388,5,6,999999,1
6,1,146022.9591651447,999999,8,0,1
5,1,146026.5615143439,999999,2,4,1
1,5,146033.7289231988,999999,1,0,1
5,5,146047.53513141,6,999999,4,1
5,5,146050.69975768882,999999,1,6,1
5,4,146057.5386236753,999999,5,2,1
5,1,146057.66664885,999999,1,0,1
6,2,146057.75259388483,999999,999999,2,1
6,4,146073.3732454467,999999,5,1,1
4,8,146074.47544867807,999999,6,3,1
2,2,146078.98632577277,5,999999,4,1
5,6,146105.3136752764,999999,1,8,1
5,2,146107.51876743816,999999,1,5,1
5,2,146107.87139069726,999999,5,5,1
5,1,146115.12324971188,999999,3,6,1
4,3,146117.8892877976,999999,8,4,1
5,5,146120.8173423188,4,999999,6,1
5,8,146124.03542643218,999999,2,6,1
6,5,146124.87621043416,8,6,999999,1
1,1,146134.44365623416,999999,2,5,1
6,5,146141.21599349796,999999,5,5,1
5,2,146150.07995528594,999999,1,6,1
5,8,146159.46370371646,999999,6,1,1
4,2,146163.78048802368,999999,4,2,1
6,6,146172.73236153624,999999,2,0,1
6,0,146175.6907125519,4,999999,5,1
5,8,146178.6453650607,999999,5,5,1
5,3,146191.23965408874,999999,5,6,1
5,4,146197.5087388031,999999,5,6,1
8,2,146205.36662241374,999999,5,1,1
6,2,146207.16298379804,5,999999,8,1
5,1,146219.95549190827,999999,0,3,1
5,5,146220.91920464556,3,999999,5,1
8,0,146227.82037957394,8,999999,0,1
5,8,146236.91313601087,999999,6,5,1
1,6,146241.21141789565,999999,3,6,1
5,2,146248.39467038418,999999,0,999999,1
4,6,146250.6922631417,999999,3,0,1
5,4,146268.48736927754,999999,8,4,1
4,2,146288.21701154741,999999,5,8,1
5,2,146304.6357846814,5,0,999999,1
1,5,146307.86130701788,999999,5,3,1
5,3,146315.95847326377,999999,4,1,1
5,2,146317.95013967683,999999,2,3,1
8,0,146330.14195995516,999999,5,1,1
1,6,146338.77212280457,6,999999,6,1
4,6,146354.87043547342,999999,5,8,1
6,8,146362.85314323663,6,999999,6,1
8,0,146372.10437502724,999999,1,8,1
1,1,146373.49170321668,6,999999,5,1
5,6,146387.15772774146,999999,5,5,1
5,6,146396.04335812113,999999,6,6,1
5,4,146400.27081339096,999999,2,6,1
5,5,146407.6913279622,999999,4,8,1
1,6,146448.5603685819,999999,6,4,1
6,6,146449.49971523884,6,999999,5,1
6,6,146451.33112061635,999999,1,5,1
6,2,146455.0091017607,999999,4,0,1
4,6,146461.75415309623,5,999999,8,1
1,6,146464.4260813041,999999,1,1,1
6,6,146468.26299744347,999999,3,2,1
4,5,146469.59032289038,999999,7,2,1
6,6,146469.88713028788,999999,5,5,1
6,1,146473.8474231911,999999,2,5,1
8,1,146475.22907291586,999999,8,6,1
6,6,146481.63201665398,8,999999,5,1
1,2,146482.23779136495,8,999999,6,1
6,6,146514.6018003173,999999,6,3,1
5,6,146538.77911913246,4,999999,1,1
5,6,146538.8049179644,999999,4,6,1
5,1,146540.57374502864,999999,2,6,1
5,6,146571.41918599463,999999,2,0,1
5,0,146577.02806280047,999999,6,6,1
5,1,146577.113762836,999999,6,0,1
5,5,146581.2895976321,999999,3,2,1
6,0,146582.11858963463,999999,5,6,1
6,8,146608.1674471689,999999,3,6,1
6,4,146609.41693543087,999999,2,2,1
6,6,146626.03884763987,999999,4,8,1
6,1,146630.64008298202,999999,6,8,1
5,5,146639.5673102322,999999,8,6,1
5,4,146645.40876619896,0,999999,2,1
6,6,146645.65857967606,999999,6,4,1
5,3,146650.63968837904,999999,2,2,1
6,5,146654.18261860491,999999,1,5,1
6,8,146654.77596476578,6,999999,0,1
5,1,146657.95712678193,999999,6,0,1
5,8,146659.9858011404,999999,6,5,1
6,6,146661.72287689068,999999,4,1,1
6,3,146662.17147841616,999999,2,1,1
1,4,146664.32044147426,999999,5,8,1
5,2,146664.99645184193,6,5,0,1
6,0,146669.13088062147,999999,0,6,1
1,8,146671.65586606448,999999,0,2,1
2,6,146674.0861317437,999999,2,6,1
8,1,146674.5363127816,1,999999,0,1
6,5,146674.83367887003,999999,0,8,1
5,1,146674.91526309375,999999,0,5,1
8,4,146676.3219440738,999999,3,6,1
6,4,146677.87901067725,999999,3,7,1
6,5,146679.76806026523,3,999999,1,1
5,5,146685.4627870285,999999,1,5,1
1,5,146690.31550483863,999999,6,5,1
5,3,146701.28353730275,8,999999,1,1
1,6,146706.0333741233,999999,4,0,1
5,8,146708.58163093368,6,999999,1,1
5,1,146708.6197865469,999999,6,1,1
8,8,146712.4092784968,999999,2,6,1
1,1,146719.15195447078,999999,1,1,1
1,4,146721.9440155035,999999,2,5,1
5,6,146727.6706455042,999999,5,5,1
5,7,146729.64389619662,999999,6,6,1
4,3,146737.44967164486,999999,8,4,1
6,8,146742.89312723634,999999,6,8,1
5,0,146749.7023477517,999999,5,2,1
8,8,146778.02095489335,999999,1,8,1
1,6,146778.31966348115,2,999999,0,1
8,5,146784.50039211547,999999,8,1,1
2,2,146790.52732888705,999999,6,6,1
6,6,146799.8063340958,999999,6,1,1
1,2,146810.8308709579,999999,0,5,1
6,0,146821.5640964588,999999,6,4,1
1,4,146829.51876535517,0,999999,3,1
5,3,146834.61185242998,1,999999,0,1
5,4,146836.09539991824,999999,5,8,1
5,6,146842.33572833377,4,4,999999,1
6,2,146855.35037773708,999999,1,8,1
1,2,146855.98327662973,999999,6,6,1
1,6,146859.19290195924,999999,0,3,1
6,2,146867.99907891836,999999,0,6,1
5,3,146868.0103052151,999999,1,6,1
6,5,146873.86758755308,999999,6,4,1
1,1,146884.9354605989,999999,2,1,1
6,6,146886.0991002247,3,999999,0,1
5,0,146906.28326927926,999999,8,8,1
5,6,146909.11386179083,999999,1,5,1
5,8,146910.6264617063,6,999999,1,1
8,6,146917.08311202133,6,999999,5,1
6,5,146922.56466324982,0,999999,6,1
8,5,146924.41476986674,999999,8,1,1
5,6,146924.8009746209,999999,0,1,1
4,5,146931.87030924798,999999,0,7,1
5,5,146940.15213183677,999999,1,5,1
5,8,146954.31366290073,999999,4,3,1
8,0,146955.38731015,999999,6,5,1
5,5,146958.9026343748,6,999999,0,1
5,6,146962.4406883261,5,999999,0,1
5,2,146975.82682473192,999999,1,2,1
6,5,146981.41810768156,999999,5,6,1
6,4,146985.26448703028,999999,5,5,1
4,4,146992.36892270195,999999,6,6,1
5,8,146994.26121135423,8,0,999999,1
6,4,147016.4123916232,999999,2,6,1
4,5,147017.3063930452,999999,2,8,1
6,3,147030.33777188577,999999,1,6,1
6,5,147031.10992481318,999999,2,3,1
1,3,147035.9035287168,6,999999,6,1
5,1,147037.06650880878,5,999999,8,1
5,6,147039.85734472398,999999,6,8,1
5,6,147042.17281115518,0,6,6,1
6,2,147054.41490391555,999999,1,6,1
5,5,147060.91174421564,6,999999,1,1
5,2,147063.1992449497,0,8,999999,1
5,6,147067.98830104707,6,999999,5,1
5,1,147068.54819866392,6,3,999999,1
6,2,147077.19346749346,6,999999,4,1
6,6,147097.03233791052,999999,2,0,1
1,5,147110.78180154788,6,999999,5,1
2,1,147115.19768066003,999999,6,3,1
5,5,147120.45681304566,999999,2,4,1
6,6,147120.87361677928,999999,1,5,1
6,4,147127.86347766087,999999,3,6,1
5,7,147143.91674227073,999999,2,6,1
2,5,147145.32089669988,999999,2,6,1
1,4,147147.497340343,0,1,999999,1
8,5,147156.36223019354,999999,2,8,1
5,2,147169.50174718516,999999,5,0,1
5,5,147176.70155273334,999999,6,4,1
5,1,147177.18151341207,999999,5,5,1
5,6,147180.1158404186,999999,2,5,1
8,8,147195.1161800719,999999,5,8,1
5,6,147198.4591603453,999999,5,8,1
5,6,147200.922151654,999999,0,5,1
8,8,147204.33382369543,999999,2,7,1
5,6,147215.22454516086,999999,4,5,1
4,4,147217.71929630532,999999,6,2,1
6,6,147224.82317558466,999999,6,1,1
5,4,147226.03148378123,999999,3,6,1
1,2,147226.20143703424,999999,8,3,1
5,5,147228.2195283212,999999,6,3,1
5,6,147228.426451873,999999,4,6,1
8,6,147228.4521119904,999999,5,5,1
1,5,147229.7161154507,999999,6,4,1
6,5,147230.50007813552,999999,2,4,1
5,2,147234.48103496886,1,999999,5,1
6,1,147252.99862155525,0,6,999999,1
8,5,147264.5863885229,999999,2,0,1
4,8,147292.61663677194,999999,6,1,1
6,2,147296.83945112216,999999,5,1,1
2,1,147297.7067188787,999999,5,6,1
6,5,147299.4084550526,999999,8,8,1
5,5,147301.90021744306,999999,3,6,1
1,4,147303.44418293147,999999,5,2,1
5,8,147313.09026333538,999999,0,8,1
1,8,147322.22439617413,999999,6,6,1
1,3,147331.76300092434,999999,4,5,1
6,2,147334.8381064336,999999,5,5,1
2,6,147354.90661141626,999999,6,6,1
1,6,147356.9640280122,999999,5,7,1
5,8,147361.3691924177,999999,3,0,1
5,5,147369.44418795907,999999,0,6,1
5,6,147378.1554077891,999999,4,6,1
4,3,147394.03634213697,999999,6,0,1
5,6,147394.65415227527,999999,2,5,1
2,5,147399.86844367298,999999,6,5,1
1,6,147412.23535126267,1,0,999999,1
5,2,147416.99748761216,999999,1,5,1
8,4,147422.3462849737,999999,6,6,1
5,1,147430.15930550086,5,999999,5,1
6,2,147436.6384674264,8,999999,2,1
1,5,147442.452403403,999999,0,2,1
5,5,147453.32574797573,1,6,2,1
5,8,147461.22955814042,999999,6,3,1
5,2,147468.3696010564,999999,3,2,1
1,6,147469.81973829592,2,999999,7,1
6,8,147478.63703052187,999999,6,1,1
5,0,147486.00346897877,999999,1,8,1
6,6,147487.09847548945,999999,6,2,1
6,3,147488.2947554872,999999,8,1,1
5,6,147493.51435210495,999999,2,8,1
6,2,147499.33370665682,999999,1,4,1
4,1,147517.90453036825,999999,2,6,1
5,4,147520.57689922905,999999,4,6,1
6,0,147523.54869647,999999,5,8,1
6,8,147531.22262490404,999999,5,5,1
5,5,147532.82467219373,999999,2,1,1
5,1,147536.21757656918,999999,6,8,1
6,5,147541.69765371396,999999,6,6,1
5,6,147544.86335752835,999999,5,1,1
5,5,147554.00717468036,999999,5,3,1
5,8,147560.73327244126,4,999999,5,1
8,5,147577.50455467976,999999,4,6,1
5,5,147578.92192722566,1,999999,5,1
8,1,147582.57953678374,999999,6,4,1
8,4,147585.976068864,999999,5,8,1
1,6,147587.44607506387,999999,1,5,1
5,5,147602.63338417045,999999,6,8,1
6,6,147602.98448366256,999999,5,5,1
6,5,147607.3625933429,999999,4,4,1
6,2,147622.7382609353,3,1,5,1
5,4,147623.50846189223,999999,2,4,1
2,6,147625.1435684091,4,999999,3,1
6,2,147626.78460914196,999999,5,8,1
6,5,147639.968537116,8,999999,7,1
5,5,147641.2786293672,999999,6,3,1
6,5,147658.34141158848,999999,0,5,1
5,6,147662.36602497916,8,3,999999,1
8,5,147668.5011441921,999999,8,0,1
4,8,147669.81588093922,999999,6,6,1
5,2,147671.38612669884,999999,4,8,1
5,5,147678.90075539262,999999,1,6,1
5,6,147680.36375205114,999999,5,5,1
6,5,147690.50256103755,5,3,4,1
6,2,147702.16001744292,999999,0,5,1
5,2,147712.79255099042,999999,6,5,1
1,5,147716.17803227666,999999,7,0,1
8,5,147718.74483625378,999999,6,2,1
6,5,147730.57863244112,3,999999,0,1
8,1,147731.13981440678,999999,6,1,1
5,2,147731.74359333722,999999,5,5,1
6,1,147731.79794460052,999999,6,1,1
8,6,147748.91465101586,999999,4,5,1
5,5,147751.40387773426,999999,6,1,1
6,5,147757.04510530553,999999,2,6,1
6,6,147758.71755187016,999999,8,2,1
4,5,147767.00652888644,999999,0,6,1
5,6,147795.7626979454,999999,4,6,1
6,6,147826.33562518595,999999,5,2,1
5,3,147827.014312708,999999,5,4,1
1,0,147833.32118666198,999999,6,5,1
8,8,147845.19469533372,999999,8,5,1
6,5,147853.89212037213,999999,0,5,1
5,6,147864.89941801867,4,999999,6,1
5,5,147865.03801512142,999999,2,5,1
5,6,147866.51365387056,999999,5,1,1
6,2,147868.99195299108,999999,1,4,1
4,5,147872.58514607622,999999,5,6,1
5,2,147879.30291207504,6,6,999999,1
6,5,147882.12227823652,999999,0,8,1
6,8,147887.26736477972,4,999999,5,1
2,5,147889.2798804585,1,999999,4,1
8,6,147897.75517619448,4,999999,5,1
5,6,147906.33492905775,5,999999,4,1
5,5,147911.6203021722,999999,5,0,1
6,1,147929.0533133685,999999,5,2,1
5,3,147933.31019069,999999,2,5,1
5,2,147936.8381046282,999999,6,8,1
6,8,147957.8738366922,999999,5,6,1
5,5,147958.37646611367,6,999999,1,1
1,2,147961.70640419496,3,0,1,1
1,6,147967.65344185234,999999,4,5,1
2,6,147971.03799704602,999999,4,6,1
5,8,147971.54849508402,999999,5,8,1
6,6,147972.58155413016,999999,2,2,1
5,6,147978.51243395757,999999,6,1,1
5,3,148000.58420896454,999999,2,1,1
1,6,148000.93135823013,999999,6,2,1
6,0,148005.1688256702,999999,5,3,1
6,2,148017.49919190753,999999,1,8,1
6,6,148023.21737898397,999999,5,3,1
5,8,148025.66804806286,999999,0,1,1
5,2,148034.19343009862,999999,1,2,1
4,2,148090.12710876373,999999,1,8,1
6,5,148103.41526926815,999999,1,1,1
2,1,148132.52542048163,999999,5,1,1
5,6,148136.72585238272,999999,5,0,1
5,2,148145.87808773434,999999,1,8,1
5,5,148156.12238919755,999999,8,0,1
5,8,148162.5852988355,999999,0,1,1
1,6,148163.56079058224,999999,4,5,1
1,8,148176.2996467361,999999,6,1,1
5,2,148178.56641110693,8,6,999999,1
5,2,148189.35284693292,999999,1,2,1
6,1,148193.83865391772,999999,0,6,1
5,2,148196.80472378715,999999,6,1,1
8,6,148211.12225618906,999999,6,2,1
6,6,148214.84925594277,1,999999,1,1
6,6,148218.5525881061,999999,4,2,1
5,5,148227.30998252807,999999,5,1,1
5,6,148231.72399599597,999999,8,1,1
8,5,148234.5634280631,999999,4,5,1
6,6,148247.85228546866,999999,6,8,1
1,1,148249.87659474197,999999,5,6,1
5,6,148254.37284019045,999999,3,1,1
5,6,148255.6924937699,5,999999,1,1
4,6,148257.19962816825,5,999999,1,1
6,4,148258.57669587736,999999,3,1,1
6,0,148263.4689493631,999999,5,8,1
5,8,148277.06280207634,4,999999,5,1
8,2,148286.0531843171,6,999999,3,1
5,4,148287.8585666814,999999,1,7,1
4,8,148290.14144947083,999999,1,4,1
6,2,148296.41050464284,999999,6,3,1
2,4,148310.33710553873,999999,5,5,1
6,5,148313.36966856304,5,5,999999,1
5,5,148316.0513021272,4,999999,6,1
1,6,148328.38808933552,999999,5,6,1
5,4,148337.91693461977,6,5,999999,1
5,4,148339.3700682831,999999,8,6,1
6,2,148354.05051834852,1,999999,6,1
5,4,148359.72166118017,999999,1,5,1
6,4,148373.36667886417,999999,8,2,1
8,0,148383.58037020193,999999,4,1,1
6,0,148395.40832817706,5,999999,1,1
5,5,148398.5056660411,999999,2,4,1
5,4,148410.7886864775,999999,6,6,1
5,5,148417.2849319904,999999,999999,4,1
6,6,148417.415496722,999999,4,0,1
5,6,148428.74369523223,999999,4,6,1
5,2,148455.5726203938,999999,4,5,1
5,5,148483.12585742536,999999,0,6,1
4,4,148487.94723113207,5,999999,1,1
6,2,148490.938240449,5,999999,6,1
1,3,148491.6056548742,999999,5,4,1
6,2,148500.6956267411,5,999999,6,1
6,5,148502.7583573033,999999,5,6,1
2,6,148507.0123883977,999999,5,6,1
6,5,148509.90312168724,999999,6,2,1
5,5,148513.09340133434,999999,6,2,1
5,5,148518.15594121674,999999,6,8,1
1,2,148518.49970016652,999999,1,6,1
6,6,148528.0486214497,999999,5,6,1
6,2,148531.06725870844,999999,4,5,1
2,0,148553.10533938315,999999,5,1,1
5,1,148560.45644447213,999999,2,5,1
8,6,148570.08221172073,999999,1,3,1
1,5,148570.67279783383,999999,4,2,1
5,1,148580.3231829172,999999,8,3,1
6,2,148582.03495701752,999999,4,5,1
4,6,148589.78440585613,999999,6,2,1
1,1,148594.15539658905,999999,1,5,1
5,0,148603.40389159854,999999,999999,6,1
5,1,148603.52458829328,0,3,999999,1
1,5,148606.504904386,999999,3,0,1
6,1,148608.1014384106,999999,3,5,1
8,0,148627.56978621174,999999,6,2,1
6,1,148631.7687849254,6,999999,8,1
6,0,148645.48765121488,999999,6,4,1
8,5,148647.32225490158,999999,8,6,1
6,1,148651.13649941253,999999,4,2,1
5,6,148655.92411522652,999999,1,8,1
6,5,148657.72178761303,999999,0,8,1
4,2,148674.6131931264,8,999999,1,1
5,5,148681.75434192334,999999,1,8,1
6,5,148683.2851126869,999999,1,6,1
6,6,148689.57106196997,999999,5,3,1
5,4,148696.9792379797,999999,8,5,1
5,5,148707.6538835394,999999,3,8,1
5,5,148716.57683107737,999999,8,4,1
5,2,148717.06884868623,999999,3,0,1
6,3,148723.63349554787,999999,5,8,1
6,1,148724.20954665172,999999,6,1,1
5,5,148748.45769263548,999999,5,2,1
2,4,148754.63235043635,999999,2,0,1
5,2,148765.07508183492,6,6,999999,1
8,2,148770.01265478058,3,999999,6,1
5,8,148772.6706416867,999999,7,2,1
6,8,148775.91978466677,999999,1,2,1
6,6,148781.88177245407,999999,3,1,1
5,1,148786.71843823974,999999,8,6,1
5,8,148789.2955005193,999999,5,2,1
5,6,148791.44271808045,1,999999,4,1
6,5,148802.99611565087,999999,6,0,1
6,2,148822.1257151078,999999,6,5,1
2,1,148828.56795877745,1,999999,3,1
8,1,148837.38404337096,999999,2,6,1
6,1,148841.41026260235,6,999999,3,1
5,7,148849.48592932857,5,999999,4,1
4,8,148851.63427189417,999999,2,6,1
8,2,148862.79365644447,999999,4,8,1
5,2,148867.1466961384,6,5,0,1
6,8,148874.7270693415,999999,6,2,1
5,4,148880.72063466551,999999,3,5,1
5,0,148897.95598426758,999999,6,5,1
6,1,148906.2418736491,999999,6,2,1
6,5,148908.6359068448,999999,0,8,1
6,3,148921.6292041338,999999,8,1,1
4,1,148943.98734193773,999999,6,5,1
6,7,148947.1143934839,999999,2,8,1
1,2,148949.88302368164,999999,3,5,1
6,6,148979.0620805773,999999,4,8,1
4,4,148984.64117254093,999999,5,2,1
6,2,148987.71293128942,5,999999,2,1
8,8,148992.01202752575,999999,3,2,1
5,5,149006.0019294347,1,999999,2,1
8,1,149015.44513162092,999999,8,5,1
5,5,149015.98225511736,999999,0,1,1
1,4,149027.51971221855,999999,5,6,1
8,7,149031.18239391997,999999,2,1,1
1,6,149038.63205069746,999999,4,4,1
5,5,149041.42994663512,8,999999,3,1
1,6,149046.73298981498,999999,3,4,1
6,4,149051.6548167975,999999,4,5,1
8,4,149057.4879305222,999999,0,3,1
5,3,149076.47674085852,999999,8,1,1
6,4,149077.9853210892,999999,1,5,1
6,1,149080.1180683778,999999,0,2,1
2,0,149094.12698337296,6,6,999999,1
5,3,149099.89849502448,999999,1,1,1
5,6,149116.7720541168,999999,6,5,1
5,5,149136.29054265737,7,3,999999,1
4,6,149137.43203457262,999999,5,0,1
5,6,149138.96828442765,999999,1,5,1
8,6,149140.57357439387,999999,6,5,1
4,6,149153.32466113573,999999,7,2,1
5,3,149158.7112462078,999999,8,6,1
8,2,149167.325763494,4,999999,8,1
5,2,149167.60805609333,999999,3,6,1
6,6,149167.62458171858,999999,2,1,1
8,4,149167.8007984457,0,999999,5,1
4,1,149169.1973116241,999999,2,6,1
8,6,149174.1108198206,0,6,999999,1
6,6,149203.46921605454,999999,4,2,1
6,2,149203.74804570279,999999,5,8,1
5,8,149204.32339481663,6,999999,5,1
5,5,149204.33262571096,999999,6,1,1
1,6,149219.2942706411,999999,6,8,1
6,8,149238.921519335,999999,5,2,1
6,6,149243.794113863,999999,1,2,1
5,5,149244.57298249353,999999,1,8,1
1,4,149244.91451311647,999999,1,0,1
6,4,149246.41655045238,5,999999,6,1
5,5,149253.937858932,999999,3,8,1
5,3,149255.34557202246,999999,5,8,1
1,6,149261.8601054011,999999,5,3,1
4,0,149270.7499734965,999999,8,2,1
5,1,149272.09559178827,999999,3,1,1
5,7,149277.74673258874,6,6,5,1
5,6,149292.07590290092,999999,7,8,1
1,6,149312.6847829223,999999,5,2,1
6,6,149324.55088042933,999999,5,2,1
6,2,149325.75631972772,999999,8,3,1
1,6,149337.25057506384,999999,6,1,1
5,5,149339.06443076092,999999,6,0,1
5,6,149339.12189270795,999999,2,7,1
6,6,149339.80695384633,999999,5,3,1
1,3,149340.62890613705,999999,4,5,1
5,5,149357.60828030636,999999,1,0,1
5,3,149359.6839132507,999999,5,1,1
6,8,149378.1391857959,999999,6,1,1
1,4,149391.91537912856,999999,6,1,1
1,1,149401.78898673176,5,999999,2,1
6,6,149408.2552950345,999999,8,2,1
4,6,149411.36866663385,999999,1,5,1
5,8,149415.31339850093,999999,6,3,1
1,4,149431.57979059088,999999,5,2,1
5,0,149432.16360300194,999999,5,2,1
5,6,149453.7851716954,999999,8,1,1
2,5,149454.0984102917,999999,3,2,1
6,6,149462.54134258782,999999,5,0,1
5,2,149463.47111631447,999999,6,8,1
4,5,149463.945864509,999999,8,0,1
5,8,149464.29832095522,999999,6,2,1
1,1,149468.48937826333,1,999999,2,1
5,3,149472.25340592972,999999,6,6,1
8,1,149477.81762852037,999999,5,8,1
6,5,149480.7111461839,999999,8,6,1
5,1,149498.05441310361,999999,0,5,1
6,1,149503.90420859877,999999,6,8,1
4,5,149507.99384678976,999999,3,6,1
6,6,149510.9307585702,999999,5,2,1
2,0,149512.48514538596,999999,6,5,1
6,5,149517.15485980624,999999,8,6,1
5,5,149520.46569700952,999999,5,5,1
1,5,149525.5131829383,999999,5,0,1
6,6,149537.85184432613,999999,6,5,1
5,6,149549.50713799524,999999,2,4,1
6,3,149557.70181662752,0,999999,2,1
1,6,149558.76598614268,999999,5,1,1
6,6,149559.22636519387,999999,5,5,1
6,6,149570.51847691636,999999,1,5,1
5,6,149571.32953581348,999999,6,5,1
1,2,149575.3215321483,999999,5,6,1
5,1,149576.8616203772,999999,6,8,1
6,1,149582.52485698566,999999,8,2,1
6,4,149585.6153918328,999999,5,6,1
5,6,149597.4169795669,999999,1,5,1
5,4,149604.31501263566,999999,6,2,1
6,6,149605.47814772098,999999,8,5,1
1,4,149624.60762780998,999999,2,5,1
1,1,149639.41877321733,7,999999,4,1
5,6,149652.05487782127,999999,6,5,1
1,4,149658.6716699293,999999,6,1,1
4,3,149669.97778479478,999999,0,5,1
4,4,149680.7307558243,5,5,999999,1
6,4,149681.98661669798,999999,0,8,1
6,5,149684.69305457626,999999,6,2,1
5,6,149690.6565856506,8,4,999999,1
6,8,149699.28465972387,999999,6,5,1
1,6,149705.19844062024,999999,2,8,1
6,4,149713.19425588707,999999,2,1,1
1,1,149714.78320232936,999999,6,4,1
5,2,149717.71220294567,999999,3,2,1
6,3,149728.2861219594,1,999999,6,1
5,1,149738.56353567974,999999,8,5,1
5,2,149744.64756392076,3,999999,5,1
2,3,149766.38791248412,999999,5,6,1
1,1,149777.37583919766,999999,6,6,1
2,0,149781.35874076598,1,999999,2,1
1,0,149784.213100378,999999,0,6,1
6,6,149795.04960024616,999999,5,8,1
4,1,149798.75819880428,999999,6,2,1
6,8,149800.1587975495,999999,5,0,1
5,1,149802.65800590554,1,7,999999,1
1,6,149806.00715263135,999999,4,8,1
1,4,149811.07865910212,999999,5,6,1
1,7,149820.75764758818,999999,2,8,1
5,4,149823.32794037246,999999,5,6,1
1,6,149828.98984054686,999999,3,5,1
5,8,149834.73683225087,999999,5,8,1
1,6,149843.8237754346,999999,0,5,1
5,6,149847.70451570026,999999,2,5,1
5,5,149876.526573123,999999,8,6,1
6,1,149883.6589136977,999999,5,8,1
6,5,149885.0889373632,999999,8,3,1
5,5,149893.38061092643,999999,6,5,1
4,2,149897.65163435362,5,8,999999,1
4,4,149908.3719095975,999999,6,2,1
8,6,149918.54005374422,999999,5,5,1
1,5,149933.64385127035,5,999999,1,1
5,2,149956.31651940983,999999,5,2,1
5,5,149960.50807825217,999999,1,8,1
1,1,149963.34413052906,8,6,2,1
5,3,149975.23512635543,1,999999,0,1
5,5,149975.24551083572,999999,6,6,1
6,2,149984.58566280178,999999,1,8,1
1,2,149984.93544938398,999999,6,8,1
1,6,150009.8302928714,999999,0,5,1
6,2,150022.79231274524,999999,4,1,1
6,5,150023.6738078806,999999,2,4,1
5,5,150033.37646062154,999999,8,6,1
5,5,150042.19155141243,999999,1,6,1
6,6,150044.33542313462,999999,0,0,1
1,5,150045.84045368695,4,999999,5,1
6,6,150045.8994295121,0,999999,1,1
5,5,150048.0110723065,6,6,3,1
6,2,150051.673435358,999999,5,0,1
5,6,150062.61209440144,999999,5,8,1
5,8,150067.21298011765,999999,3,6,1
6,5,150069.97196368335,999999,0,8,1
6,4,150083.64209050674,999999,5,8,1
2,6,150084.84974101433,999999,5,0,1
4,0,150096.4919807784,999999,8,6,1
5,1,150098.18007072015,999999,6,8,1
5,0,150104.18988464904,999999,3,2,1
1,1,150108.2717665605,999999,8,1,1
5,5,150115.023488102,2,999999,1,1
5,6,150115.73201542144,999999,5,2,1
6,4,150119.42451360746,999999,5,1,1
8,2,150137.4083954199,999999,3,5,1
1,2,150138.3463935445,999999,1,4,1
6,4,150141.18906987613,999999,6,6,1
5,7,150146.2946674948,6,999999,5,1
8,1,150154.5914114242,999999,2,6,1
6,4,150165.8102153833,999999,6,5,1
5,0,150188.61611028347,1,999999,6,1
6,2,150192.88452209398,999999,6,1,1
5,1,150197.5282776527,999999,5,5,1
8,2,150207.43361506832,6,999999,3,1
5,8,150215.1825294956,999999,6,6,1
6,2,150219.29474562517,999999,5,0,1
5,5,150223.55738372175,999999,3,2,1
5,2,150236.57383275643,999999,5,8,1
6,6,150240.38468962623,999999,2,5,1
5,5,150243.42370873317,999999,1,2,1
5,6,150251.38800967956,8,999999,3,1
5,1,150258.73358562222,999999,1,0,1
4,3,150274.33864420938,999999,1,4,1
5,6,150275.08649339905,999999,2,1,1
6,4,150286.4259808525,999999,5,2,1
8,8,150292.2465042029,999999,0,3,1
4,1,150323.55046031985,999999,1,6,1
5,1,150330.2478641061,999999,2,2,1
8,2,150340.63895874345,999999,5,3,1
5,4,150342.01305563704,999999,6,1,1
6,3,150343.98871383467,999999,1,6,1
4,5,150347.05397004675,999999,4,5,1
6,1,150353.1109384202,999999,6,5,1
4,4,150355.8183249035,999999,7,1,1
2,1,150359.34501407895,0,999999,6,1
1,2,150361.66579454122,999999,3,6,1
5,6,150365.9409954717,999999,1,0,1
1,3,150368.23791521628,999999,0,2,1
5,0,150370.34607392666,999999,5,6,1
6,5,150370.86342616132,999999,8,6,1
6,1,150372.04419451367,999999,5,5,1
5,1,150384.7691976691,999999,6,6,1
5,6,150394.5139223388,999999,8,5,1
6,0,150404.61647737335,999999,5,6,1
6,0,150404.86597722306,999999,8,2,1
5,8,150414.49142024154,999999,5,6,1
6,6,150415.91877061382,999999,8,8,1
5,2,150435.04076189734,999999,1,8,1
5,2,150437.29399296496,999999,6,0,1
6,5,150460.14790821276,999999,5,6,1
6,1,150466.20984147262,2,999999,2,1
6,7,150471.08427537396,999999,1,2,1
5,5,150473.783001107,999999,8,6,1
5,5,150491.09407893958,999999,6,5,1
4,5,150494.02843630756,999999,6,7,1
6,7,150496.31536962028,999999,5,6,1
5,1,150499.84102035096,999999,7,4,1
5,6,150508.48563171868,999999,8,3,1
6,2,150508.56952122808,6,999999,5,1
1,6,150524.76284287206,999999,3,5,1
5,2,150529.5754451332,999999,6,1,1
1,1,150531.1177530624,6,5,999999,1
5,2,150538.36113182944,999999,8,4,1
5,6,150541.0059899126,8,5,999999,1
1,2,150542.5314255685,999999,1,6,1
4,6,150550.8695995394,999999,1,2,1
6,5,150551.7209160586,0,999999,1,1
5,2,150567.8527159206,999999,5,1,1
6,8,150569.4380708995,1,999999,4,1
2,2,150595.13566521692,999999,3,0,1
1,5,150612.59962645496,999999,3,8,1
8,5,150626.87838038034,999999,6,5,1
5,1,150636.8247833816,999999,2,0,1
1,1,150638.15052282147,999999,6,2,1
6,1,150639.48917548492,999999,0,5,1
1,8,150645.6573963503,999999,1,6,1
5,8,150648.74944117683,7,1,999999,1
5,6,150660.2503067088,6,999999,5,1
6,8,150663.88827486814,999999,6,5,1
5,8,150671.19172438126,999999,2,2,1
4,1,150685.62988473027,999999,4,2,1
1,6,150686.5072940155,6,999999,5,1
6,8,150689.13217534107,999999,0,5,1
6,5,150690.97638122307,999999,6,4,1
6,6,150694.0434664763,999999,3,1,1
6,6,150697.07493957033,999999,0,8,1
6,2,150697.34892805456,999999,5,0,1
1,4,150700.23207399558,999999,7,1,1
1,5,150702.58366229996,999999,3,6,1
8,7,150704.0178536772,999999,3,1,1
5,2,150708.70789770526,999999,0,1,1
1,1,150730.34730772112,7,999999,4,1
5,5,150735.303675072,4,4,1,1
6,1,150735.48457057824,999999,6,4,1
6,2,150739.29994099162,0,999999,4,1
6,2,150745.80089295513,999999,1,6,1
4,2,150754.41619072508,999999,3,5,1
5,2,150776.54310298164,999999,3,0,1
5,8,150778.54098129502,7,999999,4,1
8,1,150784.2932149251,999999,5,2,1
5,2,150792.95366115824,999999,2,4,1
5,4,150805.32693320795,999999,8,6,1
5,1,150810.4751108119,999999,5,6,1
6,4,150822.1159593282,999999,6,8,1
5,8,150825.28505360428,999999,5,6,1
5,3,150831.4931183656,999999,2,6,1
2,1,150839.76078115706,999999,5,8,1
6,8,150848.3864893816,8,999999,7,1
6,5,150853.4329690076,6,999999,1,1
1,6,150853.8223598172,999999,5,0,1
5,5,150867.82998777006,999999,8,1,1
4,2,150876.65654451374,999999,5,6,1
1,1,150877.74513547512,999999,4,4,1
6,6,150888.22567827467,999999,8,6,1
8,6,150888.49329365615,999999,0,6,1
4,1,150897.69514978494,999999,2,2,1
2,6,150899.57006945906,999999,0,5,1
6,2,150902.1900709531,6,999999,999999,1
8,1,150904.00669891573,999999,4,8,1
6,4,150908.5753158691,999999,2,6,1
2,8,150933.7753513591,0,999999,6,1
6,5,150946.22222595054,999999,0,1,1
6,1,150948.24708384307,999999,0,6,1
5,3,150949.07628727902,999999,2,4,1
6,1,150962.70192021813,999999,5,6,1
1,2,150963.49237770223,999999,1,6,1
4,6,150963.82152894465,999999,1,4,1
6,5,150967.69796283994,999999,0,1,1
6,4,150968.04279428435,6,5,999999,1
6,0,150972.16802699206,999999,8,8,1
4,8,150978.61851370483,999999,6,2,1
1,4,150985.0341832426,3,0,999999,1
6,6,151003.8425631345,999999,2,6,1
6,6,151004.88282523313,999999,6,6,1
5,4,151015.19145612876,999999,8,6,1
5,5,151022.72267396812,999999,8,4,1
2,1,151036.92788510973,999999,7,6,1
6,2,151047.0416186336,8,999999,5,1
6,7,151058.69240106977,999999,6,3,1
4,5,151059.48290492035,999999,3,6,1
6,0,151060.99802699377,999999,6,5,1
5,4,151061.59918259547,999999,8,0,1
6,6,151082.24097627602,999999,2,1,1
1,0,151089.19494999025,5,999999,6,1
5,6,151089.51109457738,999999,5,3,1
5,6,151091.18968530282,999999,5,8,1
4,6,151096.8764682512,999999,2,1,1
6,0,151102.33883722944,999999,5,8,1
5,6,151102.60883127066,5,999999,2,1
6,0,151104.37604999184,999999,1,6,1
5,2,151110.0711570256,999999,6,5,1
1,1,151111.19867617096,999999,6,0,1
6,6,151121.6998102212,999999,6,5,1
1,8,151124.1197272941,999999,2,5,1
1,6,151125.89988692483,999999,6,0,1
1,5,151152.46209159226,6,6,999999,1
8,4,151153.83402875022,999999,8,5,1
4,5,151160.8655611341,6,2,999999,1
1,2,151163.44928973643,999999,5,3,1
8,8,151170.60806226285,999999,1,5,1
1,6,151176.85924120105,999999,5,6,1
6,6,151183.73017198849,999999,3,0,1
6,5,151195.68940445504,999999,4,1,1
5,5,151220.44991048926,999999,5,1,1
1,1,151241.25035987006,999999,8,5,1
4,5,151246.5875795631,999999,6,8,1
5,4,151267.1662982674,999999,1,6,1
6,2,151310.2930081845,999999,5,8,1
6,2,151331.56174808575,999999,4,8,1
4,6,151339.25329132855,999999,8,6,1
5,1,151356.08724808975,999999,4,3,1
6,1,151402.63596803587,999999,5,6,1
6,1,151403.345343696,999999,2,4,1
6,5,151409.21416846613,999999,6,5,1
5,6,151460.83374571335,999999,5,5,1
5,8,151477.97027281192,7,1,999999,1
5,3,151497.50863454086,999999,2,1,1
6,4,151519.1796175908,999999,1,6,1
6,6,151524.92219781407,999999,5,1,1
5,6,151536.10987430328,999999,5,1,1
8,5,151572.58540575506,999999,5,6,1
4,5,151596.7554376758,999999,2,0,1
5,5,151601.1569280565,999999,6,8,1
6,2,151631.63291190946,999999,6,5,1
1,1,151665.47728010375,999999,4,4,1
5,6,151674.03638767236,999999,1,5,1
6,1,151683.80633447878,999999,0,0,1
5,6,151725.27106139855,999999,8,8,1
1,6,151728.1377958242,999999,5,5,1
8,2,151736.66742511356,999999,6,6,1
8,5,151752.3584725528,999999,8,1,1
5,5,151782.23278834426,999999,6,6,1
5,6,151795.31913171778,999999,3,4,1
5,5,151824.6215909632,6,6,3,1
1,2,151827.04717774515,999999,6,0,1
6,2,151841.26091767984,5,999999,0,1
1,6,151864.72072418808,999999,5,6,1
5,5,151871.83726740166,999999,1,6,1
4,0,151912.62306117968,999999,6,5,1
1,1,151957.9444997392,999999,5,1,1
6,8,151960.29175874125,999999,5,2,1
1,6,151962.02452174167,999999,3,5,1
5,3,151964.59557478174,999999,5,6,1
6,1,152012.89410628023,5,8,999999,1
6,6,152022.84188914625,999999,6,8,1
6,4,152033.8378742776,999999,6,5,1
6,5,152034.02081066396,999999,3,5,1
6,6,152045.09914572086,999999,3,8,1
5,6,152051.12701596535,999999,5,1,1
5,2,152052.93735082785,999999,1,0,1
6,5,152063.26136681557,999999,1,6,1
6,1,152080.28869071393,0,6,999999,1
4,8,152089.1099071663,999999,6,5,1
8,8,152097.40517902904,999999,3,8,1
5,5,152128.48004769246,999999,2,4,1
5,1,152138.0770023447,999999,0,5,1
6,6,152185.06648552947,999999,6,5,1
6,6,152194.33250857246,999999,1,5,1
5,2,152213.72562219467,999999,1,6,1
5,5,152243.95493354186,4,8,999999,1
5,2,152245.08239038187,999999,3,6,1
4,1,152256.90764223904,999999,5,8,1
6,6,152297.43547070387,999999,4,1,1
6,6,152310.2746955141,999999,6,0,1
6,4,152346.6955211264,999999,6,6,1
5,2,152347.39594397336,999999,0,5,1
5,1,152370.3560227269,999999,4,3,1
1,1,152388.01668209716,999999,8,5,1
2,5,152388.96675714446,999999,6,1,1
5,2,152397.39715757332,1,999999,6,1
5,5,152415.65570775798,4,999999,5,1
5,5,152448.28616946907,999999,5,6,1
6,5,152459.92016576265,999999,6,4,1
6,4,152495.9426815053,999999,1,2,1
8,6,152516.8369282241,999999,6,8,1
6,5,152542.74817645902,999999,6,6,1
6,6,152544.26828546118,3,999999,1,1
5,5,152551.70841635388,999999,6,5,1
6,6,152606.74871991074,5,999999,1,1
5,6,152639.14287195963,999999,5,6,1
5,1,152652.9664169993,999999,5,5,1
6,6,152656.31563033417,999999,5,1,1
5,2,152656.62402750534,999999,5,2,1
5,8,152664.5295086589,999999,5,6,1
1,8,152689.13740960116,999999,6,4,1
5,8,152724.82046463294,999999,3,0,1
5,6,152735.0727406287,5,999999,1,1
4,6,152759.23444118153,999999,2,6,1
1,1,152785.54875275117,999999,1,5,1
5,6,152810.73884415496,999999,0,4,1
8,6,152836.02369588887,999999,8,1,1
5,5,152847.6392775415,999999,6,6,1
5,5,152847.80021458905,999999,8,6,1
6,6,152864.58151622972,999999,5,6,1
6,3,152902.85547716456,999999,8,5,1
6,5,152917.92646650312,999999,1,2,1
2,5,152928.17870438675,999999,8,6,1
5,6,152942.84567323182,999999,6,5,1
5,1,152983.18948895985,999999,6,6,1
5,1,152988.78239375015,999999,5,3,1
4,8,153004.60900082657,999999,6,3,1
1,1,153033.39091449947,999999,6,0,1
6,5,153034.40829462395,8,6,999999,1
5,6,153125.10512835643,999999,0,5,1
5,5,153139.89103905178,999999,6,8,1
5,5,153148.64228796918,999999,1,5,1
5,5,153162.60580337505,999999,2,8,1
8,8,153210.92178315064,999999,8,6,1
8,3,153278.0985443687,999999,6,5,1
1,2,153289.05139306898,999999,3,6,1
5,6,153367.75193932452,999999,5,5,1
6,4,153376.01799601753,999999,3,6,1
1,1,153382.06512295542,999999,1,6,1
5,6,153383.11104423896,999999,6,5,1
5,8,153484.766481525,999999,6,6,1
5,2,153496.2137146255,999999,5,0,1
6,4,153527.30275108805,1,999999,5,1
4,5,153546.04700878376,1,0,999999,1
8,4,153551.5570528706,999999,5,6,1
5,6,153566.47991356268,8,999999,3,1
6,6,153568.9415433866,999999,8,5,1
5,5,153588.0002770142,999999,6,8,1
6,6,153591.09751940655,999999,6,6,1
6,1,153626.28474168008,999999,5,2,1
5,5,153651.454996234,999999,999999,4,1
6,5,153659.09630213006,999999,0,8,1
5,1,153670.05114916235,999999,2,2,1
1,2,153689.64725990838,999999,8,3,1
5,6,153753.53394477456,999999,5,4,1
5,1,153772.80286051056,999999,8,5,1
5,5,153853.37470320976,999999,5,6,1
6,2,153972.10199470265,999999,5,0,1
4,6,153983.88589670014,999999,8,5,1
2,1,153997.78027569043,999999,5,6,1
5,8,154014.60932804312,999999,6,6,1
8,4,154083.90136954357,3,6,999999,1
2,2,154084.25170245438,999999,6,1,1
6,1,154086.81544649278,999999,6,5,1
4,6,154094.87776144088,999999,6,3,1
5,5,154109.82643967884,999999,1,8,1
6,6,154136.1606832221,999999,4,1,1
5,5,154246.8863681516,999999,6,1,1
5,5,154258.781665767,999999,6,5,1
6,6,154261.08351779505,999999,1,5,1
4,6,154275.1925411565,999999,3,1,1
1,6,154279.00543506964,999999,0,6,1
5,2,154282.35150467523,999999,1,7,1
6,6,154308.7487295051,999999,1,8,1
1,5,154317.0638213867,999999,3,0,1
6,1,154345.31969412017,999999,5,1,1
6,6,154363.83187213517,999999,5,8,1
6,6,154483.58332394128,999999,5,6,1
1,6,154508.5281986782,999999,5,4,1
5,4,154510.09539622313,999999,8,6,1
6,6,154524.3469445736,999999,6,2,1
1,6,154605.42111867917,999999,0,5,1
5,6,154651.95478040818,999999,5,8,1
6,2,154659.23285051086,999999,7,8,1
2,5,154671.00796894924,999999,6,2,1
1,5,154672.65160871312,999999,0,8,1
6,6,154718.74939706945,999999,5,5,1
5,5,154742.8363033503,999999,6,8,1
5,4,154774.73751846555,999999,5,2,1
6,5,154804.37992498672,999999,8,3,1
5,5,154830.94013635305,999999,8,6,1
1,6,154832.0180892322,999999,5,6,1
4,1,154857.323900209,999999,7,5,1
5,3,154866.11571606906,5,999999,5,1
6,2,154888.78619212017,999999,6,8,1
5,4,154898.01679861132,999999,8,5,1
6,2,154909.0172215777,999999,1,8,1
6,6,154911.13327559896,999999,2,4,1
6,5,154918.8634037585,999999,6,1,1
6,6,154921.080997849,999999,4,5,1
6,4,155028.86624250765,999999,6,6,1
6,2,155089.38704320716,999999,6,1,1
5,5,155106.93355122372,999999,6,8,1
5,4,155127.25275981723,999999,2,4,1
4,2,155129.7559133779,999999,2,0,1
1,6,155224.52784972146,999999,2,8,1
1,2,155276.78133827998,8,999999,6,1
5,6,155290.45357767568,999999,5,3,1
1,2,155302.0873501833,999999,3,5,1
6,6,155315.71116735804,999999,2,8,1
6,2,155333.01381071663,999999,8,5,1
1,5,155339.89115142112,999999,2,3,1
5,6,155359.5429531918,999999,4,1,1
6,5,155384.44923966908,999999,3,8,1
1,1,155390.60378610462,999999,4,5,1
6,6,155405.87860375797,999999,5,4,1
8,6,155488.35033460523,999999,0,5,1
6,1,155495.19089449377,5,999999,6,1
6,6,155515.12571819144,2,999999,0,1
5,6,155521.52551663644,2,999999,0,1
5,1,155551.30637432775,999999,2,6,1
5,6,155555.31011800218,6,999999,7,1
4,6,155565.85531844635,999999,6,1,1
6,6,155571.53448886226,999999,4,5,1
8,5,155578.94190596993,999999,6,8,1
6,6,155603.04100627493,999999,2,8,1
6,6,155617.09896364724,6,999999,4,1
5,1,155663.2543575585,999999,5,3,1
5,6,155684.1698862461,5,4,999999,1
4,5,155706.89012600874,999999,2,2,1
4,2,155714.2784618078,999999,6,5,1
1,4,155722.80481253218,999999,6,6,1
4,6,155799.96342267477,999999,5,2,1
6,6,155811.1391667488,999999,5,1,1
6,5,155853.19812859927,999999,5,3,1
5,5,155952.9627496648,999999,6,8,1
5,4,155956.77281730017,999999,5,6,1
6,6,155992.38914001914,999999,1,2,1
1,1,156002.21786292188,6,999999,2,1
2,2,156044.7676648168,7,999999,4,1
6,1,156048.5106923588,999999,6,4,1
5,1,156080.33166912207,999999,5,2,1
6,5,156220.53810148683,999999,3,1,1
5,8,156246.91481442796,999999,1,5,1
5,5,156261.22551792863,999999,3,8,1
6,5,156266.24907281785,999999,6,5,1
6,5,156294.22809179727,999999,5,7,1
4,4,156375.79126968636,999999,5,4,1
6,5,156375.85669395834,999999,2,5,1
6,6,156402.30621736226,999999,1,6,1
6,1,156408.34474616108,6,8,999999,1
6,4,156413.31673380718,999999,5,5,1
1,5,156422.9988137217,999999,5,1,1
6,5,156516.05425577244,999999,6,1,1
8,5,156531.28846324724,999999,2,8,1
5,5,156616.5971381776,999999,4,2,1
5,2,156675.9684852749,999999,8,5,1
6,6,156742.46143686687,999999,2,7,1
5,5,156857.8088887664,999999,3,2,1
4,2,156951.85473763486,999999,3,4,1
4,4,157130.563122857,5,999999,6,1
5,6,157159.1111839029,999999,5,5,1
5,5,157202.78068121482,999999,5,6,1
6,4,157226.90537133624,999999,6,5,1
5,2,157304.09673994695,999999,8,0,1
6,5,157398.61475695137,999999,1,1,1
6,4,157401.17082647778,999999,5,2,1
1,5,157465.79421899703,999999,0,4,1
6,2,157516.82440042478,999999,6,0,1
5,6,157533.55083374496,999999,8,6,1
5,6,157537.2414454625,999999,8,6,1
5,1,157578.85833243775,0,999999,8,1
5,1,157584.93525869568,999999,3,6,1
2,2,157686.15175415855,999999,5,5,1
5,2,157689.13026691743,999999,5,5,1
6,6,157699.5169160566,999999,1,5,1
5,5,157700.23445653846,999999,6,5,1
8,8,157705.46954368925,999999,6,8,1
5,1,157785.32895967574,999999,8,2,1
6,6,157789.09633861296,999999,4,3,1
5,6,157803.24672166293,999999,1,8,1
1,6,157823.87740475484,999999,8,5,1
5,5,157827.98763491004,0,999999,2,1
5,5,157849.21166534786,999999,0,3,1
5,6,157862.9068592238,999999,5,6,1
1,2,157892.85418381775,999999,1,6,1
1,5,157925.258313719,1,999999,3,1
8,8,157966.73977458783,999999,2,6,1
5,8,157986.83071011063,999999,6,4,1
2,2,157988.61526331457,999999,5,6,1
5,5,157990.28611580122,999999,6,6,1
6,5,158021.17368512056,1,999999,3,1
6,6,158035.7839137401,5,999999,4,1
5,5,158051.00482470487,999999,5,1,1
6,6,158053.47474622002,999999,2,0,1
6,6,158153.64482075023,999999,5,6,1
6,5,158201.2044627685,999999,7,5,1
4,4,158258.58877129943,999999,6,8,1
5,5,158384.54378955415,5,8,6,1
6,1,158386.04160272583,6,999999,3,1
2,5,158397.414162263,0,5,999999,1
6,6,158400.84196174328,999999,6,5,1
1,0,158449.88916114127,999999,6,5,1
5,5,158452.18938200947,999999,0,5,1
5,5,158490.5706535388,5,6,999999,1
6,4,158518.76236189154,999999,5,4,1
6,6,158532.3548884978,999999,6,2,1
4,4,158536.02627976672,999999,6,5,1
1,6,158573.01283335555,999999,3,5,1
5,5,158614.0341140031,999999,2,1,1
5,2,158680.47532441403,999999,4,2,1
5,5,158687.8908796003,999999,0,8,1
5,2,158697.5384735138,999999,1,2,1
5,6,158709.99830474213,999999,8,8,1
4,1,158747.23707231152,999999,2,5,1
5,5,158842.55079845202,999999,5,5,1
6,5,158870.94653927744,999999,2,5,1
5,5,158891.53312100834,999999,6,1,1
5,4,159023.4513031272,999999,6,2,1
6,1,159092.9627986182,3,6,999999,1
5,6,159131.67321643737,999999,5,8,1
7,6,159137.1955988656,999999,8,6,1
4,4,159147.96152784416,999999,2,5,1
1,5,159150.53960075194,999999,0,4,1
1,1,159183.64062602774,999999,6,4,1
6,6,159215.4380237468,999999,6,1,1
6,4,159387.41234238425,999999,8,2,1
4,5,159409.78997371742,0,3,4,1
6,1,159421.41810196702,999999,2,5,1
5,3,159451.93933702624,2,999999,4,1
5,5,159470.15488404612,999999,8,4,1
5,5,159480.66864816184,999999,6,1,1
1,2,159523.07883472077,999999,6,5,1
6,0,159575.65059085246,999999,5,8,1
5,5,159595.13724708973,999999,1,8,1
5,2,159621.51951960556,999999,3,8,1
5,8,159650.69147311882,999999,1,4,1
5,2,159653.01147063536,999999,8,5,1
1,1,159670.84719470312,999999,8,1,1
1,1,159686.76854360677,999999,2,6,1
4,6,159739.5649474854,999999,5,1,1
6,4,159764.6725735001,999999,5,5,1
6,2,159851.68580844012,5,999999,2,1
6,1,159887.93657305595,999999,8,0,1
5,5,159923.19033199953,6,6,3,1
6,5,159949.95120768907,6,999999,1,1
6,5,159960.75968614058,999999,6,5,1
6,6,159970.794926412,999999,1,6,1
4,4,160023.4064501083,999999,2,1,1
6,6,160026.28144831455,999999,5,8,1
5,2,160059.45214476858,6,999999,5,1
6,6,160066.73905653835,999999,2,5,1
5,5,160080.2518750019,6,4,999999,1
1,1,160114.12194844472,999999,6,7,1
1,5,160157.64934261455,999999,6,0,1
5,2,160161.25306482453,8,4,999999,1
5,5,160348.3322759017,999999,5,6,1
5,4,160406.85250442202,999999,6,1,1
5,1,160448.93255290604,999999,2,5,1
4,1,160487.03858902492,999999,1,6,1
6,5,160522.39440666567,999999,6,1,1
5,0,160528.3933176176,999999,8,5,1
6,2,160611.5916942012,999999,5,4,1
5,5,160612.77153600895,999999,0,3,1
5,6,160640.13237616004,999999,6,5,1
8,0,160646.8798625711,999999,1,5,1
4,2,160679.26981059642,6,6,7,1
5,6,160728.54904660376,999999,5,2,1
4,6,160786.53378135877,999999,6,1,1
5,1,160803.9208545862,6,3,999999,1
6,5,160815.4160687852,999999,5,6,1
5,1,160842.78902184786,999999,2,6,1
2,1,160894.43381300368,999999,6,2,1
2,2,161021.30298702096,999999,6,1,1
6,2,161170.33674781537,999999,8,0,1
5,5,161187.6456714576,999999,6,999999,1
5,4,161198.69923674577,999999,5,8,1
1,4,161244.37879215478,999999,4,0,1
4,4,161246.65802071764,6,999999,6,1
5,5,161410.7536372395,999999,6,6,1
6,5,161425.68167507893,999999,4,6,1
4,8,161534.8582351435,999999,8,3,1
5,2,161669.09085040333,999999,6,6,1
6,6,161813.57604354457,6,999999,6,1
5,6,161821.62577802726,999999,5,5,1
6,1,161848.75836763871,999999,6,6,1
5,2,162002.54566593777,999999,3,8,1
1,5,162031.85937557393,999999,6,0,1
5,5,162041.61565371082,999999,6,8,1
6,2,162066.63819896214,999999,5,1,1
6,8,162102.13333204953,999999,5,8,1
8,5,162148.94542140278,999999,6,1,1
5,0,162196.1349807342,999999,3,0,1
1,6,162211.82455383847,999999,3,5,1
5,6,162269.15643636996,999999,8,6,1
6,4,162281.12821779173,999999,5,2,1
6,4,162288.29698700577,999999,8,5,1
5,5,162311.56873575784,999999,6,8,1
4,1,162394.08684748018,999999,3,5,1
5,8,162504.744771285,3,2,999999,1
6,6,162651.52406425745,999999,2,0,1
6,6,162668.3687896917,999999,1,5,1
5,8,162896.68981526772,999999,5,4,1
6,1,162929.51554525289,999999,2,6,1
6,0,162959.4656757492,999999,6,5,1
6,6,163199.89753040616,999999,1,5,1
8,6,163201.51616913683,999999,4,5,1
6,5,163239.42979479238,999999,4,6,1
5,5,163246.01195053928,999999,3,6,1
5,5,163254.65091144055,999999,3,6,1
6,4,163271.49314413758,999999,5,1,1
6,5,163315.3930403045,999999,6,7,1
6,5,163325.48887765364,999999,6,6,1
6,6,163345.71110542255,999999,6,5,1
5,1,163443.44128792614,999999,5,1,1
6,6,163444.4324440514,999999,6,5,1
5,6,163499.60592631684,999999,8,2,1
1,5,163511.80656300217,999999,8,6,1
6,6,163562.3363737419,5,999999,6,1
8,5,163664.96858497238,1,999999,3,1
5,2,163677.10479302736,999999,1,8,1
6,6,163813.7552846231,6,999999,5,1
6,5,163826.36898879948,999999,6,4,1
6,6,163858.2188906629,999999,1,3,1
6,7,163879.99229168668,999999,6,6,1
5,5,163914.1686663492,4,999999,6,1
5,8,163949.0445348122,999999,5,6,1
5,6,163954.6733498403,0,1,999999,1
6,4,163983.2724142099,999999,8,5,1
5,6,164061.04196542752,999999,5,8,1
5,1,164077.0638088879,999999,0,6,1
5,5,164195.15329101734,8,999999,5,1
6,2,164228.7602860693,8,8,5,1
1,6,164232.75588273452,999999,2,6,1
6,1,164235.5858406151,999999,1,2,1
5,5,164243.64568802176,999999,6,2,1
8,6,164287.71865340098,999999,0,2,1
5,8,164289.5933998426,999999,5,2,1
1,6,164357.31039077853,2,4,999999,1
6,6,164488.86226320473,999999,1,8,1
2,1,164599.6262644776,999999,1,6,1
1,2,164649.68873896202,999999,3,1,1
6,2,164831.53467296122,6,999999,6,1
5,5,164891.19618832401,999999,6,1,1
6,6,164894.1394720554,999999,1,5,1
6,2,165042.9184726647,999999,8,6,1
5,5,165072.51183162362,999999,4,5,1
5,8,165109.69504102852,5,2,999999,1
2,6,165210.11859707965,999999,5,2,1
5,6,165341.7896217647,999999,3,2,1
1,1,165425.87702791468,999999,5,6,1
5,6,165538.99706161025,4,999999,3,1
6,6,165555.0208491254,999999,5,0,1
6,5,165738.89507678192,999999,6,1,1
5,5,165883.33075081007,999999,1,4,1
5,5,166003.72227637476,8,3,999999,1
6,6,166026.79657110557,999999,5,6,1
5,7,166027.21033435338,999999,5,6,1
5,5,166076.1330703689,999999,5,2,1
5,1,166119.1243796181,999999,0,5,1
5,4,166136.44833211103,999999,1,6,1
6,6,166225.47150397173,999999,2,2,1
5,6,166525.47821976032,999999,1,4,1
4,8,166571.04215977198,999999,1,6,1
5,2,166593.97165247172,999999,1,8,1
6,4,166606.89614852375,999999,5,6,1
5,5,166705.07111523277,999999,6,999999,1
4,1,166932.81768565142,999999,2,6,1
4,8,167205.51654738013,999999,5,0,1
5,2,167268.00181530017,999999,4,2,1
5,5,167332.60374705918,999999,5,6,1
5,5,167336.9577121646,999999,6,2,1
2,6,167358.15194436436,999999,5,6,1
1,1,167368.62725320173,2,999999,5,1
5,5,167400.0006870633,6,6,999999,1
6,6,167413.02402945742,999999,6,0,1
6,6,167427.5240766872,999999,6,4,1
5,5,167465.73763459173,999999,6,1,1
6,2,167469.36997032352,6,999999,8,1
1,5,167535.7585263107,999999,0,8,1
4,6,167574.96839888985,999999,6,5,1
6,6,167624.83370447214,999999,5,5,1
6,5,167636.9943988709,999999,5,1,1
6,2,167693.91686152006,1,999999,4,1
5,6,167763.39040317902,999999,5,6,1
8,5,167895.18720710647,999999,8,5,1
6,8,167952.69518319276,999999,6,8,1
6,6,167974.0914586418,999999,2,6,1
1,6,167979.61597431332,999999,3,5,1
4,1,167979.67485806742,5,999999,6,1
5,5,168048.69757045267,999999,2,5,1
6,6,168313.28237940796,1,999999,6,1
4,1,168318.38750972517,999999,1,6,1
6,1,168319.21929924647,999999,2,5,1
1,6,168348.45045789797,3,999999,0,1
6,4,168485.4388039595,999999,5,1,1
1,6,168539.2502393243,999999,6,6,1
1,4,168542.6075831096,999999,2,5,1
4,6,168543.63778447,999999,6,2,1
5,5,168579.71737733847,999999,2,5,1
6,6,168584.6299989159,999999,4,8,1
1,1,168621.007299535,999999,4,5,1
4,6,168627.5900052797,999999,6,5,1
6,5,168632.41066489223,999999,6,8,1
5,1,168664.23252970315,2,999999,5,1
8,5,168670.90569384728,5,4,999999,1
5,6,168680.904418396,999999,5,999999,1
6,6,168781.53761014383,999999,7,1,1
1,1,168781.92573873073,999999,6,0,1
6,4,168782.92878304952,999999,6,8,1
5,6,168826.5272082498,999999,4,5,1
4,0,168844.12819307984,999999,5,6,1
6,6,168970.894871423,999999,4,3,1
5,6,168979.1000415389,0,999999,6,1
6,2,169023.36203470972,5,999999,6,1
6,2,169162.66735655407,999999,4,5,1
5,5,169222.6230537947,999999,4,2,1
5,8,169319.90050304512,999999,1,3,1
5,6,169341.44827694295,999999,5,8,1
5,2,169349.79205265286,999999,5,2,1
5,5,169506.6093122052,999999,5,6,1
8,1,169579.9010565177,1,3,999999,1
5,5,169645.61797516435,999999,3,6,1
8,5,169705.8067479396,4,5,999999,1
6,2,169741.0907080529,999999,6,0,1
5,6,169776.32691475848,5,999999,4,1
4,6,169799.33570840236,999999,6,6,1
6,5,169946.0848261832,0,999999,3,1
5,6,170087.85247250242,999999,6,5,1
5,5,170158.45917671602,999999,2,6,1
8,2,170201.79884639574,6,6,6,1
2,2,170212.61435447205,999999,0,5,1
6,2,170236.75286009256,999999,6,6,1
6,2,170249.51683502173,999999,5,0,1
6,6,170263.07002866743,999999,2,4,1
6,8,170333.23333817918,999999,6,5,1
5,6,170360.3352346414,999999,2,5,1
2,1,170410.39768747494,999999,5,6,1
5,5,170430.56516216704,999999,6,8,1
5,1,170440.26942326574,999999,6,4,1
6,5,170485.22950711573,999999,5,6,1
6,8,170509.61782564368,999999,5,5,1
5,5,170577.32444907108,0,999999,6,1
5,5,170580.42765818414,999999,4,6,1
6,6,170619.76270941665,999999,0,2,1
5,5,170651.37322279444,3,999999,1,1
4,6,170733.36962867016,999999,3,1,1
6,6,171007.62968373182,999999,2,5,1
4,6,171027.55074832385,999999,4,1,1
5,6,171103.4326538936,3,999999,1,1
5,5,171177.57521233568,999999,1,2,1
5,5,171184.06674060266,999999,6,1,1
4,4,171241.0874377187,999999,6,6,1
4,6,171268.3970388492,999999,5,8,1
6,6,171287.99798016972,999999,1,8,1
6,1,171328.29989452742,999999,6,8,1
5,6,171428.9032623593,999999,0,3,1
5,8,171593.35001003757,999999,5,5,1
6,6,171683.58400552915,999999,0,6,1
5,5,171706.34294029247,999999,5,3,1
4,2,171728.47031062088,999999,5,3,1
8,0,171835.1140233735,8,999999,5,1
5,3,171880.16540777302,999999,2,6,1
5,5,171920.73183266254,8,999999,5,1
6,4,171969.79752268048,999999,6,4,1
1,5,172043.87759132133,999999,8,1,1
6,6,172136.31758784445,999999,2,1,1
6,6,172239.93766996395,999999,0,6,1
5,1,172297.6141026058,5,999999,8,1
5,6,172632.48671799866,999999,2,4,1
6,8,172725.33750988383,999999,5,4,1
1,1,172781.61218254265,7,999999,4,1
5,6,172794.6105292791,999999,1,0,1
