cluster_0,cluster_1,cluster_2,cluster_3,cluster_4,cluster_5,cluster_6,cluster_7,cluster_8,cluster_9,cluster_10,cluster_11,cluster_12,cluster_13,cluster_14,cluster_15,cluster_16,cluster_17,cluster_18
1030671931#0,1120936393,-1028570786#1,1057198633,174022717,379075314#2,-450523569,-22736445#0,97671348#1,89881814#0,-161966885,968221178,23260765#1,55423023#0,196629668#1,273211156#5,97685638#1,-148642772#1,-54680197
1033723437,1147401994,1028570790#6,-71367237,31133895#1,27085148#5,368086828#3,168663972#4,95282572#5,683457657#2,-503056675,-413095251#2,690601674,-1124642428#2,680497649,198900384#4,-139718208,157058382#1,-54680194#2
25868124#0,171300278#2,170624691#6,47111169#0,209210741#0,682703711#2,-90795029,209210746#1,178899419#1,-89828177,254326654#2,854239336#2,174757575,643059741,296443891#0,40969576,813418915,-43097008#7,173185148#6
265010573#0,23350417#0,-1028570785#1,-44886286#1,991009315,67027572#0,202903720,174022677#5,95396808#2,956159234,89219856#0,-159625689#0,21957625#1,47118452#0,208649512#0,856631371#13,883261846,135838552#8,-58686903#6
265010590#1,24059844,-1028572143#0,-47113636#14,174022680#1,89423681#1,368086828#10,-168683414#1,257357807#1,254327781#3,24024043#0,891285334,263956787#0,47118453#2,1021561144#0,1245764631,4848932#7,136228820#5,-91008672#12
59254368#1,285454834#0,-46875474,728136201#4,44884380#7,33625073#2,243206484#1,-120525537#6,-95274339#1,182236078,254326632#6,-154824596#1,203035366#0,-55423023#1,-59525014,-95274313,459561639#0,-43100782#1,682270676
968221183#8,311912291,-44884987#0,398675574#2,1253807732#1,682699857#0,682261295,22562407#5,335539639#2,-585279933#0,-264459821#1,47905475#11,27085151#7,1056405596#0,-46655820#1,690601665,1181162212,304727835#1,683457664#0
-4848912#4,333682042#0,1028573261#5,271934577#1,44884353#0,92204278#1,33625902#3,392940747#0,-97671375#1,89825903#10,866351232#2,-146744473#0,23260765#0,47118451#1,57478195#0,1055857393#0,44049166#0,30952224#6,238153162#0
1030669188,333682044,-44884665#4,47113630#0,24804076#0,231665609,1244504475#1,315539209#8,97671348#2,90835548#7,280266451#4,134192154#0,993526140,-1093327667#3,-401190982,74314555#1,904911912,196629583#0,34996350#1
25868122,353940886,170624691#7,1058036879#1,-30998616,-263956788#6,273211073#5,50877021#1,46151431#4,395264636#2,34950844#1,-891285338#1,139504332#1,871576397#1,46655809#0,-46151739#2,726941894#0,43322798#8,160733175#0
-4848912#0,44837352,1028572152#3,45663908#0,304727809#3,-263936851#3,95396838#3,95396832#0,178899418#0,-89831417#2,956159245#0,-146744473#3,1105155924,-60647195,680508518#0,538982926#6,172598640#1,135838552#4,1126144529
-177148861#0,721120031#1,170624687,47113642#0,1253807732#0,264070491#2,368086842,392088983#3,273211078#2,34605313#1,33118878,47905475#9,436862683#0,-55889051#1,-46655815#1,622650808,69963032#3,135838553#5,126855578#0
172368557#1,45017436#0,170624688#4,-1056405594#2,429870959#3,-93470027#1,314205670#1,71470206#5,157296589#1,-199311779#20,89418354#3,-134923821#0,147801987#0,-47118452#0,261324420,97671397#6,4848930#1,1062056472#3,-32837821#3
-172368556,760588360#1,198929903,47981647#1,673085464#1,90636499#1,265176187#6,76187048#1,46151431#0,89881857#3,24024042#1,146744472#0,72465971#4,55889043,-46655814,97671376#0,580847357#3,31047306#3,32837821#0
968221183#6,45172803#2,23766689#3,-724540987#1,673085464#3,263881214#0,94094796#5,528899353#1,95396794#1,89934436#0,32812356#2,759287234#1,269039964,421328432#0,46655816,157292833#7,151481858,98593790#0,58686905#0
968221183#7,548903448#2,-23288368#0,-136400684#11,46876504#3,-958539562#1,-254327780#1,392090724#6,257357819#3,156938659#14,-24060958#2,-1278542561,-203035387#3,55422998#1,46655813#5,240392355#3,150868751#2,436042882#2,54680197
-1030669187#0,-680781425#0,-1028570786#5,1058036874#0,648435893#1,139506064#2,95282524#0,168663959#2,-97672287#2,145581936#1,23260462#0,208646345,59266960#1,-1056405596#0,1021561409,97671387#1,538982927#2,1024102271,54680194#0
1030669187#0,680781425#0,1028570786#8,164774173#2,-31283330#0,92403802#1,368086832#6,-174022632#2,-95282572#7,199311779#8,572864358#1,253812419#0,203133457#0,-47118453#1,1021555392,157292833#3,669790924#1,319196848#0,34996350#0
-211690608,27241669#2,-368074417#1,796894966#9,-304727997#2,408269726#4,156938703#2,30998553,97671336#0,-438132738#2,149415581#0,208646342,89043372,365706979#2,154458448#4,97671474#3,-139718219#0,-154722999,23443532#0
1030281241#2,257239011#1,-1028573261#4,71367225#1,24804076#8,92403859#0,682261292#0,135704845,-95396805#0,533092485#2,-89418364#1,598962880,1196926578,-1189786111,744698554#6,-97685672,69963044#4,136228820#0,587870652
1093314337,1028619485#0,1028572140#0,44886285#2,30969218#0,93325432,368086828#4,1024125617#0,257357819#0,-89934436#2,-162324884,134923801#2,436042878,-1189786108,59584806#0,-97671331#1,240595362#1,436042879#0,58686903#0
1093314338,257357822#0,172627210#1,71367244,1056328010,44887720#0,95396825#4,174022679#1,95282572#6,98883477#11,-89430672,-159625689#1,72465971#1,-365706979#1,72157141,-46151739#0,1245147126#2,-706102496#3,91008672#11
-4848912#6,-285664452,170624724#0,-151560757#0,46876504#8,231876387#2,33640827#4,319196849#0,335539639#3,89822308,46982284#1,47905475#2,232802296#3,-55422998#0,1021561146,1143901792#0,39629578#1,-99702521#2,381697489#0
-154083437#0,285664450,-166899880#2,297026346#2,368083811#1,341182777,1031963660,184293865#2,46151425#1,683455644#3,181579907,47905475#10,-1254262172#2,-55881483#3,-680497679#1,97671447,139718225#0,1024120792#0,-126855578#0
154083437#0,-45172805#0,1028574803,23604986#0,-1056328003,-1298032332#3,368086832#5,30929622#1,368086015#6,89934506#1,77100164#10,-968221178,227081759,1057083594#2,-71500770,74314565#0,97685728#0,148642793#1,1126151010#1
-1030669193,-45172807#2,170624685#1,47113620#1,-368083792#1,-263865426,94094796#6,-157058385#0,95282584#2,43991629#0,-75259451#12,759287234#0-AddedOffRampEdge,647930457#0,-401190970,1024102265#0,97671397#3,539237085#1,70610410#1,-32837821#1
1030669193,1028619483,44884829#1,1195136380,31133842#0,145569058#0,94094796#8,-157293029#1,368086014,89929109#1,89419994,134923802#2,257233105#3,-55889043,185216953,355240125#5,211732702,53542680#5,-34996350#0
4848916#1,1028619497#0,44884829#4,-1056874653#3,-24804076#4,-34951755#1,368086830#1,-449602008,97672288#2,-89881836#0,89420432#1,47905475#5,174758265#0,871576397#0,-401190994,-95274398#0,-88690557#4,114496998#1,-23443532#2
-1030669189,-266086967,368083794,579777156,209366286#1,254305245,35216007#0,-157058466#2,-97672287#1,260425576#3,544270675#1,968218279#0,550689175#2,-1237946798,792190865#3,203572463#0,929013758#0,154819659,-587870652
172368554,266086967,-44884667#0,749803802#12,-31133855#0,31624134#0,1055853350,969494639#0,178899417#4,-543019008#1,254326644#1,-47905475#11,196380156,-59664306#0,46655813#6,69963033#1,240595364#2,312195000#0,236999710
265010607#1,-332634091#7,1028573264#0,190527310#1,-44884346#1,263935798#1,273211073#1,667865212#2,97671481,89881837#4,570457257#1,59254369#1,-371560393#2,-1237942415,1063455943#2,690601667#5,40969582,706096498#0,160733175#4
-154083437#1,-332634091#8,-198929902,151560714#2,171018750,51937093#2,157238666#0,151175258#1,-97672291#1,812846556#0,254326652#1,186846963#0,203035351#0,47118453#3,-71502410#0,1031976632#2,548908713,70324971#2,683457663#0
172368557#0,-24372991#1,-44884834#4,47113644#1,209210739#2,92204266#1,35216007#13,151175274#1,95396808#1,583741284#1,89419990#4,154824596#0,24461574#0,189483663,-1024100274,97671392#1,257233103#0,196629589#2,-91008672#15
265010607#2,24372991#1,170624710,41529971#1,-31238049#1,156643842#4,682261292#1,-157058385#2,178899417#1,89881827,32812366#1,-146744472#0,90795016,680508514,46655813#2,342481198#0,139718218#1,-810145521,32837821#2
-4848912#2,-100102319#1,-44884665#0,149986653,425464570#2,27085148#1,401195404,28063951#2,97672294#1,89822282#1,24060958#13,-208646342,196380149#0,1189786109,72002813#1,198900392#2,59263148#1,706096498#1,91008672#4
-172368557#1,31237856,209210755#5,47981601#6,1056330401,958539570#2,31047009#4,-151175220#0,22562788#0,89213766#9,178757958#1,354858501,23874647,55423023#1,-157366923#3,264298077#1,33847144#9,-154723062#1,173185148#0
4848912#6,31283137#1,-44884834#2,-60185722#2,101134266#0,-93470052#0,254327783#0,-22562407#3,-46151425#0,395264607#6,-469105032,139085555,23815145#0,55784009,46655808,74314549#3,609929519#1,196629589#3,193267476#0
4848912#0,1029279500,-44884671#0,1229651927#0,-31133881#0,572507447,94094796#4,151175223#0,95282584#0,395264622#3,33549498#3,134923819#0,1105155927,55422971,296443882,680782188#6,27695604#1,1009087387,91008672#0
-211690618#1,-23990057,-44884665#5,-1056408312,44884379#0,41520004#0,32122316#1-AddedOnRampEdge,-368084601#0,257357807#0,54681242#0,34950728#2,-47905475#10,31046191#0,-1056405596#3,45701220#0,97671376#5,24487306#0,-1284307159#1,193267476#14
968221183#3,46149026,32204060#1,136400684#9,-44884353#0,139504257,94094793#5,220551731,97672287#0,395264612#6,552131809#0,69962703#1,40969565#0,1237942416,-56016102#1,23488888#4,759284949,157366892#2,173185153#4
211690618#2,46149024,209210755#3,1058036873#1,-24804076#1,264114581#3,680760288#1,168663971#4,-273211103#5,618452916,34949380#3,139082412#1,92219075#2,-47118453#3,70330617#0,1284334995#0,539237084#2,70509855#2,-91008672#7
-111594584#0,-45172806#1,44884836,1057198632#0,-31258035#1,263881205,265176670#0,151175272#1,178899417#2,19922745#3,75259453#2,45174351#0,-263956787#0,1093327667#0,-185216958,97671394#0,33847142#1,-91899427#5,173185148#3
-47025712#1,45172806#1,44884835#1,-47113636#10,61184936,181579861,-89825913#2,-184314043#0,95396808#0,-89822310#1,-264459846,-186846963#1,1065038799#0,60647195,-871138580#0,97671376#8,879780895#0-AddedOnRampEdge,154819636#2,173185152#1
154083433#1,4853039#0,-368074418#0,60185726,-429870959#3,958539560#1,265176187#4,133287965#1,46151435#3,-395264639#3,1177605680#2,413095251#2,23579065#1,55889051#1,262334436#0,74314560,883261847#0,51843919#9,126855578#1
665904757,486067311,-46875475#0,149852649#0,648435891#1,54690001,368086015#5,174022655,95396830#0,-543018988,277789325#5,134923812#1,517127275#0-AddedOnRampEdge,-1189786109,46655820#2,24061029#9,759379782#3,98593775#2,-91008672#2
642608818,304919602#3,170624718#1,1057215456,174405496#1,34951714#0,156938689,-151175271#2,95396794#2,89213766#3,34951010#0,-146744473#2,196380137#0,156791387,99702590,95274385#11,1026056857#6,-148642793#0,1126151010#0
642608816,388577162#0,129219187#1,-47981601#9,46876504#3-AddedOnRampEdge,254304968#3,35216007#6,220549212#2,46151432#0,591738594#2,437261899,151329169#9,1254563378#0,-47118451#3,196629668#0,97671401#0,39168852#0,-154819598#0,91008672#13
1030669189,-46149611#1,1028570783#1,-190521610#4,648435894,22730620#3,95396799#0,157058387#2,97671352,231524291#0,34949380#0,1278542562,203035379#0,47118453#0,185217013#0,95274384#0,271720710,148642780,91008672#9
-1030669190#1,46149607,1028573263#3,47113624#2,101134275#2,-263935797#2,93713546#1,-151175234#1,97672285#1,553054661#0,199311797#3,-968218276,51933184#4,1189786111,1057083595#2,23488887#1,1070720649,-319196848#11,682272135#0
154083437#1,257357802#3,-1028570786#7,136400684#2,648408839#2,181579868#6,95396853#5,184315498,-46151431#2,-577159986#1,682693826,891285338#0,23261468#0,1189786108,1021555391,97671343#5,97685754#4,-42305099#0,173185153#1
1030671931#2,209215787#0,170624724#1,44886287#0,1249368539#0,-537438903#7,1126127669,-157058466#1,-178899417#0,31050856#3,463284094#3,146744473#1,92403874#0,871576395,-57362799#1,31046486#0,319196850#5,-27727791#12,1061617399#0
177148862,44955975#0,184580019#0,-1057215458#2,31133881#2,34951880#3,95396793#0,168663974#1,46151435#8,156938659#10,-265221588,759287234#2,1254262177#0,-680508547#1,196629586#1,1245764632#0,269150837#2,436042882#1,-126855578#3
154083815,22823721#6,-170624693,462324823#2,116436260,139506059#1,95396821#0,76187048#2,-95282572#6,579417817#0,446324983,-139085555,263956787#1,365706979#1,-46655816,-1234173061,-88690557#0,31047303#5,-91899428
265010613#0,388577164#5,170624714,1058027400#2,31133842#1,67027572#1,95396825#5,528899357,97672292#0,199311779#22,543054885#3,854239336#6,274503992#1,-59664306#4,-46655813#3,525291476,47025799#6,148642784#1,724813381
111594584#1,-680781425#1,-1028573261#5,-302028394#0,-131633149,-175987706#1,-46151433#0,27727759#1,97672283#2,199311801#9,-89417153,150868759#0,42294745#2,55422998#0,-46655813#5,-95274349#5,95277526#11,157050773#0,193267476#10
4848916#0,680781425#2,44884668#2,149986664#0,174022686#0,408269726#1,667863956,31096712#1,-178899417#4,-683457660#1,653297991,134923821#0,269039975#0,55881483#0,-46655490#0,680782191#0,39629578#6,-150349479,-91008672#10
-154083433#0,31283076#0,172627267#5,136400684#14,-31133855#1,89043373#0,667863958,-71470206#1,-97672283#1,89934511#0,55686081#0,431519956#1,152413934#3,-1189786107,71500768,680782188#7,151329169#2,70509858#1,682270675
211690618#1,-319196860#0,-44884671#1,190527312#1,-24804076#7,181579915,47418248#7,228090233#5,97671381#0,583258515#1,458842531#3,-150868759#1,145397104#1,-365706990#1,210903524#0,97671426#1,319195388#2,-31297782#2,58686905#3
-211690618#2,131025957#1,1028570785#1,44886288#1,1056330398#2,874155679#1,90636869#0,30998306#1,-97672286#1,587119225#2,580672559#0,-47905475#1,145405916,46771107#0,-45701220#2,172598551,240595360#2,319196855#3,1126151009
1030669190#1,131025957#2,1028570786#7,190898553#2,174022680#5,327402833#1,47418248#6,392090724#8,97672293#1,89825900#1,89420431#0,159625689#1,-436042878,401190970,46771119#3,-680782188#8,660972503#0,-43322798#7,26457335#0
172368556,-24372996#0,129219188,1058027400#4,174022686#2,1245147128#0,1244504475#0,59262034#4,178899417#5,89820772#0,-47127860#1,134923802#5,-286703474#2,-1124642428#1,680497677,97685712#0,-968060910#3,-98593790#2,-34996350#1
172368555,24372996#0,-368074414#0,47113636#15,648435889#3,682703711#0,94094831#2,-184314048#1,168663972#5,-395264626#4,199311794#2,968218275#0,27085151#5,1237946798,59585493#2-AddedOnRampEdge,378284518#1,929013755#0,256511169#1,238153162#6
4847513,31283064#0,-1028570786#8,72843620#0,24804076#3,-727486837#1,94094868#4,168663962#3,178899421#0,-31050856#15,458283475#8,208646339,51933186#2,54928199,46771119#0,23770583#0,319196850#3,429967547,91899428
1030281241#1,131025929#0,46875474,-199783479,-648435893#3,681548220,-95282524#0,-174022677#0,-178899417#3,89825899,254326632#3,-211240835#2,-227081759,365706986,71500772,23704115,69963044#1,878619654,
59254368#0,170624716#2,44884987#0,164774174#1,-1056330401,156643284#0,682712370#2,-220549214#0,178899419#2,89881820#0,43550983#1,-47025795,174757564#2,1189786110#0,-46655813#6,-97671479,539237086#1,-148642794#0,
968221183#1-AddedOnRampEdge,40963331#1,44884834#0,-72843607#1,44884348,92403764#0,368086828#5,420083581#1,95396769#0,22720676#0,141597714,134923819#2,92243929,-365706979#0,-56016112#3,95274348#3,568498791#6,127518238,
265010578,584188121,166899880#0,47114116#2,174022675#1,34951880#1,680762193#1,-220549209#1,-335539639#4,683458164#3,55686195#2,-45242991#2,-550689175#3,59255423#1,46655813#1,492442417#1,172665597#2,-98593794#1,
-1030669190#0,388577161#2,44884665#4,-164774173#4,682476163#1,90636499#2,851839123,31096752#1,199152211#3,1024849139,591488198#0,-47905475#8,517127276#0,365706990#0,56016110#0,95274384#3,-651701877#1,31297682#5,
47025712#0,44883380#0,172627210#0,-151801165#2,1056330392,682699851#0,1051315751#4,-157058387#0,97671395#4,89881824#3,75259453#3,25868299,72465972,193610552,-46655813#2,23488891#1,151329188,-152185714,
968221183#1,-746064102,1028573260#0,-796894969#2,174022720#1,379075334#0,94094868#3,209210758#3,-97672287#0,37672006#2,33050418#1,-1108009356,-1031963654#1,1056405596#1,792190864,48037790#3,269150840#1,-1024120799#1,
4847514#1,746064102,-44884665#1,777680434,174022720#7-AddedOnRampEdge,92204285#0,94094868#6,95396820#3,-97671473#2,89825903#19,1133878589#3,134923802#3,958539573#0,421328432#3,-46655808,74314565#1,667962674#0,1023908217#1,
-1030669188,-23704726#2,23288368#0,313310947#0,367851538#1,-682699857#0,95396843#2,31857045#1,-95396805#1,89934509#0,89430684#0,-146744473#1,24461574#2,-1093327667#5,1057080943,240388169#7,680788592#5,436042880#10,
177148861#0,23704726#2,1028570786#5,878626252,382681595,34951786#0,35216007#10,-22562407#6,95396827#0,-89881824#1,-89430681#0,-150868759#0,1031963656#2,-1189786110#1,680497644#0,-689924124#3,46869642#1,-30919189#1,
4848746,-27241669#1,44884669#0,44885597#6,30998616,263956788#0,368086828#8,157296628#1,97671410#2,98883477#9,-91848892,-1030288624#0,174758259#0,-59664306#1,-296443882,-24061029#4,43988828#0,-1055857400,
4848912#2,682445848#1,170624731#3,47113651#1,209366286#0,379075334#1,1055855103#0,199921334,97671336#1,395264635#0,89240073#3,253812419#2,51933186#1,-59255423#2,-45701220#1,1284334995#5,667962674#1,956136645#4,
265010590#0,-131025961#0,-170624724#0,149986664#1,-31133930#0,145569102#6,94094868#5,157292797,97672281#0,89041314#4,32812349#1,-47905475#0,342448077#3,-47118453#6,1021555395,97685693#2,942581082,817841031#1,
-25868122,131025961#1,170624690#0,47113644#0,648435889#2,277549012,94094819#0,168663972#1,95396794#0,92034752,-91854853#1,-146744467,631239772#0,1237942418,-1196019587#1,240392355#0,680788593#0,154971172#0,
4848899#0,-23704726#3,1028573261#4,59584804#0,-31133881#2,34951694,94094801#2,708004651#1,97671381#1,395264632#2,41519033#1,-186846961#3,1104965190,-365706990#0,-57015985#3,1085022611#1,240392370#1,98593790#1,
4848899#0-AddedOffRampEdge,-269150824,167023144#0,-749803802#5,-161392517,128715078#2,667863957,-151175260#0,179260409#3,19922745#0,24024045#8,-146744471#0,1254563376,1189786106,-1196019588,97671476#2,39629431#1,-199311778#8,
1030669190#0,-31283076#1,-368074418#2,-194569422,-31133842#1,537438903#6,438405583#7,133434896#0,95396769#1,-533092485#4,459618758,134923812#0,232802296#1,-59338160,-1021561140,74314555#2,319196850#1,43051364#2,
265010573#1,-23488562#1,1028572152#0,1124066513#0,-25822382#2,108891397#0,31046405,133288858,-273211103#6,89825903#7,85568120#3,-208646339,152413934#5,47118451#3,56016110#5,378279500,147812381#0,-155035368,
154083433#0,23488562#2,1028572138,-47981602#0,-1056328000,203035372,-157238666#0,151175252#0,-95282572#3,-89825914#9,264459819#0,-1030281993#3,286703470#0,55889051#0,72374661,74314557#1,39629550#2,96828486#6,
4848912#4,45173877,-1028572143#1,-1229890434,31283330#0,874155679#7,199311790,-397642511#4,95396853#4,-199311779#26,-95399107#1,-598962877,-145405917#1,-1124642425,56016125#3,178988161#6,-191324188,312195003#3,
265010615,45173874#1,184580019#1,199783481,44884381#1,46983928#0,90795036#0,-172365185#0,-97671352,-44776183#2,32812345#1,968218274#0,387312965#0,680508514-AddedOnRampEdge,208649503#2,97671424#2,265068934#1,-156942465#4,
211690628#1,44838406,209210755#6,-231449996,1056328003,41519621#1,368086834,174022662,97671375#1,89881814#2,47072152#0,413095251#0,174758259#2,680508547#1,154522201,95274348#2,151329179#0,-436048954#1,
-172368557#0,170624721#1,-44884670#2,1056874654#0,368083792#0,264114941#1,438405583#6,-172365184,178898388,89929096#1,580672560,1030281243,27085151#0,1189786107,388577154#0,-680781433#1,240392370#0,-70610406#2,
4848745,-332634091#2,211708156#0,-47981601#4,-648435893#0,31090134,839784838#2,-103761129#4,-97671473#1,99508337#4,265271590#3,-134923810,-174757564#1,365706990#1,750339758#4,179260411#4,33847146,71281737,
354858486,-332634091#4,170624692#1,1066886860#0,-1056330402,263866527#0,72465206#1,372741502#1,46151435#6,77100166#3,-47072155,134923812#2,51933184#0,1124642428#1,793657045#1,199152184,-1181162212,-56240930#1,
1030281241#3,1028619497#1,209210755#1,1066890910#0,-44884348,-175994174,94094796#1,-31096719#2,97671336#3,-581895213,-24060958#1,968218278#2,286703486#0,401190971,162521831#1,273211091#3,1025991802,-43680742#0,
968221183#5,-31283137#1,1028573263#1,47113630#4,31133855#0,1051311054#0,273211053#0,1080759180#6,-97672288#3,265225085#1,175403789,282055767#1,1196926577#1,365706979#0,46655817,-1279121053,759379782#0,1258451873#1,
265010607#0,-23488562#4,23288368#1,190533567#1,648435889#0,264017278#2,95396776#0,228090236,97671336#2,395264637#0,665999473,-25868299,23260464#0,146191009#0,-185217013#0,95274362#1,964307336,960810620#0,
-154083816#1,261514198#2,170624725,1058036870#0,44884346#0,-34951700,-31046679,-133288284#3,-97672283#2,618273211,545973314,354858481#0,23579065#0,-1124642424#0,46771116#1,-680781433#2,922026090#0,51843919#7,
-154083433#1,-46148745#0,-170624694,681031181#0,31133850#1,90636499#3,273211103#1,133288286#0,-178899417#5,597967644,89219857,186846961#0,239796983#0,-59255423#0,1057083594#0,69963033#0,-22730603#2,-126859160#0,
154083816#1,46148745#1,44884834#4,41529969,1056330398#0,-788084213,265176187#0,331676700,179260409#2,-231439986#1,328531825#0,968218278#3,158180858,-55889051#0,-56016125#1,517127275#0,33847143#0,319185011#1,
1030671931#1,173954130#0,1028570790#5,46876487,-31133923,537438903#3,368086828#6,-151175272#2,97672287#2,542927920#0,587067865#0,134923819#1,254328041,1056393620,59525014,196380150#0,342481201#10,193809619,
154083816#0,23704718#4,170624692#3,271934577#2,31238049#1,874155679#3,90795036#4,367848150,97671471#3,-32358841#1,-89419986#0,134923821#1,51933184#2,-55423023#0,46655820#1,198900384#2,751229842,1024128479,
-211690618#0,257239013#0,-44884836,303736644#1,367851541#1,33627357#0,95396823#1,228090248#2,95282572#7,89881854#1,584343267#3,146744473#2,23579065#2,653663652,-1021551457,-1055857393#0,265068939#2,58686258#0,
4848899#1,810346011#3,44884665#0,1057215462#0,-31283330#2,263881203#1,47418248#8,71470206#10,95282584#3,199311796#7,365354843,59254378#4,174758265#2,47118451#0,-1024102263#1,97671327#0,40969585#1,-30949704#2,
-154083816#0,-171300273#0,-44884835#1,297026357,31258035#0,231779274,90636496#2,151175252#2,97672292#1,92034773#7,72463458#2,968218276,691015446#1,-401190971,401190983,689924123#1,-1245147127#0,55886812#2,
-1030669187#1,-746064103,172627267#3,-148940705#2,44884379#1,51937090,23443405#0,1028570796#3,97672281#1,89828176#1,24024045#11,59254369#0,203035387#3,1093327667#4,-679653112,163198815#7,261065061#0,157058468#1,
-154083815,45173873,1028573261#1,-47981647#0,31133895#0,-139505519#1,-95396821#0,-151175274#2,257357819#2,89934487,91017767#0,69962703#0,51933184#3,-47118453#2,680497679#0,97685761#3,139718218#0,-30949704#1,
1030669187#1,584188121-AddedOnRampEdge,44884988#0,386246055#1,1028570793#0,958539570#4,156938702#0-AddedOnRampEdge,313606688#3,-46151431#6,395264607#7,-24024046#0,150868759#1,550689174,47118453#4,208649499#2,636502358#2,922026091,148642782#2,
4848747,-332634094#0,368083795#1,151560793,648435887#1,41818367#2,667863960,397642511#5,604041501,-89820776#3,301494972#1,47905475#1,-72465972,47118451#2,72002813#2-AddedOnRampEdge,178988162#1,-240595359#0,312195002#0,
,332634094#0,1028570790#2,46876069#0,1056328496,-31624134#0,156938702#2,168664002#0,97672291#1,-683457657#3,220470668#2,134923801#0,174757576,680508524,208649503#1,97671442,44049166#2,31047306#2,
,209215787#1,-184580019#0,-72843607#3,184580011,-34951880#0,95396840#1,392090724#1,97672290#0,260425576#14,89419987#1,-413095251#0,1254563377,-47118451#1,46655812#2-AddedOnRampEdge,157296623#1,894991905,492041970#3,
,396771661#0,-170624720#1,-224195459#2,429870959#0,874155675#0,-90636869#3,392943665#2,-157279305,-254327781#6,24989774#2,211240835#2,-1031963656#3,-47118451#0,-46655813#1,198900384#7,-734897654,31047303#8,
,-562113160,44884666#3,-297026345#2,304727918#0,46983928#1,157293003#1,-400705708#0,-97671410#2,-182236078,26322270#0,47025795,22730601#1,1124642424#1,145988606#2,97671458,172665593#0,319185011#2,
,-562112859#1,-170624714,-164774174#0,-44884381#2,264017864#0,31046903#0,120525530#1,-273211103#2,-198164112,254326654#5,-186846961#0,269039960,47118452#1,46655819#2,179260411#1,676291217#4,1024120796#1,
,743545405#0,1108576327,136400684#6,61184933#1,-92206649#0,95282587,-174022677#4,273211103#5,89881837#3,-328531782#2,-134923821#1,92219075#0,1237946797,1063455941,215959964#4,151329171#0,-98593814#1,
,1166015106#2,46875475#0,-313310947#2,209210745#1,174757582#3,-680762193#1,-174022674#4,97672294#0,395264619#9,190730289#4,45242991#2,196380152#2,1124642428#2,57741626,97671423#0,46869642#2,-30952224#5,
,265010588#0,170624681#0,-190898553#4,-44884446#0,263881214#3,95396821#1,30955664#0,46151435#5,27916859#1,328531802#2,47905475#8,38790699#4,-55423010,-56016157,342481196,580847357#2,-153792698#1,
,266086974#0,638577587,-44886288#0,31133855#1,41818367#1,368086832#8,131633148,-97671375#0,89825903#1,75259451#2,45242995#8,23579065#8,-47118451#2,46771119#4,135175652#1,45171692,103751347#6,
,-44838841#0,1028570790#1,44885597#5,24804076#6,-203035368,94094796#3,-151175244#1,97685751#0,381697487#4,32812321,-146744471#1,152413934#0,-680508547#0,-1024100297#0,157296623#2,879780891#1,-55886807,
,-44883380#0,638577586,-47113642#2,388577168#1,376037100,682712369#0,151175245#0,97671395#1,92029879#1,91854817,134192154#3,-153190951#2,1124642424#0,680497679#1,97671355#0,23705307#0,-57889595#2,
,1028258366,-170624687,47113636#0,174022720#8,1244284990,95396776#1,22736448#2,95396830#1,92034761#2,-264459825#2,854239336#5,-1031963656#2,59255423#0,71500770,1245989824#0,158180857,70330617#4,
,44883357#1,23766689#5,164774173#5,174022649,1057181620#1,273211053#3,-449585989#2,95396848#0,145581936#3,581953131#0,1108009356,33847140,-365706989,-1021555395,179260411#2,-33847142#3,46655805#1,
,44838405#3,-368074416,136550178#0,44884380#0,139506064#0,35216007#1,420083582,58704022#5,1126142886,75259451#4,282055767#2,371560393#0,,46655812#1,24061029#3,-22730603#1,70330617#1,
,-577567019,170624726#1,-44886227#0,44884105#0,1040865313#1,38790699#2,50877021#6,335539639#1,395264628#0,463284093#0,1030288624#0,196380133,,45701220#3,95274372#4,139718226#1,-158177940#5,
,1165717962,45018838#1,44886286#4,61184931#0,264115338,95396844#1,-199922052#1,97672288#1,-77100175#1,41519033#3,854239336#3,92403812#0-AddedOffRampEdge,,-55886805#1,97685779#1,139718226#0,312195005#3,
,257239012#1,-44884834#0,-147297543#0,-31133850#1,139506059#0,94094885#0,131633158#1,46151431#2,89881819,517921702#0,47905475#0,-1254563376,,72157146#1,198900396#4,676291217#3,70509860#2,
,257239012#2,170624693,44885597#5-AddedOnRampEdge,-1056330398#1,90636522,314205671#0,228076708#3,178899417#0,438137495#0,254326637#2,146744467,538982921#0,,145988603,-172598552#1,46869642#3,127518234,
,-45172804#1,170624726#2,1056874644#2,648408839#0,874155679#6,682699860,-71470206#4,97672294#2,193618810#0,1021405848,186846961#1,254711096#0,,1057083594#1,157292833#15,265068937#1,1055855908,
,-45172806#2,44884665#3,47113636#6,46876504#4,34951902#1,254327780#1,151175252#1,97671460,89825900#2,562912001#2,25824165#0,92219077#0,,-56016125#3,97671461#2,95274316#1,-152185736#0,
,-680781428#2,-166899880#0,149986655#0,131633157#1,379075314#0,95396823#2,133287965#0,-97672292#1,89934497#1,265271589,59254378#1,-147801989,,43097007,48037790#2,854239334#0,157058455#7,
,-680781427#2,170624689,71367225#0,174022635#0,42294756#0,-35216239#3,392943690#0,97671390#3,-533092485#2,86867128#0,-431524249,257233098#3,,59585493#3,97671484,4848928#2,648488816#4,
,199152209#2,-368083795#0,-47113636#1,648435893#2,229875718,-31046405,-157058466#0,46151435#4,89934518#1,34951246,146744471#0,92403812#3,,1024102264#0,74314558#0,33847144#2,-43051364#5,
,760589787#0,44884985#0,-1229890420,1056328004,-181579915,-90795036#0,368084601#2,95396846#1,607060797#2,170598722#1,186846962#0,538982923#1,,157366923#1,97671386#2,894991909#1,464084177#0,
,760589787#0-AddedOffRampEdge,-172627210#0,1057215448,304919608,41969258#1,368086832#4,184315497#5,-95396805#2,395264631#4,-89417144#0,1030281993#0,23261468#1,,46771119#6,178988162#0,47025799#1,669098840#1,
,354858485#0,129219189,47981652,1056328493,587793732,492041982,-31096771,-604041501,-395264611#3,-1133878592#1,598962877,-265068932,,1021555393,525291477,879780891#3,156575070#0,
,1265766813#0,376769524#1,796894969#1,184293861#0,537438903#4,1051315753#2,95396764#1,97672285#0,395264626#6,72463512#1,-59254370#2,1105155921#0,,46655464#7,23488888#1,45242995#5,290874174#6,
,680781428#0,-44884669#1,190533567#0,-102126347#3,254304956,-157238666#2,-261326133#0,97672283#1,89041314#7,81606324#3,134923810,263956786,,56016102#1,1105285853,-147812381#10,70324971#1,
,-680781428#4,376769524#0,579776240#1,425464570#0,90636499#4,438405583#2,184314043#1,97672286#1,722841716#3,34949380#1,968218277#0,-1254563377,,46655812#2,46151739#9,1026056857#0,43322798#6,
,-168573481#1,44884671#1,-47113636#5,1056328002#0,263956790#0,94094802,-133287966#0,178899417#3,-395264617#4,89206670,-211240835#0,145405910#1,,185216958,-92223190#0,69963044#2,157058457#0,
,679785216#4,172627212,47981636#0,174022630#2,181579868#10,228056318,372741505,335539639#4,-196947991,-34950844#1,134923801#3,286703474#2,,871138580#0,95274345#0,-616100136,43097008#11,
,597045663#1,170624701,149852649#1,-44884381#0,1298032331#0,667863953#0,-22562403#2,46151435#10,58683159#0,34951010#2,642608817#2,203035354#3,,-750339758#3,680788591,-172665593#1,-31297682#7,
,171300272#1,129219190,1066886864#1,-31133895#0,-263956788#1,160732454#0,-449399206#13,97672290#1,37672006#9,516537246,-1278542560,163198807#0,,1056881227#1,97671338#0,95274316#0,43100783#0,
,-350217575#5,368074414#0,-71367240#1,44884103,175987706#0,1126340240,184314051#0,95396781#3,503056678#0,89430682#2,134923819#3,1126405651,,71500760,97671387#3,-968060910#2,-158177940#6,
,-429714228,-44884669#0,-1056876862,-1056328496,93325455,273211082#2,22730774#4,97671473#2,91006344#0,24024043#3,968218278#4,274503992#0,,-1021561138,-46151215#0,147812381#4,156942446,
,23489088#0,-170624690#0,4857837,209210741#1,51937095,265176187#2,95396812,95396805#1,193618810#1,328531802#8,968218277#2,538982923#3,,-401190983,378279504,968218278#6,-136228820#6,
,257239020#1,44884667#3,-47114116#0,209210741#2,156643842#4-AddedOffRampEdge,368086828#7,228090243#1,257357805#1,166180319,-33118878,134923802#4,1031963654#0,,146937564,199152223#0,95274341#1,492041970#1,
,-45172804#4,-167023144#1,-1057198633,648435891#1-AddedOnRampEdge,229875719#3,1126340241#1,667865216#1,97671471#1,89881824#0,149415593#2,431519955#0,392936653#0,,-680497679#0,48037790#0,760734685#0,-43322798#2,
,45172804#5,44884666#2,47981657#0,-1122405187,54690005#0,264109548#1,-162173400#1,95396853#1,395264639#1,531013210#0,45174351#1,31046191#2,,57362799#0,40969586#3,40969586#2,1055857401#1,
,257357816,44884665#1,1229890430,174022716,128715078#0,-273211103#1,103760979#0,95396853#3,89820772#2,280266451#1,642608819,92403812#0,,386246055#1-AddedOnRampEdge,97671401#1,-97685613#0,56240964#0,
,44955974,-184580019#1,-47111169#0,154125442,-537438903#6,95282530#1,184293857,273211103#7,872286905#1,-23260462#0,146744466,-23578870#1,,46655813#3,97671427#0,319195388#4,1257133852#1,
,-131025954#3,23766689#1,1056876860#4,31133930#0,93325433#1,95396825#6,-151175271#1,97671395#7,43699315#0,89828152#1,151474633,203035348#0,,59584806#2,680782188#1,207104337#0,312195005#7,
,597045662,1028573261#2,1056878773#2,-101134275#1,54690000,93713546#2,667865207#1,95396757#0,89929096#3,570457257#2,150868759#2,537438905#1,,46655493#1,172598637#3,25824166#2,-98593749#1,
,257239019#1,44884666#1,462324821#2,161392517,93325453#2,993551535#0,-174022677#5,273211103#6,-395264612#7,62361251,-186846962#1,-389357542#3,,-1064731222,97671449#0,968218278#4-AddedOffRampEdge,114496998#0,
,285664494#1,-1028570786#0,-398675574#2,-429870959#1,264448295#0,1126340243#2,95396853#6,95282572#3,89881854#2,217860244,59254378#3,40969570#0,,71686368,680782195,1103812306,135838552#7,
,296689963#0,44884665#2,-47113630#0,648435888,51937092#2,35215988,-22562407#5,-335539639#1,77100175#0,89418356#1,45242992#1,-257233098#5,,-1021561139,-97671337#1,39521608,156942465#7,
,23488561#4,-1028570786#4,-47981623#1,25822382#1,379075320,94094852#2,1024125617#1,-97672288#1,92028366,81606325#0,69962703#2,128703671#0,,-46655819#2,69963033#2,240595359#1,98320321,
,23488561#5,170624731#4,-72843607#0,916714465#0,174757582#2,95396785#4,71470206#2,97672290#3,89881861#0,-866351232#0,134923802#0,39520757#0,,1063455939#1,-525291476,-968060910#4,-43322798#8,
,30842114#0,368074418#2,302028394#1,1056328000,264021276#1,-95282587,372741501#0,97671473#1,89823547#0,55686075#0,759287234#3,-257233105#1,,45701220#2,1085022610,932390016#0,-135838553#5,
,102126349#0,-1028570786#3,1058036876#3,154125452#0,93325440,202905133,184315506#0,-273211078#4,89825914#10,-89420432#1,139082412#0,287006578#0,,145719422,196380150#3,139085562#0,70610406#0,
,44884664#0,1028573262#0,-47113642#0,-31133881#4,-263866527#0,-157214540#1,367848147#3,199152211#1,-231524291#0,-776857042,146744472#1,145405917#0,,1063455939#0,680789275,-690198421,71359525#0,
,199152209#0,44884666#0,-71367221,44884104,229875719#2,47418307#0,174022674#3,179260409#1,-683459298#2,33627869,59254370#3,-174757567#1,,-157044177,245069170#3,669790924#0,-30948680#4,
,-265010620#1,44884667#1,382681596,1056328009,264019966#0,95282524#1,1030678058#1,199152211#4,89041314#15,543023530#1,208646346,174757564#0,,-57207543,97671343#6,27695604#2,-1024102271,
,4853038#0,1028572143#1,190521610#0,45018632#2,156643842#1,93713532,-162173400#2,178899419#0,199311779#6,33640794#10,134923801#4,657589863#0,,208649499#0,-680782191#0,240595364#0,1024115417,
,-31237829#2,1028570789#1,796894969#0,44884551#0,92204268#2,-95396821#1,162173421#0,46151432#5,736550490#4,-570457257#1,968218278#0,1245149971,,793657045#0,4848943#0,4848928#9,98593741#0,
,-31237829#3,-1241354856,-164774173#2,1056328001,92204258#0,682712366#1,151175222#8,97685717#1,89823564#0,228056327#0,146744471#1,273211040,,208649508#0,24061110#0,-145402277,-319196848#1,
,-680781712,-23288368#1,-1058029001#1,31283330#1,263956788#4,46151433#0,319196849#7,95396853#2,395264620#6,190730289#0,45242993,-23260465,,208649503#3,1085022603,1158715735,-136228820#2,
,-680781713,170624697,147259695#1,-648408839#1,174757591#0,120419639#1,436182375#2,97672288#3,-579417817#0,32812366#4,-47905475#9,-1031963656#0,,1056779402,-95274349#0,4848911,98593757,
,-680781420,44884670#2,-71367225#1,-1056328004,263936851#2,90636496#0,-30998553,97671440,89825910#2,32130055#0,-146744466,-263956786,,145988606#1,97671475#0,342481201#8,43680741#1,
,45172605#2,129219187#0,1056874653#0,648435893#0,44887721#3,-95396776#1,-174022679#1,-95282572#1,579331696,460851984#6,282055767#0,-257233105#0,,-46655493#0,24061029#8,203301448,-148642793#1,
,46148745#0,1028570786#4,1058036873#3,1056330402,93470027#1,969494639#1-AddedOffRampEdge,-71470206#3,257357819#1,89828168,33050410#0,1030288624#1,1031963656#4,,1196019587#1,1245764636#2,-172665593#0,1284307157,
,-257239012#2,-1028573261#1,47113620#3,1056330400#0,229875719#0,1126340244#0,-319196849#0,-95282572#8,-395264626#3,33118881#1,45242991#0,257357817#0,,680497644#1,680781435#0,968060910#5,-114496998#1,
,44883385,368083795#2,44885799#0,45018632#3,-51937090,160732454#5,-22736181#1,97671395#2,543019008#0,1104675206,-208646345,1031963656#3,,57015985#3,691145247,315233373#1,157058455#1,
,-46148742#1,367851534,47113632#0,-1056328493,958539562#0,273211141#3,-152333576#1,97671395#6,681548746#0,562912001#1,134923802#1,993526142#0,,154458522,680782191#1,884274229#2,319197093#2,
,46148742#1,-44884988#0,47113644#3,46876504#10-AddedOnRampEdge,-93325431,1051315751#5,-133434827,97671346,89825903#23,254326626#1,759287234#0,203035346,,208649499#3,1031976632#1,25824165#1,-154819659,
,667959153,170624694,-44886285#4,131633156#0,264448295#3,95396825#0,304727996#1,97685717#0,89825903#11,464000322#1,-150868759#2,196380145,,72002813#2,1085022605#0,44049166#3,31047303#0,
,45018427,-368083795#1,-71367244,304727761#1,-186251728#0,31046903#1,368084608#3,97671390#0,-395264637#3,48391175#0,-47905475#4,203035387#0,,59585493#7,97671397#5,40969594#0,956136645#0,
,44883381#0,-44884666#3,44885597#2,174022720#0,263866527#1,95396825#1,168663971#2,46151431#6,-89934511#1,181579920,431524249,-286703474#1,,-154458448#3,46151742,548908719,-70324971#3,
,4853039#1,-44884834#3,-297026346#3,174022720#7,41519941#0,31047009#1,-151175259#2,97671395#3,-583258515#1,170598719#0,186846962#2,254711100#3,,-71652104,1177591510,548908717,-31297782#1,
,24821311#2,170624688#1,1229651928,-31238049#0,-31624221,273211087#2,-22736181#3,95396781#1,90835548#0,264459825#0,134923821#3,153190951#0,,386246054#1,-492442417#1,-139718226#0,43051364#0,
,131025939#0,368074417#0,1066890904,367851541#0,-264017864#0,31047009#3,157058379#1,157279305,683457657#4,264459843#8,-47905475#7,-40969570#1,,1021561410#0,857738564,240388169#0,-196629130,
,-131025939#1,1028570789#0,44886286#0,174022719#1,874155676#4,94094831#1,71470206#6,-335539651#0,89881861#1,-543054885#4,-146744472#1,265068939#0,,56016110#4,1245147131,-69963032#2,878619659#0-AddedOnRampEdge,
,820360602,46875473#1,796894969#3,31133923,92204278#2,38790699#3,-151175274#1,97672286#0,579417817#1,-24060958#6,-968218279#4,1105155925#0,,-146937564,97671445#1,525276670,98593789#1,
,-24372991#2,1028572154#0,-1195136380,31283330#2,-376037100,-492041982,95396798,273211103#2,722841716#0,-367360995,59254370#0,145405914#0,,59584806#1,-680782188#2,33847144#3,1024128477#0,
,24372991#2,170624720#0,462324820#0,209210745#0,874155676#0,368086828#2,-220551731,-95282572#0,22720676#8,458089581,-59254370#6,-203035386,,750339758#3,95274324,856631371#20,51843919#1,
,44883349,170624720#1,149986652,174022711#4,537438903#8,-680760288#0,59262034#5,-46151431#5,156938700,264459819#3,-208646346,647930456#2-AddedOnRampEdge,,56016125#1,1245989822#0,39520581#0,156942465#5,
,44883013#1,-44884670#0,-749803802#13,174022720#10,1298032332#2,95396756#2,220549212#5,97671375#0,-89825899,91854868,211240823,92219072,,262334436#1,652152437,660988514#1,-31297682#0,
,568498789-AddedOffRampEdge,170624723#0,-1058029001#3,44884551#1,156643842#2,265176187#1,392092819#2,-95282545#2,89213766#8,89240073#2,159625689#0,257233098#0,,1021551457,74314553,139718209,1024128472#0,
,44838841#3,-44884665#3,-47113624#3,154125441,263881214#2,21910839#1,22562403#1,-276139664,-22720676#1,-682693826,-154824596#0,691011135,,388577154#1,97671343#0,342481201#12,-98593775#2,
,44838841#2,-170624689,-149986653,-44884347#5,89423682#0,682712367#0,151175229,97672290#2,-89881824#3,-463284093#1,-139085551,436862684,,1024102263#0,97685779#0,47025799#4,135838553#1,
,-44883357#0,-376769524#1,-47981601#7,-31133931,92204257,368086832#2,151175269#3,95282545#1,89881837#5,89418357,154824596#1,691011141,,46771117#1,74314562#2,271720622#1,-150349482#1,
,44883356,1028570786#6,-749803802#1,24804076#9,128715110#0,264109548#1-AddedOffRampEdge,-220549212#2,95396781#2,581537566,41519038#4,-1030288624#2,862139022#0,,46771114#1,355240125#1,568498791#0,-148642780,
,-23704749#0,44884830#2,-136400684#10,648435887#0,-850032932#1,438405583#5,261326126#2,178899421#1,314205672#4,81606324#8,-45242991#1,147801989,,1021551461,1055857394#1,319196850#2,-41527657#0,
,354858504#0,170624691#4,44886285#5,-44884446#1,203035367,157279300,-174022679#0,-97672293#0,1024849137,23260462#4,642608817#5,51933184#1,,70794981#9,-60659454#0,4848932#6,156938653,
,45173875#0,-376769524#0,-60185726,31133930#1,844460384,751045577#1,151175245#1,-97671410#1,737611521#0,512044960,891285336#0,144508549#0,,46655490#1,-968060908,759287234#0-AddedOnRampEdge,98593775#1,
,44883348,172627211,1056876860#2-AddedOffRampEdge,4857047,263865426,-93713541,517046814#3,-95282545#0,-199311779#12,46982301#3,642608817#0,-1031963656#5,,56016110#6,97671475#1,856631371#18,55886806#0,
,-22823721#7,1028572142,136400684#1,44884352#0,-263865428#0,47418248#0,667865211#0,46151431#3,91689528#9,-43550255,146744473#3,-196380138#2,,56016157,46151426#2,-147812381#5,152185706#0,
,-22918541#5,44884911#0,-1057198634,-304727997#1,-537438903#10,-993551535#1,667865214#0,97671348#0,91686853#2,33050419#2,45242996#0,196380139#0,,-1024100300,273211156#2,271720637#0,-135838553#0,
,131156049#2,368074416,-47981601#3,174022667#1,42294756#2,203035354#5,157058381,97671395#5,89820753#1,34998006#5,-354858501,203035357,,156575056#1,97671337#3,1009766031,817841031#0,
,131156049#1,-376769524#2,1058036877#0,368083811#0,23579333,94094850#0,-28063954,97671381#2,395264639#0,55686275,431519954,-227081771,,1024100297#0,24061029#2,97685754#2,-157050773#1,
,131156057#1,44884667#2,-136400684#13,-31283330#1,203035385#1-AddedOnRampEdge,156938702#0,95396795#1,-97671473#0,-92034752,24024045#0,146744473#4,196380152#0,,-56016102#2,97671436,798844785,1284303462#1,
,46149027#0,170624691#5,1056874646#0,44884446#0,156643284#3,47418327#1,103761129#9,95396839,-89822310#2,-264459842#3,-186846962#2,287006577,,154475500,97685742#0,24487306#1,-70509858#1,
,285664452,1028573261#3,516926839#0,367851538#3,-92206649#1,-1031963661,-407109951#0,95396827#2,260425576#16,254326646#0,-134923821#3,265068932,,146901451,97671411#0,856631371#21,1024125610#0,
,173954118,368083795#0,-1056405594#0,-1056330400#1,203035369,94094815#0,-120525563#1,178899421#2,581742830#3,509241395#4,,-257233105#2,,1021561410#1,1031976629#4,39521349#0,436048947#10,
,-149136359,368074418#1,147297552,-648435888,93470052#0,35216007#4,174022625,95396757#3,193618808,199311794#6,,-203035387#2,,-157366923#4,178988162#8,968060910#6,148642782#0,
,-44838842#1,44884985#2,1056408300#1,648435892#0,-537438903#4,264448651#1,-31857045#1,95396805#2,-265225085#1,463284095#3,,152413923#0,,1024102265#2,97671486#0,39629578#8,98320323,
,-46148743#1,-44884667#3,681031183#0,61184933#3,186251728#1,31046679,-120525537#3,335539639#0,89828174#1,89420432#0,,691011143,,210903524#1,97671394#2,760591655#0,127518236#0,
,131156025#0,44884669#1,47113644#4,174022711#0,33637368,94094850#2,151175223#4,-157279302,591995053#1,26322270#2,,1254563378#2,,197666540#1,1105285858#0,568498791#4,70509855#0,
,257357812#3,-44884666#2,1058036872,-25822382#3,-1143901798,95396785#1,50877021#3,199152211#2,23994706#4,-541902883,,269150825#0,,1057083595#1,478293894#0,854239336#0,70509861#0,
,209210751#0,1028572141,728136201#0,102126347#2,264114583,-368086836,-220552217#0,95396848#2,772804655#0,46982270#0,,1196926577#0,,208649499#5,1055857394#2,651701877#1,-127518238,
,131156028#1-AddedOnRampEdge,45018813#0,1056408312,368083792#2,264114580,429875583#0,104107445#1,-97672286#0,543018993,543209655#5,,691015446#0,,46655464#0,-680782193#2,191318898,-31297682#6,
,242897858,44884911#2,-72843620#1,1056330396#1,379075344#0,94094868#0,31096719#1,22562788#1,89828151#1,-89419986#1,,-92219086,,998681826,-97671442,879780891#6,148642797#1,
,-580847350#0,-1028573261#2,1058036874#2,102126347#4,175994177#1,264448294,-667865209#0,95396853#0,91689528#11,-91854884,,196380147#0,,59585493#1,-667962682#0,139085552,148642782#3,
,-580847356,-44884670#1,-47113636#3,44884381#0,263956790#4,38790699#1,449150695,178899418#1,813026176#0,464558883#0,,1031963658#0,,46655806,680782188#3,150868751#0,43051364#6,
,220547267#0,45018838#2,190521610#3,-24804076#9,-86867130#0,95396844#4,-1024125616#0,46151432#3,145581932#0,958537535#2,,39520757#1,,208649510,-355240125#0,538982927#0,-31297551#1,
,101134277#2,184580017,1124642414#0,-31133930#2,42294744#3,-47418307#0,436182375#7,-97672291#0,587119225#3,85568120#2,,23578870#1,,1021561138,-97685724,139718197,-150349482#2,
,101134277#3,44884668#0,-164774174#1,44884347#0,33637556#1,-95282524#1,168683397#1,95396848#1,89934511#2,-75259451#7,,1254563380#0,,46655464#4,1105285858#1,667962675#0,-43051364#2,
,679785216#6,-44884666#1,-149986796#2,44884350,51937093#0,95396840#2,449396163#3,-95282545#1,90835548#5,217858092,,1031963657#0,,680497647,273211156#4,342481201#6,70610410#0,
,44883353#0,170624681#3,44885796#4,209210741#4,-231879072#2,1013421395#2,95396782,97672282,89934450,89213772#0,,-257233098#2,,196629587#0,95274349#2,97685780,135838438#1,
,623362978#0,170624691#3,60185717#1,-44884349#0,-850032932#0,32122316#0,266525206#1,-46151431#3,597398401,584343268,,27085151#8,,46771114#0,97685742#2,139718220,-43101595#0,
,-350217575#2,-170624690#1,1057215458#0,154125452#1,262051128#2,681547930#0,392943690#3,-273211078#3,395264610#0,-459618758,,163198815#0,,-1024102261#1,1245147141,191324188,126859159#1,
,350217575#2,-44884665#2,987284423#1,101134275#0,41519941#1,-95396802,162173401#0,273211078#4,27916859#10,-91854870#1,,174757591#1,,-750339758#2,74314562#1,4848928#10,-71281733#0,
,651677177,170624690#2,-190527310#0,304727809#0,145569058#8,1096310476#0,28063946#1,-97672288#0,744419622#1,46982708,,389357542#0,,185216941#0,-24061029#0,539237085#4,-30949727,
,1123097890,1028570786#2,1237755658,1028570792#3,44887720#4,1297669678,169811755#1,-95396827#2,91686853#1,557375051#2,,-550689175#1,,146191009#1,1284334995#1,667962677,156942465#8,
,44838840,-44884666#0,-1066886864#0,174022711#1,843126657#0,90795019,-174022674#0,97671390#2,-395264639#4,89419992#1,,-23578870#2,,-46655490#1,97671451#2,-968060910#5,103751347#13,
,304919603#1,-44884667#1,1056874645#1,-429870959#4,788084211#0,203035354#4-AddedOffRampEdge,-151175252#2,-335539639#0,395264640#7,544812705#0,,92219075#1,,1064731222,97671486#2,151329182#4,154027639,
,-44838405#2,368074414#1,302028394#0,184250108,124081177#0,35216007#7,172365194#1,95282572#1,23994706#6,1177605680#3,,862139022#0-AddedOffRampEdge,,1021561139,4848943#3,22730603#2,464084177#11,
,-44838405#3,170624690#1,680701145,388577152,-92204268#2,273211082#0,184314051#1,-273211078#0,265221586#2,31610667#0,,257233105#1,,208649503#4,157292833#6,39520581#1,-319185011#1,
,265010598#0,1028570786#0,303736644#0,1056330397#0,264115339,1297669677,184315497#2,95282572#8,98883477#10,24989774#4,,174757567#0,,-1024100297#1,172598637#1,240595364#3,127518258,
,265010598#2,-170624725,432603495#0,31133881#4,264019966#2,389636322#0,120525515#1,257357805#0,-683453782#6,509241395#2,,445409146,,145988608,97671424#3,39629578#12,-98593737#1,
,-45172805#1,-1028570785#2,579779585#0,304727772#0,263881214#4,21910839#0,-168664002#1,46151435#1,265225086,386286309#0,,-24061006#2,,154082986#4,97671467,-151313103#1,-148642782#2,
,-45172604,198929896#0,681031183#2,-31133895#1,-213738419,95396799#1,71470206#12,46151432#2,89934444#1,72463458#1,,-287006577,,-154475500,97685645#3,-690198420#1,464084172#7,
,680781425#3,1028570786#3,-47113644#0,304727990#0,48780822#1,33625902#1,319196849#4,-22562788#1,236999711#0,89418355#1,,884082444,,72002813#0,95274385#6,1245147127#0,-98593749#2,
,350217575#5,172627267#1,579779585#1,1056330399#0,874155679#2,772804652#3,-22736181#0,46151435#9,91730169#1,581953131#2,,-59262030,,46655464#6,856631371#16,240595361#1,-319185011#3,
,-746064101,44884838#0,441655820,31238049#0,-51771205#1,31046766#1,1057054850#2,46151435#0,395264624#1,24024042#2,,1254262171#0,,-154458448#0,-46151739#9,44049166#1,-30952224#0,
,23704718#0,198929904,199783479,44884346#2,41818367#3,265176670#3,151175266#1,95396846#2,586176997#3,89430678#3,,1031963656#0,,70794981#10,1085022611#2,39168852#1,154027661#1,
,23704718#1,-368083795#2,-199783481,91096670#3,-537438903#2,49680676#1,133434896#1,46151432#4,580443868,254326654#0,,203035379#7,,-46655805#0,-95274345#0,151329184#1,-58686246,
,645224082#0,1108576328,-1066886860#1,304727781#0,-89423681#0,95396790,261328669,-95282572#5,1013424772,552131805,,257233105#0,,70936552#5,680782192#0,539237085#6,-31297682#4,
,651677178#1,170624692#2,1056876859#1-AddedOnRampEdge,-368083792#3,-263866527#1,265176187#5,-30955664#0,-335539639#2,260425576#9,193618812#3,,23260765#5,,410104678,46151739#2,240595359#0,30950818#0,
,679785216#1,1241354856,72843607#1,209366292#5,-175994175#0,95396756#0,220548976#2,46151436#0,750083498#0,91854875#1,,51933192,,72157144,269150840#2,43988828#2,-71281733#2,
,45173868#0,170624691#1,151696093,-102126347#4,22730620#2,368086828#1,-151175244#0,46151431#5,89934509#4,544812705#3,,203035347,,46655819#1,264298077#6,151329182#2,98593764#3,
,651637969,198929898#0,151560672#1,174022635#1,682699851#2,47418327#0,1030678059#3,-46151431#4,-89881824#0,43550983#2,,51933186#0,,-46655813#0,97671480#1,-147812381#12,-148642781#0,
,266086999,1028570792#0,-41529969,31133881#1,175994174,47416767#2,1024125607#0,97672281#2,580443871#0,-301494972#1,,178989940#0,,-46655464#3,157292833#0,734897654,58686258#3,
,-261514199#0,368083796,47113620#2,-44884347#2,-175994177#0,1051315751#3,449399206#3,95282545#2,89828177,220470667#1,,-550689175#6,,-998681826,95274384#2,-319196859,-43099711#0,
,-45172606#0,184580013,-297026342#0,44884344#0,33625073#5,264451390#1,392092817#2,-273211078#2,579331698#2,277789325#2,,203301447,,-46771112#1,97685747#3,839784837,-1273185318#1,
,209210757#0,23766689#4,-1058027398#1,24804076#2,174757582#0,35216239#1,133434898,335539651#1,585279933#0,543209655#0,,538982923#4,,99702517#0,163198815#5,539237084#5,156575077#6,
,-680781422,44884668#1,-60185717#0,-648435893#1,34951700,368086015#4,157058398,-46151431#0,395264640#3,162324885,,263956785,,70794981#8,273211156#3,46869642#0,1024115418,
,-45172605#2,-368074417#0,-297026357,174022680#0,-537438903#9,510157963,667865216#0,273211078#1,89820772#1,1025830855#0,,-1031963658#4,,154458448#2,-46151739#7,97685619#0,-1024102270#1,
,-680781424,172627267#2,1296331245#0,44884347#4,376098682#0,368086832#9,-152333600#1,276139664,531417291#1,193618812#13,,286703474#0,,46771119#2,-46151739#10,172665597#1,53542680#1,
,45017437,-46875473#1,1124066512#0,174022635#4,219973542#0,667863954#2,372741506#1,95396781#0,196306518,543055421#0,,23260765#7,,-46655464#5,273211156#0,760933236,-518647368,
,-45172806#0,1028570786#1,194569422,31133931,33625073#0,682261299#1,168663974#2,97671471#0,89820763,503056674,,40969565#1,,71652104,-680782188#1,895804511,-30948680#2,
,45172802#1,32204060#0,1070304259#0,-24804076#8,35216848#1,-157214540#2,273211100#0,95396830#2,199311779#21,89430686#0,,152413934#2,,-46771113#1,97671393,-660988514#1,174653382#1,
,-1268288169,-170624720#0,579779877,304919602#1,228056324#4,157238666#2,888035089#1,97672293#0,89929096#2,23260462#2,,203035354#2,,792190865#0,269150842#5,-139718209,-70324971#1,
,1268288170#1,1028572143#0,1057215449,44884446#1,51770989,95396833#0,157296628#0,97671410#1,-89881861#0,501179305,,254711100#0,,-1024100299#1,680760292#0,27695604#0,1023908217#2,
,577567024,44884834#3,47981602#0,174022726,89423682#1,203035354#4,-133287965#0,178899419#5,-231439988#0,149415593#1,,59266960#0,,116439672#0,1031963664#2,942581084,31047303#12,
,23704726#3,-1028570786#6,-398675574#1,-31133842#0,1143901797#1,157279313,304727996#0,22562788#2,89825910#1,254325085,,387312973#1,,46771117#0,97671331#1,22730603#0,-43322798#6,
,257357812#2,44884829#3,462324823#4,-1056330397#1,139505519#0,95396801#0,-151175267#0,97671432,199311794#18,89430683#0,,39520757#2,,792190865#2,46151739#0,97685613#3,1256858472#1,
,319195391,45018812,-136400684#8,304727809#6,682420451#0,667863954#1,71470206#7,-335539639#3,89041314#10,-91854817,,-147801987#2,,59584797#1,691144012,1025991803#0,312195005#5,
,45172807#1,-1028572142,47113638#1,304727997#0,34951880#0,47418327#2,-368084601#2,-46151425#1,-91689528#8,588307664#1,,-72465971#6,,-46655464#6,198900392#0,139085561#0,759086770#3,
,45172804#1,-44884911#0,749803802#14,368083811#2,22730620#2-AddedOnRampEdge,1137748894#0,449399206#8,95396846#0,89822302#3,228056312#0,,174758263,,-71502410#1,95274398#0,39629578#9,154971175#0,
,-23488561#5,-44884667#2,190533570#0,743671372#0,92206649#0,95396838#2,1080759176#4,-257357805#0,89881836#0,682712374#1,,203035379#3,,-1021551458,-680789275,-1245147127#2,31047306#4,
,46149023#1,44884670#0,1237755657#0,-304727990#2,51937092#4,31046766#0,667865210#0,157249375,683455644#4,-170598722#1,,22730601#1-AddedOnRampEdge,,197666540#0,-245069170#3,39168795,243206488#0,
,680781429#0,1028570792#2,151696104#1,44884349#1,-186251728#1,32122316#1,103760979#5,611278104#1,228056312#1,89206668,,-203133457#1,,1024100300,97671449#1,151313103#0,148642782#1,
,680781427#1,170624727#1,-47113651#0,1056330391,1143901797#0,90795012#0,-184314043#1,-97672288#2,-543019008#0,89240079,,196380138#0,,-70936552#5,269150842#0,879780891#5,91689539,
,-31283076#0,-172627201,-136550178#1,44884352#1,263956790#2,90795036#1,1080759180#2,-178899417#1,89934489#1,-265271565,,-89043372,,314279960#3,97671452#0,1165717957#1,-156942465#0,
,1166015105,-1028573261#3,-44886286#4,648435891#0,537438905#0,368086015#3,220548976#0,-22562788#0,-683457657#6,24060958#9,,145405919#0,,56016102#2,46151215#1,1112063970#1,-158808588,
,45173874#0,-368074418#1,-47981633#1,174022720#5,203035363,1051315749#0,22736448#0,243800062,-89881861#1,682262110#2,,42294745#3,,-46655819#1,1245764640#2,27695604#3,1023912412,
,131252712#1,172627267#4,-151560697,-44884346#3,51937092#5,314205670#2-AddedOffRampEdge,-27904494,97671390#1,89822282#0,199311798#6,,227081771,,-99702517#0,1085022602,-665702983,156575077#2,
,355202502,368074417#1,190527311,45018632#0,-175994177#1,1057067192,156290978#1,157279302,395264639#3,314210315#4,,-72465971#3,,-56016125#2,95274374#1,27695604#10,-91689534,
,580847350#0,1028570790#3,148940705#2,44883352#1,41818367#0,1126340245#0,151175272#2,-178899417#2,1299028152#3,-199311782#3,,273211149#0,,680508518#2,-680781435#1,39629578#7,1056397447,
,-285677617#3,-1028572141,72843607#2,25822382#3,263955768#1,90795030,184315508#2,97685751#1,543018988,86867128#1,,-257233105#5,,59584797#0,-680782196,-1070720648,-114496998#0,
,-285677617#1,1028574804,-47113636#7,-31133881#1,-93470052#1,273211141#2,152333600#0,199152211#0,43699315#13,1144431724,,1004202301#0,,56016102#0,-680782191#1,147812381#1,-436048957#1,
,-667867181,1028570783#0,1056405592#1,209366292#0,92204268#1,95396844#3,-157293029#0,46151435#2,-89823533,89420433#3,,257233105#2,,-792190865#2,95274385#9,69963036,-436048951#2,
,511081976#1,376769524#2,224195459#1,174405496#0,958539560#2,95396833#1,449399206#0,368086013,945962606#7,89213766#14,,286703492#0,,157366923#4,1245147132,459561641#0,314088440#6,
,-131025971#1,-368083794,382680734,1056328005,682420451#2,-95396849,151175222#6,97672291#0,91686844,170598719#1,,152413934#4,,208649512#3,-355240125#4,240595361#4,70509858#0,
,131025971#1,-44884911#2,297026345#2,-648435894,264112784,264448291,-367359810,-335539651#1,89825903#22,-866351232#12,,691011140,,59584806#0-AddedOffRampEdge,-968060906#1,1026056857#2,126855548,
,131025957#4,-184580017,-47981652,-102126347#1,174757582#5,90837300#0,22736451#1,-273211078#1,-395264617#2,24024043#2,,92206657,,154088882#0,-680781436,147812381#10,-1258453171#1,
,863546409#0,-44884668#0,46876836,154125460,572507450,47416767#0,-22736444#1,97671381#3,586176997#1,-546952811,,-23874647,,-262334435#3,135175652#0,97685754#5,174653382#0,
,-863546409#1,-170624690#2,-47111170#1,-24804076#2,93325426#2,31046466#0,-667865216#1,95274339#1,199311801#11,89420431#3,,1196926577#2,,296443891#1,-857738564,240595362#0,772804660#0,
,24372990#0,166899880#1,-297026342#1,44884351,-93470027#0,94094830#0,151175231,95396757#1,-91686853#2,72463851#2,,92219086,,-46655809#1,760779955#0,4848930#0,304727821#0,
,680781423,-1028570786#2,4857840#5,-1253807732#0,162538295#0,156938702#3,151175274#0,157292774,89831415#0,544812705#4,,647930456#2,,46771111,74314549#0,261065064#0,1023908217#0,
,-257239012#1,-1028573264#1,386246054#0-AddedOffRampEdge,-648408839#3,24461574#3,156938658,-103760979#0,273211078#3,577159986#0,543023530#0,,92403739,,168683388#1,1245764632#1,139718225#1,436042880#14,
,45173871-AddedOffRampEdge,46876504#2,190898553#4,-116436260,33627357#1,157214540#1,392090724#4,-97672292#0,37672006#3,1177605680#1,,21957625#0,,59585493#6,97671480#0,172665593#1,27727758#4,
,584188117,44884830#3,44886288#0,154125453,46983934#0,95396825#2,131633158#6,97672288#0,-395264639#0,636894188#0,,387312967#1,,-261324420,97671476#5,-191318898,173185144#1,
,-717183322,44884830#1,1124642416#1,44884349#0,264021276#0,95282567,-273211100#1,97671471#2,91006343#0,89240073#1,,203035355,,-792190865#1,69963041,27695604#4,98593799#1,
,-717183325,44884670#1,749803802#9,304727997#2,-124081177#1,156938703#5,449490580#2,-97672293#1,579331697#1,-264459843#12,,538982925#3,,157366923#0,-24061029#5,4848928#7,-43680733,
,171300273#0,-368074414#1,47113632#4,-1056330398#4,-682699857#2,-680760284,162173391#1,157296589#2,-89046648#6,89430686#2,,667863965#3,,-116439672#1,680782188#5,904911911,-98593789#2,
,149851229#0,44884667#0,151696104#0,174022680#7,51937091#0,94094852#1,151175267#2,95396757#2,591365961,149415590,,203035354#1,,1024102261#0,-667863963,968060910#0,319196848#2,
,257239016,-170624697,44886227#0,-743671372#1,90790948,47418307#2,151175253#3,95396805#0,89934506#0,33050419#0,,-92403874#0,,-154458448#4,1139284719#0,196380141#6,154971188,
,257239010#1,198929902,-1124642416#0,44884354#1,139506064#1,-95282564#1,528899356#0,611278105,395264630#3,89420436#0,,550689175#0,,196629586#2,95274362#0,151329185#2,-98593757,
,335539638,44884985#3,151801148#0,429870959#4,264448295#6,95396785#3,-103761128#0,273211078#0,683457660#0,517927340#0,,23578870#2,,1275740416,97685747#2,151329185#0,-43680741#2,
,44883009,441624830,-47113624#1,-44884349#1,89043373#2,47418248#5,392088983#4,-95396827#0,89046669#6,-33050410#1,,-263956787#1,,56016125#0,1055857395#2,319196861,99702562#3,
,45173871,170624688#3,-511201795#1,46876504#10,44887720#1,95396838#0,-71470206#2,97672287#1,314054616#2,41260712#1,,-145397104#1,,1024102264#2,-355240125#1,-139718220,126859160#1,
,1027009173,44884834#2,1058297394#0,156919888#1,92204285#3,1137747563,154971367#10,46151432#1,89820767#1,-264459825#4,,59266960#2,,-792190865#3,97671426#2,95277526#8,-27727791#8,
,363687082#1,1028570785#2,47113636#1,208649513#8,92206679,-47416767#4,-174022674#3,178899419#3,92034761#11,161966885,,-216895901,,1024100297#1,95274349#5,282055760#1,70324974#1,
,257357802#0,-368083796,-1124642414#2,-31035836#1,860088218,95282542,-367848147#3,199152211#5,-254327781#9,264459837,,690601673#0,,59585493#5,1300917096,95277523#0,-30952224#9,
,597045663#0,-184580013,1229890420,-208649513#7,51937092#3,95396843#4,168663988,257357807#2,541057035,918334710#3,,24061006#0,,46771119#5,23489017#2,97685763#0,157058468#2,
,-173954130#0,44884671#0,-190521610#0,71470190#12,93325450#1,94094853,449585989#2,97671395#0,89934443#0,-23260461#1,,1105155926,,215290851,1085022611#0,97685613#0,148642768,
,-44838841#1,-170624724#1,-151801165#0,1028619489#0,958539563#0,-157214540#0,392940747#4,178899419#4,77100175#2,-170598719#0,,436862683#1,,46655813#4,242897856,139718215,126859160#2,
,-319196860#1,44884665#5,47113636#4,349459713#1,51937093#1,680760288#0,228076702,46151425#0,395264626#4,-264459825#0,,884082446,,154458448#0,27695601#2,45170509,43699319#0,
,-27241668#1,-44884668#1,-149986796#0,-190552056#0,90636499#0,1051315747#0,22730774#3,,31050856#12,-264459843#9,,59262030,,1024100285,97685693#1,726941894#1,314088440#4,
,1029279501,209210755#4,-1056874653#1,744266431#0,184577945,265176188,667865207#0,,77100164#6,32812356#3,,-174757564#4,,1063455940#1,215959964#1,968060910#4,30950818#5,
,170641388#2,368074418#0,149986724,-24294874#1,41519891#1,368086839,151175222#0,,543019002,-1039905091#1,,691015447#1,,-56016102#0,680782188#8,-690198419,157360310,
,209210744#1,-44884668#2,47113630#1,-161392518#3,-51770989,95396838#4,-31035595,,237393906#0,301494974#0,,647930456#1,,314279960#2,273211091#4,690198421,70509858#3,
,304919605#0,,71367240#0,-1057054858#3,93325431,95396843#3,368084601#1,,-89934511#2,517820536#1,,342448077#0,,46655813#0,-24061029#2,45242995#2,70330619#2,
,332634091#8,,1296331246#1,-228076698#2,34951902#0,31047273#6,667865210#1,,89213766#12,237528239#1,,974064479#0,,46771112#1,97671475#2,-139718219#1,153792698#0,
,45174138#1,,44885597#3,749829569#9,92403764#1,94094801#1,-746533316,,731838356,264459826#0,,1105524769#0,,59585493#4,-95274349#3,736973905#0,1024128476#0,
,45177679-AddedOnRampEdge,,1057215464,1057527741#2,186251728#0,-31047273#5,-220548970#1,,89823568#0,-91854868,,387312972#1,,57015985#0,74314558#2,151329169#1,31297738#2,
,45177679,,-44885799#2,-71470213#0,174757608,727402396#0,220551730#1,,90835548#10,89430680#0,,257228938#0,,-46771111,97671397#2,145402277,43322645#1,
,-45172807#1,,-47113632#2,154253453,31624221,667863954#0,-168683414#3,,89881832#0,89418359,,550689175#4,,-1021555391,1245989820#0,33847142#0,1257133852#0,
,1126633897,,-47113644#3,88956628#2,41818367#5,94094885#1,-184314051#2,,579331694#0,33050418#0,,958539572#0,,1060235877#1,264298077#0,95277526#9,436042880#2,
,1027009174,,44886288#2,185216947#1,41969258#0,94094815#1,71470206#0,,89881824#1,34951200,,1254262172#0,,-157366923#0,676291216#0,185937183#2,312195000#3,
,-285664438,,148940705#3,-103945938#6,-263935797#4,-156942563#0,682462419#0,,-89881824#2,-89420431#1,,174758265#1,,215298730#0,667962682#1,1123082510,148642772#1,
,562112859#0,,47981623#2,-161392626#1,264112785,31047009#0,-397642511#3,,-395264610#4,517921702#2,,203035379#2,,46771113#1,24061029#4,97685638#0,156575080#1,
,-680781430#2,,189616564,70794980#1,263936851#0,95396843#1,28063951#4,,89041314#3,958537535#4,,23579065#6,,59585493#2,95274385#2,39520581#5,1056781891#1,
,23488564#2,,1056878775#2,-230293774#3,89043374#1,264114941#2,46151430,,254326640#3,681548654#0,,667863965#1,,401190982,97671474#2,-271720662#2,1257133853,
,131156019,,1233716013#0,-161392586#0,958539570#0,120419639#0,-156919890#4,,89881841#0,258303757#0,,254711100#2,,210903489#1,-60659454#1,240392370#2,43100782#0,
,388577165#0,,-1056408301,44886562#3,35542051,93713541,-22562407#4,,89934497#0,-254326623#3,,,,-680497677,97671376#7,-44492913#0,156575068#3,
,257357822#2,,-796894969#4,-1237936909#1,850032932#1,368086828#0,-162173421#1,,395264640#8,41519045#1,,,,-56016125#0,342481198#1,271720622#0,-30949704#0,
,27241668#3,,-149986652,88937129#2,90636499#5,-90795036#2,708004651#0,,1126142879#0,162324884,,,,46655815#1,-95274349#2,879780895#1,-706102508,
,46149611#0,,1066886859#0,-749869679#1,-92204268#1,90795012#2,220551730#2,,-91686853#1,543054882,,,,46655814,1031963663#4,151329182#1,-158177940#2,
,580847354,,47981623#1,304727895#2,263865428#0,682261299#0,-27904509#2,,533092485#4,75259451#11,,,,680508518#1,95274349#1,172598650#4,-30919469#1,
,131025941#1,,-151560714#1,161392519#1,537438903#10,273211087#0,1058417656,,-265221586#3,460851984#4,,,,1024100299#0,74314551,95274326#2,-436048949#3,
,-131025941#2,,44885597#0,23288386,263941941,95396765#3,22736445#0,,89213766#5,-89419986#4,,,,-215290851,187797932,342481201#3,-98593775#1,
,-46149189,,72843607#0,-228514822#2,-263865429#0,95282564#0,-151175229,,89825914#7,48788423#2,,,,208649501,-680781433#0,97685619#1,-304727814#2,
,45172807#2,,579776871,-23217864#1,92206649#1,314205670#2,157058384#5,,-89822277,-463284095#3,,,,157044175#0,92223199#0,-1026056858#1,-152185706#0,
,45172806#0,,71367221,31303247#2,34951737,94094868#7,50877021#4,,395264640#2,32812356#4,,,,-46655813#4,178988162#3,45242995#7,-98593737#2,
,45172802#2,,-44886285#7,30842030#1,44887721#0,438405583#0,-151175269#3,,-89820776#0,542264756#1,,,,71502410#1,198900396#0,-97685613#3,158177939,
,23488562#4,,1058029001#1,-154253462#0,263956789#0,667863959#1,-266525189,,581895213,52517547#2,,,,1021551458,95274308#0,27695604#9,-1284303462#1,
,1268288172,,-136400684#1,545585643#1,-203035353,1031963661,-319196849#6,,314054616#0,193618812#10,,,,-1024100285,1055857395#0,440392835#3,-30948214#3,
,-680781714,,1056876860#2,228511424#0,-175994173#1,-31047273#4,-162173424#2,,738893122#2,32130055#1,,,,401190994,-172598552#3,139718224,43322798#1,
,265010604,,-151560714#0,-185216948,33625073#4,368086836,319196849#5,,231439986#1,81606325#2,,,,154088882#2,97671427#1,43988828#1,-91899427#1,
,-265010621,,1056874644#1,71470185#9,-181579868#1,-47416767#1,120525537#6,,91686849#5,682262115#5,,,,46655809#2,-355240125#2,-151313103#0,152185720,
,-228633420#1,,151560672#2,70936552#0,263956789#2,156942563#1,-261326126#2,,89881837#0,292495150#0,,,,196629587#2,97671478#1,240595358,648488815#4,
,24803931#0,,-579799544,258044916,874155676#1,95396838#1,136506337#2,,32358841#0,332390573#0,,,,-750339758#4,680781433#1,894991906,304727835#0,
,304727991#0,,1058029001#2,148642786#6,264019962,1051315751#1,151175222#5,,750083498#2,48391175#4,,,,71500780,97671397#8,69963032#2,71366316#1,
,355202503,,47113624#3,228514822#7,89043374#0,157292823#0,152333598#3,,-531417291#2,328531827#4,,,,57601580,152413923#1,1103811024,706102496#3,
,22918541#3,,-1056408300#1,-120469241#1,1143901798,95396825#3,172365185#1,,27916859#21,314210315#2,,,,145988606#0,199152219,879780895#0,960810619#0,
,22918541#1,,47113636#11,120469239#1,1196926577#3,273211141#4,-151175259#0,,395264612#0,89418356#0,,,,-57015985#2,187643891,47025799#0,1024120793#0,
,257239021#6,,-681031183#0,-58672755#2,86867130#0,90636496#4,-397642511#1,,759797589#0,173022744#0,,,,56016125#2,92223188,151329169#4,-127518236#0,
,-257239012#3,,-47113644#4,161392513#0,92403837,157238666#1,154971367#7,,89820776#2,-46982708,,,,-46655817,680781433#2,240595364#1,-43051364#1,
,27241673,,45663908#3,1255617398#5,33637556#0,23443405#0-AddedOffRampEdge,702669087#5,,23994706#2,395264630#1,,,,162521831#1-AddedOnRampEdge,-680782193#1,-147812381#2,260425589,
,760588360#1-AddedOnRampEdge,,749803802#0,-161392519#2,89423678#2,47418248#1,-174022625,,198164112,-89419992#1,,,,55886811#2,135175652#2,660972501#1,-31297682#3,
,680781713,,190898553#5,443243639,-51771205#0,583085357,156919890#6,,236667129#2,178757958#0,,,,46771115,856631371#6,40969594#1,23243743#3,
,-238836842,,-660841900#1,-116436239,145569102#4,94094885#2,313606688#2,,395264624#0,264459845#2,,,,,-680781432#1,-1025991805,810145521,
,45173876#0,,-1124642414#0,-148642786#5,92204266#0,-254327780#0,702669087#6,,89820776#1,364080011#1,,,,,1133614450#0,-151313102,51843919#5,
,-350217575#4,,1056876859#1,-88561227,231879072#0,95396844#2,-168683414#0,,-531417291#1,24060958#7,,,,,97671343#4,879780891#2,154723062#1,
,353940879#2,,1057198634,304727895#0,51937091#1,33625702,133287968,,89929086,1177605681#2,,,,,1245764640#1,39169198,157050775,
,45170907,,-60185717#1,-174022595#2,92204268#0,682712367#2,-449150695,,-196306518,237528239#3,,,,,46151426#3,139718227,-148642770,
,46149189,,47981601#2,744777945#6,850032932#0,94094868#1,315539209#4,,-200681431,-34951210,,,,,264298077#4,319196850#0,669098840#2,
,355202491#1,,1056874645#0,45018631#5,231876387#0-AddedOffRampEdge,1126127670,1080759181,,-89820763,265221588,,,,,46151426#5,139085558,-314088440#2,
,-131025959#1,,-1058036871#1,-104353087#4,48780823,265176187#3,157058385#0,,-199311779#21,314210315#0,,,,,1139252860,265068939#1,1284307159#0,
,1027009172#0,,136400684#13,88083336#2,-1155226161,95396802,157293029#1,,612573410#3,-89418358,,,,,95274348#0,97685638#2,70509860#0,
,257239012#3,,44886286#5,-185216944,176046283#0,680762193#0,-168663974#0,,-199311779#15,264459853#2,,,,,269150842#3,1165717958,-56241383,
,-44883355#0,,1056405594#0,161392513#1,31887177#0,94094885#4,157058466#2,,77100175#1,220470667#0,,,,,172598552#1,856631371#19,31047303#1,
,44883354#0,,-303736644#0,70364448#1,181579868#4,94094885#5,-120525569#1,,199311779#16,89430684#3,,,,,273211156#7,459561639#1,-70610410#0,
,-457308034,,-47981623#0,120588503#3,92204277,157292782#2,449598456,,89881814#1,-301494970#1,,,,,95274384#1,69962700#0,154027538,
,-23488562#2,,-681031183#2,161392603,228056324#2,47418307#1,228076693#1,,583741284#5,199311795,,,,,-261674288,95277528#1,148642793#0,
,285677614#1,,516926840,24294870#1,-184577945,1051315751#2,-162173401#0,,91006344#5,89418354#2,,,,,-24061029#7,257233103#2,-154971175#3,
,-24372990#1,,44886227#5,1144401621,213738419,368086015#2,151175220#0,,89934449#0,-162324885,,,,,-1245147132,441654722,43100782#5,
,879498552#5,,-47981604,-1060235884,682703711#1,-273211051,-28063946#1,,89881836#2,264459842#3,,,,,680782189#0,69963044#3,-126859159#2,
,-45172605#0,,-72843607#4,-616560955#1,379075311,157214559#0,667865215,,43699315#2,-23260462#2,,,,,92223190#0,271720666#0,154819598#0,
,45172605#0,,271934569,1057050907#0,51771205#1,157296638,-449648375,,395264611#2,-52518334#0,,,,,1031963665#0,760752371#3-AddedOffRampEdge,51843919#0,
,45172806#2,,46876070#2,-154253470#1,537438903#2,-31047273#6,1080759180#5,,395264617#3,-501179305,,,,,40969592,95274326#0,-30948680#3,
,45172805#2,,749803802#10,44884989#1,35216758,95396765#1,184314043#0,,-89820745,-130453217#3,,,,,215959964#3,95274326#1,156575077#1,
,333682052,,47113636#2,168663960#6,92204285#1,751045577#0,-31053660#1,,196947991,190730289#2,,,,,46151215#0,33847144#7,319196848#11,
,266086974#1,,149986796#2,1057527743#5,-254304959,95396765#2,209210746#4,,236667129#0,47127860#0,,,,,215959965#0,39629578#5,-157366896#4,
,257239013#3,,1066886862,-88561232#1,33627592,265176670#5,154971171,,731838355,648175929,,,,,97685711#0,440392835#5,157058457#1,
,388577164#1,,462324821#7,-161392543,89423681#0,94094793#1,162173401#2,,-543019008#3,190730289#1,,,,,1245764635#1,929013754#2,-127518258,
,388577159#0,,986505224,-154253434#1,264114579#2,243206484#0,151175234#0,,-395264610#8,89430681#0,,,,,31046486#2,185937183#2-AddedOnRampEdge,464084177#7,
,680781424,,-151695968#0,154253460#1,174757582#7,381697487#12,-22736451#4,,89823539#1,52924701#1,,,,,-680782188#5,-690198420#0,42305097#0,
,-131025961#1,,-151696093,1057050910#2,175994175#0,1126340246,1135574250#3-AddedOffRampEdge,,89828155#1,55686236#2,,,,,691145248,856631371#17,156942442#0,
,46149194#1,,-151560672#1,44886560#1-AddedOnRampEdge,-682703707,264448292#1,-151175260#2,,199311801#0,91854853#1,,,,,97671337#1,95274326#3,436042880#12,
,-46149195,,1057215462#1,-1057054858#7,156643842#5,95282530#0,-184314051#1,,-534412966,24024045#13,,,,,187797935#1,97685642#0,150349479,
,-609968226,,297026346#0,30841649#7,682420451#5,-89825913#0,-174022681#0,,89822302#1,-588307664#1,,,,,273211156#9,240595361#2,156575066#1,
,-1029279500,,-210903531,-154253457#1,181579868#2,-95282564#0,71470206#1,,89823555#0,-89828152#0,,,,,1085022605#3,-33847142#0,-70509859#0,
,-1029279501,,190527310#0,1057054858#0,47982503#0,157214540#2,743671371#0,,581742828,33640794#0,,,,,97671366#0,69963046,31297782#2,
,-22823721#11,,136550113,23217864#4,958539570#3,273211087#1,71470206#9,,89881857#1,89182753,,,,,40969573,97685754#1,-57889595#0,
,-680781429#1,,-149986796#1,88954527#0,-175994175#1,273211103#0,71470206#14,,542927920#3,89430676#0,,,,,97671343#3,98855704,312195002#3,
,131025950#0,,1066886864#0,1057527743#3,175994177#0,94094815#2,199922052#0,,-91686844,258303757#2,,,,,-680781432#2,39520581#3,-114496998#2,
,23605011,,-1058027400#1,44886564#0,203035385#0,228056321#0,184314048#1,,945962606#4,33118881#0,,,,,97685645#1,862139022#1,1284307158,
,131156068,,1056876860#0,-174022668,175994167,202903722#0,420082429,,41972125#0,72463458#4,,,,,95277521,196380141#2,312195005#0,
,261514199#0,,-749803802#8,228056325#3,-263941940#0,95396844#0,220549214#0,,89822296,24060958#0,,,,,-95274398#3,342481201#2,31297738#0,
,-930438154,,-533486486,-1057054858#6,-263936851#1,228056321#1,-449399206#4,,683459298#1,264459819#2,,,,,-95274398#2,139085562#2,148642794#0,
,680781420,,1057198635#1,161392635#0,42294756#1,95396840#0,220549209#1,,34605308#0,24024045#5,,,,,-492442417#0,172598640#2,319185011#0,
,1028619482,,-147297543#1,70350396#2,32122364,-156942563#1,1024125616#1,,89822284,244317039#6,,,,,-95274334#0,46869645#1,98593794#0,
,319196856#0,,986505223,-1060224075#0,229875719#1,264451390#0,-667865216#0,,89213766#7,91705267#0,,,,,97671424#0,837311012#0,152185714,
,261514198#0,,1237754025#0,261321460#1,228056328#0,368086828#11,184315502#0,,182236082#0,89430678#6,,,,,-92223190#1,147812381#6,154458450#0,
,-285664427,,1056876859#0,1144401620,145569058#2,-153190946,28063951#0,,772804655#2,89419986#0,,,,,95274334#1,269150840#0,1024120799#0,
,285664447,,-47113638#1,58209119#2,92204275,228056321#3,-120528221#1,,199311796#3,72463458#0,,,,,1284334995#4,319195388#0,436048947#0,
,-149136361#0,,239698986,71470195#3,263865429#1,94094793#0,31336390#4,,48390839#0,24024046#0,,,,,-667867164,265068934#0,1055855909,
,-149136361#1,,-749803802#15,70794984#1,254304963#1,1126340245#2,28063951#1,,-591365961,-91216434#0,,,,,97671451#0,723855277#1,154819743#1,
,657938694,,-151696104#1,31035836#2,89423682#2,94094796#2,184293855#7,,-89934506#0,-546231958,,,,,856631371#7,151313103#1,30919189#1,
,680781425#1,,151560672#0,1057054855#1,92204258#3,-157238666#1,-168663974#2,,607060797#1,24989774#0,,,,,680782188#2,690198420#1,70324971#5,
,-24372991#4,,1066890910#1,-261368286#3,-263881209,46151433#1,151175260#0,,91006344#3,-170598719#1,,,,,240388169#5,269150813#4,-99702562#1,
,680781421,,224195459#3,70944770#1,42294744#2,-31047273#1,315539209#7,,91686849#4,-1039905092#2,,,,,-1055857397#0,97685763#1,51843919#11,
,1028619480#0,,-44886227#3,1261366105#3,874155679#8,265176187#7,152333575#2,,395264626#2,46982301#5,,,,,97671474#1,150868751#5,464084172#9,
,-24372978#5,,1058027398#0,70794981#0,44887721#2,-583085357,220551734,,-89934449#2,328531828#3,,,,,97685645#2,240392412,312194996#1,
,-24372978#3,,60185717#0,1057050910#3,-92204249,1137748894#2,131633159,,395264637#2,328531782#2,,,,,97671376#3,95277528#0,1055857400,
,-46149605,,-44886286#2,365706961#1,145569102#8,667863951,-888035089#1,,40189499,89206666,,,,,-95274349#1,185937183#0,59262037#5,
,-46149609,,-190898553#1,-44886562#0,263935797#5,35216007#3,1060039307#0,,89823567#2,1177605680#4,,,,,97671342#0,147812381#11,55943333#1,
,44883382,,-1066886863,88083347#4,92204285#2,1051315751#0,172365185#0,,-89934443#0,-89420431#3,,,,,97685761#0,95277526#1,198929895#2,
,44883381#2,,1058297390,-156938647,341182776,95396849,-397642511#0,,-77100175#2,-164586351,,,,,60659454#0,319196859,156575077#4,
,46149194#0,,-72843607#2,161392518#0,93325450#2,-680762193#0,209210758#0,,395264612#2,82624905#1,,,,,-187797932,196380141#0,878619666#0,
,46149196,,568498782,671522408#3,-92403837,368086843,-304727996#0,,156938659#12,574761506,,,,,-95274349#7,151329169#7,199311778#8,
,319196860#1,,533486486,156919937#2,-89423678#2,202903724#0,261326126#0,,89825903#8,89419202#1,,,,,196380150#4,922026090#2,-154971175#1,
,986165964,,-1056405592#1,-156919888#5,93470052#1,95396793#1,-517046027#0,,34605311#0,33640794#3,,,,,968060908,929013754#0,1011347580#2,
,810346011#1,,462324821#4,746884464#0,108891397#1,35216007#12,103761129#4,,89823568#1,458283474#0,,,,,680788596,-1245147127#1,70610406#2,
,1028619486#0,,-1058027399,-88083349#5,874155681#2,160732454#3,-103761129#8,,89825903#13,89430680#1,,,,,97685757,-39169198,436042880#8,
,131025971#0,,511201795#0,-208649513#10,-92204268#0,-47418307#1,28063947#1,,199311801#17,72463603#0,,,,,245069170#1,342481201#0,436042884,
,46149028#2,,398675574#1,156919888#7,-48780823,368085648#2,-103760979#5,,-585279933#1,796186460#0,,,,,4848945#2,-139718227,1024120796#2,
,387312971#0,,164774173#0,-154253469#2,1244284993,35216007#14,157292846#2,,199311796#1,264459825#2,,,,,-1055853354,1245147127#2,154819713,
,269150822,,1057198635#0,156919937#1,682420451#4,438405583#1,172365186,,583741284#3,-34951053#2,,,,,-229878534,45242995#0,114496980#0,
,44955976#4,,-1124642416#1,71470190#3,93470027#0,264109975,156290978#2,,199311779#11,89419990#1,,,,,856631371#1,275430765,126859160#0,
,44955970#2,,-749803802#9,168663961#3,34951691,156938693,367842333#1,,395264617#5,254326637#3,,,,,157292833#4,319195388#5,30919524,
,-332634091#0,,1237755124#1,749829569#7,156643284#5,1051315756#0,151175274#2,,-254326640#3,32122517#2,,,,,-680781437#1,47025799#3,155046189,
,332634091#0,,47113651#0,70610417#0,264114581#0,680760284,-151175274#0,,328531813#0,34950844#0,,,,,273211091#2,342481199#0,30949704#2,
,-846333253,,47981633#0,-262334435#2,22989309#0,682699859,-120528221#0,,89822310#0,264459842#6,,,,,23489017#0,665702983,30949704#1,
,846333253,,-47113632#5,313849721#1,1244284991,1096310481#0,368086015#0,,395264622#1,89420435#1,,,,,680782193#2,1132178318#3,154082984#4,
,170624692#4,,-151696104#0,792462092#2,35216114#2,438405583#3,436182375#0,,89822363,41519038#0,,,,,680782193#4,895804510#1,148642793#3,
,46148743#1,,47981633#1,71470195#1,-181579868#4,95282564#1,227454631#1,,-254326640#2,-89420436#0,,,,,968060906#0,879780891#0,43100782#3,
,-332634091#1,,151560697,148642786#3,51937091#2,1096310475#0,174022674#4,,89822310#2,543054881,,,,,-1133614450#1,151329182#0,148642796#5,
,199152231,,1237754031,70794980#0,33625073#1,368086844#1,392943665#4,,175252040#2,328531825#3,,,,,1085022607,240595360#1,154082986#1,
,22823721#10,,681031183#1,-1057050913#1,-92204277,429875583#1,-449490580#3,,89881820#2,33640794#5,,,,,667962682#0,-883261858,98593814#1,
,-22823721#9,,728136201#2,161392595#1,93325433#0,667863953#1,-220549209#0,,32358841#4,682262113,,,,,355240125#0,203179926#0,372443876#4,
,238836842,,-149986654,261368286#4,379075282,368086832#7,-162173391#1,,44776176#0,-23260462#1,,,,,-119569977,69963031,-70509858#0,
,1029277426,,1057215447,-261324434,682699857#2,1055855103#1,396771658,,683459397#0,32812366#2,,,,,92223190#2,172665586,30952224#5,
,-24372991#0,,47113650,-120588503#0,-682699857#8,47418248#4,449602006,,89823558,-459037937#2,,,,,968060912#0,1170978440,153792698#1,
,23488564#1,,199783476,744892450#1,181579922,94094796#7,-103760987,,-31050856#11,264459819#4,,,,,273211096#0,-97685613#2,43051364#3,
,131156057#2,,47111170#0,-23243740,51937094#0,157214540#0,153792687,,-89828180,46982270#2,,,,,97671376#1,-97685613#1,286703485,
,44838841#1,,297026342#1,71488888#2,264070491#1,368086832#3,-22562396#1,,231439977#1,52928549#0,,,,,-245069170#4,69963039#3,-1023908217#0,
,1241966322,,796894966#1,-31303247#0,874155679#4,273211128#0,168663958#0,,89934445#4,72463851#3,,,,,-245069170#6,4848928#5,98593807,
,24053248#0,,-149986724,116436279#0,408269726#3,21910839#2,199922052#1,,89825903#0,34950710,,,,,1284334995#3,734696705,-173185144#1,
,-24372990#0,,-47113630#1,228056325#0,47982503#1,1196930229,-184315507#1,,89934489#0,-918334710#3,,,,,97671387#0,151329185#1,158177940#5,
,-46149604#1,,-398675574#0,190433608,874155681#0,-401195404,-220552213,,-683458162#5,89417144#0,,,,,24061029#0,1245147126#0,-1258451874#2,
,-930964332#1,,-1057215464,208649513#6,231876387#0,-395264611#1,151175223#1,,-231524291#1,1133878592#0,,,,,968060905#2,798844784#0,1023908216#0,
,135195085#2,,1066890912#1,-23288386,263881207,-273211103#0,-667865207#0,,577500018#2,89234087#0,,,,,240392355#2,95277526#4,1056779413#0,
,39629447#2,,-44886288#2,304727900#0,-181579868#3,31047273#5,-31046060#1,,-395264612#1,1156068079,,,,,97671474#0,319196850#4,152185736#0,
,36688988#0,,-148940705#3,23288277#2,42294744#4,157292823#3,-368084601#1,,89213766#0,161966884,,,,,-492442417#2,759508060,62332141#1,
,396771661#2,,-190898553#0,-70936554#1,89043373#5,273211141#0,71470206#4,,-89939071,89240072,,,,,968060905#0,568498791#2,-126859160#1,
,350217575#1,,-224195459#0,1257441179,23260750,1244504475#2,368084608#1,,199311779#2,-301494974#1,,,,,178988161#7,539237084#3,43051364#5,
,-171300272#1,,-47981626,23243742,264017278#0,-680762194,133434897,,-89820776#1,-34950844#3,,,,,74314562#3,240595360#0,30950818#2,
,131156025#2,,136400684#12,104353087#0,262051128#1,156942563#0,184314056#1,,89041314#1,-264459826#1,,,,,54786433#0,282055763#0,1024128478#1,
,-682459916,,1056405592#0,23243736#0,263955768#0,95396756#1,184315505#0,,-199311779#18,1019987802#0,,,,,856631371#9,22730601#0,156938673#1,
,304727992,,1124642416#0,156919938#0,93325450#0,727402397#0,1024125612,,227968022#0,-55686195#1,,,,,40969574,665702982#0,-148642787#2,
,-45172800,,44885611#2,24294873#0,92403802#0,35216007#8,313606688#1,,89881857#0,-588307664#0,,,,,69963033#3,151329169#0,23243743#1-AddedOnRampEdge,
,44883380#2,,1296331246#0,154800540,-175994167,682712370#0,31096771,,395264639#4,-463284095#2,,,,,40969591#1,261065065,-126859160#3,
,44883383,,47113624#1,-70936552#0,41818364#2,1126340243#0,-22562407#9,,89822307#2,55686236#4,,,,,1031963663#6,97685661,156575056#4,
,1028258371,,-1066886859#0,103945938#0,44887720#3,90636496#3,261326133#0,,89934458#0,328531802#14,,,,,97671423#1,-147812381#9,30952224#1,
,45172804#4,,511201795#1,34078512#2,47982496#1,49680676#0,365814436#0,,-89934449#0,334085546,,,,,95274307#0,27695604#7,-157360310,
,46149604#2,,-579776871,88083336#0,203035385#1,94094852#0,436182375#8,,-89881836#2,27695695#0,,,,,23488890#1,27695605#1,-70509858#3,
,44883381#3,,151801148#1,-228514822#7,874155676#2,667863961,392090724#2,,89828176#3,26603888,,,,,1031963663#5,240595361#5,153792684#0,
,131025954#3,,1124642414#1,23288277#3,-263865429#2,682712366#0,22562403#2,,683453782#0,543023529#1,,,,,98247389,242897862#1,-43322645#2,
,1028689293,,-749803802#3,-71488888#0,92204258#2,-46151433#1,120525547#0,,395264623#3,-458673382#2,,,,,97671441,97685728#2,158177940#6,
,717183322,,151801165#0,-24294871,-89423678#1,95396765#4,449399206#13,,-254326640#1,89240074#1,,,,,97671397#4,690198419,-120531314#2,
,-1028619482,,149986796#0,-120469239#1,-93470047,33625902#2,615528182#1,,89213766#2,48391239#1,,,,,92223213#2,39521349#1,464084177#1,
,22823721#0,,47113636#12,-154253449#0,263941940#1,368086844#0,162173400#0,,1047436418#0,254326637#1,,,,,69963030,33847144#1,960810632,
,-1028258371,,151695968#1,228514822#6,93325426#1,1031963659,392092819#3,,77100164#3,75259451#8,,,,,1284334995#6,680788592#0,98593764#5,
,-46149196,,1058036877#1,1060226507#0,327521905,265176189,151175271#1,,-597169249,-264459842#12,,,,,46151739#7,139718219#1,-156575080#1,
,46149028#0,,-164774173#1,34078512#1,682703711#3,31047273#2,304727995#0,,561014429,-1133878589#2,,,,,46151739#10,1070720653#0,158808588,
,39629447#0,,-151560672#2,88083349#3,254304965,492041977#1,-672919572,,231439988#2,190730289#3,,,,,74314557#2,-139082447,43322798#2,
,680781717,,-151560757#1,154253456#1,176046423,314205670#3,392940747#3,,33549841#0,33625005#2,,,,,273211156#8,440392834#0,30948214#1,
,131025950#1,,136400683#0,161392507#1,145569058#5,368086832#10,304727916#0,,395264621#0,-89430683#1,,,,,-187797935#1,723856284,1024125610#2,
,-131025954#2,,47113642#3,120588459#4,682699856,265176676,392943690#8,,738893122#3,34951236#2,,,,,97671339#2,759379782#7,98593749#1,
,-23704735,,44885989,70936551#0,-175994173#0,95396823#0,367848147#4,,27916859#25,89430675,,,,,355240125#3,39629550#4,960810622,
,-131025963#0,,-44886285#1,71502569#0,41520004#1,90636496#6,162173421#2,,89046669#4,199311798#4,,,,,40969575,271720662#0,526781973#0,
,44838841#0,,136400684#15,88956620#0,181579868#8,368086832#1,-367842334#0,,22720676#2,-89418356#0,,,,,157296623#0,44492913#0,153792689#2,
,-46149604#2,,151560714#1,1060235882,682703711#4,-667863958,-319196849#5,,595117873#0,543054885#4,,,,,680782196,680788592#1,148642781#1,
,44955796#1,,-47113636#11,228090234#1,47982503#2,156938703#4,-387345131#0,,683459297,544270674#2,,,,,-46151739#4,342481201#9,-30948214#0,
,220547267#2,,1058036878#2,185216946,263935797#3,667863959#0,1135574250#1,,89929074#3,-46982284#0,,,,,95274349#9,4848928#8,-126859161#1,
,220547267#1,,-190898553#5,-30841649#1,537438903#0,33621329,678687042#1,,-89825914#6,24060958#5,,,,,355240125#4,69963044#0,30948680#4,
,-257240781,,462324820#2,-23288277#0,156643842#0,156938703#1,-157058385#1,,-231439988#1,-91854872,,,,,968060906#1,203572466#0,-43322798#1,
,257240781,,462324823#0,163816326#0,-263935797#6,1096310485#0,-227454631#0,,-608531036,367360994#0,,,,,69963040#0,139085561#1,-1024128471#1,
,149851229#2,,151560714#0,-679653135#1,682699858#0,682712369#2,157058382#0,,-22720676#10,-549451720,,,,,240392347#1,4848928#1,23243743#1,
,31283076#1,,-44886287#1,-1144401621,-31624134#3,264109976,-261326133#1,,311890257,-1021351340#1,,,,,-95274334#1,-69963032#0,-152185720,
,257239021#1,,136400684#0,46655426#0,263865429#0,95396785#2,-152333598#3,,-683458162#2,328531827#2,,,,,264298077#3,548908718,319196854#0,
,1015165917,,796894966#4,89477498,-34951880#2,450523569,-172365185#1,,91006341#3,-364080011#2,,,,,680782194,-275430765,-43097008#8,
,1015165917-AddedOffRampEdge,,-44886227#1,-44884989#1,-263956788#3,-851839123,162173400#2,,533092484,-24060958#7,,,,,-1245147133,580847357#4,199311767#3,
,680781430#0,,41529971#0,70350393#2,958539560#0,90795029,151175222#9,,683457657#0,149415594#0,,,,,157292833#11,39521243,-152185736#1,
,-44883384#1,,-44886286#6,261321460#0,-22989309#1,273211048#2,1028570796#1,,-89939069,-24024046#1,,,,,97671397#0,43988828#3,-150349482#0,
,44883384#1,,190527312#0,120469241#1,657500679,228056324#7,151175222#3,,231439988#0,26322270#1,,,,,97671428,139718199,51843919#12,
,23488560#0,,462324820#4,-208649513#5,51937092#0,33640827#3,312195000#4,,542927920#2,463284093#1,,,,,1031976629#6,139085562#4,103751347#12,
,24372978#1,,148940705#0,-1057054858#0,-34951866,90636496#1,174022632#3,,-395264612#5,-513567595,,,,,857738561,271720704,98593741#1,
,-44838840,,579799544,-70350388,175994173#1,94094830#1,151175223#3,,395264640#0,463284094#0,,,,,97671342#1,1245989819,31297782#0,
,1028241263,,1058036876#0,59262035#0,-93325433#0,89825912#0,313606688#6,,89929074#0,160745254#0,,,,,196380148#0,25824161#0,464084172#8,
,131025931#1,,1066890912#0,749869680#1,181579868#0,94094801#0,157058384#0,,395264628#4,-264459853#3,,,,,24061029#5,151313102,-43097008#9,
,-350217575#1,,-44886227#6,-44886564#1,228056324#0,681548222,-156919890#7,,91689528#0,43550255,,,,,4848945#1,39169192#0,154971175#4,
,355202492#1,,44885597#2-AddedOnRampEdge,266525174,254304969#0,94094793#2,184315497#4,,91689528#2,-89418364#0,,,,,92223213#4,97685754#3,196629130,
,304727991#1,,1057215461,266525183#1,51771205#0,-94094819#1,71470206#3,,683458164#5,23443416#1,,,,,538982924#0,894991909#3,312195005#6,
,31237829#0,,47111169#1,-161392598#1,-89423681#1,682261294,22730774#2,,736550490#3,52928549#1,,,,,46151739#3,265068937#0,42305097#4,
,27241669#1,,46876069#2,185216943,93325450#0-AddedOffRampEdge,772804652#0,22736181#1,,395264607#0,89420433#1,,,,,46151739#1,-734696705,103751347#5,
,171300274,,1058029001#0,154253470#2,41818365,368086832#0,667865217#1,,91689528#6,34951010#1,,,,,95274349#3,718432414,31297682#0,
,-1027009172#1,,190521610#1,261368286#5,264021277#0,157293003#2,22736446#0,,89823567#4,264459839#0,,,,,46151426#4,46869645#2,120531314#4,
,131156067#1,,-749803802#10,71470190#0,682420451#3,38790699#0,-151175242#0,,-34605308#0,89419990#2,,,,,97685639,929013756#1-AddedOnRampEdge,156575070#5,
,257357824,,660841900#0,-155035371,264017276#1,-273211128#1,152333576#1,,-89822284,458673382#0,,,,,-245069170#1,97685728#1,-43100782#7,
,31237872,,365706946#1,-1144401620,-231665609,95282554,136506337#6,,744419622#2,173022744#3,,,,,820180323,39629431#2,150349482#1,
,100102320,,-386246056,161392555,23260642#0,264448292#3,1057054850#3,,98883477#0,541902883,,,,,856631371#10,151329169#3,41527657#0,
,173954117,,297026345#0,365706946#0,1155226161,157292793,133434827,,89823567#3,458673380,,,,,-680782188#0,606147470#1,43724391#0,
,173954130#1,,47981601#0,120588503#6,41519621#0,94094885#3,-133288284#7,,-48390839#0,89430678#4,,,,,-74314563,4849049,27727758#0,
,-332634094#2,,-986505224,161392551,874155679#0,33625902#0,151175259#2,,265221586#0,-47127860#0,,,,,97671431,1026056857#4,648488815#0-AddedOnRampEdge,
,1166015104#0-AddedOnRampEdge,,72843608,208649499#6,90636489,1051315753#0,22736181#3,,-89934432,32122515#1,,,,,179260411#0,95277526#10,157366896#0,
,285454834#1-AddedOnRampEdge,,-1056876861,31280557#3,682699851#1,31046910,31096712#2,,89934489#2,258303760#1,,,,,1245989823,760752371#3,71366317#0,
,45173876#1,,644730737,70794984#6,-379075316,95396785#0,-449598456,,89041314#9,89419986#1,,,,,1055857397#1,33847144#8,-70509857#1,
,24372991#0,,-1057215462#1,161392586#1,93325426#0,-95396776#0,-228076693#1,,772804654#0,91854884,,,,,74314555#0,1132178318#0,-157058457#1,
,31283064#1,,-297026346#1,-70936554#0,34951786#1,95396756#3,372741506#0,,89825903#20,33050414#0,,,,,95274385#0,40969585#0,-135838552#0,
,1268288171,,-136550113,-31035836#4,231876388#0,35216007#5,372741501#1,,-231439973,-328531782#1,,,,,273211057#0,139085562#1,157366892#3,
,45177385#0,,1058297391,201348370,-92403802#1,314205670#0,-162173388,,199311785,32812366#0,,,,,273211091#7,46869645#3,-156942442#2,
,-863546409#0,,149986655#1,744266431#3,51937092#1,492041977#0,168663959#1,,579331697#0,75259451#6,,,,,-680782193#4,47025799#2,1258453170,
,297648255#1,,47113630#3,-261324433#2,-92403802#0,43100779#0,184314048#0,,23994706#7,460851984#2,,,,,-689924124#4,315233373#2,1257133855#0,
,779874419#1,,47981623#0,88561232#6,-219973540#1,839784838#1,-162173401#2,,89934445#2,89430678#5,,,,,-968060906#0,690198420#0,98593737#3,
,-45172606#1,,1056876859#3,742072643,24989806#0,1051315756#1,-120525586,,-395264612#3,91854870#1,,,,,24061029#10,-904911912,-55886805#4,
,-44883353#1,,-47114116#1,-161392626#0,993372630,-90795036#4,517046027#2,,182234686#27,48391008#0,,,,,-968060907#2,4848928#3,156938654#4,
,100226635,,149986797#0,792462092#3,34951714#1,667863952,-22736450#0,,89820753#0,72463851#0,,,,,856631371#15,-69963032#3,-126855563#1,
,209224915,,72843607#4,-161392518#0,33640827#1,264448651#2,-71470206#9,,89823533,-89182753,,,,,680788589#0,99591224,-1284307158,
,-44884664#0,,-1057198635#1,-671522408#3,35216114#3,157293040,-162173401#3,,395264617#0,-228056313,,,,,97685693#3,680788592#2,156575077#8,
,304919605#2,,-986505223,-71470213#3,55063538,-265176189,-199922052#0,,-196947998,-33118881#0,,,,,60659454#1,315233373#0,-154819598#1,
,-24372978#0,,1056408300#0,148642786#2,682699858#1,817790410,-71470206#14,,89828166,-72463458#4,,,,,97685712#3,538982927#4,-31297738#0,
,24372978#0,,462324821#0,-156919888#7,-263941940#1,35216007#9,702669087#3,,175252040#4,-458283475#2,,,,,97671461#1,196380141#4,1257133851#0,
,820360609#1,,151801157#0,-871138585#3,35216848#3,157293003#0,120525525#1,,-395264617#6,918334710#2,,,,,74314549#1,39629578#13,-319185011#0,
,805227609,,35956071,-70610417#0,682703707,-667863960,154971367#4,,-89822310#0,254326646#1,,,,,23488886#2,4848932#4,878619655#1,
,257357821#3,,-151560672#0,228514822#4,145569102#2,94094793#4,-22375367,,90835548#3,199311794#8,,,,,135175652#3,879780889,154458450#4,
,257357821#4,,151695968#0,88083349#2,-327521905,-265176676,151175267#3,,581742830#2,-72463458#0,,,,,-97685741,240388169#1,120531314#1,
,-44883381#2,,-47981602#1,682712378,92403859#1,95396843#0,220548975#0,,89881836#1,82624902,,,,,680781433#0,69963039#1,126859159#0,
,44883381#1,,1056405591,88561232#5,958539563#3,94094793#3,168664008#2,,89046648#0,41260920,,,,,172598552#2,319196850#6,158177940#7,
,680781422,,-44886289,154800507,-682699856,89825913#1,-220548969#1,,89825903#16,264459828,,,,,355240125#2,895804510#2,43724405,
,-1029277426,,-47113632#3,-148642786#3,-181579868#9,368086828#9,95396810,,577500018#1,463284093#2,,,,,538982926#1,879780891#4,154458450#3,
,387312970#1,,1124642416#2,-58209110#1,175994175#1,153190946,420083581#3,,-32358841#6,-536082140,,,,,893375978#0,539237086#2,154084101#0,
,743545404#0,,-47113657,120588896#6,44887721#1,438405583#4,28063954,,27916859#14,544340291#3,,,,,-40969574,759379782#4,-1258451874#1,
,46149611#1,,-224195459#3,986505886#2,33637414,368086830#0,1287664259,,-89823558,89213772#3,,,,,240392355#1,929013758#2,31297551#1,
,548903448#1,,796894968,156919887#1,-263935798#3,31047009#2,-157238663,,89822302#2,33640794#14,,,,,-820178850,660988514#2,150349482#2,
,44956025#1,,1110807852,-161392595#1,264021277#2,273211073#6,154971367#3,,585469371#0,-264459830,,,,,-97671331#0,39629550#1,-156942465#2,
,-22823721#1,,149986796#1,154253459,-537438903#1,31047273#0,667865208,,254327781#8,-23260460#1,,,,,179260411#6,440392835#2,-1284303462#0,
,101134277#1,,-189790242#1,70794984#4,263941940#0,95396765#0,407109951#0,,-231439977#1,-89419202#1,,,,,680782193#1,47025799#5,43101595#0,
,257357822#4,,1058027400#0,679937858,264021710,,120525563#1,,89934460#2,-91854877#2,,,,,69963040#1,459561640#0,98593749#3,
,429714228,,1066886859#1,744892450#0,264017864#1,,120525537#3,,577500018#0,-72463603#0,,,,,680781432#1,-139718199,-126859163#1,
,-297648255#1,,749803802#7,154253452#1,228056330#0,,-31096752#2,,89934445#0,328531802#3,,,,,636502358#3,895804510#0,304727921,
,149851229#3,,-151561487,-154253469#1,327402833#0,,397642511#6,,34605313#0,-33626801,,,,,97671452#1,-1070720646#1,30949727,
,46149190#2,,1057198632#1,-116436279#0,-181579868#6,,220552217#0,,-89828187,91854839#0,,,,,-46151739#8,257233099#0,-1024120796#3,
,335539645#1,,44885796#1,24294874#0,86867130#1,,-174022665,,586176997#0,89418354#1,,,,,1245764639,33847144#4,154082984#0,
,-131025950#3,,462324823#1,88083355,41519891#0,,315539209#2,,-231439977#0,89430682#1,,,,,97671397#7,538982927#6,-154819713,
,131025950#3,,-511201795#0,88956620#2,-34951880#3,,1135574250#3,,48390839#1,-34950844#0,,,,,690601667#2,139085562#3,-30919524,
,131156051#1,,41529971#0-AddedOffRampEdge,-304727900#1,254306532,,667865207#2,,587259249#0,-264459842#10,,,,,23488891#0,1245147127#1,154082984#4-AddedOffRampEdge,
,319196852,,147297543#1,-23288277#2,682703706,,1024125616#0,,-89934511#4,264459849,,,,,23488888#2,27695605#2,98593737#0,
,173954134,,4857840#0,23288278#1,1137751238,,1057054851,,-199311779#2,264459843#5,,,,,97671339#1,342481201#7,-43100782#4,
,1028244193,,47111169#3,-104353087#0,32122466,,-184315507#2,,89934428#1,46982423#2,,,,,667962678#1,319195387#2,-148642793#3,
,209210749#1,,-164774173#0,185217008,31887177#2,,-261326126#1,,587119225#1,46982301#8,,,,,97685742#4,59263148#0,-126855579,
,44883355#0,,-1057198635#0,1057054858#1,1244284992,,151175266#0,,89881824#2,31887171#0,,,,,97671387#6,440392835#0,1055855907,
,-44883354#0,,-47981633#0,1229917617,42294745#0,,50877021#5,,587259249#1,463284095#4,,,,,269150811#3,319195388#3,98593749#2,
,24060330,,46876070#0,669100015#2,128715173,,436182375#4,,236667144,-52928549#0,,,,,893375978#4,879780893,-148642796#6,
,44838405#2,,44886227#2,154253443,31050815#1,,152333593,,34605308#1,301494973#3,,,,,97685761#1,172598650#3,58070987,
,149136361#0,,44886286#2,1261366105#0,-34951880#1,,-367842333#1,,77100164#0,-91854875#0,,,,,157292833#10,942581083,30952224#0,
,-44883384#0,,190898553#1,-154253470#5,46983934#1,,-162173400#3,,199311779#4,584343267#4,,,,,95274372#2,651701877#0,148642777#0,
,-45172605#1,,47113638#0,-34078512#2,145569058#6,,-133288284#1,,89822277,89219849,,,,,97671476#4,160074527,58686246,
,30842114#1,,1237754027#0,1057527743#2,51771534,,-162173401#1,,89820776#0,-301494971#2,,,,,-355240125#3,4848932#8,31297682#4,
,-22823722#1,,72843613#1,-88083336#0,27085148#0,,168663984,,37672006#12,-89234087#0,,,,,178988161#4,172665597#0,-43051364#3,
,-22823721#4,,-681031183#1,58209119#4,31050815#0,,172365194#0,,395264626#8,91017767#1,,,,,240388168#3,39520581#2,71281733#1,
,-562112859#0,,164774171,24294874#1,264069678,,-120525537#2,,-231439988#2,89881818,,,,,97671376#6,33847143#1,1023600527#0,
,1028258372,,148940706#0,1057054858#3,-34951786#0,,162173387#1,,89934460#0,-364080011#4,,,,,48037790#1,-147812381#0,148642781#0,
,388577163#0,,579776240#0,228076698#1,263865427,,22736181#0,,-22720676#3,-43550256,,,,,95274385#10,44049166#5,1273185319,
,-31237829#1,,44886286#3,157296587#1,753523080#0,,-397642511#9,,531417291#2,258303757#4,,,,,97671394#1,97685642#1,-1023908216#0,
,680781718,,-47113650,-228514822#6,145569102#0,,517046814#5,,-595117873#1,683454880,,,,,95274385#7,539237085#0,31297738#3,
,355202500,,-199783476,304727900#2,264448295#4,,-220549214#1,,89929074#1,-161966884,,,,,24061029#7,718432415#0,1273185318#2,
,670065088#1,,1058027399,-34078512#1,139506059#2,,-449602006,,-683459297,89234350#0,,,,,95274397#0,97685613#2,1024102270#1,
,257357822#3,,-47981647#1,-161392519#3,-128715078#2,,151175244#0,,-89934443#1,33625005#0,,,,,-95274339#0,680788592#4,156942465#1,
,170624721#2,,386246054#0,-71470213#6,355080033,,392943690#2,,89820774#1,46982270#3,,,,,240388168#0,97685613#1,148642769,
,391633688#1,,1056878773#0,-154253456#1,-34951786#1,,-22562407#11,,-311890257,199311782#2,,,,,1245764637,580847357#1,518647368,
,391633688#0,,-1066890912#1,103945938#4,128715160,,152333600#1,,37672006#8,-1019987802#2,,,,,97671327#1,459561641#0-AddedOnRampEdge,30948680#2,
,-131025971#0,,-136400684#12,-161392507#1,24989745#1,,209210758#2,,34605309#0,264459843#3,,,,,245069170#5,95274341#0,55949732#1,
,46149185,,71367237,685193060#0,682699857#4,,-22736451#2,,-91006341#3,244317039#12,,,,,97671355#1,151313104#1,43100782#2,
,548903448#0,,-1056405592#0,749829569#5,92204258#1,,-392091746,,-533092484,546604219,,,,,968060909,319195387#9,1056397449,
,23704735,,59584804#2,669100015#3,203035364,,449585989#0,,-683457657#1,866351232#4,,,,,269150842#1,39520581#4,-135838552#3,
,44956025#0,,151801157#1,70364449#10,263881203#0,,517046814#7,,89881854#4,546952811,,,,,-680782188#9,539237084#4,1237946796#1,
,743545404#2,,44885597#7,-120588459#4,228056329#0,,-220548976#1,,597967648,46982274#0,,,,,-378284518#0,59266960#3,-43101595#2,
,198900395#0,,47113636#14,161392586#0,139506059#7,,368084608#2,,395264619#0,-334085546,,,,,92223213#0,929013756#0,135838552#5,
,-36688988#1,,-190527310#1,-31280270#0,-993372630,,-151175253#0,,77100166#2,-264459853#1,,,,,23489017#1,139718208,42305097#2,
,45172804#0,,-151560714#2,34078513#1,-537438903#3,,315539209#0,,200681431,-89240074#1,,,,,342481198#2,883261848#0,148642796#2,
,-257239012#0,,-47113644#1,693896095,35216848#0,,-133434897,,-796186459,544270674#1,,,,,178988162#7,929013755#1,-30952224#1,
,257239012#0,,1058036878#1,185217013#1,-231779274,,-184315508#0,,89934445#1,458673383#0,,,,,60659451,39169192#1,98320320,
,131156059#0,,149986654,-1229917614#9,22730620#1,,-184314056#1,,199311779#14,264459843#11,,,,,198900384#3,240595361#3,154458437,
,-44838842#0,,-189790242#0,-1080435559,33625073#3,,151175267#0,,-89831417#0,-75259451#10,,,,,1031976632#0,151313104#0,-153792684#2,
,457308034,,-1229651927#1,1057054856#1,41818364#0,,22736449#2,,89823539#0,89420433#2,,,,,97671476#0,39629550#3,-1023912413#1,
,257239021#3,,1056405594#2,228514822#2,32122426#0,,95396809#1,,89041314#5,89828152#2,,,,,690601667#0,39629550#0,312194999#3,
,23488560#1,,-1057198632#0,23217864#1,264019964,,199152198#0,,-91689528#0,41519038#1,,,,,1031976632#3,760933235,30946041,
,23488561#3,,724540987#0,-1056779405,-264017864#1,,31336390#3,,98883477#7,-570457257#0,,,,,680781432#2,95277526#12,1186502809#0,
,-44883382,,136400684#11,749869680#0,264448295#7,,136506337#4,,254327781#0,41519052,,,,,92223210,319195387#4,-41527657#3,
,-173954130#1,,47114118,-185216947#0,254304963#0,,27904494,,89825900#0,43991628#2,,,,,-46151739#3,95277526#3,1067778049,
,667867185,,-47113636#12,88083347#2,42294744#1,,172365189#0,,-91689528#4,264459825#4,,,,,95274398#3,-660988514#2,158806764,
,-466032171,,-151695968#1,-23288277#1,145569102#1,,-120525547#0,,-736550490#3,958537535#0,,,,,-46151739#1,680788593#1,135838438#2,
,-1027009174,,398675574#0,31280557#1,51933193#0,,157293029#0,,89934434#1,170598722#0,,,,,525293040,1103811023,-30948214#1,
,-149136360#1,,1057215452,185216948,34951863,,95396820#2,,-583258515#0,23260461#0,,,,,-97685639,342481197#1,30947123#2,
,-44883354#1,,-47113624#2,671522408#2,41818367#4,,367359810,,-581537565,-89430681#1,,,,,492442417#0,139082447,648488816#6,
,667959152#0,,-136400684#4,-616560955#3,139504332#3,,103761129#1,,99508337#0,134668783#1,,,,,95274398#2,-158180857,436048957#0,
,-131025950#2,,-44886287#0,70936546#3,379075338#0,,22736449#1,,-265221586#1,89430682#0,,,,,97671449#2,39629578#0,70330618,
,-296690015,,224195459#0,-261321460#0,89423678#0,,22730774#6,,199311801#19,85568120#4,,,,,95274349#4,39629431#0,436048951#0,
,-131025941#3,,151560757#0,744266431#5,93470047,,184293855#0,,581742830#0,1039905091#0,,,,,95274334#0,33847144#0,99702521#0,
,269150833#0,,-136400683#1,-120588503#5,27085148#3,,273211100#1,,48390814,328531827#0,,,,,92223190#1,282055760#0,1258453171#1,
,131025957#3,,-47113642#4,-139116576,34951755#0,,174022633#0,,332630470,-91854885#1,,,,,97671451#1,203572499,-526781973#0,
,332634091#6,,44885797#0,120469239#0,175994173#0,,-304727916#0,,89820745,46982301#4,,,,,97671455#1,139718219#0,-153792689#2,
,350217575#4,,-1058027400#3,115591852#3,41818364#1,,-367848147#4,,591738594#1,-149415594#1,,,,,-355238450#0,760752371#0,-148642781#1,
,242897859,,680260861,261480762,-682703706,,-162173421#2,,543019008#3,958537535#1,,,,,95274308#2,884274229#4,-319196848#13,
,580847356,,-136400684#16,58672755#2,56255801,,103761128#0,,395264610#8,-1127706328#0,,,,,152413923#3,1025991803#1,198929893#3,
,24372978#5,,1056874653#2,168663960#4,93325453#0,,54786435,,534412966,682262112#0,,,,,95274345#1,-139718226#1,55886812#0,
,46149193#1,,-136400684#14,163816326#2,92204278#0,,367848146,,182236082#2,89420431#1,,,,,4848943#1,1158715738#1,381697485#0,
,355202490#1,,-190527312#2,71470226,33625073#6,,168663958#1,,182236082#1,-47072157#1,,,,,-1055857397#1,759379782#2,-70610406#1,
,930964332#2,,-44886288#1,116436239,263935794#1,,-1024125608#0,,92034773#0,173022744#2,,,,,245069170#0,88690557#1,43680733,
,1028619481#0,,-190898553#3,23298951#0,44887720#2,,152333575#3,,395264612#8,89418363,,,,,-273211057#0,894991909#4,62332142#1,
,332634091#1,,749803802#2,1057527743#4,35216114#1,,-387345131#1,,438137502#0,24024045#6,,,,,23488888#3,69963039#2,98593789#2,
,170624716#1,,60185722#0,88561227,682712369#5,,30955568#0,,-89828166,46982301#0,,,,,97671486#1,929013763,198929895#0,
,682462417,,-297026350,-266525183#1,24989745#0,,220551730#0,,89881845#1,33640794#12,,,,,178899418#2,95277526#5,76187053#1,
,170624721#0,,-47113636#15,71470210#1,31624134#1,,209210760#1,,-1024849140,-160745254#2,,,,,-24061029#10,606147470#0,-1024102266,
,332634092#0,,47113636#9,70350393#4,93325429,,95396760,,77100164#8,254326623#2,,,,,636502358#1,651701877#2,157366892#0,
,548938581#2,,-136400684#0,45018631#3,34951880#2,,31035595,,395264627,280266451#2,,,,,269150837#0,1245147126#1,71366317#9,
,285677617#2,,47981601#8,104353087#4,-263935798#0,,-174022632#3,,-91686853#0,89210821#0,,,,,97671372,139085561#2,27727791#7,
,46149025,,164774173#1,-154253470#2,263956788#2,,120525515#2,,89934509#2,-23443416#1,,,,,680782189#1,69962700#1,956136645#1,
,261514199#1,,47113620#0,70936552#2,263935797#0,,184293865#3,,89831417#3,-52928549#1,,,,,1113105796#0,760734685#3,-31297738#7,
,-680781425#3,,-47114116#3,70350396#4,-263865427,,1057052866#1,,-89881836#1,-264459842#5,,,,,-23488886#4,4848928#4,30952224#8,
,4853035#3,,-190527312#0,-161392555,93325453#1,,392090724#9,,89934518#0,89206671#0,,,,,23488886#0,172598650#1,312195005#9,
,-23488560#0,,151560757#1,-174022637,-1298032332#0,,746533316,,37672006#14,32812349#0,,,,,97671387#2,736973905#1,648488815#0,
,209210748,,-148940705#1,185216944,537438903#7,,-220548969#0,,796186458,89419986#4,,,,,95274349#7,932390016#1,-43680741#0,
,19922760,,44885598#0,197530527#2,-175987706#0,,168663971#1,,254327781#7,89219861#1,,,,,-95274380,676291217#2,-319196848#8,
,-23704733#0,,44886285#0,-70794984#7,34951866,,157058384#2,,683455644#1,-458673382#1,,,,,269150813#1,4848932#0,-154971175#5,
,562112859#1,,-1066890912#0,-88561232#6,175987706#1,,168683414#3,,91006341#4,91854886#0,,,,,-46151739#6,-651701877#0,-99702521#3,
,-220547267#2,,-313310947#1,156575055#6,139506059#5,,184314051#2,,683457667#0,-89418360,,,,,1055853354,539237084#1,1186502809#2,
,-45172805#2,,-47113651#1,1060235884,-128715078#1,,397642511#3,,89934449#2,24024045#10,,,,,229878534,929013756#1,71281735#2,
,682476161,,-47111169#2,-1144401619,-355080033,,-28063946#0,,89934518#2,32812356#0,,,,,1031963663#2,282055760#3,156575077#3,
,220547267#3,,-1058029001#0,616560955#1,-93325433#1,,103761129#0,,37672006#11,328531790#0,,,,,157292833#5,243268914#0,-41527657#2,
,-285664431#1,,-190521610#2,616560955#2,262051128#0,,103760983#0,,503056678#1,427171555,,,,,273211096#1,139718225#2,436048947#9,
,-131110319#0,,44886287#1,-648082983#1,41818366,,156919890#4,,579331694#1,328531802#0,,,,,1069975920#0,539237085#2,-120531314#4,
,-131110355,,-297026345#1,154253470#1,1057181619#0,,162173421#1,,34605311#1,89419990#3,,,,,178988161#5,44049166#4,-1024115416,
,332634092#1,,-47981601#1,190552057#1,33640827#2,,22562407#4,,595262922#0,254326632#5,,,,,97685621#0,97685735,-31297682#9,
,319196856#1,,-72843608,-197665252#1,264448295#8,,-969494638#1,,89881837#2,-866351232#1,,,,,856631371#4,968060910#3,-199311778#2,
,131110319#0,,-644730737,88561232#1,408104677#0,,27904509#2,,395264620#3,91854814,,,,,680781437#0,-240595359#1,-157366896#1,
,257357818#1,,44886227#1,161392543,,,-31050180#0,,98883477#3,52517547#0,,,,,95274397#1,879780894,27727791#4,
,173954139,,-47113630#4,154253434#1,,,392940747#2,,395264636#0,89419197,,,,,-187797933,4848928#0,199311765#6,
,388577166#2,,1296331245#3,1057527741#4,,,228090233#1,,92034773#5,280266451#5,,,,,178988162#9,883261847#4,98593764#0,
,-332634094#1,,164774173#3,-148642786#2,,,372741502#2,,89823567#0,682262619#0,,,,,97671338#1,667962675#1,30949704#0,
,131025959#0,,151801165#1,24294873#1,,,151175223#2,,196306517,-72463458#6,,,,,157292833#1,151329184#3,154458468,
,23488564#0,,4857841,-154253469#3,,,-184314048#0,,260425576#1,1021351340#3,,,,,157292833#8,,706102508,
,46149610#1,,-1057215462#0,-88083336#1,,,266525189,,585279933#1,-543054885#2,,,,,178989944#0,,158177940#2,
,-131025931#1,,-47113630#3,-1060235883,,,319196849#6,,23994704#0,557375051#1,,,,,95274354#1,,43097008#1,
,131156023#1,,796894969#2,671522408#4,,,220549212#3,,589240680,518843396,,,,,264298077#5,,30919469#0,
,-22918541#4,,1058036879#8,-88083349#2,,,449399206#5,,89831415#1,-89419986#2,,,,,1245764640#0,,436048949#2,
,23488568#0,,-149986797#1,685193060#2,,,667865205#6,,90835548#1,-918334710#2,,,,,58704022#1,,304727814#1,
,257357818#0,,749803802#4,-679653135#0,,,76187048#0,,-48390839#1,89196126#1,,,,,198900392#1,,-154824101#0,
,680781715,,-1056408300#0,88083348,,,-151175266#2,,89041314#11,548970510,,,,,119569977,,-1258453170,
,46149187,,-147259688,-154800507,,,151175259#0,,-543019008#2,89418358,,,,,97671476#3,,98593737#2,
,388577166#6,,1124642414#4,1057054858#6,,,-133288284#6,,955942947,34950625#1,,,,,245069170#4,,154819636#0,
,-350217576#0,,1194311027#0,-986505886#2,,,397642511#1,,89831415#2,544342030#0,,,,,-288444984,,103751347#10,
,350217576#0,,462324820#7,669100015#0,,,-151175267#3,,-34605308#1,543209655#3,,,,,97685693#4,,-57889595#3,
,-131025941#1,,231449996,-154253459,,,-220548975#0,,254326640#2,-47072156,,,,,245069170#6,,-55670063#0,
,131025950#4,,47981601#4,-70794984#4,,,168683423#1,,89820774#0,178757945#2,,,,,1245764636#4,,30948214#3,
,1126633898,,1056876861,-185216966,,,372741506#3,,175252040#0,89420431#2,,,,,1031976629#1,,1284308176,
,45172805#1,,-1056405591,-746533317,,,-168664008#2,,-533092485#0,89240082#2,,,,,4848927,,126855545,
,1166015104#2,,681031181#1,71470177#4,,,667865213,,-199311779#5,-82624902,,,,,97671424#1,,319196855#2,
,-680781421,,-47113636#0,154253438,,,151175254#1,,-533092495,301494970#0,,,,,-97671353,,154027557#1,
,-100102319#2,,-164774173#5,-30841649#3,,,969494639#1,,33549841#1,34951236#0,,,,,492442417#2,,43051364#1,
,100102319#2,,-1066886859#1,-88083355,,,-667865208,,265225085#2,32122518#0,,,,,97671339#0,,706102496#2,
,285664494#0,,47114116#1,1279886348,,,-397642511#7,,-395264610#6,-463284093#3,,,,,1245989824#1,,31297682#1,
,44838405#1,,-1057198632#1,44886562#0,,,174022652,,381697487#1,52518334#0,,,,,1245989818#1,,319197093#0,
,-220547267#0,,432603494#0,30841649#9,,,-667865207#2,,37672006#0,130453217#0,,,,,1105285859#0,,260425575#1,
,257357802#1,,47981647#0,545585643#0,,,151175272#0,,22720676#6,277789325#7,,,,,74314549#2,,98593789#0,
,-131025950#1,,-71367225#0,154253444,,,30955568#3,,89828180,264459819#1,,,,,31046486#1,,156575077#5,
,131025954#2,,-47111169#4,156919888#5,,,168664005#1,,31050856#7,-736550490#1,,,,,97671461#4,,-56240930#0,
,1028241264,,72843607#3,88083349#5,,,407109951#1,,-395264626#9,543054885#0,,,,,95274307#1,,-120531314#1,
,333682045,,72843611#0,-154253443,,,-220549213,,156938659#7,682262110#0,,,,,-245069170#5,,-126859159#0,
,209210739#0,,164774174#0,103945938#2,,,-319196849#2,,683458162#3,32122515#2,,,,,-355239976#1,,-158177940#7,
,-23488561#0,,-796894969#1,-88083349#8,,,-22736450#1,,231524291#1,31958280#0,,,,,1279121054#0-AddedOnRampEdge,,1055857388,
,238836841,,46876069#4,154253469#2,,,-151175266#0,,835269971,512747171,,,,,97685747#0,,148642770,
,24372978#2,,313310947#2,88956628#0,,,436182375#9,,395264620#4,-91854839#0,,,,,680781434#0,,154458464,
,1123711307,,-47981636#1,1057050905#1,,,154971367#1,,872286905#2,-264459849,,,,,-60659451,,314088440#2,
,645224082#1,,-1066886864#1,156919888#6,,,228090241,,-395264626#1,89419196#1,,,,,-97685670,,56241383,
,-680781430#0,,47981602#1,154253434#2,,,133434896#2,,193618810#2,-264459845#1,,,,,273211091#1,,98593775#0,
,-1028258366,,44886289,-46655387#0,,,157058447,,23994706#1,-1021351340#2,,,,,46151426#0,,1023600527#2,
,209210756#0,,47113632#3,120588459#2,,,174022712#1,,91686849#2,-264459843#5,,,,,95274362#2,,154971175#2,
,-23488560#1,,47113657,-746533321#3,,,151175261,,-91689528#1,544270675#2,,,,,215959965#1,,-1024100296,
,376499341#0,,47113642#1,1057050913#1,,,-184314056#0,,199311779#13,89828152#0,,,,,95274385#1,,-98593749#3,
,-238836841,,-47981657#1,679937856,,,449648375,,381697487#6,-463284095#4,,,,,538982926#3,,43680742#3,
,-580847350#1,,-120456303,31280557#6,,,157292846#5,,89939071,-576811475#0,,,,,97685612,,30948680#3,
,-1029279502#0,,-47113638#0,-685193060#0,,,95396820#1,,925874568#1,-686373007,,,,,-680782197#1,,312195005#8,
,-261514199#1,,147297543#0,261324434,,,31053660#1,,-265225082,89430677#1,,,,,1055857393#1,,1257133851#2,
,267301957#0,,-164774171,88956627,,,103760989#2,,582894155#0,46982301#2,,,,,157292833#9,,157366896#2,
,267301957#1,,151561487,-156919888#0,,,22736451#4,,44776176#14,517820536#0,,,,,273211042#0,,-43099711#3,
,-680781715,,-148940706#1,120588503#0,,,-168663984,,-705001281,-458673382#5,,,,,46151739#4,,-43680742#2,
,-680781716,,-302028394#1,365706946#0-AddedOffRampEdge,,,-152333598#0,,1013426567,544270675#0,,,,,-95274349#4,,1011347576#0,
,149136360#1,,-44886286#3,-693896095,,,27727759#2,,89881820#1,46982270#1,,,,,-97671411#2,,-1055857401#0,
,131110319#1,,-680260860,23243740,,,151175260#2,,89825903#12,48391239#0,,,,,157292833#13,,-58070987,
,820360604,,-796894969#0,31303247#0,,,436182375#6,,156938659#8,81606324#0,,,,,680781439,,96828486#1,
,4848752,,72843619,-261324433#3,,,30998350#1,,89828151#0,-683454880,,,,,178988161#3,,198929893#2,
,44838842#0,,1056876862,-154253463#0,,,228090248#0,,-231439986#0,464000322#0,,,,,198900392#3,,-148642777#0,
,-46148744,,47114116#0,1057054855#0,,,-157058387#1,,-254327781#2,-23260460#2,,,,,97671376#4,,70353937#2,
,27242540,,,45664134#3,,,392092819#0,,89046669#7,-89234350#1,,,,,1245764633#3,,-148642796#0,
,998621641,,,-161392518#8,,,22736446#4,,533092485#1,580672561,,,,,-1177591509,,148642771#1,
,-45172807#0,,,1060226506#0,,,-151175266#3,,579331698#1,546231958,,,,,1279121054#0,,-58686248#1,
,44884105#2,,,70936554#1,,,1080759180#4,,-89881836#3,173022744#1,,,,,1245147133,,70509859#0,
,131025961#0,,,-115591840,,,392943665#3,,231211075,-264459843#3,,,,,1069975921,,156575070#3,
,24803926#1,,,88561232#7,,,31336390#1,,254326640#0,34951153#1,,,,,-245069170#0,,199311764#0,
,746064104#1,,,-88561232#3,,,-228076708#0,,683458161#0,1039905092#1,,,,,601322290,,57889595#0,
,44955970#3,,,161392615#0,,,-120528162,,23363176#0,89213772#5,,,,,636502357#2,,198929895#1,
,45172804#2,,,-671522408#2,,,-133434826,,-314205672#7,164586351,,,,,1055857395#1,,44308179,
,23488562#1,,,-70794980#5,,,133287965#3,,438137502#3,-91854839#1,,,,,97671397#1,,114496998#2,
,131156053#1,,,743631281#3,,,315539210#3,,89820771,-91216434#3,,,,,680760292#1,,-43101595#5,
,820214409,,,46655427#1,,,-71488894,,597169249,33050417,,,,,680782193#0,,-960810617,
,486067307,,,24294870#10,,,392088983#0,,-89939060,301494971#0,,,,,-23488886#1,,-31297738#5,
,46149609,,,-286703477#0,,,95396795#0,,-23995046,-264459825#5,,,,,1070720653#3,,198929893#4,
,388577160,,,120469241#0,,,95396764#0,,89041314#13,796186460#1,,,,,342481197#0,,-1273185318#3,
,44883354#1,,,71488888#0,,,-184250112#1,,91730193,-458673383#0,,,,,97671461#3,,55670063#1,
,1268288169,,,24294871,,,30954498#1,,89825914#5,328531828#4,,,,,1105285856,,1024125610#1,
,269150824,,,-154253449#1,,,209210746#3,,231439988#1,199311757#3,,,,,-95274398#1,,71359525#2,
,-131025954#0,,,-261480762,,,682462419#1,,608531036,34951053#1,,,,,97685712#1,,-156942465#1,
,131025969#0,,,120588896#4,,,-449585989#0,,43699315#5,-89828152#2,,,,,97685696,,312194999#1,
,332634091#2,,,71470195#2,,,667865207#3,,22720676#9,328531802#5,,,,,680782188#0,,1258451875#0,
,930964332#0,,,154253449#0,,,220552212#0,,683458162#1,58706164#1,,,,,97685711#1,,-148642769,
,-46149615#1,,,-746533321#4,,,517046027#0,,553054644#0,33549498#2,,,,,97671376#10,,-135838552#1,
,23990056#1,,,156575055#8,,,-103760979#1,,156938659#13,178757944#1,,,,,74314563,,99702562#0,
,46149605,,,148642786#0,,,103761129#7,,89831417#1,178757953,,,,,1031976626#0,,-1024120794#1,
,-23704726#0,,,1237936906#1,,,154971367#5,,-199311779#1,458283475#0,,,,,135175650,,58686258#4,
,-44838841#2,,,24294870#6,,,151175222#7,,89939069,543023529#0,,,,,378279497,,154458450#1,
,23488561#2,,,-1260445648#0,,,-365818022,,925874568#3,328531790#8,,,,,-355238450#1,,-43100782#2,
,46149022#1,,,31280557#5,,,174022682#1,,-92034773#4,-41519052,,,,,95277522#0,,-135838552#5,
,987136270,,,1259423448,,,156919890#2,,-231524291#3,91854877#0,,,,,97671455#2,,199311767#0,
,987135428,,,-70936552#2,,,-367848147#1,,260425576#11,23260462#1,,,,,1245764633#1,,-148642796#3,
,-1165717964#0,,,-746533321#2,,,-22736444#0,,-561014433,33549498#0,,,,,196380131,,31047303#6,
,-297648257#0,,,30841649#0,,,-162173391#0,,-395264612#10,459037937#0,,,,,97685645#0,,956136646#1,
,987135431,,,197530515#1,,,31096719#0,,395264612#4,258303757#3,,,,,178988161#0,,436048947#2,
,746064104#0,,,679653135#1,,,168663972#3,,145581936#2,-170598722#0,,,,,4848945#0,,154027637#0,
,131156093,,,1057527740#2,,,-103761129#1,,89934458#1,89430677#0,,,,,689924124#4,,-157366894,
,174022683#1-AddedOffRampEdge,,,-616560955#2,,,-184315508#1,,228056331,-24024046#3,,,,,968060907#0,,-43322650#2,
,174022683#2,,,960810633,,,392940747#1,,-231524291#2,41519038#3,,,,,680782193#3,,372443876#7,
,131156025#1,,,197530515#2,,,419753739#1,,199311801#7,149415578,,,,,273211091#9,,30956014#0,
,-36688988#2,,,685193060#1,,,168683423#4,,-89831417#3,134668783#0,,,,,856631371#3,,1257133857,
,-45172803#0,,,-702450016,,,220549209#0,,89823564#2,34951236#1,,,,,273211091#8,,436048949#0,
,149136359,,,184314060#0,,,-120525537#7,,77100164#5,89430682#3,,,,,198900396#2,,436042882#0,
,45174083#0,,,-71502569#4,,,103760987,,32358841#2,34950844#2,,,,,95274378,,148642787#0,
,45174083#1,,,88956624#1,,,436182375#1,,395264608,53208159#0,,,,,97671386#0,,43097008#4,
,24821259#0,,,-70794984#0,,,120528204#1,,89934432,55686195#0,,,,,97685741,,-99702521#0,
,388577164#0,,,-671522408#5,,,-30955568#2,,-254327781#7,89430685#0,,,,,240388168#2,,103751347#9,
,-220547267#3,,,71470185#1,,,-220551730#0,,1024849141,-89419992#0,,,,,27695601#0,,154027637#1,
,23350417#1,,,986505886#3,,,-151175260#1,,-91006341#4,463284095#2,,,,,97671366#1,,96828486#5,
,-45172803#2,,,208649513#4,,,184315507#1,,743780246#1,-458673382#6,,,,,198900384#1,,1258451874#3,
,1117138479#0-AddedOffRampEdge,,,1057054856#0,,,168663974#3,,156938659#0,-89418363,,,,,198900384#8,,120531314#3,
,1268123631,,,156575055#9,,,220552213,,-503056678#1,544442193,,,,,-1105285859#1,,-381697485#0,
,27241672,,,91096669#6,,,136506337#5,,166180318,199311794#10,,,,,273211113,,1258451874#2,
,680781428#3,,,-671522408#4,,,31046060#1,,231439973,32122518#2,,,,,97671331#0,,-1055855910,
,31283064#3,,,1057050910#1,,,168663972#2,,89828174#0,33625005#3,,,,,856631371#5,,-43097008#3,
,577567019,,,-685193060#2,,,228090251#1,,89934460#1,544340291#0,,,,,-355240125#5,,-76187053#1,
,492432411#1,,,156919888#3,,,-22736451#0,,872286905#0,280266451#0,,,,,178988162#4,,960810628,
,22823718#0,,,-88083348,,,184293866#2,,38790522,34950728#3,,,,,538982925#2,,304727814#3,
,680781430#1,,,-70794984#5,,,22562407#8,,27916859#18,-91854811,,,,,680760292#2,,-290874174#5,
,131156049#3,,,266525183#0,,,969494640,,-91006341#2,32122518#1,,,,,95274372#1,,199311765#0,
,335539644#0,,,161392598#1,,,103760989#0,,395264607#2,33627771#0,,,,,46151739#8,,436042880#5,
,1028619480#2,,,-148642786#4,,,-220548975#1,,-22720676#5,244317039#0,,,,,1139284719#1,,135838552#6,
,44883357#0,,,-23217864#0,,,1080759176#9,,395264629#0,458673382#2,,,,,95274385#5,,772804658#0,
,-44883381#1,,,-161392513#4,,,-367842332,,-92034773#6,-264459822,,,,,676291217#0,,436042879#1,
,-23704726#1,,,-120588896#1,,,-103761129#0,,89825903#25,264459842#11,,,,,187797935#0,,1023600527#3,
,23704726#0,,,45664134#0,,,168664008#3,,395264640#5,-265271575#1,,,,,1245764638#1,,-706102496#0,
,22823722#0,,,-1237936908#1,,,517046027#1,,-395264626#5,32130422#0,,,,,-680782188#6,,312195003#4,
,680781712,,,154253448,,,-120525530#0,,196947998,1127706328#1,,,,,74314558#1,,-148642777#1,
,36688988#1,,,208649513#3,,,103760979#7,,89929074#2,1133878589#2,,,,,198900384#5,,-43097008#6,
,36688988#2,,,-88083349#7,,,392090724#10,,237393906#0-AddedOnRampEdge,-1021407861#1,,,,,-680781434#0,,1011347575,
,-44883380#2,,,261324433#2,,,-31053667,,89881815#0,636894188#1,,,,,-24061029#9,,148642787#2,
,45173867,,,-154253438,,,-151175269#0,,587119225#0,178757956#1,,,,,97685761#2,,759086770#0,
,45172606#0,,,70350396#3,,,-151175242#1,,89881837#1,-23443416#4,,,,,-23488887#1,,464084177#8,
,46149022#0,,,161392626#0,,,-195531443#2,,-314205672#3,1042122376#0,,,,,97685747#1,,-71281735#3,
,24372978#3,,,71470210#0,,,-22562396#0,,260425576#6,89418354#0,,,,,203301442,,70330619#1,
,297648257#0,,,-154253444,,,672919572,,89213766#10,-85568111#1,,,,,40969591#0,,58064598#0,
,-297648257#1,,,71470213#2,,,-228076693#0,,34605309#1,89430683#1,,,,,46151427#0,,59262037#0,
,24372990#1,,,-103945938#3,,,-220549212#3,,-583258514,-91854814,,,,,1031963665#1,,120531314#2,
,-44883380#1,,,742072642,,,368085648#0,,-265225085#2,-89419197,,,,,820180321,,43322798#3,
,44883380#1,,,871138585#2,,,387345131#0,,89823547#1,86867128#3,,,,,-1055857393#1,,-156942465#3,
,131025929#2,,,-156919888#6,,,-449399206#7,,145581936#0,-682262619#1,,,,,1245764635#0,,878619655#0,
,304919603#0,,,115591852#0,,,-103760979#6,,580443871#2,89240073#4,,,,,97671426#3,,154082984#1,
,333682042#2,,,-154253434#2,,,157058385#1,,92028365#0,544342030#1,,,,,97671343#2,,-27727791#6,
,-46149194#0,,,71502569#9,,,667865216#2,,-89934511#3,1177605681#3,,,,,273211041,,154458459,
,-23704749#1,,,-120588459#2,,,261326133#1,,27916859#19,-1021351340#4,,,,,97671385,,464084172#6,
,135195086,,,58209110#1,,,22736448#1,,89825910#3,-91854885#2,,,,,95274354#0,,199311778#6,
,39629447#4,,,103945933#0,,,157058379#3,,-91689533,46982284#0,,,,,264298077#2,,-43097008#1,
,171300278#1,,,-679937857,,,151175247#1,,-22720676#7,-518843396,,,,,198900396#3,,154027661#0,
,1265766814#0,,,70794980#4,,,133230931#2,,199311801#3,91854872,,,,,240392347#2,,-120531314#0,
,209215786#2,,,669100015#4,,,220551732,,89825903#6,549451720,,,,,97671387#5,,464084172#4,
,22823716#0,,,154253469#1,,,-449490580#1,,236667129#11,1021351340#0,,,,,-680782188#7,,-154819636#1,
,31283064#2,,,-88083360,,,-31096752#0,,89934514,328531828#0,,,,,97671376#9,,-173185145#5,
,332634092#2,,,-70936554#2,,,1024125607#2,,32389616#0,24024046#1,,,,,157292833#14,,-148642787#1,
,1028244194,,,-887406167,,,-31053515#0,,89881857#2,89234087#1,,,,,97671461#0,,30948214#0,
,682462418,,,-161392620#0,,,133287965#2,,543019007#1,193618812#15,,,,,-172598552#0,,-30919189#0,
,387312971#1,,,-88937127#0,,,120525525#0,,395264631#0,72463466#0,,,,,680782188#9,,126859161#1,
,23704726#1,,,116436274#1,,,30955660#0,,47416766,513567595,,,,,378284518#0,,-30952224#2,
,22918541#5,,,-88561232#8,,,95396813,,89828187,46982423#0,,,,,97671376#11,,70509860#1,
,1165717964#0,,,-161392615#0,,,220552212#1,,-199311779#13,228766720#0,,,,,-601322290,,1024128471#0,
,266086958,,,31280557#0,,,157296628#3,,724402164#3,46982423#1,,,,,178989944#3,,30919189#2,
,405795839,,,-154253456#0,,,-151175272#0,,91006344#2,543209655#1,,,,,178988162#6,,173185147#1,
,1268288167,,,-120588503#4,,,425640363,,231439977#0,89418364#0,,,,,58704022#4,,1062056472#2,
,44884663#0,,,190433604#1,,,-162173424#1,,683455643#1,34998006#2,,,,,-680782193#0,,126859151,
,568498789,,,154253470#5,,,-407109951#1,,89934511#4,-89420431#2,,,,,240388169#2,,43097008#8,
,511081977#0,,,161392595#3,,,154971367#8,,-198164114,-89240082#2,,,,,97671386#1,,114496981#0,
,24821259#1,,,1257221457,,,151175242#0,,182234686#10,1177605681#0,,,,,95274374#0,,286703476#0,
,-24372996#1,,,116436274#0,,,31050180#1,,182234686#17,228766720#1,,,,,97685711#3,,-706102496#2,
,-667867184,,,-120469241#0,,,95396831,,591738594#0,89420435#0,,,,,95274348#1,,152185736#1,
,46149610#2,,,-34078514,,,-151175237,,89934428#0,58706164#0,,,,,97685742#3,,150349482#0,
,-1028619483,,,-871138585#4,,,168664005#0,,-618273211,-47072157#0,,,,,242897855,,-319197093#1,
,1028619496#2,,,71470177#0,,,199297129,,738893122#0,301494973#2,,,,,97671396#0,,-57872683#0,
,22823721#2,,,70944770#0,,,31047306#1,,-533092485#1,-55686075#4,,,,,95274385#4,,-98593789#0,
,171300277#1,,,45664134#2,,,168664005#2,,89881831#0,31887176,,,,,23488890#0,,199311765#3,
,257239011#0,,,71470190#18,,,-392092815,,23994706#0,46982301#7,,,,,269150842#4,,158177940#1,
,24372991#4,,,-88083349#4,,,-228090241,,531417291#0,584343267#2,,,,,157292833#12,,43097008#9,
,-930964332#2,,,-120588896#5,,,59262034#2,,395264623#0,-543054885#0,,,,,355238450#0,,31047303#2,
,746064101,,,-44886562#2,,,76187048#3,,-89820771,328531782#0,,,,,97685761#4,,43097008#0,
,-24060330,,,161392519#3,,,-133434896#2,,89825912#1,-91854875#2,,,,,538982925#0,,157058468#3,
,1029279502#0,,,-148642786#0,,,199922055,,92034761#14,536520674,,,,,1055857394#0,,148642784#3,
,400830346,,,71470213#6,,,-157058447,,-89934436#0,-89240074#0,,,,,1031963663#1,,155035384,
,265010616#0,,,-70794980#7,,,162173388,,89046669#0,34951154,,,,,-680782193#3,,55886812#1,
,257357812#4,,,70936546#4,,,28063950#0,,-199311779#9,-571930272,,,,,163198815#2,,-98593775#0,
,335539644#1,,,31280270#0,,,367848148,,772804653#0,89430685#1,,,,,215959964#0,,878619659#0,
,45177678,,,1229917614#3,,,151175254#2,,89934445#3,-89419196#1,,,,,97671476#1,,-1024100281,
,1165717963#1,,,154253462#2,,,-71470206#11,,199311797#1,72463851#1,,,,,95274380,,30948214#2,
,45017540,,,-58209110#3,,,-103760989#3,,89825903#27,178757945#0,,,,,97685742#1,,-43680742#3,
,297648261,,,-749995746#0,,,-157058463#1,,-89934506#1,460851984#7,,,,,97685687,,70509857#1,
,44838842#1,,,951228305,,,120525586,,89934443#1,89185075#0,,,,,46151739#6,,148642784#2,
,388577161#0,,,1056779405,,,-152333598#2,,231204850,85568120#7,,,,,-97671458,,-154723062#0,
,584188113,,,-71470213#4,,,1080759176#11,,585469371#1,48788423#3,,,,,172598637#4,,135838551,
,584188115,,,566057084,,,682462419#0-AddedOnRampEdge,,145581932#1,460851984#3,,,,,1245764634,,-127518255,
,-46149185,,,185216947#0,,,392092817#1,,-89831417#1,228056313,,,,,163198815#6,,148642797#0,
,265010588#2,,,23288277#1,,,22736450#0,,682261291#0,458283475#2,,,,,54786433#1,,956136645#5,
,27241671#0,,,168663960#0,,,220548972#0,,796186459,458283475#5,,,,,27695601#1,,43680742#1,
,680781714,,,1080759180#9,,,162173401#3,,89823541,328531828#2,,,,,273211091#6,,-148642771#1,
,-36688988#0,,,71470185#0,,,372741501#2,,89831417#0,544340291#2,,,,,97671478#0,,126855563#0,
,131156087#1,,,669103389,,,372741506#5,,89825914#1,81606324#1,,,,,95274372#0,,199311778#3,
,-426816157,,,749829569#8,,,22375367,,265221586#4,543054883,,,,,636502357#1,,-1126340239#2,
,1028258364,,,-70639085#4,,,-133287965#3,,592386073#0,149415593#0,,,,,97671480#3,,-70509858#2,
,209366310#0,,,190552057#4,,,-133288284#0,,89881832#2,463284094#4,,,,,-24061029#3,,43724393#0,
,-171300262,,,-88083349#1,,,220548969#1,,89934452,89420434,,,,,187797933,,55886808,
,-45172804#5,,,-685193060#1,,,22562407#1,,-54681242#0,55686236#1,,,,,74314562#0,,464084177#3,
,645224085#1,,,-266525191#2,,,157238663,,89825903#2,-91854866,,,,,97685693#0,,157058455#11,
,645224085#0,,,616560955#3,,,-220548970#2-AddedOffRampEdge,,89823549,52518334#1,,,,,23770583#3,,98593793#0,
,24053246,,,1057054858#4,,,517046814#2,,583258515#0,-34951153#1,,,,,58704022#2,,-31297738#1,
,548903448#4,,,-161392518#2,,,-969494638#2,,89825903#21,91854874,,,,,4848943#2,,154819598#1,
,391633685#0,,,120588503#5,,,162173387#0,,581537565,220470668#1,,,,,95277522#1,,70509855#3,
,-46148745#1,,,139116576,,,31096752#2,,-32358841#3,536082140,,,,,1245764636#3,,464084177#6,
,-44883356,,,-228076698#0,,,168683423#6,,99510470#0,89430684#2,,,,,273211091#5,,-71284538,
,45174138#0,,,286703487#1,,,184314030,,395264620#0,517927340#1,,,,,286434746,,648488815#1,
,44955970#4,,,-230293774#1,,,172365189#2,,260425576#0,33050420,,,,,97671427#2,,648488815#2,
,45172604,,,1028619488,,,449399206#11,,31050856#0,-89234350#3,,,,,-525291477,,114496980#8,
,-45174083#0,,,31280557#9,,,-168664008#0,,89825903#18,23260460#0,,,,,-187797935#0,,464084181#3,
,-335539638,,,45018631#0,,,95396807,,587259249#2,264459843#7,,,,,97685630,,436048957#2,
,46149188,,,-44886562#1,,,103760983#2,,-89828174#0,181579860,,,,,97671426#0,,436042880#3,
,491027863,,,-749995746#1,,,30998306#0,,750083498#4,91854877#2,,,,,893375978#2,,-43322645#3,
,304919602#3-AddedOnRampEdge,,,1057050907#2,,,184315507#2,,-31050856#6,-264459842#1,,,,,95274313,,1023908212#0,
,131156057#0,,,-104353087#3,,,-220548970#0,,92034761#4,-301494971#0,,,,,74314557#0,,-436042881#2,
,743545405#1,,,-156919888#4,,,228076708#1,,591995053#0,33626782,,,,,269150811#0,,156942465#2,
,-45172804#2,,,154083062,,,154971368#1,,381697486#2,89213772#7,,,,,97671353,,156575075#1,
,-44838407,,,190552056#2,,,1297669676,,-199311779#23,48391175#1,,,,,240388169#8,,1284303462#0,
,694540174,,,-266525183#0,,,-174022682#1,,395264623#6,52517547#1,,,,,-378279504,,98593753,
,951326912,,,91096669#4,,,184293866#3,,89822286,55686081#1,,,,,1031976626#1,,126859163#1,
,951326913#0,,,24294870#5,,,-156919890#3,,89820767#0,41519033#2,,,,,97685672,,1011347581,
,-45017437,,,-208649513#3,,,22730774#5,,395264637#1,89206669,,,,,-355239976#0,,-154027637#0,
,269150818#1,,,871138585#0,,,162173400#3,,90835548#4,237528239#0,,,,,1085022605#1,,98593820,
,44955971#0,,,744698554#2,,,-220549212#1,,395264639#2,-91216434#1,,,,,1085022609,,43099711#3,
,46149023#0,,,-201348372,,,367848145,,89934434#0,1042122375#5,,,,,97685621#1,,-152185706#1,
,296689963#2,,,1144401619,,,168664008#4,,582894155#2,-458283475#1,,,,,95274372#3,,98593775#3,
,680781431#0,,,44886564#3,,,22730778#0,,1024849140,193618812#4,,,,,355239976#1,,-793145062,
,44838407,,,648082983#1,,,174022712#2,,89823567#5,89430685#2,,,,,1245764636#0,,-148642788#1,
,-355202500,,,349459713#2,,,-22736181#2,,587259249#4,-91854877#0,,,,,97671459,,31297551#2,
,-198900393,,,197665252#1,,,392091747,,92034761#9,682712374#4,,,,,-24061029#8,,-436048949#0,
,-27241669#3,,,103945933#2,,,-31096719#0,,395264636#3,-91854885#0,,,,,240388168#4,,126855579,
,23704749#0,,,161392595#2,,,95396809#2,,737611521#1,-364080011#0,,,,,58704022#0,,-148642787#0,
,-131025941#0,,,-71470210#0,,,-156919890#5,,91686853#0,91854875#0,,,,,97685776,,-43097008#5,
,-44884663#1,,,30841649#4,,,162173401#1,,89934509#5,89219852#0,,,,,1085022605#4,,156575070#2,
,44884663#1,,,-261324433#1,,,-103760979#2,,182234686#23,301494971#2,,,,,-46151742,,-43321686#1,
,682445842#0,,,156344565,,,120525537#2,,607060797#0,24060958#15,,,,,97685670,,-148642793#2,
,682445842#1-AddedOnRampEdge,,,-88561232#0,,,392092817#0,,512189144,43991628#1,,,,,97671386#3,,114496980#4,
,-173954118,,,-174022595#0,,,228090243#0,,27916859#23,43550256,,,,,95274385#8,,-878619657,
,36688988#3,,,154253469#3,,,397642511#9,,48390906,364080011#3,,,,,240392347#0,,103751347#4,
,131110355,,,88083336#1,,,420082433,,1299028152#0,-89419986#3,,,,,97671396#1,,-154027637#1,
,1028241262,,,-161392557,,,174022674#1,,89822307#0,-141597712,,,,,97671366#2,,-1258451874#3,
,388577163#1,,,1060235883,,,220549214#1,,89823555#3,458842531#0,,,,,478293893#0,,-120531314#3,
,-44883381#0,,,-71488888#1,,,304727708,,19922745#6,24024045#14,,,,,97671480#2,,70509855#4,
,609968226,,,58672755#0,,,313606688#5,,945962606#0,91854865#0,,,,,1245147140#1,,154082984#5,
,466032165,,,-71502569#12,,,315539210#1,,34605310,682262115#6,,,,,690984489,,70330619#3,
,682445842#1,,,227968024#1,,,136506337#1,,19922745#9,199311794#19,,,,,97671472,,-304727814#4,
,209210744#0,,,71470190#17,,,131633150,,89831418#0,89216424#0,,,,,1245989818#0,,1010964742,
,24372996#1,,,-70794980#4,,,-133434783,,89881843,1042122375#8,,,,,97685712#2,,30948680#1,
,198900394#1,,,986505887,,,528899353#2,,-47416766,-89420436#1,,,,,680782197#0,,-148642771#3,
,-354858504#1,,,-228090234#0,,,133230931#0,,683464858#1,509241395#0,,,,,1234173061,,59262037#4,
,-22918541#2,,,116436279#1,,,22562407#10,,438137502#1,-1039902221#2,,,,,1284334995#2,,759086770#4,
,-131110319#1,,,-88937127#1,,,392943690#4,,-395264637#0,32122590,,,,,97671411#2,,156575105#0,
,23489088#1,,,-161392595#0,,,1030678059#0,,544170376,-154093154,,,,,680782192#1,,198929894#0,
,45173866#1,,,70794980#3,,,151175269#1,,77100166#0,34998006#0,,,,,1177591509,,-135838552#6,
,131025969#2,,,185216975#0,,,22736451#2,,543019008#2,43550983#0,,,,,1245147140#0,,135838552#3,
,131025969#3,,,185216966,,,-220548970#2,,582894155#1,24024042#0,,,,,-97671337#3,,1257133850#0,
,45172605#1,,,746533317,,,-168663974#3,,292495147,1301094954#1,,,,,1245764638#0,,43101595#1,
,-44883385,,,156919887#0,,,152333575#5,,-92034773#10,509241395#3,,,,,97685779#2,,98593775#4,
,354858508#0,,,30841649#2,,,220548976#1,,583741284#7,199311794#13,,,,,-97671411#1,,43322798#5,
,-285664431#0,,,154253434#3,,,151175253#0,,89881831#1,-35777909#5,,,,,97671445#0,,-71361922,
,-24372978#2,,,-70936552#1,,,151175220#1,,533092485#0,264459843#0,,,,,97671479,,-58064598#1,
,25824086,,,23313775,,,151175254#0,,533092495,-463284095#1,,,,,178988161#2,,1023912413#0,
,173954137,,,161392564,,,436182375#3,,34605313#2,193618812#6,,,,,157292893,,55887208,
,-680781427#0,,,-44886563,,,-103760989#1,,395264610#5,1119110193#0,,,,,198900384#6,,-43322798#3,
,746064103,,,120588459#1,,,365814433,,772804653#2,89418355#0,,,,,69963039#0,,41527657#3,
,-45172803#1,,,702450013,,,-168664008#3,,89822295,32812356#5,,,,,689924124#1,,126859148#0,
,304727919#1,,,120588691#0,,,-517046027#1,,182234686#3,264459853#0,,,,,342481201#13,,1265530081#0,
,-680781425#2,,,88083349#8,,,28063951#3,,-92029879#2,1042122374,,,,,95274398#1,,312195003#2,
,131025957#0,,,-190433604#1,,,-103760979#7,,89825903#4,41519045#2,,,,,97671392#0,,31047303#3,
,-220547267#1,,,-161392595#3,,,-157292942#0,,98883477#5,-89419196#0,,,,,-680782188#3,,-43097008#2,
,102519003,,,-1257221457,,,151175230,,89881854#0,89206671#1,,,,,378279498,,-199311778#7,
,396771661#2-AddedOnRampEdge,,,1060226511,,,261326133#2,,-531417291#0,-33627771#1,,,,,97671452#2,,27727791#1,
,466032171,,,960810636,,,-449396163#2,,199311794#16,41519038#2,,,,,97671455#0,,-1024102268,
,670065088#0,,,1256063070#1,,,-454877730#1,,-89881819,1054774756#0,,,,,46151427#1,,-154027661#0,
,492432409,,,31280270#1,,,1024125608#0,,43991629#1,91686849#0,,,,,23488890#2,,96828486#2,
,-350217576#1,,,46655387#0,,,92377217,,89831418#1,-95399107#0,,,,,760760235#1,,-98593736#3,
,131025946,,,70364449#3,,,387345131#1,,395264631#2,-683454879#2,,,,,355238450#1,,114496980#7,
,670065088#2,,,-161392610,,,392090724#7,,759797589#1,-314210314#1,,,,,215959964#2,,319196848#12,
,1147401996,,,746533321#3,,,228090233#3,,395264626#0,89240082#0,,,,,97671480#4,,156938673#0,
,-102519007#0,,,-70794984#2,,,1184567002#0,,89881845#0,570457257#0,,,,,667962678#0,,99702562#2,
,353940879#0,,,-190552056#1,,,-151175247#1,,91689528#1,1042122375#0,,,,,342481200,,-31297738#9,
,46149195,,,157296585#0,,,-157292953,,-395264626#6,53156654#0,,,,,97671356,,397645478,
,879498552#1,,,744698554#0,,,184314046#1,,89823562#1,254326632#1,,,,,97685711#2,,878619655#2,
,102126349#1,,,-23288278#0,,,-103761129#6,,592386073#1,52517546#1,,,,,,,120531314#5,
,31237829#2,,,154253457#0,,,-133287965#2,,30931326,89430681#1,,,,,,,70610406#1,
,269150818#0,,,154800556#1,,,-30955660#1,,265225082,178757944#0,,,,,,,1024102266,
,-1120579613,,,103761128#1,,,528899354#1,,-89823541,199311757#1,,,,,,,-1024102269,
,100102319#1,,,-70936554#5,,,-103761129#2,,705001281,172011556,,,,,,,1062056471#0,
,-23488562#0,,,-23288277#5,,,220548969#0,,199311794#15,-264459843#10,,,,,,,-126859163#0,
,987049868,,,-154253462#2,,,-174022677#1,,23363176#1,58706164#3,,,,,,,156575070#6,
,667867184,,,261324433#3,,,28063950#1,,-503056678#0,89419202#0,,,,,,,-91899427#4,
,332634094#2,,,154253463#0,,,-169811760,,89929096#0,-89417144#1,,,,,,,31297738#6,
,-44883357#1,,,70936552#4,,,-199297129,,99510466#2,199311798#0,,,,,,,-71359527#3,
,131025950#2,,,-951228305,,,969494638#1,,-89825914#4,91854885#1,,,,,,,-1024120796#0,
,-45172804#3,,,161392615#2,,,151175247#0,,-166180319,587067865#1,,,,,,,98593799#0,
,-131025950#4,,,-616560955#0,,,31050180#0,,-265221586#4,-23260462#3,,,,,,,-158177940#1,
,46149190#1,,,161392518#7,,,-199922055,,27916859#7,32130055#2,,,,,,,-30952224#3,
,45172803#0,,,1060226507#1,,,95396832#1,,92034761#0,265271590#0,,,,,,,56240964#2,
,23704718#2,,,-46655425,,,152333575#1,,-395264639#1,-89234087#1,,,,,,,319196848#8,
,391633685#1,,,-161392507#0,,,-969494638#0,,89823562#0,-170598717#0,,,,,,,-148642772#0,
,354858508#1-AddedOnRampEdge,,,24294870#3,,,-133288286#1,,89828176#0,75259453#0,,,,,,,99702521#3,
,354858508#1,,,115591840,,,-151175269#2,,231439986#0,34950625#4,,,,,,,-304727814#0,
,-23704733#1,,,88561232#2,,,392943665#1,,586176997#2,314210316#0,,,,,,,98593803#1,
,45172805#0,,,154253469#4,,,103761129#3,,89881854#3,1127706328#0,,,,,,,-43097008#0,
,354858485#2,,,-669103389,,,-162173424#0,,89881836#3,24989774#1,,,,,,,-28050206,
,154125462,,,266525226#1,,,315539209#5,,89823555#2,-72463466#1,,,,,,,41527657#2,
,-131025946,,,70794980#5,,,151175266#2,,589240682,47072157#1,,,,,,,-266525226#0,
,23704733#0,,,744266431#2,,,-22736451#3,,237393909#1,-156642443#1,,,,,,,41184057,
,46149604#1,,,-71502569#6,,,174022632#1,,43699315#11,43991628#0,,,,,,,-30948214#2,
,265010616#1,,,-1057054858#4,,,-22562403#3,,543019007#0,89430684#1,,,,,,,1024120795#0,
,-44838405#1,,,24294873#2,,,400705708#2,,-77100175#0,264459842#4,,,,,,,31297682#8,
,-131156400#0,,,1028619490,,,-168683414#4,,89831417#2,86867128#2,,,,,,,199311778#0,
,-131025954#1,,,-161392616#0,,,-22562407#1,,314205672#6,33625005#5,,,,,,,-148642784#2,
,-285677614#2,,,744698554#1,,,1024125608#1,,89881841#1,531013210#1,,,,,,,-173185144#0,
,388577161#1,,,-28063955#2,,,-151175271#0,,-683459298#0,580672559#3,,,,,,,47036733,
,651677176,,,751972892#1,,,120525537#4,,89939060,-23443416#0,,,,,,,-71281735#1,
,45172803#1,,,154253449#1,,,969494643,,89823564#1,1039902220#0,,,,,,,-148642797#0,
,-667959153,,,156919938#2,,,-449399206#12,,199311779#19,41519045#0,,,,,,,154824101#0,
,24821261,,,1057054858#2,,,30954471,,945962606#2,-34950844#5,,,,,,,53542680#3,
,388577158,,,1229917616,,,184314035,,23995046,89418360,,,,,,,57889595#3,
,257239019#0,,,746533321#4,,,220549213,,-89825914#20,328531802#15,,,,,,,55670063#0,
,332634091#3,,,45018631#7,,,-30998306#0,,-31050856#2,193618812#0,,,,,,,-43680742#1,
,266086965,,,-742072640,,,319196849#1,,438132738#0,58706164#2,,,,,,,-126859161#0,
,266086964,,,161392508,,,22736450#1,,89934436#1,34950728#0,,,,,,,-199311778#5,
,198900394#0,,,986505885,,,152333575#4,,-199311779#7,866351232#1,,,,,,,70509855#1,
,1117138480#1,,,1261366106#0,,,-228076708#1,,-736550490#5,-536520674,,,,,,,260425575#0,
,102519007#0,,,-154083062,,,368085651#1,,-591995053#0,33549498#1,,,,,,,-43724393#0,
,243799234,,,-190552056#2,,,319196849#8,,-579331696,75259451#0,,,,,,,157058455#0,
,548903448#3,,,749829569#6,,,22736449#0,,-89828168,72463458#6,,,,,,,148642794#1,
,1166015108,,,47120880,,,-174022682#0,,381697486#4,89430678#2,,,,,,,59262037#2,
,580847350#1,,,-228076698#5,,,184314056#0,,199311779#0,543054885#2,,,,,,,683464859#1,
,131110375,,,746533321#1,,,-397642511#8,,-395264637#1,91730169#0,,,,,,,372443876#6,
,-27241668#3,,,-31277568,,,888035089#2,,543019008#1,753544147#1,,,,,,,312195005#4,
,-44884663#0,,,1237936904,,,152333598#0,,89881845#2,33640794#6,,,,,,,1023908216#1,
,257239009#1,,,-46655387#2,,,-1024125611,,395264623#5,301494971#1,,,,,,,312195002#2,
,332634094#1,,,-871138585#1,,,157058387#1,,37672006#6,46982301#1,,,,,,,-706102496#1,
,171300262,,,1256063071#1,,,-22562407#0,,231524291#3,33627853#0,,,,,,,157058371,
,257239015#1,,,-44886564#4,,,368083806#1,,19922745#11,89419986#2,,,,,,,156575077#7,
,173954128#0,,,197530527#0,,,-133288284#5,,561014433,-458283475#7,,,,,,,-1023908212#1,
,173954124,,,70350401,,,31053660#2,,-395264639#2,-543054883,,,,,,,464084177#10,
,-131025939#0,,,-161392595#2,,,392092817#4,,89825910#0,178757956#0,,,,,,,1056781891#0,
,265010585#0,,,70364449#0,,,368086015#1,,579331698#0,328531802#10,,,,,,,464084181#1,
,396771661#4,,,702450016,,,151175266#3,,589249428#0,-89420434,,,,,,,55886812#4,
,-44838841#3,,,24294873#4,,,157292846#6,,156938659#5,47072156,,,,,,,43724391#1,
,170624721#4,,,-30841649#6,,,-174022674#1,,-579417817#1,-52518334#2,,,,,,,-98593775#3,
,131025929#1,,,-986505886#0,,,392943690#7,,91686849#3,34951229#0,,,,,,,381697485#2,
,-23488568#0,,,746884464#2,,,420083581#0,,438137485#0,-91854874,,,,,,,154819743#0,
,23488568#1,,,71502569#4,,,228076708#0,,-22720676#8,34949380#4,,,,,,,-319196848#9,
,296690015,,,70794984#0,,,174022677#3,,231524291#2,89430676#1,,,,,,,43680742#2,
,388577162#1,,,71470185#6,,,157058463#2,,89046669#8,-1039905092#0,,,,,,,-31297551#2,
,23704733#1,,,671522408#5,,,120528162,,772804657#0,-264459843#7,,,,,,,70324971#4,
,131025963#0,,,70350393#3,,,133434826,,89822310#1,682712374#3,,,,,,,436042880#16,
,332634092#3,,,669100015#1,,,184315497#1,,27916859#12,33118876#0,,,,,,,148642796#0,
,-304727992,,,-58672755#0,,,103760983#1,,-512189144,736550490#0,,,,,,,58686248#0,
,1117138480#0,,,313849721#0,,,1135574250#2,,-581537566,220470666#1,,,,,,,312194995#1,
,396771661#3,,,104353087#2,,,392088983#1,,-314205672#5,220470668#0,,,,,,,-43099711#2,
,171300263#0,,,70794984#5,,,492041972,,-1024849137,91854853#2,,,,,,,314088440#0,
,24803931#1,,,148642786#4,,,-454877732#1,,89822307#1,85568120#0,,,,,,,156575056#7,
,24821311#1,,,23217864#0,,,71488894,,542927921#0,264459845#0,,,,,,,196629589#1,
,-44883381#3,,,1060224075#1,,,702669087#1,,-91689528#10,1021351340#2,,,,,,,43101595#3,
,209366310#1,,,-116436279#1,,,-151175269#1,,27916859#16,-55686195#4,,,,,,,960810617,
,680781716,,,161392513#4,,,220548972#1,,395264620#8,-91854870#0,,,,,,,-153792680#6,
,45177681,,,120588896#1,,,184250112#0,,91006341#1,41260712#2,,,,,,,98593801,
,-23488561#3,,,-70794980#3,,,184315506#1,,89934444#0,576811475#0,,,,,,,1055857399,
,863546409#1,,,-185216975#0,,,59262034#1,,22720676#4,552744245,,,,,,,157058455#10,
,391633685#3,,,23298949,,,-151175253#2,,89828155#0,254326632#7,,,,,,,-30948680#1,
,59254385,,,88083349#7,,,168683396,,91006343#1,593986983,,,,,,,135838552#1,
,131025954#0,,,208649513#0,,,103760979#1,,91730169#2,89419987#0,,,,,,,669098840#4,
,998621643#1,,,-228090234#2,,,372741506#4,,395264626#5,686373007,,,,,,,173185147#2,
,1268288170#0,,,-154253434#3,,,-151175267#1,,395264632#0,31887159,,,,,,,1024120794#0,
,1117138479#1,,,792462092#1,,,1024125613,,-89828174#1,-24060958#17,,,,,,,-156575105#1,
,1166015104#0,,,1060235885,,,174022681#1,,99510466#0,458673382#4,,,,,,,-30947123#0,
,-1027009172#2,,,-161392564,,,-22736451#5,,381697488#0,41260712#0,,,,,,,-43322798#4,
,4853035#0,,,1229917612#0,,,-162173400#4,,-591995053#1,-1144431725,,,,,,,157058374,
,257357820,,,-120588459#1,,,365818022,,314205672#1,-458842531#2,,,,,,,42305097#1,
,355202491#2,,,-88956622,,,419753739#0,,395264628#5,23260460#2,,,,,,,-70509862,
,285664431#1,,,1261366104#1,,,367848147#0,,-292495147,-254326644#0,,,,,,,-772804659,
,285664431#0,,,1060226510,,,120525547#1,,23994706#8,562912001#4,,,,,,,157058455#3,
,36689410,,,1057527743#1,,,220551733#0,,-91689528#12,572864358#0,,,,,,,103751347#3,
,396771661#1,,,-71502569#3,,,162173391#0,,583258514,254326649,,,,,,,-43322798#5,
,269150833#1,,,227968024#3,,,157058379#2,,89934509#3,254326654#4,,,,,,,492041969,
,-23488561#2,,,749869682,,,449490580#4,,314054616#1,-264459843#1,,,,,,,243206488#2,
,46149193#3,,,-648082983#0,,,-151175253#1,,381697487#3,91854839#1,,,,,,,154458450#2,
,-131025950#0,,,-208649513#14,,,-151175230,,89929109#0,-89418355#0,,,,,,,43322650#0,
,355202491#0,,,88937129#0,,,184315508#1,,-89822295,918334710#0,,,,,,,-126859163#2,
,-46149604#0,,,185216971,,,22730774#0,,587259249#3,91216434#2,,,,,,,157058468#0,
,717183325,,,-28063955#1,,,454877730#0,,89934511#3,48391239#2,,,,,,,96828486#0,
,257233100,,,208649513#12,,,-22562409,,-597398401,254326623#0,,,,,,,-27727791#3,
,149851229#2-AddedOffRampEdge,,,951228304,,,22736445#1,,395264607#4,264459825#5,,,,,,,-319196848#7,
,149136361#1,,,70364448#0,,,315539209#3,,89881832#1,-866351232#3,,,,,,,-99702562#2,
,511081977#1,,,-228514822#1,,,-261326133#2,,436048944#0,544812705#2,,,,,,,153792689#1,
,319196853,,,70936546#1,,,615528182#0,,89823547#2,48788423#1,,,,,,,1011347580#1,
,-23488568#1,,,744698554#4,,,120525537#7,,166276326,23260460#3,,,,,,,-120531314#5,
,44955971#1,,,58209114#0,,,103760979#3,,89823552#0,-89240082#1,,,,,,,114496980#5,
,-285677614#1,,,154253462#3,,,-120525537#5,,772804655#3,81606324#4,,,,,,,-135838552#8,
,149136360#0,,,-154253457#0,,,168663974#4,,1126144531#0,1177605681#4,,,,,,,43097008#3,
,45172800,,,-154800556#1,,,-449399214,,683458164#0,328531828#5,,,,,,,1055855910,
,46149027#1,,,-154253470#3,,,-92377217,,199311779#24,48391175#3,,,,,,,53542680#0,
,1027009172#2,,,23243736#1,,,23298952#1,,44776183#1,-46982284#1,,,,,,,290874174#3,
,46149604#0,,,23313778,,,-184314046#1,,395264606#0,-181579907,,,,,,,42305097#3,
,23990057,,,70936554#2,,,392092819#1,,-265221590,33656107#0,,,,,,,1024125610#3,
,209215786#0,,,88083360,,,151175260#1,,89881815#1,91854880,,,,,,,43680715,
,257239010#0,,,-70936552#4,,,392092817#3,,395264619#3,460851984#5,,,,,,,669098840#3,
,-269150818#0,,,887406167,,,184293866#1,,198164114,24024046#2,,,,,,,314088440#3,
,-269150818#1,,,-161392615#2,,,1024125608#2,,89825903#9,544340290,,,,,,,70509859#1,
,680781426,,,-228056325#2,,,1080759176#0,,44776176#8,24060958#4,,,,,,,-30952224#7,
,46148744,,,156919887#2,,,30929622#3,,236667129#7,-172011556,,,,,,,-135838552#4,
,44884105#4,,,161392635#1,,,22736451#0,,182234686#0,170598717#1,,,,,,,42305099#2,
,-1027009173,,,-746203451,,,95396837,,,254326632#4,,,,,,,436048947#4,
,30177142#1,,,88956628#1,,,220548975#1,,,-254326644#2,,,,,,,492215761,
,-45172804#0,,,88937127#0,,,133230931#1,,,653717627#0,,,,,,,706102496#0,
,171300263#1,,,1259700450#0,,,425464569,,,-89419202#0,,,,,,,148642777#1,
,131025941#0,,,161392620#2,,,261326126#3,,,-254326631#1,,,,,,,43097008#6,
,285664427,,,-161392518#6,,,120525530#0,,,542264756#2,,,,,,,-98593799#0,
,27241668#2,,,-154253469#4,,,151175259#3,,,956159236,,,,,,,30949764#1,
,-211740191,,,154253456#0,,,-71470206#5,,,-24060958#14,,,,,,,-98593790#0,
,-614989353,,,-266525226#2,,,22730778#1,,,89419992#0,,,,,,,464084177#4,
,131025954#1,,,120588503#4,,,151175269#0,,,277789325#3,,,,,,,148642790,
,651677178#0,,,190433614,,,31053667,,,458673382#6,,,,,,,960810626,
,1165717968,,,-58672755#1,,,1056330394,,,580672559#2,,,,,,,156942465#3,
,-44838406,,,1261366105#2,,,-151175247#0,,,581953131#1,,,,,,,-70610410#1,
,265010617#0,,,-154253461#1,,,-135704845,,,89430674,,,,,,,23243743#6,
,45172606#1,,,792462092#4,,,151175242#1,,,254325082,,,,,,,42137610,
,31237889,,,227968024#2,,,156942470#0,,,682262115#3,,,,,,,100599688#1,
,-23488561#4,,,230293774#2,,,228076693#0,,,91854811,,,,,,,314088440#7,
,44883384#0,,,34078514,,,220551733#1,,,-1039902220#2,,,,,,,157058455#5,
,24053276#1,,,-120588896#3,,,184293863#1,,,265271575#0,,,,,,,-47036733,
,23704749#1,,,-1229917614#2,,,151175267#4,,,-82624905#0,,,,,,,114496981#3,
,285664437,,,871138585#4,,,151175222#2,,,254326637#4,,,,,,,120531314#0,
,319196860#0,,,88083349#4,,,667865212#0,,,682262114#0,,,,,,,-1009087387,
,46149193#2,,,-1057054858#2,,,103760979#6,,,-543054885#3,,,,,,,98593803#0,
,131025969#1,,,-1229917616,,,-103761129#3,,,23443416#2,,,,,,,135838553#3,
,157345942#1-AddedOnRampEdge,,,-58209110#2,,,-184315507#0,,,-458842531#8,,,,,,,154664728,
,810758264,,,44886562#2,,,157292942#1,,,648175930,,,,,,,173185145#0,
,297648257#1,,,-70936552#3,,,-174022632#1,,,-89420431#0,,,,,,,148642787#1,
,265010575#1,,,154253460#0,,,174022674#6,,,33118881#2,,,,,,,30919189#0,
,651637968,,,-161392508,,,372741504,,,254326626#0,,,,,,,290874174#0,
,-149136360#0,,,70794980#7,,,31096752#0,,,72463457,,,,,,,30952224#2,
,548938581#3,,,-71470184,,,-400705708#2,,,-75259451#1,,,,,,,-154819636#2,
,131156400#0,,,-161392598#0,,,31053515#0,,,265271590#2,,,,,,,31297551#0,
,174022683#0,,,58209110#3,,,-1024125608#1,,,228766720#2,,,,,,,154458472,
,257233100-AddedOffRampEdge,,,749995746#0,,,-151175272#1,,,-458283475#9,,,,,,,1056397448,
,355202496,,,1057527744#1,,,-133287965#1,,,91534582,,,,,,,154084101#1,
,131025939#1,,,70364449#2,,,156290978#0,,,91854864,,,,,,,-1256474316,
,174022673,,,1057527744#3,,,151175223#6,,,85568120#8,,,,,,,70324974#0,
,1028619496#0,,,71470213#4,,,-266525211#1,,,552131809#1,,,,,,,27727791#9,
,131025969#4,,,286703487#3,,,-120525537#4,,,264459842#2,,,,,,,57872683#0,
,170641388#1,,,671522408#1,,,136506337#0,,,91848828,,,,,,,96828486#3,
,24803926#0,,,70639085#0,,,-168663974#1,,,199311782#0,,,,,,,154458434,
,170641388#4,,,349459713#0,,,-30998306#1,,,-55686195#2,,,,,,,156575063#1,
,1165717969,,,88083349#1,,,228076708#2,,,91854885#2,,,,,,,71366317#6,
,131156028#1,,,-228514822#0,,,174022674#5,,,-301494971#1,,,,,,,-148642784#1,
,-746064104#0,,,156575055#11,,,-30954471,,,-1133878589#4,,,,,,,1010971912#0,
,23704718#3,,,266525191#0,,,168683414#2,,,81606325#1,,,,,,,136228820#3,
,46149193#0,,,161392518#2,,,392943665#0,,,48391166#1,,,,,,,-256511169#2,
,682445838-AddedOffRampEdge,,,24294870#2,,,372741506#2,,,33118876#1,,,,,,,-429967547,
,682445838,,,749995745#1,,,151175237,,,-254325089#1,,,,,,,960810629#0,
,-45174083#1,,,-228056323,,,168663971#3,,,199311798#5,,,,,,,154723062#0,
,170641388#3,,,71470194,,,517046814#4,,,89419740,,,,,,,27727791#13,
,24821288,,,-154253462#1,,,152333576#0,,,199311782#4,,,,,,,-1023908217#1,
,44883013#2,,,230293774#1,,,-31096752#1,,,41937512#1,,,,,,,127518255,
,44955796#2,,,-154253461#0,,,162173413,,,-665999473,,,,,,,-381697485#3,
,-466032168,,,184250113#3,,,120528204#0,,,-545973314,,,,,,,55886809,
,131025941#2,,,1057527744#0,,,-319196849#8,,,47072157#0,,,,,,,1265530082#0,
,-46149611#0,,,-120588896#0,,,-199921334,,,55686075#3,,,,,,,156575070#1,
,45172804#3,,,261324433#0,,,1057054850#1,,,-365354843,,,,,,,-70324971#4,
,-511081976#0,,,44886562#1,,,392088983#2,,,-72463458#2,,,,,,,126859148#1,
,-44883383,,,749995746#1,,,71470206#11,,,91854831,,,,,,,-98593790#1,
,23488561#0,,,-120588503#1,,,-888035089#2,,,301494972#0,,,,,,,312195003#0,
,23488562#0,,,-313849721#0,,,-133434896#0,,,-91854853#2,,,,,,,30954993#0,
,228633420#0,,,467596342,,,184314046#0,,,447922896,,,,,,,156942465#6,
,22823721#8,,,-104353087#2,,,-151175252#0,,,91854875#2,,,,,,,55887660,
,23990056#0,,,104353087#3,,,157058463#1,,,542264756#3,,,,,,,198929894#1,
,-46149194#1,,,-120588459#3,,,152333598#2,,,89240074#0,,,,,,,1126340239#0,
,44838404,,,792462092#0,,,28063946#2,,,32812345#0,,,,,,,70509858#2,
,-746064104#1,,,-1060224075#1,,,-31053660#2,,,571930272,,,,,,,-314088440#1,
,820214408,,,161392507#2,,,667865211#2,,,34951053#0,,,,,,,648488815#5,
,131025963#1,,,228076698#10,,,184315497#6,,,542264756#0,,,,,,,31297738#1,
,22823716#2,,,-261368286#0,,,30998306#2,,,584343267#0,,,,,,,312194996#5,
,1028258369#0,,,-208649513#11,,,-133288286#0,,,254325084#0,,,,,,,-98593801,
,173954121,,,-185216975#1,,,-174022677#3,,,53156654#1,,,,,,,114496980#2,
,810346011#2,,,120469241#2,,,-266525170,,,517921702#1,,,,,,,-1024120796#1,
,-27241671#0,,,-88083349#6,,,1051315753#4,,,91854853#0,,,,,,,1024128475#1,
,22823718#1,,,-116436279#2,,,-331676700,,,41519033#4,,,,,,,436048947#7,
,22823718#1-AddedOffRampEdge,,,31280557#2,,,-104107445#0,,,-75259451#3,,,,,,,43322645#3,
,849983642,,,-70936554#4,,,-71470206#10,,,265271584#0,,,,,,,436048952#0,
,849983642-AddedOffRampEdge,,,-208649513#1,,,969494638#2,,,34998006#9,,,,,,,103751347#0,
,-171300268,,,161392519#0,,,104107450,,,1042122375#1,,,,,,,-127518234,
,1166015104#3,,,201348372,,,-397642511#5,,,-32812321,,,,,,,23243743#2,
,-44838405#4,,,-261368286#1,,,372741501#3,,,-75259451#5,,,,,,,152185706#1,
,44838405#4,,,-71502569#8,,,-120525530#1,,,-463284093#0,,,,,,,793145062,
,466032168,,,-1060235885,,,228511415,,,237528239#4,,,,,,,148642788#1,
,-23704729,,,88954527#2,,,392943690#6,,,91854866,,,,,,,196629589#4,
,45172807#0,,,261324433#1,,,1102474289,,,91017767#2,,,,,,,464084172#2,
,171300266,,,156575055#10,,,-133288284#2,,,258303760#0,,,,,,,51843919#3,
,-24372978#1,,,-262334435#0,,,-174022681#1,,,-254326649,,,,,,,-290874175#0,
,548938581#1,,,1060226508,,,157058379#6,,,-265271589,,,,,,,-157058457#0,
,265010601,,,88561232#0,,,1028570796#2,,,81606324#5,,,,,,,43724393#1,
,426816157,,,-156919890#1,,,-120525547#1,,,-34951246,,,,,,,793094546#0,
,198900387#1,,,286703477#1,,,-449585989#1,,,91854859,,,,,,,55886812#3,
,355202494,,,24294873#6,,,220549212#1,,,46982274#2,,,,,,,158177940#8,
,760589787#1,,,1056779401,,,151175259#1,,,280266451#3,,,,,,,43321686#0,
,335539645#0,,,161392557,,,372741502#3,,,196314946,,,,,,,-43097008#11,
,-46149607,,,71488888#1,,,449399206#1,,,149415584,,,,,,,148642793#2,
,285677614#2,,,70364449#1,,,1030683394#1,,,89234350#2,,,,,,,878619657,
,27241668#0,,,154800556#0,,,22736181#2,,,-918334710#1,,,,,,,-153792689#1,
,-27242140,,,59262038#0,,,-120525537#0,,,264459842#0,,,,,,,-1055857401#1,
,131025941#3,,,234268630#1,,,-228076708#3,,,89419198,,,,,,,-56240964#1,
,209210742,,,-208649513#2,,,156919890#5,,,-254326623#0,,,,,,,-43680715,
,171300268,,,-116436279#3,,,162173387#3,,,81606324#2,,,,,,,148642771#3,
,46149190#0,,,-1301304519#2,,,103760979#2,,,543209655#2,,,,,,,-135838552#7,
,267301946#0,,,71470219,,,-151175252#1,,,-516537246,,,,,,,55943333#0,
,198900395#1,,,-951228306,,,-454877730#0,,,199311794#4,,,,,,,-70509859#1,
,1165717966#1,,,-208649513#13,,,-22736445#1,,,-23260460#3,,,,,,,-314088440#3,
,355202503-AddedOnRampEdge,,,228090234#0,,,168663962#9,,,254325088,,,,,,,-156942465#7,
,1120579615#0,,,-154253465,,,228090233#0,,,332390573#1,,,,,,,-42305099#2,
,679785216#3,,,197665252#0,,,22736446#3,,,91216434#1,,,,,,,156575075#2,
,879498552#3,,,-70364448#0,,,95396820#0,,,-89828152#1,,,,,,,158177940#3,
,533909177,,,88937127#1,,,-103760979#3,,,-570457257#2,,,,,,,71281733#3,
,131025931#0,,,161392595#0,,,-168663974#4,,,32812366#3,,,,,,,148642788#0,
,131025959#1,,,-156919888#2,,,1056781891#4,,,91854885#0,,,,,,,956136646#3,
,157296567,,,156575055#5,,,-27904509#0,,,-217860244,,,,,,,243206488#3,
,209215786#1,,,-58209114#0,,,227454633,,,254326637#0,,,,,,,-70610406#0,
,44955976#0,,,-154253462#3,,,392090724#5,,,22720674#0,,,,,,,98593816,
,1029301769,,,71470185#3,,,-184314051#0,,,-89418356#1,,,,,,,-1024115417,
,354858508#1-AddedOffRampEdge,,,190552057#3,,,209210750,,,32122515#3,,,,,,,71361922,
,-36688988#3,,,154253454#0,,,168664002#2,,,-55686075#2,,,,,,,156575070#4,
,45172802#0,,,-23313778,,,-667865207#1,,,277789325#6,,,,,,,91689530#1,
,36688988#4,,,743631281#4,,,184293865#1,,,-24060958#4,,,,,,,-148642790,
,1165717970,,,-154253453,,,-1024125608#2,,,-170598717#1,,,,,,,1021568757,
,350217576#1,,,70936552#1,,,1030683393#1,,,52517546#0,,,,,,,42305099#1,
,1117138479#0,,,103945933#1,,,209210758#4,,,89419986#3,,,,,,,-1284307157,
,355202492#2,,,-185216947#1,,,154971367#0,,,91854885#4,,,,,,,-100599688#1,
,614989353,,,-70794980#1,,,220552211#0,,,-653717627#1,,,,,,,-30919579,
,-31237889,,,-161392620#2,,,-261326126#3,,,141597712,,,,,,,135838552#2,
,46149615#0,,,44886563,,,95396826,,,199311794#0,,,,,,,-319197093#2,
,44956024,,,-44886562#3,,,-162173421#0,,,328531790#3,,,,,,,43097008#2,
,30177142#0,,,103945938#1,,,157292942#0,,,23753878#0,,,,,,,148642776,
,853378613#2,,,46655387#1,,,-151175259#3,,,1133878589#0,,,,,,,1024102268,
,171300277#0,,,154253452#0,,,392940747#5,,,89420436#1,,,,,,,98593736#1,
,27242140,,,24294870#9,,,1056781891#2,,,89419989,,,,,,,-43051364#0,
,173954122,,,-190433614,,,-319196849#7,,,89206672#2,,,,,,,31297738#8,
,45170904,,,-230293774#2,,,449396163#1,,,34949380#6,,,,,,,-98593789#1,
,22823719,,,266525183#2,,,1057052863#0,,,1039902221#0,,,,,,,-135838553#4,
,44955975#3,,,-161392519#1,,,454877730#1,,,292495150#1,,,,,,,-154664728,
,31237829#3,,,566057086,,,-304727996#1,,,-33118881#1,,,,,,,98593799#2,
,174022683#1,,,28063955#3,,,436182375#5,,,154093154,,,,,,,-290874174#2,
,24372991#3,,,58209114#1,,,-151175267#4,,,89185075#5,,,,,,,-156942465#5,
,209366310#0-AddedOnRampEdge,,,-31303247#2,,,95396818#1,,,-1104675206,,,,,,,43097008#7,
,209210754#0,,,184250113#1,,,162173391#2,,,540722039,,,,,,,-1024128472#2,
,987049867,,,161392610,,,157058384#7,,,33050418#2,,,,,,,-31297551#0,
,62066585,,,741687375,,,1030683394#2,,,89419990#0,,,,,,,-135838553#2,
,548938581#0,,,70794984#2,,,-71470206#6,,,503056675,,,,,,,319185014#0,
,199152209#3,,,190552056#1,,,157292953,,,35777909#1,,,,,,,314085053#0,
,-31237872,,,44886560#1,,,133287966#1,,,958537535#6,,,,,,,91899427#2,
,44883010#2,,,23288278#0,,,-157292942#1,,,-89430674,,,,,,,51843919#10,
,257239021#5,,,31280557#9-AddedOnRampEdge,,,-220549212#5,,,463284095#0,,,,,,,-27727791#10,
,157345942#1,,,-154253460#0,,,103761129#6,,,328531790#7,,,,,,,71359527#0,
,584188123,,,24294870#4,,,-22562403#1,,,264459821#0,,,,,,,43322798#9,
,267301946#1,,,88956623#1,,,133230931#3,,,89419196#0,,,,,,,1067777042#0,
,354858488#1,,,156919937#0,,,168683414#1,,,89213772#6,,,,,,,114496981#4,
,-285664450,,,70350396#5,,,103761129#2,,,33640794#8,,,,,,,-154458434,
,-1028689293,,,-258044916,,,174022677#1,,,254326637#5,,,,,,,30952224#3,
,46149610#0,,,23298951#2,,,184293866#0,,,683454879#0,,,,,,,148642772#0,
,265010620#0,,,70936554#5,,,1030683394#3,,,542264756#4,,,,,,,304727814#0,
,23704729,,,23288277#5,,,368085648#1,,,24060958#2,,,,,,,28050206,
,1165717963#0,,,-148642786#6,,,667865212#3,,,1019987802#3,,,,,,,154722999,
,44883011#1,,,161392518#1,,,-228076708#2,,,89430685#3,,,,,,,436042880#1,
,174022636,,,-120469239#0,,,-174022674#5,,,34950625#3,,,,,,,-148642782#0,
,173954134-AddedOnRampEdge,,,-161392513#0,,,-168683414#2,,,89418364#1,,,,,,,99702521#2,
,198900395#2,,,1057054855#2,,,157058384#1,,,-23260462#4,,,,,,,-136228820#4,
,44955973,,,116436279#4,,,162173387#2,,,-33118881#2,,,,,,,372443876#3,
,-44838405#0,,,1057527740#1,,,-152333576#0,,,682262118#0,,,,,,,-98320323,
,265010616#0-AddedOffRampEdge,,,161392507#0,,,-103761129#9,,,471186044,,,,,,,157058455#9,
,987135427,,,792462092#5,,,174022632#2,,,34950625#2,,,,,,,154971162#1,
,173954135,,,1279886347#0,,,-157058463#0,,,47072152#1,,,,,,,173185144#0,
,257357821#0,,,-671522408#1,,,-31096719#1,,,89430672,,,,,,,55886810,
,257357821#2,,,120588691#1,,,517046814#1,,,446301624,,,,,,,-148642797#1,
,44955976#3,,,154253470#6,,,969494638#0,,,23753878#1,,,,,,,-27727791#14,
,101134273,,,-88083336#2,,,184315502#1,,,-55686275,,,,,,,71281735#0,
,391633685#2,,,71502569#5,,,71470180,,,-91854864,,,,,,,-148642782#3,
,27241663,,,-161392513#1,,,-184314046#0,,,-91534582,,,,,,,464084177#2,
,171300278#0,,,31280557#8,,,199152198#1,,,89430680#2,,,,,,,-43051364#6,
,100226632,,,161392616#0,,,133288286#1,,,-141597714,,,,,,,59262036,
,100226632-AddedOffRampEdge,,,-120588503#3,,,449602008,,,89430678#0,,,,,,,648488816#2,
,46149606-AddedOnRampEdge,,,-161392603,,,151175269#2,,,264459843#10,,,,,,,135838438#3,
,46149606,,,70936551#4,,,365814435,,,-264459842#2,,,,,,,91899427#5,
,-24372991#3,,,28063955#2,,,-22562403#0,,,-199311782#1,,,,,,,-30954993#2,
,-131025959#0,,,70936551#2,,,1024125607#1,,,-89420432#0,,,,,,,-156942465#6,
,44955972,,,190552056#3,,,315539210#2,,,89417144#1,,,,,,,126859161#0,
,651677235,,,-261324433#0,,,-449396163#0,,,328531828#6,,,,,,,683464859#2,
,285454834#1,,,91096669#0,,,22736451#3,,,23260462#3,,,,,,,-156942465#8,
,23681347,,,58209112,,,30876642,,,438080424#0,,,,,,,372443876#0,
,4848754-AddedOffRampEdge,,,185216952,,,28063947#2,,,301494973#0,,,,,,,42305099#0,
,582338491,,,1028573258,,,157058385#2,,,170598717#0,,,,,,,70353937#5,
,131156055,,,742072640,,,22562407#3,,,469105035#0,,,,,,,27727791#11,
,131156052,,,71470223,,,368084601#0,,,89430678#1,,,,,,,706102496#1,
,168573481#1,,,-154253460#1,,,22562403#3,,,156642443#0,,,,,,,55886806#1,
,44955796#0,,,88083341,,,168683414#4,,,-217858092,,,,,,,312195005#2,
,853378613#0,,,1057527741#1,,,151175271#0,,,517921702#3,,,,,,,-154027661#1,
,4848887,,,157058384#3,,,151175271#2,,,471186043#0,,,,,,,1062056472#0,
,405795843#2,,,161392620#1,,,-104107450,,,682262115#0,,,,,,,70509861#1,
,44838405#0,,,-161392507#2,,,157058466#1,,,328531825#2,,,,,,,43322798#7,
,-27241668#2,,,23217864#2,,,61185358#0,,,23443416#0,,,,,,,156575068#1,
,46151436#1,,,-228076698#11,,,-71470206#12,,,956154645#0,,,,,,,1024120795#1,
,405795843#1,,,228076698#3,,,-319196849#4,,,-1133878590,,,,,,,98593790#2,
,44883013#2-AddedOnRampEdge,,,1057050907#1,,,-174022632#0,,,199311798#2,,,,,,,312194996#4,
,265010595,,,31277568,,,-151175266#1,,,34950844#4,,,,,,,-706096493,
,171300269,,,-30841649#8,,,151175222#4,,,-72463458#1,,,,,,,154082984#3,
,623362974,,,-120469241#2,,,-133434896#1,,,-89418355#1,,,,,,,70353937#6,
,651677225,,,46655387#2,,,-449294638,,,49683444,,,,,,,319196848#9,
,582230759,,,70794980#6,,,-220548976#2,,,89417153,,,,,,,30949764#0,
,100226630,,,71470190#15,,,-133288284#4,,,-301494972#0,,,,,,,793094546#1,
,44955975#2,,,-161392519#0,,,151175277,,,-447922896,,,,,,,304727850,
,44955970#0,,,88956624#0,,,22736446#2,,,-91854875#1,,,,,,,-1023908217#2,
,4853035#1,,,-228056325#4,,,-133434898,,,47127860#1,,,,,,,-70509857#0,
,4848754,,,-161392635#0,,,-157058398,,,543209655#4,,,,,,,-43724393#1,
,1015165917-AddedOnRampEdge,,,88083347#3,,,22562407#6,,,-85568111#0,,,,,,,157366912#0,
,27241664,,,227968024#0,,,-151175259#1,,,-34951053#0,,,,,,,1257133856,
,44955977,,,-70794984#1,,,154971367#9,,,89216424#1,,,,,,,156942465#4,
,131156051#0,,,156919887#3,,,-449399206#2,,,-1025830855#1,,,,,,,-158177940#8,
,759397447,,,986505886#0,,,152333597,,,32812356#1,,,,,,,1257133854,
,339397020,,,71470190#9,,,28063947#0,,,-543055421#1,,,,,,,43099711#1,
,-131025931#0,,,-1060226508,,,397642511#8,,,-254326652#0,,,,,,,290874175#1,
,131156051#0-AddedOnRampEdge,,,154253434#0,,,-273211100#0,,,-91854853#0,,,,,,,56240930#1,
,,,,161392513#3,,,397642511#4,,,52924701#0,,,,,,,-148642782#1,
,,,,1057050911,,,172365184,,,-254325085,,,,,,,174653382#2,
,,,,-1056779406#0,,,103760989#5,,,-265271584#0,,,,,,,878619658,
,,,,960810631#0,,,-71470206#7,,,48391166#0,,,,,,,153792680#0,
,,,,23288277#4,,,-449399206#10,,,32122517#1,,,,,,,-1023912412,
,,,,-154800556#0,,,228090248#3,,,-89430683#0,,,,,,,-314088440#6,
,,,,-234268630#1,,,528899359#1,,,91848892,,,,,,,319196855#0,
,,,,98593792#1,,,22562407#0,,,89185075#3,,,,,,,30947123#0,
,,,,154253469#0,,,31096719#2,,,1042122375#3,,,,,,,-158177940#3,
,,,,-197665252#0,,,1058417654,,,682262110#3,,,,,,,43322798#4,
,,,,184314060#2,,,172365189#1,,,460851984#1,,,,,,,55886807,
,,,,365706952,,,-220548976#0,,,277789325#0,,,,,,,-256511169#0,
,,,,1028619491,,,151175274#3,,,95399107#1,,,,,,,-148642788#0,
,,,,148642786#1,,,-184315508#2,,,47072155,,,,,,,1011347580#0,
,,,,154253470#4,,,151175223#5,,,-91854859,,,,,,,57889595#2,
,,,,749829569#4,,,-152333600#0,,,517927340#2,,,,,,,156938654#2,
,,,,-154253454#0,,,-227454633,,,-24060958#12,,,,,,,70509862,
,,,,-313849721#1,,,-449399206#0,,,1039905092#0,,,,,,,772804659,
,,,,154253454#1,,,392090724#0,,,701150074,,,,,,,-98593799#1,
,,,,228090234#2,,,168683423#2,,,-196314946,,,,,,,-319196848#6,
,,,,71470213#5,,,157296628#2,,,89430686#1,,,,,,,-42305099#1,
,,,,-70794980#0,,,-22736451#1,,,-254325088,,,,,,,126859163#2,
,,,,-261368286#4,,,1255617398#7,,,55686195#4,,,,,,,-99702562#3,
,,,,-103945938#1,,,-151175231,,,681548654#1,,,,,,,103751347#8,
,,,,-46655387#1,,,-168664002#3,,,91854870#0,,,,,,,-135838552#2,
,,,,-71488888#3,,,157292846#7,,,254326646#2,,,,,,,-148642768,
,,,,-154253452#0,,,392090724#3,,,220470666#0,,,,,,,154027557#0,
,,,,88956622,,,228090248#1,,,23260460#4,,,,,,,-43699319#1,
,,,,960810634#0,,,120525546#1,,,-91854885#4,,,,,,,-314088440#4,
,,,,1057050913#0,,,174022677#4,,,562912001#3,,,,,,,319196848#7,
,,,,161392616#1,,,169811755#0,,,48391175#2,,,,,,,198929893#1,
,,,,71502569#3,,,151175253#2,,,85568120#6,,,,,,,-153792698#0,
,,,,-190433608,,,-151175267#2,,,193618812#7,,,,,,,31297682#7,
,,,,-228056325#1,,,-151175253#3,,,-1133878589#1,,,,,,,956136646#2,
,,,,228076698#6,,,184315505#1,,,254326644#0,,,,,,,-31297738#2,
,,,,-266525183#3,,,151175267#1,,,574761079,,,,,,,-98593799#2,
,,,,-208649513#6,,,151175244#1,,,48788423#0,,,,,,,,
,,,,1237936906#0,,,209210753#0,,,264459839#1,,,,,,,,
,,,,-28063955#3,,,22736451#5,,,85568120#5,,,,,,,,
,,,,-58209114#2,,,162173400#4,,,149415589,,,,,,,,
,,,,208649513#14,,,-168663981,,,531013210#2,,,,,,,,
,,,,234268630#0,,,449585989#1,,,41519033#0,,,,,,,,
,,,,-262334435#1,,,-174022661,,,,,,,,,,,
,,,,-1257441179,,,184293855#3,,,,,,,,,,,
,,,,-23243742,,,151175253#1,,,,,,,,,,,
,,,,70936546#0,,,168683423#3,,,,,,,,,,,
,,,,28063955#1,,,-220551730#1,,,,,,,,,,,
,,,,228514822#1,,,392943690#5,,,,,,,,,,,
,,,,31035836#1,,,95396853#7,,,,,,,,,,,
,,,,208649513#7,,,-71470206#0,,,,,,,,,,,
,,,,-154800540,,,168663962#1,,,,,,,,,,,
,,,,46655427#0,,,133287966#0,,,,,,,,,,,
,,,,70364449#6,,,-22736444#2,,,,,,,,,,,
,,,,-103945938#0,,,120525537#5,,,,,,,,,,,
,,,,58209119#0,,,27904509#3,,,,,,,,,,,
,,,,174022633#2,,,-162173391#2,,,,,,,,,,,
,,,,154253470#3,,,23298952#0,,,,,,,,,,,
,,,,190552056#0,,,-133287966#1,,,,,,,,,,,
,,,,-161392518#1,,,-708004651#0,,,,,,,,,,,
,,,,-23288277#3,,,-220551730#2,,,,,,,,,,,
,,,,161392518#3,,,492041976#0,,,,,,,,,,,
,,,,1060226506#1,,,,,,,,,,,,,,
,,,,-88083349#3,,,,,,,,,,,,,,
,,,,228056325#2,,,,,,,,,,,,,,
,,,,749995746#2,,,,,,,,,,,,,,
,,,,103945933#3,,,,,,,,,,,,,,
,,,,161392626#1,,,,,,,,,,,,,,
,,,,161392518#5,,,,,,,,,,,,,,
,,,,230293774#3,,,,,,,,,,,,,,
,,,,-71502569#2,,,,,,,,,,,,,,
,,,,-154253470#6,,,,,,,,,,,,,,
,,,,58672755#1,,,,,,,,,,,,,,
,,,,749869679#1,,,,,,,,,,,,,,
,,,,154253461#1,,,,,,,,,,,,,,
,,,,-228090234#1,,,,,,,,,,,,,,
,,,,120588896#2,,,,,,,,,,,,,,
,,,,1229917614#0,,,,,,,,,,,,,,
,,,,24294873#5,,,,,,,,,,,,,,
,,,,-190552056#3,,,,,,,,,,,,,,
,,,,185217007,,,,,,,,,,,,,,
,,,,154253463#1,,,,,,,,,,,,,,
,,,,58209110#2,,,,,,,,,,,,,,
,,,,-46655426#1,,,,,,,,,,,,,,
,,,,70936552#3,,,,,,,,,,,,,,
,,,,-671522408#0,,,,,,,,,,,,,,
,,,,34078513#2,,,,,,,,,,,,,,
,,,,-88083341,,,,,,,,,,,,,,
,,,,-23217864#3,,,,,,,,,,,,,,
,,,,-161392620#1,,,,,,,,,,,,,,
,,,,88937129#1,,,,,,,,,,,,,,
,,,,161392598#0,,,,,,,,,,,,,,
,,,,168663961#1,,,,,,,,,,,,,,
,,,,71470177#2,,,,,,,,,,,,,,
,,,,161392519#2,,,,,,,,,,,,,,
,,,,-70794980#6,,,,,,,,,,,,,,
,,,,148642786#5,,,,,,,,,,,,,,
,,,,174022595#2,,,,,,,,,,,,,,
,,,,91096669#1,,,,,,,,,,,,,,
,,,,-679941679,,,,,,,,,,,,,,
,,,,-261368286#5,,,,,,,,,,,,,,
,,,,88083347#0,,,,,,,,,,,,,,
,,,,-161392551,,,,,,,,,,,,,,
,,,,228056323,,,,,,,,,,,,,,
,,,,-161392586#1,,,,,,,,,,,,,,
,,,,88083347#1,,,,,,,,,,,,,,
,,,,-154253434#0,,,,,,,,,,,,,,
,,,,-201348370,,,,,,,,,,,,,,
,,,,-161392513#3,,,,,,,,,,,,,,
,,,,743631281#1,,,,,,,,,,,,,,
,,,,154253462#1,,,,,,,,,,,,,,
,,,,154253461#0,,,,,,,,,,,,,,
,,,,120588458#1,,,,,,,,,,,,,,
,,,,120588503#1,,,,,,,,,,,,,,
,,,,-23288277#4,,,,,,,,,,,,,,
,,,,120588459#3,,,,,,,,,,,,,,
,,,,196629589#5,,,,,,,,,,,,,,
,,,,24294873#7,,,,,,,,,,,,,,
,,,,-154253469#0,,,,,,,,,,,,,,
,,,,261368286#0,,,,,,,,,,,,,,
,,,,-365706952,,,,,,,,,,,,,,
,,,,208649513#11,,,,,,,,,,,,,,
,,,,185216975#1,,,,,,,,,,,,,,
,,,,1057527740#3,,,,,,,,,,,,,,
,,,,1057054858#7,,,,,,,,,,,,,,
,,,,88083349#6,,,,,,,,,,,,,,
,,,,116436279#2,,,,,,,,,,,,,,
,,,,154253457#1,,,,,,,,,,,,,,
,,,,-148642786#1,,,,,,,,,,,,,,
,,,,-154253470#4,,,,,,,,,,,,,,
,,,,31280557#7,,,,,,,,,,,,,,
,,,,70936554#4,,,,,,,,,,,,,,
,,,,-228514822#5,,,,,,,,,,,,,,
,,,,1057050908,,,,,,,,,,,,,,
,,,,-154253454#1,,,,,,,,,,,,,,
,,,,-88561232#5,,,,,,,,,,,,,,
,,,,744777945#0,,,,,,,,,,,,,,
,,,,228514822#8,,,,,,,,,,,,,,
,,,,-120588896#6,,,,,,,,,,,,,,
,,,,261368286#1,,,,,,,,,,,,,,
,,,,71502569#7,,,,,,,,,,,,,,
,,,,-71470213#5,,,,,,,,,,,,,,
,,,,70350393#1,,,,,,,,,,,,,,
,,,,365706961#0,,,,,,,,,,,,,,
,,,,88956623#0,,,,,,,,,,,,,,
,,,,156919938#1,,,,,,,,,,,,,,
,,,,1060224075#0,,,,,,,,,,,,,,
,,,,-679937858,,,,,,,,,,,,,,
,,,,-154253452#1,,,,,,,,,,,,,,
,,,,28063955#4,,,,,,,,,,,,,,
,,,,-1057050913#0,,,,,,,,,,,,,,
,,,,88956620#1,,,,,,,,,,,,,,
,,,,-161392616#1,,,,,,,,,,,,,,
,,,,-228076698#8,,,,,,,,,,,,,,
,,,,-24294874#0,,,,,,,,,,,,,,
,,,,261368286#3,,,,,,,,,,,,,,
,,,,-234268630#0,,,,,,,,,,,,,,
,,,,71470177#3,,,,,,,,,,,,,,
,,,,-23288278#1,,,,,,,,,,,,,,
,,,,208649513#2,,,,,,,,,,,,,,
,,,,116436279#3,,,,,,,,,,,,,,
,,,,88561230,,,,,,,,,,,,,,
,,,,-1057054858#1,,,,,,,,,,,,,,
,,,,-1229917617,,,,,,,,,,,,,,
,,,,1057527744#2,,,,,,,,,,,,,,
,,,,154253465,,,,,,,,,,,,,,
