<?xml version="1.0" encoding="UTF-8"?>
<osm version="0.6" generator="Overpass API 0.7.62.4 2390de5a">
<note>The data included in this document is from www.openstreetmap.org. The data is made available under ODbL.</note>
<meta osm_base="2025-01-27T06:58:08Z"/>

  <node id="31300391" lat="35.6354978" lon="139.7928825"/>
  <node id="31300422" lat="35.6404559" lon="139.8006769"/>
  <node id="31300423" lat="35.6409333" lon="139.8017880"/>
  <node id="31300424" lat="35.6412878" lon="139.8026223">
    <tag k="crossing" v="traffic_signals"/>
    <tag k="crossing_ref" v="zebra"/>
    <tag k="highway" v="traffic_signals"/>
    <tag k="name" v="東雲"/>
    <tag k="name:en" v="Shinonome"/>
    <tag k="name:ja" v="東雲"/>
    <tag k="name:ja-Hira" v="しののめ"/>
    <tag k="name:ja-Latn" v="Shinonome"/>
  </node>
  <node id="31300425" lat="35.6415543" lon="139.8032856"/>
  <node id="31300426" lat="35.6417294" lon="139.8037828"/>
  <node id="31300427" lat="35.6421468" lon="139.8052097"/>
  <node id="31300429" lat="35.6403835" lon="139.8020950"/>
  <node id="31300430" lat="35.6406393" lon="139.8026981">
    <tag k="crossing" v="traffic_signals"/>
    <tag k="crossing_ref" v="zebra"/>
    <tag k="highway" v="traffic_signals"/>
    <tag k="name" v="東雲"/>
    <tag k="name:en" v="Shinonome"/>
    <tag k="name:ja" v="東雲"/>
    <tag k="name:ja-Hira" v="しののめ"/>
    <tag k="name:ja-Latn" v="Shinonome"/>
  </node>
  <node id="31300439" lat="35.6430933" lon="139.8081511"/>
  <node id="31300440" lat="35.6436551" lon="139.8096334"/>
  <node id="31300444" lat="35.6435747" lon="139.8117902"/>
  <node id="31300479" lat="35.6446854" lon="139.8127968">
    <tag k="crossing" v="traffic_signals"/>
    <tag k="crossing_ref" v="zebra"/>
    <tag k="highway" v="traffic_signals"/>
    <tag k="name" v="辰巳"/>
    <tag k="name:en" v="Tatsumi"/>
    <tag k="name:ja" v="辰巳"/>
    <tag k="name:ja_kana" v="たつみ"/>
    <tag k="name:ja_rm" v="tatsumi"/>
  </node>
  <node id="31300480" lat="35.6458283" lon="139.8163056"/>
  <node id="31300481" lat="35.6460491" lon="139.8172814"/>
  <node id="31300482" lat="35.6461021" lon="139.8176215"/>
  <node id="31300483" lat="35.6438592" lon="139.8126718">
    <tag k="crossing" v="traffic_signals"/>
    <tag k="crossing_ref" v="zebra"/>
    <tag k="highway" v="traffic_signals"/>
    <tag k="name" v="辰巳"/>
    <tag k="name:en" v="Tatsumi"/>
    <tag k="name:ja" v="辰巳"/>
    <tag k="name:ja_kana" v="たつみ"/>
    <tag k="name:ja_rm" v="tatsumi"/>
  </node>
  <node id="31300485" lat="35.6453539" lon="139.8178147"/>
  <node id="31300493" lat="35.6461872" lon="139.8184645"/>
  <node id="31300494" lat="35.6463255" lon="139.8199740"/>
  <node id="31300495" lat="35.6467001" lon="139.8238418"/>
  <node id="31300496" lat="35.6454702" lon="139.8188769"/>
  <node id="31300497" lat="35.6456168" lon="139.8203379"/>
  <node id="31330003" lat="35.6470091" lon="139.8269184"/>
  <node id="31330006" lat="35.6462333" lon="139.8267194"/>
  <node id="31330046" lat="35.6472564" lon="139.8296048"/>
  <node id="31330047" lat="35.6473890" lon="139.8308668"/>
  <node id="31330048" lat="35.6476188" lon="139.8335059"/>
  <node id="31330050" lat="35.6465829" lon="139.8304121">
    <tag k="highway" v="motorway_junction"/>
    <tag k="name" v="新木場"/>
    <tag k="name:en" v="Shinkiba"/>
    <tag k="name:es" v="Shinkiba"/>
  </node>
  <node id="31330051" lat="35.6468310" lon="139.8329322"/>
  <node id="31330052" lat="35.6471310" lon="139.8360808"/>
  <node id="31330057" lat="35.6462651" lon="139.8266590"/>
  <node id="31330058" lat="35.6462950" lon="139.8263951"/>
  <node id="31330059" lat="35.6463578" lon="139.8262807"/>
  <node id="31330060" lat="35.6467640" lon="139.8262093"/>
  <node id="31330061" lat="35.6468514" lon="139.8263335"/>
  <node id="31330062" lat="35.6469156" lon="139.8267238"/>
  <node id="31330074" lat="35.6477771" lon="139.8350361"/>
  <node id="31330076" lat="35.6479470" lon="139.8374493">
    <tag k="highway" v="traffic_signals"/>
    <tag k="name" v="新木場"/>
  </node>
  <node id="31330077" lat="35.6479498" lon="139.8376375">
    <tag k="highway" v="traffic_signals"/>
    <tag k="name" v="新木場"/>
  </node>
  <node id="31330078" lat="35.6479289" lon="139.8387774"/>
  <node id="31330079" lat="35.6478632" lon="139.8398741"/>
  <node id="31330082" lat="35.6472500" lon="139.8375963">
    <tag k="highway" v="traffic_signals"/>
    <tag k="name" v="新木場"/>
    <tag k="name:en" v="Shinkiba"/>
    <tag k="name:ja" v="新木場"/>
  </node>
  <node id="31330083" lat="35.6471564" lon="139.8394628"/>
  <node id="31337502" lat="35.6626462" lon="139.8057748"/>
  <node id="251007843" lat="35.6667121" lon="139.8255988"/>
  <node id="251007844" lat="35.6639722" lon="139.8237049"/>
  <node id="252086632" lat="35.6445046" lon="139.8248636"/>
  <node id="256675831" lat="35.6597660" lon="139.8040811"/>
  <node id="256675896" lat="35.6592462" lon="139.8033911"/>
  <node id="256676032" lat="35.6584040" lon="139.8021884">
    <tag k="highway" v="traffic_signals"/>
    <tag k="name" v="枝川一丁目"/>
    <tag k="name:en" v="Edagawa 1"/>
    <tag k="name:ja" v="枝川一丁目"/>
  </node>
  <node id="256676034" lat="35.6576230" lon="139.8029714"/>
  <node id="256676035" lat="35.6595816" lon="139.8011417"/>
  <node id="260102657" lat="35.6322549" lon="139.7953044">
    <tag k="highway" v="traffic_signals"/>
    <tag k="name" v="東京ビッグサイト前"/>
    <tag k="name:en" v="Tokyo Big Sight mae"/>
  </node>
  <node id="260902529" lat="35.6346279" lon="139.7993384"/>
  <node id="261015013" lat="35.6347569" lon="139.7994409"/>
  <node id="261015014" lat="35.6348878" lon="139.7995124"/>
  <node id="261015015" lat="35.6350520" lon="139.7995561"/>
  <node id="261015016" lat="35.6352805" lon="139.7995498"/>
  <node id="261015017" lat="35.6357964" lon="139.7994095"/>
  <node id="261015018" lat="35.6363623" lon="139.7992452"/>
  <node id="261015019" lat="35.6368284" lon="139.7990907"/>
  <node id="261015021" lat="35.6371764" lon="139.7989318"/>
  <node id="261015022" lat="35.6375080" lon="139.7987951"/>
  <node id="261015023" lat="35.6376999" lon="139.7987784"/>
  <node id="261015024" lat="35.6379113" lon="139.7988140"/>
  <node id="261015025" lat="35.6381889" lon="139.7989667"/>
  <node id="261015026" lat="35.6384040" lon="139.7992000"/>
  <node id="261015027" lat="35.6385849" lon="139.7995684"/>
  <node id="261015028" lat="35.6396414" lon="139.8015771"/>
  <node id="261015030" lat="35.6401910" lon="139.8026879">
    <tag k="highway" v="traffic_signals"/>
    <tag k="name" v="鉄鋼団地入口"/>
    <tag k="name:en" v="Tekkodanchi Ent."/>
    <tag k="name:ja" v="鉄鋼団地入口"/>
    <tag k="name:ja-Hira" v="てっこうだんちいりぐち"/>
    <tag k="name:ja-Latn" v="Tekkōdanchi Iriguchi"/>
  </node>
  <node id="261015031" lat="35.6406578" lon="139.8039760"/>
  <node id="261015032" lat="35.6406997" lon="139.8040119"/>
  <node id="261015592" lat="35.6456401" lon="139.8020248">
    <tag k="button_operated" v="no"/>
    <tag k="crossing" v="traffic_signals"/>
    <tag k="crossing_ref" v="zebra"/>
    <tag k="highway" v="traffic_signals"/>
    <tag k="name" v="東雲一丁目"/>
    <tag k="name:en" v="Shinonome 1"/>
    <tag k="name:ja" v="東雲一丁目"/>
    <tag k="name:ja_kana" v="しののめいっちょうめ"/>
    <tag k="name:ja_rm" v="shinonomēcchōme"/>
    <tag k="tactile_paving" v="yes"/>
  </node>
  <node id="261015848" lat="35.6344674" lon="139.7991308"/>
  <node id="261015854" lat="35.6342198" lon="139.7989014">
    <tag k="junction" v="yes"/>
    <tag k="name" v="東京ビッグサイト東"/>
    <tag k="name:en" v="Tokyo Big Sight E."/>
    <tag k="name:ja" v="東京ビッグサイト東"/>
    <tag k="name:ja-Hira" v="とうきょうびっぐさいとひがし"/>
    <tag k="name:ja-Latn" v="Tōkyō Biggu Saito Higashi"/>
  </node>
  <node id="261016163" lat="35.6342787" lon="139.7987709">
    <tag k="junction" v="yes"/>
    <tag k="name" v="東京ビッグサイト東"/>
    <tag k="name:en" v="Tokyo Big Sight E."/>
    <tag k="name:ja" v="東京ビッグサイト東"/>
    <tag k="name:ja-Hira" v="とうきょうびっぐさいとひがし"/>
    <tag k="name:ja-Latn" v="Tōkyō Biggu Saito Higashi"/>
  </node>
  <node id="269483476" lat="35.6562760" lon="139.8074264"/>
  <node id="269483477" lat="35.6562038" lon="139.8075068"/>
  <node id="269483478" lat="35.6561794" lon="139.8075730"/>
  <node id="269483479" lat="35.6561776" lon="139.8076310"/>
  <node id="269483480" lat="35.6562138" lon="139.8077087"/>
  <node id="269483481" lat="35.6574502" lon="139.8095760">
    <tag k="highway" v="traffic_signals"/>
    <tag k="name" v="八枝橋"/>
    <tag k="name:en" v="Hachiedabashi"/>
    <tag k="name:ja" v="八枝橋"/>
  </node>
  <node id="269483940" lat="35.6565136" lon="139.8105632"/>
  <node id="269483941" lat="35.6562545" lon="139.8108053"/>
  <node id="269483943" lat="35.6559490" lon="139.8110277">
    <tag k="highway" v="traffic_signals"/>
    <tag k="name" v="潮見グランド前"/>
    <tag k="name:en" v="Shiomi Ground"/>
    <tag k="name:ja" v="潮見グランド前"/>
  </node>
  <node id="269483944" lat="35.6555135" lon="139.8112055"/>
  <node id="269483945" lat="35.6550080" lon="139.8113155"/>
  <node id="269483950" lat="35.6494600" lon="139.8121375"/>
  <node id="269483952" lat="35.6439246" lon="139.8128384">
    <tag k="crossing" v="traffic_signals"/>
    <tag k="crossing_ref" v="zebra"/>
    <tag k="highway" v="traffic_signals"/>
    <tag k="name" v="辰巳"/>
    <tag k="name:en" v="Tatsumi"/>
    <tag k="name:ja" v="辰巳"/>
    <tag k="name:ja_kana" v="たつみ"/>
    <tag k="name:ja_rm" v="tatsumi"/>
  </node>
  <node id="269659857" lat="35.6365344" lon="139.7949099"/>
  <node id="281657402" lat="35.6578872" lon="139.8058210">
    <tag k="highway" v="traffic_signals"/>
    <tag k="name" v="枝川橋東"/>
    <tag k="name:en" v="Edagawa Bridge -E."/>
    <tag k="name:ja" v="枝川橋東"/>
  </node>
  <node id="281657404" lat="35.6569354" lon="139.8043781"/>
  <node id="281657411" lat="35.6570069" lon="139.8066955"/>
  <node id="281657505" lat="35.6456482" lon="139.8375060">
    <tag k="highway" v="traffic_signals"/>
    <tag k="noname" v="yes"/>
  </node>
  <node id="281657508" lat="35.6443870" lon="139.8243652"/>
  <node id="281657511" lat="35.6429999" lon="139.8206097"/>
  <node id="281657512" lat="35.6429022" lon="139.8201817"/>
  <node id="289946685" lat="35.6546910" lon="139.7965638">
    <tag k="highway" v="traffic_signals"/>
    <tag k="name" v="豊洲駅前"/>
    <tag k="name:en" v="Toyosu Sta."/>
    <tag k="name:ja" v="豊洲駅前"/>
    <tag k="source" v="Bing"/>
  </node>
  <node id="305102059" lat="35.6336528" lon="139.8344906"/>
  <node id="305102060" lat="35.6336222" lon="139.8344813"/>
  <node id="305102061" lat="35.6335982" lon="139.8344685"/>
  <node id="305102062" lat="35.6335768" lon="139.8344517"/>
  <node id="305102063" lat="35.6335587" lon="139.8344314"/>
  <node id="305102064" lat="35.6335395" lon="139.8344066"/>
  <node id="305102065" lat="35.6335181" lon="139.8343557"/>
  <node id="305102067" lat="35.6325476" lon="139.8241936"/>
  <node id="305102068" lat="35.6325817" lon="139.8240650"/>
  <node id="305102069" lat="35.6326134" lon="139.8240240"/>
  <node id="305102070" lat="35.6326606" lon="139.8239951"/>
  <node id="305102071" lat="35.6327015" lon="139.8239836"/>
  <node id="305102072" lat="35.6380323" lon="139.8232172"/>
  <node id="305102073" lat="35.6388933" lon="139.8231250"/>
  <node id="305102074" lat="35.6392689" lon="139.8231742"/>
  <node id="305102416" lat="35.6467201" lon="139.8358375"/>
  <node id="305102417" lat="35.6466891" lon="139.8359493"/>
  <node id="305102418" lat="35.6466052" lon="139.8360169"/>
  <node id="305102430" lat="35.6459715" lon="139.8280529"/>
  <node id="305102456" lat="35.6457979" lon="139.8271621"/>
  <node id="343061961" lat="35.6628485" lon="139.8056839">
    <tag k="highway" v="traffic_signals"/>
  </node>
  <node id="343304707" lat="35.6557122" lon="139.7981057">
    <tag k="source" v="Bing"/>
  </node>
  <node id="343310602" lat="35.6593507" lon="139.8076943"/>
  <node id="343860979" lat="35.6616274" lon="139.8021932"/>
  <node id="343860981" lat="35.6618547" lon="139.8034070"/>
  <node id="344188060" lat="35.6595938" lon="139.8040287">
    <tag k="highway" v="traffic_signals"/>
  </node>
  <node id="344188063" lat="35.6590476" lon="139.8075702"/>
  <node id="344380706" lat="35.6523629" lon="139.7988897"/>
  <node id="344380843" lat="35.6572049" lon="139.8047779"/>
  <node id="344380847" lat="35.6549447" lon="139.8056326"/>
  <node id="344380884" lat="35.6597577" lon="139.8084908"/>
  <node id="344381067" lat="35.6616340" lon="139.8090030"/>
  <node id="344655545" lat="35.6611297" lon="139.8089925"/>
  <node id="344655546" lat="35.6612061" lon="139.8090291"/>
  <node id="344656162" lat="35.6557934" lon="139.8048409"/>
  <node id="344659902" lat="35.6622775" lon="139.7991944"/>
  <node id="345096522" lat="35.6632330" lon="139.8236762">
    <tag k="highway" v="traffic_signals"/>
    <tag k="name" v="新砂一丁目"/>
    <tag k="name:en" v="Shinsuna 1"/>
    <tag k="name:ja" v="新砂一丁目"/>
  </node>
  <node id="345501203" lat="35.6600986" lon="139.8129509"/>
  <node id="345501204" lat="35.6570713" lon="139.8159025">
    <tag k="highway" v="traffic_signals"/>
    <tag k="name" v="漣橋北"/>
    <tag k="name:en" v="Sazanami Bridge -N."/>
    <tag k="name:es" v="Puente Renbashi"/>
    <tag k="name:ja" v="漣橋北"/>
    <tag k="name:ja_kana" v="さざなみばしきた"/>
  </node>
  <node id="345503390" lat="35.6598275" lon="139.8131856"/>
  <node id="346189781" lat="35.6581692" lon="139.8171031"/>
  <node id="346189782" lat="35.6588434" lon="139.8164320"/>
  <node id="346189902" lat="35.6563526" lon="139.8185241"/>
  <node id="346189903" lat="35.6580332" lon="139.8182536"/>
  <node id="346190008" lat="35.6592632" lon="139.8170721"/>
  <node id="346190434" lat="35.6606282" lon="139.8171877"/>
  <node id="346190436" lat="35.6605962" lon="139.8171552"/>
  <node id="346190438" lat="35.6587181" lon="139.8142940">
    <tag k="highway" v="traffic_signals"/>
    <tag k="name" v="深川暁橋南"/>
    <tag k="name:en" v="Fukagawa Akatsuki Brdg. -S."/>
    <tag k="name:ja" v="深川暁橋南"/>
  </node>
  <node id="346190559" lat="35.6597590" lon="139.8100164"/>
  <node id="346191041" lat="35.6585767" lon="139.8098514"/>
  <node id="346191136" lat="35.6580011" lon="139.8104170"/>
  <node id="346191379" lat="35.6583343" lon="139.8086989">
    <tag k="highway" v="traffic_signals"/>
  </node>
  <node id="346192017" lat="35.6579340" lon="139.8150761">
    <tag k="highway" v="traffic_signals"/>
  </node>
  <node id="346198116" lat="35.6605344" lon="139.8070837"/>
  <node id="347314352" lat="35.6544581" lon="139.7987673"/>
  <node id="347314472" lat="35.6545438" lon="139.8007509"/>
  <node id="347314586" lat="35.6581876" lon="139.8062613"/>
  <node id="347314598" lat="35.6552356" lon="139.8017951"/>
  <node id="347315808" lat="35.6588842" lon="139.8055623"/>
  <node id="347544259" lat="35.6562803" lon="139.8035151"/>
  <node id="347544292" lat="35.6560271" lon="139.8031261"/>
  <node id="347544852" lat="35.6563301" lon="139.8078833"/>
  <node id="348056601" lat="35.6573340" lon="139.8063662"/>
  <node id="348056805" lat="35.6573005" lon="139.8071384"/>
  <node id="348056965" lat="35.6579713" lon="139.8081450"/>
  <node id="348056966" lat="35.6588503" lon="139.8072711"/>
  <node id="348057119" lat="35.6585110" lon="139.8067563"/>
  <node id="348057120" lat="35.6576328" lon="139.8076410"/>
  <node id="356654191" lat="35.6614036" lon="139.8023674"/>
  <node id="356654192" lat="35.6599052" lon="139.8025942"/>
  <node id="361147569" lat="35.6405540" lon="139.8039822">
    <tag k="highway" v="traffic_signals"/>
    <tag k="name" v="東雲駅入口"/>
    <tag k="name:en" v="Shinonome Sta. Ent."/>
    <tag k="name:ja" v="東雲駅入口"/>
    <tag k="name:ja-Hira" v="しののめえきいりぐち"/>
    <tag k="name:ja-Latn" v="Shinonome Eki Iriguchi"/>
  </node>
  <node id="361147573" lat="35.6421053" lon="139.8119823"/>
  <node id="361147574" lat="35.6412684" lon="139.8083700"/>
  <node id="361147575" lat="35.6410128" lon="139.8077191"/>
  <node id="361147576" lat="35.6408304" lon="139.8069090"/>
  <node id="361147579" lat="35.6406639" lon="139.8052278">
    <tag k="highway" v="traffic_signals"/>
    <tag k="name" v="東雲駅出口"/>
    <tag k="name:en" v="Shinonome Sta. Exit"/>
    <tag k="name:ja" v="東雲駅出口"/>
    <tag k="name:ja-Hira" v="しののめえきでぐち"/>
    <tag k="name:ja-Latn" v="Shinonome Eki Deguchi"/>
  </node>
  <node id="568452942" lat="35.6343632" lon="139.7989420">
    <tag k="junction" v="yes"/>
    <tag k="name" v="東京ビッグサイト東"/>
    <tag k="name:en" v="Tokyo Big Sight E."/>
    <tag k="name:ja" v="東京ビッグサイト東"/>
    <tag k="name:ja-Hira" v="とうきょうびっぐさいとひがし"/>
    <tag k="name:ja-Latn" v="Tōkyō Biggu Saito Higashi"/>
  </node>
  <node id="568455192" lat="35.6377129" lon="139.8030540"/>
  <node id="568457651" lat="35.6417846" lon="139.8094974"/>
  <node id="568457652" lat="35.6419546" lon="139.8103789"/>
  <node id="568457653" lat="35.6343341" lon="139.7991180">
    <tag k="highway" v="traffic_signals"/>
    <tag k="traffic_signals" v="signal"/>
    <tag k="traffic_signals:direction" v="forward"/>
  </node>
  <node id="568457654" lat="35.6344395" lon="139.7993024"/>
  <node id="568457655" lat="35.6345041" lon="139.7993983"/>
  <node id="568457656" lat="35.6347224" lon="139.7996076"/>
  <node id="568457657" lat="35.6348538" lon="139.7996627"/>
  <node id="568457658" lat="35.6349981" lon="139.7996905"/>
  <node id="568457659" lat="35.6351301" lon="139.7996856"/>
  <node id="568457660" lat="35.6353981" lon="139.7996191"/>
  <node id="568457662" lat="35.6364189" lon="139.7993256"/>
  <node id="568457663" lat="35.6366979" lon="139.7992388"/>
  <node id="568457664" lat="35.6370480" lon="139.7991006"/>
  <node id="568457665" lat="35.6374498" lon="139.7989048"/>
  <node id="568457666" lat="35.6377031" lon="139.7988798"/>
  <node id="568457667" lat="35.6379815" lon="139.7989507"/>
  <node id="568457668" lat="35.6381061" lon="139.7990192"/>
  <node id="568457669" lat="35.6382189" lon="139.7991105"/>
  <node id="568457670" lat="35.6383318" lon="139.7992457"/>
  <node id="568457671" lat="35.6384316" lon="139.7994230"/>
  <node id="568457672" lat="35.6395667" lon="139.8015741"/>
  <node id="568457673" lat="35.6401213" lon="139.8026920">
    <tag k="highway" v="traffic_signals"/>
    <tag k="name" v="鉄鋼団地入口"/>
    <tag k="name:en" v="Tekkodanchi Ent."/>
    <tag k="name:ja" v="鉄鋼団地入口"/>
    <tag k="name:ja-Hira" v="てっこうだんちいりぐち"/>
    <tag k="name:ja-Latn" v="Tekkōdanchi Iriguchi"/>
  </node>
  <node id="568457674" lat="35.6404912" lon="139.8039884">
    <tag k="highway" v="traffic_signals"/>
    <tag k="name" v="東雲駅入口"/>
    <tag k="name:en" v="Shinonome Sta. Ent."/>
    <tag k="name:ja" v="東雲駅入口"/>
    <tag k="name:ja-Hira" v="しののめえきいりぐち"/>
    <tag k="name:ja-Latn" v="Shinonome Eki Iriguchi"/>
  </node>
  <node id="568457676" lat="35.6406006" lon="139.8052461">
    <tag k="highway" v="traffic_signals"/>
    <tag k="name" v="東雲駅出口"/>
    <tag k="name:en" v="Shinonome Sta. Exit"/>
    <tag k="name:ja" v="東雲駅出口"/>
    <tag k="name:ja-Hira" v="しののめえきでぐち"/>
    <tag k="name:ja-Latn" v="Shinonome Eki Deguchi"/>
  </node>
  <node id="568457678" lat="35.6406777" lon="139.8061782"/>
  <node id="568457679" lat="35.6407527" lon="139.8069427"/>
  <node id="568457680" lat="35.6409544" lon="139.8078118"/>
  <node id="568457681" lat="35.6373306" lon="139.7989502"/>
  <node id="568457682" lat="35.6379515" lon="139.8056315"/>
  <node id="568457683" lat="35.6391920" lon="139.8008785"/>
  <node id="568457684" lat="35.6375286" lon="139.8011393"/>
  <node id="568457686" lat="35.6378272" lon="139.8043602"/>
  <node id="568457687" lat="35.6407256" lon="139.8040660"/>
  <node id="568457688" lat="35.6410098" lon="139.8048690"/>
  <node id="568457689" lat="35.6410365" lon="139.8049729"/>
  <node id="568457690" lat="35.6409908" lon="139.8050892"/>
  <node id="568457691" lat="35.6409623" lon="139.8051101"/>
  <node id="568460487" lat="35.6424208" lon="139.8050824"/>
  <node id="568460488" lat="35.6427495" lon="139.8048375"/>
  <node id="568460489" lat="35.6427762" lon="139.8047068"/>
  <node id="568460491" lat="35.6426456" lon="139.8033167"/>
  <node id="568460492" lat="35.6425552" lon="139.8031602"/>
  <node id="568460493" lat="35.6424920" lon="139.8031173"/>
  <node id="568460495" lat="35.6422258" lon="139.8029492"/>
  <node id="568460496" lat="35.6421816" lon="139.8028843"/>
  <node id="568460497" lat="35.6421502" lon="139.8027990"/>
  <node id="568460499" lat="35.6421233" lon="139.8025226">
    <tag k="crossing" v="traffic_signals"/>
    <tag k="crossing_ref" v="zebra"/>
    <tag k="highway" v="traffic_signals"/>
  </node>
  <node id="568460503" lat="35.6434083" lon="139.7997254"/>
  <node id="568460505" lat="35.6436398" lon="139.8023064">
    <tag k="crossing" v="traffic_signals"/>
    <tag k="crossing_ref" v="zebra"/>
    <tag k="highway" v="traffic_signals"/>
    <tag k="tactile_paving" v="yes"/>
  </node>
  <node id="568460520" lat="35.6581472" lon="139.8134418"/>
  <node id="568460522" lat="35.6577546" lon="139.8128507"/>
  <node id="568460524" lat="35.6574244" lon="139.8123489"/>
  <node id="568460529" lat="35.6568936" lon="139.8115325"/>
  <node id="569019470" lat="35.6392228" lon="139.7998874"/>
  <node id="569019471" lat="35.6398976" lon="139.7995005"/>
  <node id="569023645" lat="35.6405864" lon="139.8025639">
    <tag k="crossing" v="traffic_signals"/>
    <tag k="crossing_ref" v="zebra"/>
    <tag k="highway" v="traffic_signals"/>
    <tag k="name" v="東雲"/>
    <tag k="name:en" v="Shinonome"/>
    <tag k="name:ja" v="東雲"/>
    <tag k="name:ja-Hira" v="しののめ"/>
    <tag k="name:ja-Latn" v="Shinonome"/>
  </node>
  <node id="569023647" lat="35.6436246" lon="139.8021337">
    <tag k="crossing" v="traffic_signals"/>
    <tag k="crossing_ref" v="zebra"/>
    <tag k="highway" v="traffic_signals"/>
    <tag k="tactile_paving" v="yes"/>
  </node>
  <node id="569023648" lat="35.6412262" lon="139.8024846">
    <tag k="crossing" v="traffic_signals"/>
    <tag k="crossing_ref" v="zebra"/>
    <tag k="highway" v="traffic_signals"/>
    <tag k="name" v="東雲"/>
    <tag k="name:en" v="Shinonome"/>
    <tag k="name:ja" v="東雲"/>
    <tag k="name:ja-Hira" v="しののめ"/>
    <tag k="name:ja-Latn" v="Shinonome"/>
  </node>
  <node id="569023650" lat="35.6496328" lon="139.8012679">
    <tag k="highway" v="traffic_signals"/>
    <tag k="noname" v="yes"/>
  </node>
  <node id="569023651" lat="35.6528039" lon="139.7981337">
    <tag k="highway" v="traffic_signals"/>
    <tag k="noname" v="yes"/>
  </node>
  <node id="569023658" lat="35.6482221" lon="139.7991551"/>
  <node id="569023660" lat="35.6469641" lon="139.8004145"/>
  <node id="569023661" lat="35.6468283" lon="139.8005032"/>
  <node id="569023663" lat="35.6467027" lon="139.8005778"/>
  <node id="569023664" lat="35.6455145" lon="139.8008319"/>
  <node id="569023665" lat="35.6472092" lon="139.8001919"/>
  <node id="569023666" lat="35.6474659" lon="139.8028000"/>
  <node id="569023667" lat="35.6498749" lon="139.8031012">
    <tag k="crossing" v="traffic_signals"/>
    <tag k="crossing_ref" v="zebra"/>
    <tag k="highway" v="traffic_signals"/>
    <tag k="tactile_paving" v="yes"/>
  </node>
  <node id="569023668" lat="35.6489062" lon="139.8032316">
    <tag k="crossing" v="traffic_signals"/>
    <tag k="crossing_ref" v="zebra"/>
    <tag k="highway" v="traffic_signals"/>
    <tag k="tactile_paving" v="yes"/>
  </node>
  <node id="569023669" lat="35.6497756" lon="139.8031157">
    <tag k="crossing" v="traffic_signals"/>
    <tag k="crossing_ref" v="zebra"/>
    <tag k="highway" v="traffic_signals"/>
    <tag k="tactile_paving" v="yes"/>
  </node>
  <node id="569023671" lat="35.6489637" lon="139.8040062"/>
  <node id="569023672" lat="35.6489402" lon="139.8041074"/>
  <node id="569023673" lat="35.6486504" lon="139.8043230"/>
  <node id="569023674" lat="35.6460879" lon="139.8046920"/>
  <node id="569023675" lat="35.6460022" lon="139.8046951"/>
  <node id="569023677" lat="35.6459334" lon="139.8046879"/>
  <node id="569023678" lat="35.6457453" lon="139.8045572"/>
  <node id="569023680" lat="35.6456868" lon="139.8044299"/>
  <node id="569023681" lat="35.6456215" lon="139.8038025"/>
  <node id="569023682" lat="35.6456013" lon="139.8034846"/>
  <node id="569023683" lat="35.6456206" lon="139.8032356"/>
  <node id="569023685" lat="35.6456636" lon="139.8029499"/>
  <node id="569023686" lat="35.6487985" lon="139.8027827"/>
  <node id="569023687" lat="35.6486627" lon="139.8026670"/>
  <node id="569023688" lat="35.6485776" lon="139.8026477"/>
  <node id="569023689" lat="35.6473488" lon="139.8016152">
    <tag k="crossing" v="traffic_signals"/>
    <tag k="crossing_ref" v="zebra"/>
    <tag k="highway" v="traffic_signals"/>
  </node>
  <node id="569023690" lat="35.6473658" lon="139.8017861">
    <tag k="crossing" v="traffic_signals"/>
    <tag k="crossing_ref" v="zebra"/>
    <tag k="highway" v="traffic_signals"/>
  </node>
  <node id="569023691" lat="35.6456122" lon="139.8018487">
    <tag k="button_operated" v="no"/>
    <tag k="crossing" v="traffic_signals"/>
    <tag k="crossing_ref" v="zebra"/>
    <tag k="highway" v="traffic_signals"/>
    <tag k="name" v="東雲一丁目"/>
    <tag k="name:en" v="Shinonome 1"/>
    <tag k="name:ja" v="東雲一丁目"/>
    <tag k="name:ja_kana" v="しののめいっちょうめ"/>
    <tag k="name:ja_rm" v="shinonomēcchōme"/>
    <tag k="tactile_paving" v="yes"/>
  </node>
  <node id="569023692" lat="35.6497096" lon="139.8014121">
    <tag k="highway" v="traffic_signals"/>
    <tag k="noname" v="yes"/>
  </node>
  <node id="569023693" lat="35.6496092" lon="139.8014599">
    <tag k="highway" v="traffic_signals"/>
    <tag k="noname" v="yes"/>
  </node>
  <node id="569023694" lat="35.6453821" lon="139.7994537">
    <tag k="crossing" v="traffic_signals"/>
    <tag k="crossing_ref" v="zebra"/>
    <tag k="highway" v="traffic_signals"/>
    <tag k="name" v="東雲一丁目団地前"/>
    <tag k="name:en" v="Shinonomeitchomedanchi"/>
    <tag k="name:ja" v="東雲一丁目団地前"/>
  </node>
  <node id="569023695" lat="35.6402140" lon="139.8001703"/>
  <node id="569025069" lat="35.6445125" lon="139.8020029"/>
  <node id="569025072" lat="35.6441729" lon="139.7986497"/>
  <node id="569025074" lat="35.6427712" lon="139.7988363"/>
  <node id="569025080" lat="35.6428825" lon="139.7997975"/>
  <node id="569025090" lat="35.6417625" lon="139.7985629"/>
  <node id="569025094" lat="35.6439942" lon="139.7986731"/>
  <node id="569037372" lat="35.6521815" lon="139.8116098">
    <tag k="highway" v="traffic_signals"/>
    <tag k="name" v="辰巳一丁目"/>
    <tag k="name:en" v="Tatsumi 1"/>
    <tag k="name:ja" v="辰巳一丁目"/>
  </node>
  <node id="569037378" lat="35.6521721" lon="139.8115039">
    <tag k="highway" v="traffic_signals"/>
    <tag k="name" v="辰巳一丁目"/>
    <tag k="name:en" v="Tatsumi 1"/>
    <tag k="name:ja" v="辰巳一丁目"/>
  </node>
  <node id="569037380" lat="35.6468624" lon="139.8122644"/>
  <node id="569037383" lat="35.6523202" lon="139.8115532">
    <tag k="crossing" v="traffic_signals"/>
    <tag k="highway" v="crossing"/>
  </node>
  <node id="569037384" lat="35.6526471" lon="139.8113595"/>
  <node id="569037388" lat="35.6550483" lon="139.8109984"/>
  <node id="569037390" lat="35.6554205" lon="139.8109302"/>
  <node id="569037392" lat="35.6559543" lon="139.8107047"/>
  <node id="569037394" lat="35.6561432" lon="139.8105803"/>
  <node id="569037396" lat="35.6563698" lon="139.8103889"/>
  <node id="569037398" lat="35.6573896" lon="139.8094844">
    <tag k="highway" v="traffic_signals"/>
    <tag k="name" v="八枝橋"/>
    <tag k="name:en" v="Hachiedabashi"/>
    <tag k="name:ja" v="八枝橋"/>
  </node>
  <node id="569037400" lat="35.6523888" lon="139.8114301"/>
  <node id="569037402" lat="35.6468154" lon="139.8124123"/>
  <node id="569037404" lat="35.6464562" lon="139.8124320">
    <tag k="highway" v="traffic_signals"/>
    <tag k="name" v="辰巳日赤前"/>
  </node>
  <node id="569037406" lat="35.6453361" lon="139.8124215"/>
  <node id="569037415" lat="35.6446027" lon="139.8125330">
    <tag k="crossing" v="traffic_signals"/>
    <tag k="crossing_ref" v="zebra"/>
    <tag k="highway" v="traffic_signals"/>
    <tag k="name" v="辰巳"/>
    <tag k="name:en" v="Tatsumi"/>
    <tag k="name:ja" v="辰巳"/>
    <tag k="name:ja_kana" v="たつみ"/>
    <tag k="name:ja_rm" v="tatsumi"/>
  </node>
  <node id="569037418" lat="35.6422129" lon="139.8130527">
    <tag k="highway" v="traffic_signals"/>
  </node>
  <node id="569037420" lat="35.6417615" lon="139.8131868"/>
  <node id="569037422" lat="35.6417305" lon="139.8132015"/>
  <node id="569037424" lat="35.6416973" lon="139.8132029"/>
  <node id="569037426" lat="35.6416656" lon="139.8131907"/>
  <node id="569037427" lat="35.6416389" lon="139.8131665"/>
  <node id="569037429" lat="35.6416201" lon="139.8131327"/>
  <node id="569037431" lat="35.6416114" lon="139.8130933"/>
  <node id="569037434" lat="35.6416137" lon="139.8130525"/>
  <node id="569037436" lat="35.6417112" lon="139.8129586"/>
  <node id="569037438" lat="35.6417427" lon="139.8129654"/>
  <node id="569037441" lat="35.6417938" lon="139.8130137"/>
  <node id="569037445" lat="35.6422027" lon="139.8129562">
    <tag k="highway" v="traffic_signals"/>
  </node>
  <node id="569040130" lat="35.6502443" lon="139.8069767">
    <tag k="highway" v="traffic_signals"/>
    <tag k="name" v="辰巳橋東"/>
    <tag k="name:en" v="Tatsumi Bridge -E."/>
    <tag k="name:ja" v="辰巳橋東"/>
  </node>
  <node id="569040131" lat="35.6501784" lon="139.8070378">
    <tag k="highway" v="traffic_signals"/>
    <tag k="name" v="辰巳橋東"/>
    <tag k="name:en" v="Tatsumi Bridge -E."/>
    <tag k="name:ja" v="辰巳橋東"/>
  </node>
  <node id="569040132" lat="35.6490018" lon="139.8072092"/>
  <node id="569040133" lat="35.6489601" lon="139.8072235"/>
  <node id="569040134" lat="35.6489318" lon="139.8072448"/>
  <node id="569040135" lat="35.6489019" lon="139.8072878"/>
  <node id="569040136" lat="35.6488888" lon="139.8074181"/>
  <node id="569040137" lat="35.6501701" lon="139.8069539">
    <tag k="highway" v="traffic_signals"/>
    <tag k="name" v="辰巳橋東"/>
    <tag k="name:en" v="Tatsumi Bridge -E."/>
    <tag k="name:ja" v="辰巳橋東"/>
  </node>
  <node id="569040138" lat="35.6489436" lon="139.8071332"/>
  <node id="569040139" lat="35.6489054" lon="139.8071500"/>
  <node id="569040140" lat="35.6488706" lon="139.8071771"/>
  <node id="569040141" lat="35.6488233" lon="139.8072598"/>
  <node id="569040142" lat="35.6488115" lon="139.8073160"/>
  <node id="569040143" lat="35.6488131" lon="139.8073940"/>
  <node id="569040147" lat="35.6517056" lon="139.8067693"/>
  <node id="569040148" lat="35.6525889" lon="139.8159170">
    <tag k="highway" v="traffic_signals"/>
    <tag k="name" v="漣橋南"/>
    <tag k="name:en" v="Sazanami Bridge -S."/>
    <tag k="name:ja" v="漣橋南"/>
  </node>
  <node id="569040149" lat="35.6519263" lon="139.8067757"/>
  <node id="569040150" lat="35.6524145" lon="139.8074989"/>
  <node id="569040151" lat="35.6528205" lon="139.8113222">
    <tag k="highway" v="traffic_signals"/>
  </node>
  <node id="569040154" lat="35.6468317" lon="139.8092401"/>
  <node id="569040155" lat="35.6468511" lon="139.8092028"/>
  <node id="569040156" lat="35.6468783" lon="139.8091826"/>
  <node id="569040157" lat="35.6469128" lon="139.8091787"/>
  <node id="569040158" lat="35.6469758" lon="139.8092563"/>
  <node id="569040160" lat="35.6525553" lon="139.8085406">
    <tag k="highway" v="traffic_signals"/>
    <tag k="traffic_signals" v="signal"/>
  </node>
  <node id="569040161" lat="35.6518864" lon="139.8086353">
    <tag k="highway" v="traffic_signals"/>
    <tag k="name" v="辰巳団地北"/>
    <tag k="name:en" v="Tatsumi Housing Estate-N."/>
  </node>
  <node id="569040163" lat="35.6504274" lon="139.8088481">
    <tag k="highway" v="traffic_signals"/>
    <tag k="name" v="辰巳郵便局前"/>
    <tag k="name:en" v="Tatsumi Post Office"/>
    <tag k="name:ja" v="辰巳郵便局前"/>
  </node>
  <node id="569040164" lat="35.6503491" lon="139.8088596">
    <tag k="highway" v="traffic_signals"/>
    <tag k="name" v="辰巳郵便局前"/>
    <tag k="name:en" v="Tatsumi Post Office"/>
    <tag k="name:ja" v="辰巳郵便局前"/>
  </node>
  <node id="569040166" lat="35.6490529" lon="139.8090479">
    <tag k="highway" v="traffic_signals"/>
    <tag k="name" v="第二辰巳小学校前"/>
    <tag k="name:en" v="Daini Tatsumi Elem. Sch."/>
    <tag k="name:ja" v="第二辰巳小学校前"/>
  </node>
  <node id="569040167" lat="35.6489772" lon="139.8090590">
    <tag k="highway" v="traffic_signals"/>
    <tag k="name" v="第二辰巳小学校前"/>
    <tag k="name:en" v="Daini Tatsumi Elem. Sch."/>
    <tag k="name:ja" v="第二辰巳小学校前"/>
  </node>
  <node id="569040168" lat="35.6494274" lon="139.8118903"/>
  <node id="569040169" lat="35.6491581" lon="139.8119326"/>
  <node id="569040170" lat="35.6507339" lon="139.8119577">
    <tag k="highway" v="traffic_signals"/>
  </node>
  <node id="569040171" lat="35.6506510" lon="139.8119674">
    <tag k="highway" v="traffic_signals"/>
  </node>
  <node id="569040172" lat="35.6506275" lon="139.8117165">
    <tag k="highway" v="traffic_signals"/>
    <tag k="noname" v="yes"/>
  </node>
  <node id="569040173" lat="35.6507137" lon="139.8117033">
    <tag k="highway" v="traffic_signals"/>
  </node>
  <node id="569040174" lat="35.6464642" lon="139.8125450">
    <tag k="highway" v="traffic_signals"/>
    <tag k="name" v="辰巳日赤前"/>
  </node>
  <node id="569040175" lat="35.6471219" lon="139.8198606"/>
  <node id="569040176" lat="35.6480972" lon="139.8197112">
    <tag k="noexit" v="yes"/>
  </node>
  <node id="569040177" lat="35.6468570" lon="139.8166885">
    <tag k="highway" v="traffic_signals"/>
    <tag k="name" v="辰巳の森公園前"/>
  </node>
  <node id="569040178" lat="35.6530102" lon="139.8158745"/>
  <node id="569040180" lat="35.6540173" lon="139.8157228"/>
  <node id="569040182" lat="35.6541044" lon="139.8157319"/>
  <node id="569040183" lat="35.6541945" lon="139.8157501"/>
  <node id="569040184" lat="35.6545015" lon="139.8158911"/>
  <node id="569040185" lat="35.6546757" lon="139.8160218"/>
  <node id="569040186" lat="35.6547696" lon="139.8160765"/>
  <node id="569040187" lat="35.6549787" lon="139.8161384"/>
  <node id="569040188" lat="35.6550738" lon="139.8161485"/>
  <node id="569040189" lat="35.6557203" lon="139.8160876"/>
  <node id="569040192" lat="35.6540229" lon="139.8157718"/>
  <node id="569040193" lat="35.6541945" lon="139.8158002"/>
  <node id="569040194" lat="35.6543783" lon="139.8158712"/>
  <node id="569040195" lat="35.6546254" lon="139.8160452"/>
  <node id="569040196" lat="35.6549768" lon="139.8161898"/>
  <node id="569040197" lat="35.6550767" lon="139.8161938"/>
  <node id="569040199" lat="35.6556310" lon="139.8161209"/>
  <node id="569040200" lat="35.6531108" lon="139.8115982"/>
  <node id="569040203" lat="35.6558600" lon="139.8110746">
    <tag k="highway" v="traffic_signals"/>
    <tag k="name" v="潮見グランド前"/>
    <tag k="name:en" v="Shiomi Ground"/>
    <tag k="name:ja" v="潮見グランド前"/>
  </node>
  <node id="569040204" lat="35.6569801" lon="139.8159121">
    <tag k="highway" v="traffic_signals"/>
    <tag k="name" v="漣橋北"/>
    <tag k="name:en" v="Sazanami Bridge -N."/>
    <tag k="name:es" v="Puente Renbashi"/>
    <tag k="name:ja" v="漣橋北"/>
    <tag k="name:ja_kana" v="さざなみばしきた"/>
  </node>
  <node id="569040762" lat="35.6570513" lon="139.8158022">
    <tag k="highway" v="traffic_signals"/>
    <tag k="name" v="漣橋北"/>
    <tag k="name:en" v="Sazanami Bridge -N."/>
    <tag k="name:es" v="Puente Renbashi"/>
    <tag k="name:ja" v="漣橋北"/>
    <tag k="name:ja_kana" v="さざなみばしきた"/>
  </node>
  <node id="569042895" lat="35.6573592" lon="139.8192256"/>
  <node id="569042897" lat="35.6573815" lon="139.8201880"/>
  <node id="569042902" lat="35.6572637" lon="139.8191388"/>
  <node id="569042913" lat="35.6573055" lon="139.8201833"/>
  <node id="569043890" lat="35.6591875" lon="139.8150198"/>
  <node id="569043891" lat="35.6577466" lon="139.8166272"/>
  <node id="569043892" lat="35.6577996" lon="139.8171990"/>
  <node id="569043893" lat="35.6584181" lon="139.8157919"/>
  <node id="569043894" lat="35.6572104" lon="139.8172882"/>
  <node id="569043895" lat="35.6572152" lon="139.8183969">
    <tag k="highway" v="traffic_signals"/>
    <tag k="name" v="潮見駅南"/>
  </node>
  <node id="569043896" lat="35.6573096" lon="139.8183845">
    <tag k="highway" v="traffic_signals"/>
    <tag k="name" v="潮見駅南"/>
  </node>
  <node id="569043897" lat="35.6561221" lon="139.8160308"/>
  <node id="569045287" lat="35.6562181" lon="139.8121646"/>
  <node id="569045288" lat="35.6563047" lon="139.8125480"/>
  <node id="569045289" lat="35.6563411" lon="139.8107330"/>
  <node id="569045291" lat="35.6566252" lon="139.8139363"/>
  <node id="569045293" lat="35.6563756" lon="139.8132937">
    <tag k="highway" v="traffic_signals"/>
    <tag k="name" v="潮見一丁目"/>
  </node>
  <node id="569045295" lat="35.6564730" lon="139.8132595">
    <tag k="highway" v="traffic_signals"/>
    <tag k="name" v="潮見一丁目"/>
  </node>
  <node id="569045296" lat="35.6568093" lon="139.8147406"/>
  <node id="569045307" lat="35.6578821" lon="139.8149988">
    <tag k="highway" v="traffic_signals"/>
  </node>
  <node id="569045311" lat="35.6586641" lon="139.8142113">
    <tag k="highway" v="traffic_signals"/>
    <tag k="name" v="深川暁橋南"/>
    <tag k="name:en" v="Fukagawa Akatsuki Brdg. -S."/>
    <tag k="name:ja" v="深川暁橋南"/>
  </node>
  <node id="569045313" lat="35.6584547" lon="139.8144207"/>
  <node id="569045314" lat="35.6582749" lon="139.8146072"/>
  <node id="569045315" lat="35.6580820" lon="139.8148013"/>
  <node id="569045316" lat="35.6577109" lon="139.8151728"/>
  <node id="569045318" lat="35.6574075" lon="139.8154831"/>
  <node id="569045319" lat="35.6596096" lon="139.8156568"/>
  <node id="569045321" lat="35.6600311" lon="139.8163027"/>
  <node id="569045323" lat="35.6597765" lon="139.8130971"/>
  <node id="569045325" lat="35.6601579" lon="139.8125283"/>
  <node id="569046040" lat="35.6415839" lon="139.8089713"/>
  <node id="569046041" lat="35.6420873" lon="139.8088340"/>
  <node id="569046042" lat="35.6421583" lon="139.8088381"/>
  <node id="569046043" lat="35.6422021" lon="139.8088709"/>
  <node id="569046044" lat="35.6434749" lon="139.8127563"/>
  <node id="569046045" lat="35.6428683" lon="139.8108720"/>
  <node id="569046046" lat="35.6420157" lon="139.8110047"/>
  <node id="569046047" lat="35.6435162" lon="139.8128904"/>
  <node id="569046050" lat="35.6449096" lon="139.8173284"/>
  <node id="569046052" lat="35.6450014" lon="139.8178637"/>
  <node id="569046054" lat="35.6452431" lon="139.8207202"/>
  <node id="569046055" lat="35.6434463" lon="139.8209258"/>
  <node id="569046056" lat="35.6432200" lon="139.8186737"/>
  <node id="569046057" lat="35.6450506" lon="139.8184260"/>
  <node id="569046058" lat="35.6452163" lon="139.8200872"/>
  <node id="569046059" lat="35.6447507" lon="139.8167671"/>
  <node id="569046060" lat="35.6441650" lon="139.8148544"/>
  <node id="569046061" lat="35.6433553" lon="139.8149827"/>
  <node id="569046062" lat="35.6438770" lon="139.8202597"/>
  <node id="569046063" lat="35.6442302" lon="139.8168622"/>
  <node id="569046064" lat="35.6445597" lon="139.8201744"/>
  <node id="569046065" lat="35.6424071" lon="139.8151165"/>
  <node id="569046066" lat="35.6425892" lon="139.8170913"/>
  <node id="569046067" lat="35.6427476" lon="139.8187364"/>
  <node id="569046068" lat="35.6429366" lon="139.8203907">
    <tag k="highway" v="traffic_signals"/>
  </node>
  <node id="569046070" lat="35.6433832" lon="139.8203334"/>
  <node id="569046071" lat="35.6437030" lon="139.8185978"/>
  <node id="569046072" lat="35.6443927" lon="139.8184981"/>
  <node id="569046073" lat="35.6435440" lon="139.8169530"/>
  <node id="569048133" lat="35.6223527" lon="139.8288704"/>
  <node id="569048134" lat="35.6224121" lon="139.8288644"/>
  <node id="569048136" lat="35.6226048" lon="139.8315667"/>
  <node id="569048138" lat="35.6299549" lon="139.8305279"/>
  <node id="569048139" lat="35.6300195" lon="139.8308709"/>
  <node id="569048140" lat="35.6226090" lon="139.8316823"/>
  <node id="569048141" lat="35.6285069" lon="139.8307294"/>
  <node id="569048143" lat="35.6286197" lon="139.8307140"/>
  <node id="569048145" lat="35.6246677" lon="139.8312804"/>
  <node id="569048147" lat="35.6245643" lon="139.8312957"/>
  <node id="569048149" lat="35.6269395" lon="139.8309484"/>
  <node id="569048150" lat="35.6228480" lon="139.8331978"/>
  <node id="569048151" lat="35.6227597" lon="139.8332117"/>
  <node id="569048155" lat="35.6204860" lon="139.8330242"/>
  <node id="569048156" lat="35.6203258" lon="139.8330690"/>
  <node id="569048157" lat="35.6198701" lon="139.8334139"/>
  <node id="569048158" lat="35.6195939" lon="139.8335328"/>
  <node id="569048159" lat="35.6194170" lon="139.8335425"/>
  <node id="569048161" lat="35.6192345" lon="139.8335243"/>
  <node id="569048162" lat="35.6178783" lon="139.8314174"/>
  <node id="569048163" lat="35.6286318" lon="139.8308334"/>
  <node id="569048164" lat="35.6285213" lon="139.8308512"/>
  <node id="569048166" lat="35.6286303" lon="139.8319891"/>
  <node id="569048167" lat="35.6287410" lon="139.8319743"/>
  <node id="569048168" lat="35.6288906" lon="139.8334830"/>
  <node id="569048169" lat="35.6287737" lon="139.8335007"/>
  <node id="569048170" lat="35.6272051" lon="139.8337306"/>
  <node id="569048171" lat="35.6270615" lon="139.8322165"/>
  <node id="569048173" lat="35.6269510" lon="139.8310696"/>
  <node id="569048176" lat="35.6258208" lon="139.8323937"/>
  <node id="569048177" lat="35.6259659" lon="139.8339090"/>
  <node id="569048178" lat="35.6249311" lon="139.8340499"/>
  <node id="569048179" lat="35.6248276" lon="139.8340649"/>
  <node id="569048184" lat="35.6246851" lon="139.8325586"/>
  <node id="569048185" lat="35.6247884" lon="139.8325438"/>
  <node id="569048187" lat="35.6246794" lon="139.8313934"/>
  <node id="569048188" lat="35.6245721" lon="139.8314072"/>
  <node id="569048189" lat="35.6226902" lon="139.8315563"/>
  <node id="569048190" lat="35.6227033" lon="139.8316683"/>
  <node id="569052122" lat="35.6349653" lon="139.8345997"/>
  <node id="569052124" lat="35.6472429" lon="139.8373535">
    <tag k="highway" v="traffic_signals"/>
    <tag k="name" v="新木場"/>
  </node>
  <node id="569052136" lat="35.6385734" lon="139.8374818"/>
  <node id="569052145" lat="35.6431891" lon="139.8382407"/>
  <node id="569052149" lat="35.6456016" lon="139.8384382"/>
  <node id="569054312" lat="35.6455887" lon="139.8371939">
    <tag k="highway" v="traffic_signals"/>
    <tag k="noname" v="yes"/>
  </node>
  <node id="569054316" lat="35.6456918" lon="139.8372093">
    <tag k="highway" v="traffic_signals"/>
    <tag k="noname" v="yes"/>
  </node>
  <node id="569054317" lat="35.6455806" lon="139.8361582">
    <tag k="highway" v="traffic_signals"/>
    <tag k="name" v="東千石橋北"/>
    <tag k="name:en" v="Higashisengoku Brdg. -N."/>
    <tag k="name:ja" v="東千石橋北"/>
  </node>
  <node id="569054318" lat="35.6454853" lon="139.8361404">
    <tag k="highway" v="traffic_signals"/>
    <tag k="name" v="東千石橋北"/>
    <tag k="name:en" v="Higashisengoku Brdg. -N."/>
    <tag k="name:ja" v="東千石橋北"/>
  </node>
  <node id="569054321" lat="35.6461676" lon="139.8300867"/>
  <node id="569054322" lat="35.6450245" lon="139.8302473"/>
  <node id="569054323" lat="35.6449385" lon="139.8302622"/>
  <node id="569054325" lat="35.6464591" lon="139.8331301"/>
  <node id="569054327" lat="35.6453161" lon="139.8332740"/>
  <node id="569054328" lat="35.6452265" lon="139.8332849"/>
  <node id="569054331" lat="35.6582001" lon="139.8274579"/>
  <node id="569076867" lat="35.6659849" lon="139.8379370">
    <tag k="highway" v="traffic_signals"/>
    <tag k="name" v="清砂大橋西詰"/>
    <tag k="name:en" v="Kiyosunaohashi"/>
    <tag k="name:ja" v="清砂大橋西詰"/>
  </node>
  <node id="569076890" lat="35.6609275" lon="139.8320852"/>
  <node id="569076891" lat="35.6628429" lon="139.8322450"/>
  <node id="569076892" lat="35.6630426" lon="139.8323313"/>
  <node id="569076893" lat="35.6631711" lon="139.8325271"/>
  <node id="569076894" lat="35.6631983" lon="139.8328781"/>
  <node id="569076895" lat="35.6631081" lon="139.8346939"/>
  <node id="569076896" lat="35.6630140" lon="139.8359999"/>
  <node id="569076897" lat="35.6630300" lon="139.8361356"/>
  <node id="569076898" lat="35.6630706" lon="139.8362619"/>
  <node id="569076899" lat="35.6631295" lon="139.8363766"/>
  <node id="569076900" lat="35.6632058" lon="139.8364756"/>
  <node id="569076901" lat="35.6633054" lon="139.8365571"/>
  <node id="569076907" lat="35.6608179" lon="139.8319644"/>
  <node id="569076908" lat="35.6609317" lon="139.8303534"/>
  <node id="569076909" lat="35.6592430" lon="139.8305403"/>
  <node id="569076910" lat="35.6592597" lon="139.8301618"/>
  <node id="569076911" lat="35.6575633" lon="139.8301282"/>
  <node id="569076912" lat="35.6632392" lon="139.8336475"/>
  <node id="569076934" lat="35.6632402" lon="139.8331263"/>
  <node id="569076938" lat="35.6679494" lon="139.8256311">
    <tag k="crossing" v="traffic_signals"/>
    <tag k="crossing_ref" v="zebra"/>
    <tag k="highway" v="traffic_signals"/>
  </node>
  <node id="570752221" lat="35.6632574" lon="139.8237812">
    <tag k="highway" v="traffic_signals"/>
    <tag k="name" v="新砂一丁目"/>
    <tag k="name:en" v="Shinsuna 1"/>
    <tag k="name:ja" v="新砂一丁目"/>
  </node>
  <node id="570752231" lat="35.6453580" lon="139.8256966"/>
  <node id="570752232" lat="35.6452265" lon="139.8256778"/>
  <node id="570752235" lat="35.6457441" lon="139.8255664"/>
  <node id="570752236" lat="35.6453754" lon="139.8255322"/>
  <node id="570752237" lat="35.6449500" lon="139.8254207"/>
  <node id="570752239" lat="35.6468538" lon="139.8254259">
    <tag k="junction" v="yes"/>
    <tag k="name" v="夢の島"/>
    <tag k="name:en" v="Yumenoshima"/>
    <tag k="name:ja" v="夢の島"/>
  </node>
  <node id="570752240" lat="35.6468678" lon="139.8255698">
    <tag k="junction" v="yes"/>
    <tag k="name" v="夢の島"/>
    <tag k="name:en" v="Yumenoshima"/>
    <tag k="name:ja" v="夢の島"/>
  </node>
  <node id="570752241" lat="35.6461089" lon="139.8255371">
    <tag k="junction" v="yes"/>
    <tag k="name" v="夢の島"/>
    <tag k="name:en" v="Yumenoshima"/>
    <tag k="name:ja" v="夢の島"/>
  </node>
  <node id="570752242" lat="35.6461235" lon="139.8256785">
    <tag k="junction" v="yes"/>
    <tag k="name" v="夢の島"/>
    <tag k="name:en" v="Yumenoshima"/>
    <tag k="name:ja" v="夢の島"/>
  </node>
  <node id="570752245" lat="35.6578989" lon="139.8241074">
    <tag k="highway" v="traffic_signals"/>
    <tag k="name" v="新砂二丁目"/>
    <tag k="name:en" v="Shin-Suna 2"/>
  </node>
  <node id="570753256" lat="35.6388371" lon="139.8229478"/>
  <node id="570753263" lat="35.6326733" lon="139.8238573"/>
  <node id="570753264" lat="35.6326195" lon="139.8238747"/>
  <node id="570753265" lat="35.6325819" lon="139.8238958"/>
  <node id="570753266" lat="35.6325517" lon="139.8239283"/>
  <node id="570753267" lat="35.6325362" lon="139.8239711"/>
  <node id="570753268" lat="35.6325297" lon="139.8240083"/>
  <node id="570753269" lat="35.6445521" lon="139.8252595">
    <tag k="highway" v="traffic_signals"/>
    <tag k="name" v="千石橋北"/>
  </node>
  <node id="570753270" lat="35.6445742" lon="139.8254614">
    <tag k="highway" v="traffic_signals"/>
    <tag k="name" v="千石橋北"/>
  </node>
  <node id="570753271" lat="35.6444762" lon="139.8254191">
    <tag k="highway" v="traffic_signals"/>
    <tag k="name" v="千石橋北"/>
  </node>
  <node id="570753272" lat="35.6446462" lon="139.8271974">
    <tag k="highway" v="traffic_signals"/>
    <tag k="name" v="新木場駅前"/>
  </node>
  <node id="570753273" lat="35.6447357" lon="139.8271862">
    <tag k="highway" v="traffic_signals"/>
    <tag k="name" v="新木場駅前"/>
  </node>
  <node id="570753591" lat="35.6396021" lon="139.8366983">
    <tag k="highway" v="traffic_signals"/>
    <tag k="noname" v="yes"/>
  </node>
  <node id="570753595" lat="35.6381388" lon="139.8230635"/>
  <node id="573267627" lat="35.6341053" lon="139.7904475"/>
  <node id="598509704" lat="35.6396490" lon="139.8233159"/>
  <node id="598509705" lat="35.6395308" lon="139.8214732"/>
  <node id="598509708" lat="35.6359499" lon="139.8218126"/>
  <node id="598509709" lat="35.6358758" lon="139.8218696"/>
  <node id="598509710" lat="35.6358652" lon="139.8219362"/>
  <node id="598509711" lat="35.6358639" lon="139.8220338"/>
  <node id="598509712" lat="35.6360080" lon="139.8235115">
    <tag k="highway" v="traffic_signals"/>
  </node>
  <node id="598509713" lat="35.6359941" lon="139.8233687">
    <tag k="highway" v="traffic_signals"/>
  </node>
  <node id="598509714" lat="35.6396817" lon="139.8231497"/>
  <node id="598509715" lat="35.6373121" lon="139.8348008"/>
  <node id="598509716" lat="35.6372192" lon="139.8365010"/>
  <node id="598509717" lat="35.6418688" lon="139.8351886"/>
  <node id="598509718" lat="35.6417700" lon="139.8368872">
    <tag k="highway" v="traffic_signals"/>
  </node>
  <node id="598509719" lat="35.6394471" lon="139.8349794">
    <tag k="highway" v="traffic_signals"/>
  </node>
  <node id="598517878" lat="35.6463321" lon="139.8545830"/>
  <node id="765039575" lat="35.6554085" lon="139.7979414">
    <tag k="highway" v="traffic_signals"/>
  </node>
  <node id="765039576" lat="35.6561909" lon="139.7991239"/>
  <node id="765039577" lat="35.6555279" lon="139.7978245">
    <tag k="highway" v="traffic_signals"/>
    <tag k="source" v="Bing"/>
  </node>
  <node id="765039580" lat="35.6588924" lon="139.8030966"/>
  <node id="765039581" lat="35.6598523" lon="139.8073939"/>
  <node id="765039585" lat="35.6558851" lon="139.7986686"/>
  <node id="765039587" lat="35.6577168" lon="139.8013816"/>
  <node id="765039591" lat="35.6586110" lon="139.8027052"/>
  <node id="765039593" lat="35.6545750" lon="139.7966699">
    <tag k="highway" v="traffic_signals"/>
    <tag k="name" v="豊洲駅前"/>
    <tag k="name:en" v="Toyosu Sta."/>
    <tag k="name:ja" v="豊洲駅前"/>
  </node>
  <node id="765039594" lat="35.6597080" lon="139.8074478"/>
  <node id="765039595" lat="35.6591920" lon="139.8034422"/>
  <node id="765039599" lat="35.6578131" lon="139.8012886"/>
  <node id="765039600" lat="35.6591153" lon="139.8045957"/>
  <node id="765039601" lat="35.6583185" lon="139.8022742">
    <tag k="highway" v="traffic_signals"/>
    <tag k="name" v="枝川一丁目"/>
    <tag k="name:en" v="Edagawa 1"/>
    <tag k="name:ja" v="枝川一丁目"/>
  </node>
  <node id="765040026" lat="35.6603159" lon="139.8039868"/>
  <node id="765040027" lat="35.6613147" lon="139.8037879"/>
  <node id="765040028" lat="35.6610261" lon="139.8038578"/>
  <node id="930234612" lat="35.6579408" lon="139.8017140"/>
  <node id="1057693035" lat="35.6544030" lon="139.8244770"/>
  <node id="1057693038" lat="35.6561076" lon="139.8240832"/>
  <node id="1057693040" lat="35.6542213" lon="139.8243688"/>
  <node id="1057693042" lat="35.6559533" lon="139.8242507"/>
  <node id="1157151987" lat="35.6537681" lon="139.7995778">
    <tag k="highway" v="traffic_signals"/>
    <tag k="name" v="豊洲小学校前"/>
  </node>
  <node id="1157151988" lat="35.6552802" lon="139.8000119"/>
  <node id="1157151990" lat="35.6529325" lon="139.7983238">
    <tag k="highway" v="traffic_signals"/>
    <tag k="noname" v="yes"/>
  </node>
  <node id="1157151992" lat="35.6545552" lon="139.7989143"/>
  <node id="1157151994" lat="35.6549849" lon="139.7995648"/>
  <node id="1158437269" lat="35.6510416" lon="139.7998936"/>
  <node id="1158437271" lat="35.6542648" lon="139.8003305"/>
  <node id="1158437273" lat="35.6500499" lon="139.8011232"/>
  <node id="1158437275" lat="35.6507767" lon="139.8003945"/>
  <node id="1158437282" lat="35.6511658" lon="139.8000779"/>
  <node id="1158437284" lat="35.6499851" lon="139.8010218"/>
  <node id="1158437287" lat="35.6507090" lon="139.8002997"/>
  <node id="1167599012" lat="35.6575725" lon="139.8009229"/>
  <node id="1167599014" lat="35.6581791" lon="139.8038073"/>
  <node id="1167599022" lat="35.6570794" lon="139.8001748"/>
  <node id="1167599027" lat="35.6557084" lon="139.8028343"/>
  <node id="1167599041" lat="35.6574968" lon="139.8010037"/>
  <node id="1167599042" lat="35.6566445" lon="139.8039394">
    <tag k="highway" v="traffic_signals"/>
  </node>
  <node id="1167599047" lat="35.6570070" lon="139.8002496"/>
  <node id="1167599050" lat="35.6566787" lon="139.7998362"/>
  <node id="1167599058" lat="35.6563100" lon="139.7990096"/>
  <node id="1167599062" lat="35.6558527" lon="139.8030520"/>
  <node id="1178650368" lat="35.6576760" lon="139.8054936"/>
  <node id="1178650376" lat="35.6582411" lon="139.8070319"/>
  <node id="1178650381" lat="35.6574658" lon="139.8051726"/>
  <node id="1178650390" lat="35.6579558" lon="139.8073040"/>
  <node id="1312684786" lat="35.6564167" lon="139.8080141"/>
  <node id="1312684802" lat="35.6595099" lon="139.8082720"/>
  <node id="1312684805" lat="35.6588879" lon="139.8095357"/>
  <node id="1312684808" lat="35.6598996" lon="139.8099052">
    <tag k="highway" v="traffic_signals"/>
    <tag k="name" v="枝川小学校北"/>
  </node>
  <node id="1312684814" lat="35.6589591" lon="139.8063455"/>
  <node id="1312684830" lat="35.6594002" lon="139.8062613"/>
  <node id="1312684834" lat="35.6567474" lon="139.8085141"/>
  <node id="1312684835" lat="35.6596352" lon="139.8084542"/>
  <node id="1312684839" lat="35.6601847" lon="139.8128452"/>
  <node id="1312684840" lat="35.6600523" lon="139.8128721"/>
  <node id="1312684846" lat="35.6591072" lon="139.8106665"/>
  <node id="1312684857" lat="35.6573115" lon="139.8079508"/>
  <node id="1312684860" lat="35.6585462" lon="139.8112242"/>
  <node id="1312684867" lat="35.6597751" lon="139.8086524"/>
  <node id="1312684869" lat="35.6586267" lon="139.8091458"/>
  <node id="1312684871" lat="35.6588131" lon="139.8048997"/>
  <node id="1312684872" lat="35.6521898" lon="139.8117557">
    <tag k="highway" v="traffic_signals"/>
    <tag k="name" v="辰巳一丁目"/>
    <tag k="name:en" v="Tatsumi 1"/>
    <tag k="name:ja" v="辰巳一丁目"/>
  </node>
  <node id="1312684876" lat="35.6566758" lon="139.8070266"/>
  <node id="1350750282" lat="35.6632660" lon="139.8334296"/>
  <node id="1350752447" lat="35.6622185" lon="139.8321817"/>
  <node id="1426116791" lat="35.6446369" lon="139.8261155"/>
  <node id="1426116793" lat="35.6446790" lon="139.8259941"/>
  <node id="1426116795" lat="35.6446976" lon="139.8259673"/>
  <node id="1426116813" lat="35.6447646" lon="139.8259290">
    <tag k="direction" v="forward"/>
    <tag k="highway" v="stop"/>
  </node>
  <node id="1426116868" lat="35.6449084" lon="139.8259069"/>
  <node id="1426116889" lat="35.6451284" lon="139.8261706"/>
  <node id="1426116895" lat="35.6452171" lon="139.8271410"/>
  <node id="1426116898" lat="35.6451451" lon="139.8263200"/>
  <node id="1426116900" lat="35.6453504" lon="139.8258432"/>
  <node id="1426116902" lat="35.6451395" lon="139.8261164"/>
  <node id="1426116905" lat="35.6451698" lon="139.8265557"/>
  <node id="1426116906" lat="35.6451858" lon="139.8267060"/>
  <node id="1426116907" lat="35.6451660" lon="139.8264211"/>
  <node id="1426116918" lat="35.6451746" lon="139.8263529"/>
  <node id="1426116928" lat="35.6451929" lon="139.8264796"/>
  <node id="1426116933" lat="35.6451811" lon="139.8260623"/>
  <node id="1426116939" lat="35.6452682" lon="139.8269336"/>
  <node id="1426116941" lat="35.6451882" lon="139.8263209"/>
  <node id="1426116943" lat="35.6452371" lon="139.8264456"/>
  <node id="1426116950" lat="35.6452136" lon="139.8262973"/>
  <node id="1426116953" lat="35.6454798" lon="139.8260198"/>
  <node id="1426116954" lat="35.6456754" lon="139.8257078"/>
  <node id="1426116957" lat="35.6455197" lon="139.8262554"/>
  <node id="1426116967" lat="35.6455441" lon="139.8264043"/>
  <node id="1426116975" lat="35.6455389" lon="139.8260439"/>
  <node id="1426116985" lat="35.6455808" lon="139.8266629"/>
  <node id="1426116990" lat="35.6455930" lon="139.8268850"/>
  <node id="1426116991" lat="35.6455512" lon="139.8262362"/>
  <node id="1426116992" lat="35.6455868" lon="139.8271079"/>
  <node id="1426116993" lat="35.6455770" lon="139.8258431"/>
  <node id="1426116995" lat="35.6455609" lon="139.8260862"/>
  <node id="1426116996" lat="35.6455955" lon="139.8266822"/>
  <node id="1426116998" lat="35.6455683" lon="139.8261864"/>
  <node id="1426116999" lat="35.6455776" lon="139.8263627"/>
  <node id="1426117001" lat="35.6456069" lon="139.8267074"/>
  <node id="1426117002" lat="35.6456043" lon="139.8257999"/>
  <node id="1426117004" lat="35.6456181" lon="139.8268572"/>
  <node id="1426117007" lat="35.6457164" lon="139.8271021"/>
  <node id="1448150601" lat="35.6561049" lon="139.8045302"/>
  <node id="1448150607" lat="35.6559104" lon="139.8047243"/>
  <node id="1448150628" lat="35.6554552" lon="139.8051783"/>
  <node id="1448150636" lat="35.6560109" lon="139.8046241"/>
  <node id="1448150651" lat="35.6552579" lon="139.8053750"/>
  <node id="1448150681" lat="35.6553595" lon="139.8052737"/>
  <node id="1448150698" lat="35.6556912" lon="139.8049429"/>
  <node id="1448150727" lat="35.6555353" lon="139.8050984"/>
  <node id="1448150804" lat="35.6556115" lon="139.8050224"/>
  <node id="1448509349" lat="35.6624532" lon="139.7990119"/>
  <node id="1448509351" lat="35.6591395" lon="139.8014636"/>
  <node id="1448509354" lat="35.6587395" lon="139.8018669"/>
  <node id="1448509357" lat="35.6594598" lon="139.8037090"/>
  <node id="1448509372" lat="35.6594046" lon="139.8037632"/>
  <node id="1619749483" lat="35.6378246" lon="139.7987924"/>
  <node id="1619749484" lat="35.6383041" lon="139.7990692"/>
  <node id="1619749485" lat="35.6380592" lon="139.7988788"/>
  <node id="1619749486" lat="35.6353635" lon="139.7995302"/>
  <node id="1619749490" lat="35.6376042" lon="139.7987808"/>
  <node id="1621585472" lat="35.6418825" lon="139.7999426">
    <tag k="highway" v="traffic_signals"/>
    <tag k="name" v="東雲小学校前"/>
    <tag k="name:en" v="Shinonome Elem. Sch."/>
    <tag k="name:ja" v="東雲小学校前"/>
  </node>
  <node id="1621585487" lat="35.6419917" lon="139.8010960"/>
  <node id="1621585494" lat="35.6421085" lon="139.8023592">
    <tag k="crossing" v="traffic_signals"/>
    <tag k="crossing_ref" v="zebra"/>
    <tag k="highway" v="traffic_signals"/>
  </node>
  <node id="1621585589" lat="35.6435146" lon="139.8008750"/>
  <node id="1628285424" lat="35.6303125" lon="139.8339229"/>
  <node id="1628285464" lat="35.6304495" lon="139.8353511"/>
  <node id="1637371598" lat="35.6190750" lon="139.8349760"/>
  <node id="1637371612" lat="35.6211129" lon="139.8348193"/>
  <node id="1637371617" lat="35.6224588" lon="139.8352272"/>
  <node id="1637371620" lat="35.6220274" lon="139.8348657"/>
  <node id="1637371621" lat="35.6229653" lon="139.8352729">
    <tag k="highway" v="traffic_signals"/>
  </node>
  <node id="1637371622" lat="35.6229233" lon="139.8349381">
    <tag k="highway" v="traffic_signals"/>
  </node>
  <node id="1637371624" lat="35.6230142" lon="139.8349449">
    <tag k="highway" v="traffic_signals"/>
  </node>
  <node id="1637371627" lat="35.6235617" lon="139.8350024"/>
  <node id="1637371629" lat="35.6249363" lon="139.8351390">
    <tag k="highway" v="traffic_signals"/>
  </node>
  <node id="1637371630" lat="35.6249849" lon="139.8354057">
    <tag k="highway" v="traffic_signals"/>
  </node>
  <node id="1637371633" lat="35.6250293" lon="139.8351495">
    <tag k="highway" v="traffic_signals"/>
  </node>
  <node id="1637371642" lat="35.6289838" lon="139.8355323"/>
  <node id="1637371644" lat="35.6290798" lon="139.8355553"/>
  <node id="1661794694" lat="35.6475442" lon="139.8326870"/>
  <node id="1661794886" lat="35.6478506" lon="139.8360627"/>
  <node id="1667171187" lat="35.6359032" lon="139.8218290"/>
  <node id="1667171188" lat="35.6377621" lon="139.8215539"/>
  <node id="1667171190" lat="35.6385052" lon="139.8252044"/>
  <node id="1667171191" lat="35.6386251" lon="139.8229718"/>
  <node id="1667171196" lat="35.6390491" lon="139.8229533"/>
  <node id="1667171197" lat="35.6390387" lon="139.8231366"/>
  <node id="1667171198" lat="35.6391326" lon="139.8317680"/>
  <node id="1667171199" lat="35.6391702" lon="139.8231542"/>
  <node id="1667171200" lat="35.6392731" lon="139.8230052"/>
  <node id="1667171201" lat="35.6392206" lon="139.8317808"/>
  <node id="1667171202" lat="35.6393734" lon="139.8232072"/>
  <node id="1667171203" lat="35.6394608" lon="139.8230633"/>
  <node id="1667171204" lat="35.6394428" lon="139.8213142"/>
  <node id="1667171205" lat="35.6394858" lon="139.8213421"/>
  <node id="1667171206" lat="35.6395145" lon="139.8213877"/>
  <node id="1667171209" lat="35.6404395" lon="139.8034728"/>
  <node id="1667171211" lat="35.6407983" lon="139.8072212"/>
  <node id="1667171212" lat="35.6408703" lon="139.8071480"/>
  <node id="1667171213" lat="35.6408641" lon="139.8075007"/>
  <node id="1667171214" lat="35.6409415" lon="139.8074552"/>
  <node id="1667171215" lat="35.6410296" lon="139.8080181"/>
  <node id="1667171216" lat="35.6411813" lon="139.8081790"/>
  <node id="1667171217" lat="35.6411988" lon="139.8084078"/>
  <node id="1667171218" lat="35.6414928" lon="139.8087663"/>
  <node id="1667171219" lat="35.6414613" lon="139.8089410"/>
  <node id="1667171222" lat="35.6415617" lon="139.8090207"/>
  <node id="1667171223" lat="35.6415658" lon="139.8090604"/>
  <node id="1667171224" lat="35.6415694" lon="139.8089912"/>
  <node id="1667171225" lat="35.6415875" lon="139.8092376"/>
  <node id="1667171226" lat="35.6416005" lon="139.8091479"/>
  <node id="1667171227" lat="35.6416471" lon="139.8092692"/>
  <node id="1667171228" lat="35.6416555" lon="139.8093148"/>
  <node id="1667171229" lat="35.6416824" lon="139.8094487"/>
  <node id="1667171230" lat="35.6416849" lon="139.8089059"/>
  <node id="1667171231" lat="35.6416870" lon="139.8092187"/>
  <node id="1667171232" lat="35.6417136" lon="139.8096016"/>
  <node id="1667171233" lat="35.6417780" lon="139.8098325"/>
  <node id="1667171234" lat="35.6418314" lon="139.8100742"/>
  <node id="1667171235" lat="35.6418468" lon="139.8097275"/>
  <node id="1667171236" lat="35.6418762" lon="139.8103571"/>
  <node id="1667171237" lat="35.6418945" lon="139.8099690"/>
  <node id="1667171238" lat="35.6418053" lon="139.8131148"/>
  <node id="1667171239" lat="35.6419281" lon="139.8108177"/>
  <node id="1667171240" lat="35.6419476" lon="139.8110114"/>
  <node id="1667171242" lat="35.6419912" lon="139.8107469"/>
  <node id="1667171244" lat="35.6421303" lon="139.8129685">
    <tag k="highway" v="traffic_signals"/>
  </node>
  <node id="1667171245" lat="35.6421393" lon="139.8130615">
    <tag k="highway" v="traffic_signals"/>
  </node>
  <node id="1667171246" lat="35.6422371" lon="139.8089265"/>
  <node id="1667171247" lat="35.6422838" lon="139.8030023"/>
  <node id="1667171248" lat="35.6422801" lon="139.8090560"/>
  <node id="1667171249" lat="35.6423408" lon="139.8151231"/>
  <node id="1667171250" lat="35.6425397" lon="139.8170990"/>
  <node id="1667171251" lat="35.6426117" lon="139.8032229"/>
  <node id="1667171252" lat="35.6426203" lon="139.8049823"/>
  <node id="1667171253" lat="35.6426992" lon="139.8187426"/>
  <node id="1667171255" lat="35.6428351" lon="139.8203030"/>
  <node id="1667171256" lat="35.6428499" lon="139.8203677">
    <tag k="highway" v="traffic_signals"/>
  </node>
  <node id="1667171257" lat="35.6428743" lon="139.8204737"/>
  <node id="1667171258" lat="35.6434755" lon="139.8209569"/>
  <node id="1667171259" lat="35.6435208" lon="139.8209701"/>
  <node id="1667171260" lat="35.6442715" lon="139.7996104">
    <tag k="crossing" v="traffic_signals"/>
    <tag k="crossing_ref" v="zebra"/>
    <tag k="highway" v="traffic_signals"/>
    <tag k="name" v="東雲二丁目団地前"/>
    <tag k="name:en" v="Shinonome 2 Housing Estate"/>
    <tag k="name:ja" v="東雲二丁目団地前"/>
    <tag k="name:ja-Hira" v="しののめにちょうめだんちまえ"/>
    <tag k="name:ja-Latn" v="Shinonome Nichōme Danchi Mae"/>
  </node>
  <node id="1667171261" lat="35.6443313" lon="139.8244374"/>
  <node id="1667171262" lat="35.6443735" lon="139.8245729"/>
  <node id="1667171263" lat="35.6444187" lon="139.8247655"/>
  <node id="1667171264" lat="35.6444344" lon="139.8248627"/>
  <node id="1667171266" lat="35.6444505" lon="139.8245973"/>
  <node id="1667171267" lat="35.6446249" lon="139.8260061"/>
  <node id="1667171282" lat="35.6452804" lon="139.8206745"/>
  <node id="1667171290" lat="35.6453588" lon="139.8148601"/>
  <node id="1667171308" lat="35.6456678" lon="139.8043304"/>
  <node id="1667171309" lat="35.6456770" lon="139.8028258"/>
  <node id="1667171312" lat="35.6456800" lon="139.8024885"/>
  <node id="1667171313" lat="35.6456838" lon="139.8027143"/>
  <node id="1667171315" lat="35.6457099" lon="139.8044925"/>
  <node id="1667171317" lat="35.6457807" lon="139.8123504"/>
  <node id="1667171320" lat="35.6457940" lon="139.8046184"/>
  <node id="1667171323" lat="35.6458346" lon="139.8046485"/>
  <node id="1667171327" lat="35.6458640" lon="139.8046702"/>
  <node id="1667171331" lat="35.6458963" lon="139.8029936"/>
  <node id="1667171337" lat="35.6459846" lon="139.8030022"/>
  <node id="1667171338" lat="35.6460120" lon="139.8124694"/>
  <node id="1667171340" lat="35.6460435" lon="139.8030056"/>
  <node id="1667171344" lat="35.6461194" lon="139.8123278"/>
  <node id="1667171352" lat="35.6463051" lon="139.8007158"/>
  <node id="1667171357" lat="35.6464895" lon="139.8006670"/>
  <node id="1667171359" lat="35.6465051" lon="139.8029389"/>
  <node id="1667171369" lat="35.6468282" lon="139.8092780"/>
  <node id="1667171377" lat="35.6469401" lon="139.8091905"/>
  <node id="1667171380" lat="35.6469646" lon="139.8092195"/>
  <node id="1667171384" lat="35.6470194" lon="139.8045579"/>
  <node id="1667171432" lat="35.6481564" lon="139.8043959"/>
  <node id="1667171476" lat="35.6486969" lon="139.8026900"/>
  <node id="1667171484" lat="35.6487835" lon="139.8043057"/>
  <node id="1667171491" lat="35.6487529" lon="139.8027296"/>
  <node id="1667171500" lat="35.6488384" lon="139.8028504"/>
  <node id="1667171502" lat="35.6488431" lon="139.8042636"/>
  <node id="1667171503" lat="35.6488707" lon="139.8029435"/>
  <node id="1667171506" lat="35.6488839" lon="139.8073497"/>
  <node id="1667171508" lat="35.6488997" lon="139.8041881"/>
  <node id="1667171519" lat="35.6492007" lon="139.8119045"/>
  <node id="1667171520" lat="35.6492322" lon="139.8117411">
    <tag k="highway" v="crossing"/>
  </node>
  <node id="1667171521" lat="35.6492361" lon="139.8118321"/>
  <node id="1667171522" lat="35.6492373" lon="139.8117881"/>
  <node id="1667171523" lat="35.6493050" lon="139.8117314">
    <tag k="highway" v="crossing"/>
  </node>
  <node id="1667171524" lat="35.6493261" lon="139.8117990"/>
  <node id="1667171525" lat="35.6493783" lon="139.8118657"/>
  <node id="1667171533" lat="35.6528353" lon="139.8114103"/>
  <node id="1667171534" lat="35.6528914" lon="139.8114431"/>
  <node id="1667171535" lat="35.6529460" lon="139.8114534"/>
  <node id="1667171536" lat="35.6531757" lon="139.8158274"/>
  <node id="1667171537" lat="35.6531822" lon="139.8158694"/>
  <node id="1667171538" lat="35.6532516" lon="139.8114138"/>
  <node id="1667171539" lat="35.6533553" lon="139.8114310"/>
  <node id="1667171540" lat="35.6534156" lon="139.8114672"/>
  <node id="1667171541" lat="35.6534646" lon="139.8115362"/>
  <node id="1667171545" lat="35.6541017" lon="139.8157794"/>
  <node id="1667171546" lat="35.6543036" lon="139.8158364"/>
  <node id="1667171547" lat="35.6543081" lon="139.8157866"/>
  <node id="1667171548" lat="35.6544193" lon="139.8158359"/>
  <node id="1667171549" lat="35.6544829" lon="139.8159336"/>
  <node id="1667171550" lat="35.6545621" lon="139.8159949"/>
  <node id="1667171554" lat="35.6545850" lon="139.8159532"/>
  <node id="1667171556" lat="35.6546931" lon="139.8160909"/>
  <node id="1667171557" lat="35.6547599" lon="139.8161242"/>
  <node id="1667171559" lat="35.6548271" lon="139.8161554"/>
  <node id="1667171561" lat="35.6548741" lon="139.8161123"/>
  <node id="1667171562" lat="35.6549034" lon="139.8161771"/>
  <node id="1667171565" lat="35.6553420" lon="139.8112542"/>
  <node id="1667171571" lat="35.6551776" lon="139.8109815"/>
  <node id="1667171573" lat="35.6556271" lon="139.8160811"/>
  <node id="1667171575" lat="35.6555557" lon="139.8108914"/>
  <node id="1667171579" lat="35.6557141" lon="139.8111313"/>
  <node id="1667171581" lat="35.6558112" lon="139.8107827">
    <tag k="highway" v="traffic_signals"/>
    <tag k="name" v="潮見グランド前"/>
    <tag k="name:en" v="Shiomi Ground"/>
    <tag k="name:ja" v="潮見グランド前"/>
  </node>
  <node id="1667171583" lat="35.6562266" lon="139.8172470"/>
  <node id="1667171589" lat="35.6577499" lon="139.8167139"/>
  <node id="1667171591" lat="35.6577704" lon="139.8164940"/>
  <node id="1667171593" lat="35.6578320" lon="139.8183158"/>
  <node id="1667171595" lat="35.6578402" lon="139.8163743"/>
  <node id="1667171596" lat="35.6579382" lon="139.8182942"/>
  <node id="1667171597" lat="35.6580603" lon="139.8171624"/>
  <node id="1667171598" lat="35.6581301" lon="139.8181780"/>
  <node id="1667171599" lat="35.6581450" lon="139.8171248"/>
  <node id="1667171636" lat="35.6444633" lon="139.8252237">
    <tag k="highway" v="traffic_signals"/>
    <tag k="name" v="千石橋北"/>
  </node>
  <node id="1672743153" lat="35.6608455" lon="139.8320486"/>
  <node id="1672743235" lat="35.6626450" lon="139.8322262"/>
  <node id="1672792841" lat="35.6622921" lon="139.8237817"/>
  <node id="1672793020" lat="35.6647588" lon="139.8240808"/>
  <node id="1733694677" lat="35.6471182" lon="139.8198211"/>
  <node id="1733694705" lat="35.6475352" lon="139.8254566"/>
  <node id="1733694782" lat="35.6483024" lon="139.8164887"/>
  <node id="1733694846" lat="35.6490501" lon="139.8248332"/>
  <node id="1733694848" lat="35.6490789" lon="139.8251035">
    <tag k="highway" v="traffic_signals"/>
  </node>
  <node id="1733694849" lat="35.6490998" lon="139.8246263"/>
  <node id="1733694851" lat="35.6490896" lon="139.8252152">
    <tag k="highway" v="traffic_signals"/>
  </node>
  <node id="1733694853" lat="35.6491630" lon="139.8245571"/>
  <node id="1733694859" lat="35.6492193" lon="139.8245286"/>
  <node id="1733694900" lat="35.6497637" lon="139.8244450"/>
  <node id="1733694946" lat="35.6505700" lon="139.8243562"/>
  <node id="1733694953" lat="35.6507716" lon="139.8242726"/>
  <node id="1733694995" lat="35.6520081" lon="139.8240822"/>
  <node id="1733694999" lat="35.6520424" lon="139.8241332"/>
  <node id="1733695012" lat="35.6522682" lon="139.8126528"/>
  <node id="1733695014" lat="35.6524587" lon="139.8240893"/>
  <node id="1733695016" lat="35.6525057" lon="139.8240184"/>
  <node id="1733695019" lat="35.6530628" lon="139.8239301"/>
  <node id="1739073409" lat="35.6456604" lon="139.8271008"/>
  <node id="1739073427" lat="35.6457466" lon="139.8271137"/>
  <node id="1739073443" lat="35.6458361" lon="139.8272833"/>
  <node id="1739073448" lat="35.6458691" lon="139.8274724"/>
  <node id="1739073458" lat="35.6459099" lon="139.8276948"/>
  <node id="1743906936" lat="35.6188153" lon="139.8331432"/>
  <node id="1743906938" lat="35.6188653" lon="139.8332348"/>
  <node id="1743906939" lat="35.6189204" lon="139.8333218"/>
  <node id="1743906941" lat="35.6189877" lon="139.8333955"/>
  <node id="1743906942" lat="35.6190620" lon="139.8334550"/>
  <node id="1743906943" lat="35.6191451" lon="139.8334994"/>
  <node id="1752126216" lat="35.6479066" lon="139.8367507"/>
  <node id="1770289021" lat="35.6631050" lon="139.8323945"/>
  <node id="1770289022" lat="35.6631912" lon="139.8327002"/>
  <node id="1772389913" lat="35.6455254" lon="139.8257116"/>
  <node id="1783167339" lat="35.6195049" lon="139.8335437"/>
  <node id="1783167340" lat="35.6197373" lon="139.8334894"/>
  <node id="1783167341" lat="35.6202292" lon="139.8331252"/>
  <node id="1783167342" lat="35.6204059" lon="139.8330457"/>
  <node id="1783172107" lat="35.6304952" lon="139.8359082">
    <tag k="highway" v="traffic_signals"/>
  </node>
  <node id="1784227984" lat="35.6188846" lon="139.8347989"/>
  <node id="1784227990" lat="35.6211050" lon="139.8350417"/>
  <node id="1784227992" lat="35.6348505" lon="139.8365792">
    <tag k="highway" v="traffic_signals"/>
  </node>
  <node id="1784227993" lat="35.6348649" lon="139.8363512">
    <tag k="highway" v="traffic_signals"/>
  </node>
  <node id="1784227995" lat="35.6396394" lon="139.8369728">
    <tag k="highway" v="traffic_signals"/>
    <tag k="noname" v="yes"/>
  </node>
  <node id="1784227996" lat="35.6417665" lon="139.8377654"/>
  <node id="1784227997" lat="35.6417567" lon="139.8371511">
    <tag k="highway" v="traffic_signals"/>
  </node>
  <node id="1784227998" lat="35.6435515" lon="139.8373021"/>
  <node id="1798899756" lat="35.6698748" lon="139.8257817">
    <tag k="crossing" v="traffic_signals"/>
    <tag k="crossing_ref" v="zebra"/>
    <tag k="highway" v="traffic_signals"/>
    <tag k="name" v="日曹橋"/>
    <tag k="name:en" v="Nissobashi"/>
    <tag k="name:ja" v="日曹橋"/>
  </node>
  <node id="1817876354" lat="35.6315032" lon="139.8361296"/>
  <node id="1817876355" lat="35.6315154" lon="139.8362769"/>
  <node id="1817876356" lat="35.6325678" lon="139.8244231"/>
  <node id="1817876358" lat="35.6326509" lon="139.8252931"/>
  <node id="1817876362" lat="35.6328133" lon="139.8269921"/>
  <node id="1817876363" lat="35.6329894" lon="139.8288354"/>
  <node id="1817876364" lat="35.6330278" lon="139.8243630"/>
  <node id="1817876365" lat="35.6330509" lon="139.8294790"/>
  <node id="1817876367" lat="35.6330564" lon="139.8243720"/>
  <node id="1817876369" lat="35.6330755" lon="139.8243973"/>
  <node id="1817876371" lat="35.6330895" lon="139.8252270"/>
  <node id="1817876373" lat="35.6330917" lon="139.8244289"/>
  <node id="1817876376" lat="35.6331005" lon="139.8244705"/>
  <node id="1817876377" lat="35.6331093" lon="139.8252197"/>
  <node id="1817876378" lat="35.6331284" lon="139.8252016"/>
  <node id="1817876379" lat="35.6331438" lon="139.8251854"/>
  <node id="1817876382" lat="35.6331497" lon="139.8237891"/>
  <node id="1817876383" lat="35.6331556" lon="139.8251619"/>
  <node id="1817876384" lat="35.6331585" lon="139.8251167"/>
  <node id="1817876385" lat="35.6331635" lon="139.8239085"/>
  <node id="1817876386" lat="35.6331881" lon="139.8309150"/>
  <node id="1817876387" lat="35.6333063" lon="139.8321518"/>
  <node id="1817876388" lat="35.6333653" lon="139.8269155"/>
  <node id="1817876391" lat="35.6334339" lon="139.8277372"/>
  <node id="1817876393" lat="35.6334615" lon="139.8337766"/>
  <node id="1817876396" lat="35.6335101" lon="139.8342847"/>
  <node id="1817876398" lat="35.6336918" lon="139.8363711"/>
  <node id="1817876400" lat="35.6336998" lon="139.8365042"/>
  <node id="1817876401" lat="35.6337382" lon="139.8320900"/>
  <node id="1817876402" lat="35.6338484" lon="139.8268486"/>
  <node id="1817876403" lat="35.6338877" lon="139.8337151"/>
  <node id="1817876404" lat="35.6339793" lon="139.8287009"/>
  <node id="1817876405" lat="35.6340333" lon="139.8293425"/>
  <node id="1817876406" lat="35.6340572" lon="139.8320444"/>
  <node id="1817876407" lat="35.6340811" lon="139.8320470"/>
  <node id="1817876408" lat="35.6341039" lon="139.8320598"/>
  <node id="1817876409" lat="35.6341237" lon="139.8320815"/>
  <node id="1817876410" lat="35.6341351" lon="139.8321109"/>
  <node id="1817876411" lat="35.6341455" lon="139.8321620"/>
  <node id="1817876412" lat="35.6342161" lon="139.8336676"/>
  <node id="1817876413" lat="35.6342390" lon="139.8336574"/>
  <node id="1817876414" lat="35.6342525" lon="139.8336433"/>
  <node id="1817876420" lat="35.6342691" lon="139.8336255"/>
  <node id="1817876422" lat="35.6342774" lon="139.8335692"/>
  <node id="1817876423" lat="35.6342784" lon="139.8335986"/>
  <node id="1817876424" lat="35.6342971" lon="139.8307459"/>
  <node id="1817876503" lat="35.6344553" lon="139.8236151"/>
  <node id="1817876511" lat="35.6344657" lon="139.8237134"/>
  <node id="1817876879" lat="35.6363739" lon="139.8234583"/>
  <node id="1817876899" lat="35.6365018" lon="139.8247234"/>
  <node id="1817876903" lat="35.6365055" lon="139.8247532"/>
  <node id="1817876919" lat="35.6365143" lon="139.8247871"/>
  <node id="1817876925" lat="35.6365290" lon="139.8248088"/>
  <node id="1817876930" lat="35.6365470" lon="139.8248255"/>
  <node id="1817876933" lat="35.6365617" lon="139.8248301"/>
  <node id="1817877097" lat="35.6367982" lon="139.8233966"/>
  <node id="1817877120" lat="35.6368723" lon="139.8247901"/>
  <node id="1817877124" lat="35.6368884" lon="139.8247856"/>
  <node id="1817877126" lat="35.6369009" lon="139.8247754"/>
  <node id="1817877130" lat="35.6369128" lon="139.8247626"/>
  <node id="1817877132" lat="35.6369217" lon="139.8247473"/>
  <node id="1817877133" lat="35.6369258" lon="139.8247313"/>
  <node id="1817877176" lat="35.6371886" lon="139.8233399"/>
  <node id="1817877180" lat="35.6372428" lon="139.8238751"/>
  <node id="1817877227" lat="35.6373202" lon="139.8246379"/>
  <node id="1817878071" lat="35.6383610" lon="139.8237173"/>
  <node id="1817878110" lat="35.6384345" lon="139.8244746"/>
  <node id="1817878526" lat="35.6390301" lon="139.8306954"/>
  <node id="1817878634" lat="35.6392140" lon="139.8325215"/>
  <node id="1817878693" lat="35.6392575" lon="139.8322409"/>
  <node id="1817878746" lat="35.6392903" lon="139.8325226"/>
  <node id="1817878804" lat="35.6393956" lon="139.8344127"/>
  <node id="1817878844" lat="35.6394720" lon="139.8344151"/>
  <node id="1817878882" lat="35.6395269" lon="139.8349856">
    <tag k="highway" v="traffic_signals"/>
  </node>
  <node id="1817878956" lat="35.6397077" lon="139.8367101">
    <tag k="highway" v="traffic_signals"/>
    <tag k="noname" v="yes"/>
  </node>
  <node id="1817879138" lat="35.6407491" lon="139.8061677"/>
  <node id="1817879184" lat="35.6414086" lon="139.8088357"/>
  <node id="1817879186" lat="35.6414390" lon="139.8241092"/>
  <node id="1817879194" lat="35.6423979" lon="139.8243422"/>
  <node id="1817879204" lat="35.6424115" lon="139.8244892"/>
  <node id="1817879205" lat="35.6431728" lon="139.8212841"/>
  <node id="1817879206" lat="35.6432227" lon="139.8246957"/>
  <node id="1817879207" lat="35.6432455" lon="139.8212745"/>
  <node id="1817879208" lat="35.6432375" lon="139.8248490"/>
  <node id="1817879215" lat="35.6438103" lon="139.8230148"/>
  <node id="1817879221" lat="35.6438865" lon="139.8230102"/>
  <node id="1817879290" lat="35.6382948" lon="139.8230341">
    <tag k="highway" v="traffic_signals"/>
    <tag k="name" v="新木場二丁目"/>
    <tag k="name:en" v="Shinkiba 2"/>
    <tag k="name:ja" v="新木場二丁目"/>
  </node>
  <node id="1817879293" lat="35.6383097" lon="139.8231875">
    <tag k="highway" v="traffic_signals"/>
    <tag k="name" v="新木場二丁目"/>
    <tag k="name:en" v="Shinkiba 2"/>
    <tag k="name:ja" v="新木場二丁目"/>
  </node>
  <node id="1817879296" lat="35.6383853" lon="139.8230170">
    <tag k="highway" v="traffic_signals"/>
    <tag k="name" v="新木場二丁目"/>
    <tag k="name:en" v="Shinkiba 2"/>
    <tag k="name:ja" v="新木場二丁目"/>
  </node>
  <node id="1817879299" lat="35.6384006" lon="139.8231778">
    <tag k="highway" v="traffic_signals"/>
    <tag k="name" v="新木場二丁目"/>
    <tag k="name:en" v="Shinkiba 2"/>
    <tag k="name:ja" v="新木場二丁目"/>
  </node>
  <node id="1821213464" lat="35.6584484" lon="139.8168249"/>
  <node id="1821213472" lat="35.6585558" lon="139.8177769"/>
  <node id="1821213481" lat="35.6586243" lon="139.8169800"/>
  <node id="1821213490" lat="35.6586781" lon="139.8170190"/>
  <node id="1821213507" lat="35.6587216" lon="139.8170404"/>
  <node id="1821213508" lat="35.6587562" lon="139.8170487"/>
  <node id="1821213510" lat="35.6587605" lon="139.8175709"/>
  <node id="1821213515" lat="35.6587864" lon="139.8170462"/>
  <node id="1821213518" lat="35.6588130" lon="139.8170345"/>
  <node id="1821213531" lat="35.6589074" lon="139.8169390"/>
  <node id="1821213549" lat="35.6589788" lon="139.8173514"/>
  <node id="1821213553" lat="35.6590564" lon="139.8167472"/>
  <node id="1821213593" lat="35.6594078" lon="139.8169228"/>
  <node id="1821213617" lat="35.6595529" lon="139.8167730"/>
  <node id="1821213697" lat="35.6598056" lon="139.8165277"/>
  <node id="1821213774" lat="35.6603272" lon="139.8167494"/>
  <node id="1821213869" lat="35.6606446" lon="139.8171960"/>
  <node id="1821213874" lat="35.6606858" lon="139.8171991"/>
  <node id="1821213878" lat="35.6607553" lon="139.8172043"/>
  <node id="1835155086" lat="35.6384176" lon="139.8402546"/>
  <node id="1835155104" lat="35.6384738" lon="139.8392599">
    <tag k="barrier" v="fence"/>
  </node>
  <node id="1835155113" lat="35.6386036" lon="139.8368831"/>
  <node id="1835155719" lat="35.6416809" lon="139.8377578"/>
  <node id="1835155721" lat="35.6417088" lon="139.8373232"/>
  <node id="1835155734" lat="35.6417906" lon="139.8373297"/>
  <node id="1835156779" lat="35.6360514" lon="139.8366673">
    <tag k="highway" v="traffic_signals"/>
    <tag k="name" v="東京ヘリポート前"/>
    <tag k="name:en" v="Tokyo Heliport"/>
    <tag k="name:ja" v="東京ヘリポート前"/>
  </node>
  <node id="1835156782" lat="35.6360550" lon="139.8364007">
    <tag k="highway" v="traffic_signals"/>
    <tag k="name" v="東京ヘリポート前"/>
    <tag k="name:en" v="Tokyo Heliport"/>
    <tag k="name:ja" v="東京ヘリポート前"/>
  </node>
  <node id="1846281573" lat="35.6336852" lon="139.8344933"/>
  <node id="1846281642" lat="35.6348927" lon="139.8358278"/>
  <node id="1846281643" lat="35.6349034" lon="139.8356462"/>
  <node id="1846281644" lat="35.6349271" lon="139.8352463"/>
  <node id="1846281645" lat="35.6349332" lon="139.8351429"/>
  <node id="1846281725" lat="35.6359780" lon="139.8363939"/>
  <node id="1846281767" lat="35.6364376" lon="139.8347259"/>
  <node id="1846281794" lat="35.6368783" lon="139.8347636"/>
  <node id="1846281849" lat="35.6372366" lon="139.8360265"/>
  <node id="1846281850" lat="35.6372725" lon="139.8354439"/>
  <node id="1846281896" lat="35.6376028" lon="139.8365327"/>
  <node id="1846281905" lat="35.6376966" lon="139.8348331"/>
  <node id="1846282016" lat="35.6380093" lon="139.8365683"/>
  <node id="1846282032" lat="35.6381055" lon="139.8348674"/>
  <node id="1846282137" lat="35.6384748" lon="139.8366071"/>
  <node id="1846282156" lat="35.6385681" lon="139.8349062"/>
  <node id="1846282202" lat="35.6388093" lon="139.8366386"/>
  <node id="1846282208" lat="35.6389064" lon="139.8349346"/>
  <node id="1847701183" lat="35.6417326" lon="139.8060843"/>
  <node id="1847701184" lat="35.6423071" lon="139.8057157"/>
  <node id="1847701185" lat="35.6424044" lon="139.8081652"/>
  <node id="1847701308" lat="35.6463945" lon="139.8206278"/>
  <node id="1847701331" lat="35.6465942" lon="139.8227721"/>
  <node id="1847701511" lat="35.6499623" lon="139.8049339"/>
  <node id="1847701512" lat="35.6500456" lon="139.8049246"/>
  <node id="1847701513" lat="35.6501186" lon="139.8064516"/>
  <node id="1847701514" lat="35.6501934" lon="139.8064429"/>
  <node id="1847701515" lat="35.6506384" lon="139.8118346">
    <tag k="highway" v="traffic_signals"/>
  </node>
  <node id="1847701516" lat="35.6507239" lon="139.8118237">
    <tag k="highway" v="traffic_signals"/>
  </node>
  <node id="1847701519" lat="35.6535946" lon="139.8112070"/>
  <node id="1847701520" lat="35.6536097" lon="139.8115155"/>
  <node id="1847701523" lat="35.6545801" lon="139.8110594"/>
  <node id="1847701524" lat="35.6545879" lon="139.8113756"/>
  <node id="1847701531" lat="35.6565793" lon="139.8101942"/>
  <node id="1847701532" lat="35.6566901" lon="139.8103803"/>
  <node id="1847701533" lat="35.6570139" lon="139.8097925"/>
  <node id="1847701534" lat="35.6571055" lon="139.8099296"/>
  <node id="1847701535" lat="35.6573122" lon="139.8205200"/>
  <node id="1847701536" lat="35.6573246" lon="139.8208791"/>
  <node id="1847701537" lat="35.6573546" lon="139.8212148"/>
  <node id="1847701538" lat="35.6574008" lon="139.8208724"/>
  <node id="1847701540" lat="35.6574318" lon="139.8212107"/>
  <node id="1847701542" lat="35.6590051" lon="139.8138702"/>
  <node id="1847701543" lat="35.6590550" lon="139.8139506"/>
  <node id="1847701544" lat="35.6594940" lon="139.8133775"/>
  <node id="1847701546" lat="35.6595482" lon="139.8134609"/>
  <node id="1847701556" lat="35.6617737" lon="139.8027560"/>
  <node id="1847701558" lat="35.6618175" lon="139.8031595"/>
  <node id="1847701559" lat="35.6621452" lon="139.8034846"/>
  <node id="1850992437" lat="35.6563419" lon="139.8104124"/>
  <node id="1850992639" lat="35.6565894" lon="139.8142180"/>
  <node id="1850992867" lat="35.6567454" lon="139.8149340"/>
  <node id="1851017062" lat="35.6439084" lon="139.8103763"/>
  <node id="1851017480" lat="35.6468369" lon="139.8093704"/>
  <node id="1851017482" lat="35.6468285" lon="139.8092568"/>
  <node id="1851017484" lat="35.6468472" lon="139.8199005">
    <tag k="barrier" v="bollard"/>
  </node>
  <node id="1851017485" lat="35.6468403" lon="139.8092187"/>
  <node id="1851017487" lat="35.6468631" lon="139.8091914"/>
  <node id="1851017501" lat="35.6468937" lon="139.8091784"/>
  <node id="1851017512" lat="35.6469282" lon="139.8091835"/>
  <node id="1851017520" lat="35.6469525" lon="139.8092018"/>
  <node id="1851017524" lat="35.6469720" lon="139.8092375"/>
  <node id="1851017525" lat="35.6469747" lon="139.8182590"/>
  <node id="1851017530" lat="35.6469897" lon="139.8093500"/>
  <node id="1851017533" lat="35.6518280" lon="139.8067540"/>
  <node id="1851017534" lat="35.6518777" lon="139.8067580"/>
  <node id="1851017535" lat="35.6519658" lon="139.8068240"/>
  <node id="1851017536" lat="35.6524392" lon="139.8075363"/>
  <node id="1851017537" lat="35.6524537" lon="139.8075713"/>
  <node id="1851017538" lat="35.6524613" lon="139.8076079"/>
  <node id="1851017539" lat="35.6533105" lon="139.8084331"/>
  <node id="1859942069" lat="35.6298800" lon="139.8306464"/>
  <node id="1859942070" lat="35.6298939" lon="139.8305160"/>
  <node id="1859942074" lat="35.6299255" lon="139.8306516"/>
  <node id="1859942075" lat="35.6299579" lon="139.8306745"/>
  <node id="1859942078" lat="35.6299944" lon="139.8305710"/>
  <node id="1859942080" lat="35.6300165" lon="139.8306431"/>
  <node id="1859942084" lat="35.6300262" lon="139.8307475"/>
  <node id="1947061554" lat="35.6575714" lon="139.8227647"/>
  <node id="1947061555" lat="35.6576061" lon="139.8240044">
    <tag k="highway" v="traffic_signals"/>
    <tag k="name" v="新砂二丁目"/>
    <tag k="name:en" v="Shinsuna 2"/>
    <tag k="name:ja" v="新砂二丁目"/>
  </node>
  <node id="1947061559" lat="35.6576692" lon="139.8239992">
    <tag k="highway" v="traffic_signals"/>
    <tag k="name" v="新砂二丁目"/>
    <tag k="name:en" v="Shinsuna 2"/>
    <tag k="name:ja" v="新砂二丁目"/>
  </node>
  <node id="1947061560" lat="35.6576506" lon="139.8241276">
    <tag k="highway" v="traffic_signals"/>
    <tag k="name" v="新砂二丁目"/>
    <tag k="name:en" v="Shinsuna 2"/>
    <tag k="name:ja" v="新砂二丁目"/>
  </node>
  <node id="1947061606" lat="35.6583619" lon="139.8239340"/>
  <node id="1947061661" lat="35.6614459" lon="139.8238336"/>
  <node id="1947061759" lat="35.6622912" lon="139.8236498"/>
  <node id="1947061826" lat="35.6627116" lon="139.8236400"/>
  <node id="1947061990" lat="35.6631396" lon="139.8237794">
    <tag k="crossing" v="traffic_signals"/>
    <tag k="highway" v="crossing"/>
  </node>
  <node id="1947062052" lat="35.6633067" lon="139.8236870">
    <tag k="highway" v="traffic_signals"/>
    <tag k="name" v="新砂一丁目"/>
    <tag k="name:en" v="Shinsuna 1"/>
    <tag k="name:ja" v="新砂一丁目"/>
  </node>
  <node id="1947062311" lat="35.6639704" lon="139.8237989"/>
  <node id="1947062333" lat="35.6641001" lon="139.8238053"/>
  <node id="1947062335" lat="35.6641075" lon="139.8237116"/>
  <node id="1947062348" lat="35.6642125" lon="139.8238266"/>
  <node id="1947062350" lat="35.6642284" lon="139.8237345"/>
  <node id="1947062355" lat="35.6643271" lon="139.8238650"/>
  <node id="1947062357" lat="35.6643512" lon="139.8237757"/>
  <node id="1947062361" lat="35.6644425" lon="139.8239212"/>
  <node id="1947062363" lat="35.6644759" lon="139.8238364"/>
  <node id="1947062366" lat="35.6645510" lon="139.8239991"/>
  <node id="1947062368" lat="35.6645941" lon="139.8239212"/>
  <node id="1947062376" lat="35.6647104" lon="139.8241535"/>
  <node id="1947062395" lat="35.6658548" lon="139.8253470"/>
  <node id="1947062396" lat="35.6659005" lon="139.8252727"/>
  <node id="1947062399" lat="35.6659725" lon="139.8254527"/>
  <node id="1947062401" lat="35.6660113" lon="139.8253669"/>
  <node id="1947062403" lat="35.6661668" lon="139.8255785"/>
  <node id="1947062404" lat="35.6661891" lon="139.8254830"/>
  <node id="1947062406" lat="35.6662716" lon="139.8256235"/>
  <node id="1947062408" lat="35.6662842" lon="139.8255254"/>
  <node id="1947062411" lat="35.6664545" lon="139.8256721"/>
  <node id="1947062412" lat="35.6664645" lon="139.8255779"/>
  <node id="1947062414" lat="35.6665515" lon="139.8256846"/>
  <node id="1947062415" lat="35.6665570" lon="139.8255908"/>
  <node id="1947062419" lat="35.6667084" lon="139.8256927"/>
  <node id="1947551990" lat="35.6579432" lon="139.8089353"/>
  <node id="1947551991" lat="35.6582755" lon="139.8086097">
    <tag k="highway" v="traffic_signals"/>
  </node>
  <node id="1947551993" lat="35.6585056" lon="139.8085260"/>
  <node id="1947551995" lat="35.6586005" lon="139.8082762"/>
  <node id="1947551996" lat="35.6589136" lon="139.8079549"/>
  <node id="1947551997" lat="35.6590380" lon="139.8063184"/>
  <node id="1947551998" lat="35.6590547" lon="139.8073651"/>
  <node id="1947551999" lat="35.6591462" lon="139.8077199">
    <tag k="highway" v="traffic_signals"/>
  </node>
  <node id="1947552000" lat="35.6592154" lon="139.8078249">
    <tag k="highway" v="traffic_signals"/>
  </node>
  <node id="1947552001" lat="35.6592571" lon="139.8047268">
    <tag k="button_operated" v="no"/>
    <tag k="crossing" v="traffic_signals"/>
    <tag k="crossing:markings" v="zebra"/>
    <tag k="highway" v="crossing"/>
    <tag k="tactile_paving" v="no"/>
    <tag k="traffic_signals:sound" v="no"/>
    <tag k="traffic_signals:vibration" v="no"/>
  </node>
  <node id="1947552003" lat="35.6592680" lon="139.8075967"/>
  <node id="1947552005" lat="35.6592942" lon="139.8044272">
    <tag k="highway" v="traffic_signals"/>
  </node>
  <node id="1947552006" lat="35.6593177" lon="139.8012021"/>
  <node id="1947552008" lat="35.6593800" lon="139.8046308">
    <tag k="button_operated" v="no"/>
    <tag k="crossing" v="traffic_signals"/>
    <tag k="crossing:markings" v="zebra"/>
    <tag k="highway" v="crossing"/>
    <tag k="tactile_paving" v="no"/>
    <tag k="traffic_signals:sound" v="no"/>
    <tag k="traffic_signals:vibration" v="no"/>
  </node>
  <node id="1947552009" lat="35.6594097" lon="139.8049563"/>
  <node id="1947552011" lat="35.6594634" lon="139.8069340"/>
  <node id="1947552014" lat="35.6594993" lon="139.8042269"/>
  <node id="1947552015" lat="35.6595100" lon="139.8073659"/>
  <node id="1947552016" lat="35.6595204" lon="139.8072163"/>
  <node id="1947552017" lat="35.6595138" lon="139.8039280"/>
  <node id="1947552020" lat="35.6595342" lon="139.8009990"/>
  <node id="1947552024" lat="35.6595376" lon="139.8062485"/>
  <node id="1947552025" lat="35.6595610" lon="139.8073181">
    <tag k="highway" v="traffic_signals"/>
  </node>
  <node id="1947552026" lat="35.6595234" lon="139.8037943"/>
  <node id="1947552027" lat="35.6596041" lon="139.8071484"/>
  <node id="1947552028" lat="35.6596116" lon="139.8072789">
    <tag k="highway" v="traffic_signals"/>
  </node>
  <node id="1947552029" lat="35.6596343" lon="139.8074804">
    <tag k="highway" v="traffic_signals"/>
  </node>
  <node id="1947552030" lat="35.6596352" lon="139.8069182"/>
  <node id="1947552032" lat="35.6596651" lon="139.8076599"/>
  <node id="1947552034" lat="35.6596757" lon="139.8072348"/>
  <node id="1947552035" lat="35.6596962" lon="139.8070255"/>
  <node id="1947552040" lat="35.6597586" lon="139.8070761">
    <tag k="highway" v="traffic_signals"/>
  </node>
  <node id="1947552043" lat="35.6598183" lon="139.8070976"/>
  <node id="1947552044" lat="35.6598305" lon="139.8071486"/>
  <node id="1947552054" lat="35.6599221" lon="139.8071077"/>
  <node id="1947552055" lat="35.6599892" lon="139.8070777"/>
  <node id="1947552057" lat="35.6600888" lon="139.8128298"/>
  <node id="1947552062" lat="35.6601075" lon="139.8127940"/>
  <node id="1947552063" lat="35.6601284" lon="139.8127364"/>
  <node id="1947552065" lat="35.6601389" lon="139.8126822"/>
  <node id="1947552066" lat="35.6601581" lon="139.8128915"/>
  <node id="1947552068" lat="35.6601983" lon="139.8126525"/>
  <node id="1947552069" lat="35.6602010" lon="139.8127892"/>
  <node id="1947552070" lat="35.6602060" lon="139.8127296"/>
  <node id="1947552071" lat="35.6602533" lon="139.8004953"/>
  <node id="1947552074" lat="35.6603380" lon="139.8006043"/>
  <node id="1947552075" lat="35.6604197" lon="139.8071454"/>
  <node id="1947552079" lat="35.6605793" lon="139.8002632"/>
  <node id="1947552083" lat="35.6606413" lon="139.8070191"/>
  <node id="1947552085" lat="35.6606441" lon="139.8068151"/>
  <node id="1947552087" lat="35.6606554" lon="139.8003806"/>
  <node id="1947552101" lat="35.6609129" lon="139.8068380"/>
  <node id="1947552105" lat="35.6610005" lon="139.8066135"/>
  <node id="1947552106" lat="35.6611356" lon="139.8090124"/>
  <node id="1947552107" lat="35.6611467" lon="139.8090260"/>
  <node id="1947552108" lat="35.6611641" lon="139.8090325"/>
  <node id="1947552119" lat="35.6612798" lon="139.8064469"/>
  <node id="1947552131" lat="35.6615008" lon="139.8021206"/>
  <node id="1947552132" lat="35.6615057" lon="139.8023387"/>
  <node id="1947552133" lat="35.6615165" lon="139.8089938"/>
  <node id="1947552138" lat="35.6615540" lon="139.8020698"/>
  <node id="1947552140" lat="35.6615701" lon="139.8022371"/>
  <node id="1947552141" lat="35.6615961" lon="139.8022984">
    <tag k="highway" v="traffic_signals"/>
  </node>
  <node id="1947552142" lat="35.6615995" lon="139.8062410"/>
  <node id="1947552144" lat="35.6616411" lon="139.8024042"/>
  <node id="1947552145" lat="35.6616601" lon="139.8022700">
    <tag k="highway" v="traffic_signals"/>
  </node>
  <node id="1947552146" lat="35.6616788" lon="139.8025101"/>
  <node id="1947552147" lat="35.6617025" lon="139.8023697"/>
  <node id="1947552148" lat="35.6617065" lon="139.8026414"/>
  <node id="1947552149" lat="35.6617203" lon="139.8027649"/>
  <node id="1947552150" lat="35.6617407" lon="139.8024897"/>
  <node id="1947552151" lat="35.6617580" lon="139.8031629"/>
  <node id="1947552152" lat="35.6617625" lon="139.8026281"/>
  <node id="1947552153" lat="35.6617896" lon="139.8034695"/>
  <node id="1947552155" lat="35.6618790" lon="139.8037662"/>
  <node id="1947552156" lat="35.6619551" lon="139.8036151">
    <tag k="highway" v="traffic_signals"/>
  </node>
  <node id="1947552159" lat="35.6619685" lon="139.8061638"/>
  <node id="1947552164" lat="35.6620020" lon="139.7992658"/>
  <node id="1947552165" lat="35.6620268" lon="139.7994150"/>
  <node id="1947552166" lat="35.6620882" lon="139.8058913"/>
  <node id="1947552167" lat="35.6621200" lon="139.7991735">
    <tag k="highway" v="traffic_signals"/>
  </node>
  <node id="1947552168" lat="35.6621884" lon="139.7992768">
    <tag k="highway" v="traffic_signals"/>
  </node>
  <node id="1947552170" lat="35.6622487" lon="139.7990738"/>
  <node id="1947552172" lat="35.6622456" lon="139.8059857"/>
  <node id="1947552175" lat="35.6624038" lon="139.8047569"/>
  <node id="1947552176" lat="35.6624087" lon="139.7989496"/>
  <node id="1947552179" lat="35.6626121" lon="139.8055513"/>
  <node id="1947552180" lat="35.6625362" lon="139.8047090"/>
  <node id="1947552187" lat="35.6626838" lon="139.8053217"/>
  <node id="1947552189" lat="35.6627538" lon="139.8054719">
    <tag k="highway" v="traffic_signals"/>
  </node>
  <node id="1947552193" lat="35.6628903" lon="139.8054073">
    <tag k="highway" v="traffic_signals"/>
  </node>
  <node id="1947552239" lat="35.6603692" lon="139.8004135">
    <tag k="highway" v="traffic_signals"/>
    <tag k="name" v="塩浜一丁目"/>
    <tag k="name:en" v="Shiohama 1"/>
    <tag k="name:ja" v="塩浜一丁目"/>
    <tag k="source" v="Bing 2010"/>
  </node>
  <node id="1947552240" lat="35.6604269" lon="139.8003714">
    <tag k="highway" v="traffic_signals"/>
    <tag k="name" v="塩浜一丁目"/>
    <tag k="name:en" v="Shiohama 1"/>
    <tag k="name:ja" v="塩浜一丁目"/>
    <tag k="source" v="Bing 2010"/>
  </node>
  <node id="1947552241" lat="35.6604445" lon="139.8005293">
    <tag k="highway" v="traffic_signals"/>
    <tag k="name" v="塩浜一丁目"/>
    <tag k="name:en" v="Shiohama 1"/>
    <tag k="name:ja" v="塩浜一丁目"/>
    <tag k="source" v="Bing 2010"/>
  </node>
  <node id="1947552242" lat="35.6605037" lon="139.8004875">
    <tag k="highway" v="traffic_signals"/>
    <tag k="name" v="塩浜一丁目"/>
    <tag k="name:en" v="Shiohama 1"/>
    <tag k="name:ja" v="塩浜一丁目"/>
    <tag k="source" v="Bing 2010"/>
  </node>
  <node id="1950763638" lat="35.6346000" lon="139.7995093"/>
  <node id="1950765024" lat="35.6399117" lon="139.8022111"/>
  <node id="1950765119" lat="35.6403173" lon="139.8026301"/>
  <node id="1950765173" lat="35.6403448" lon="139.8027450"/>
  <node id="1950766342" lat="35.6420987" lon="139.8369146"/>
  <node id="1950766468" lat="35.6421923" lon="139.8352162"/>
  <node id="1950766617" lat="35.6423632" lon="139.8369371"/>
  <node id="1950766701" lat="35.6424579" lon="139.8352389"/>
  <node id="1950766979" lat="35.6427483" lon="139.8043540"/>
  <node id="1950767016" lat="35.6427991" lon="139.8369592"/>
  <node id="1950767075" lat="35.6428938" lon="139.8352703"/>
  <node id="1950767329" lat="35.6435785" lon="139.8370401"/>
  <node id="1950767430" lat="35.6436750" lon="139.8353358"/>
  <node id="1950767715" lat="35.6442851" lon="139.8348665"/>
  <node id="1950767718" lat="35.6443053" lon="139.8356216"/>
  <node id="1950767721" lat="35.6443381" lon="139.8355248"/>
  <node id="1950767983" lat="35.6449433" lon="139.8347710"/>
  <node id="1950768016" lat="35.6450169" lon="139.8359344"/>
  <node id="1950768022" lat="35.6450444" lon="139.8358346"/>
  <node id="1950768095" lat="35.6453558" lon="139.8347111"/>
  <node id="1950768121" lat="35.6454902" lon="139.8403031"/>
  <node id="1950768173" lat="35.6460348" lon="139.8244392"/>
  <node id="1950768175" lat="35.6460813" lon="139.8244971"/>
  <node id="1950768178" lat="35.6461376" lon="139.8245295"/>
  <node id="1950768181" lat="35.6461797" lon="139.8245415"/>
  <node id="1950768197" lat="35.6463062" lon="139.8263413"/>
  <node id="1950768257" lat="35.6465639" lon="139.8245366"/>
  <node id="1950768261" lat="35.6466014" lon="139.8245251"/>
  <node id="1950768267" lat="35.6466707" lon="139.8239849"/>
  <node id="1950768269" lat="35.6466401" lon="139.8244917"/>
  <node id="1950768276" lat="35.6466604" lon="139.8244627"/>
  <node id="1950768278" lat="35.6466816" lon="139.8244042"/>
  <node id="1950768284" lat="35.6468198" lon="139.8262488"/>
  <node id="1957795454" lat="35.6651309" lon="139.8374583"/>
  <node id="1957795467" lat="35.6652288" lon="139.8375132"/>
  <node id="1957795494" lat="35.6658378" lon="139.8378548"/>
  <node id="1965884681" lat="35.6476591" lon="139.8339271"/>
  <node id="1965884833" lat="35.6482897" lon="139.8252135"/>
  <node id="1998213194" lat="35.6558865" lon="139.7994207"/>
  <node id="2194543292" lat="35.6404497" lon="139.8037198"/>
  <node id="2194543299" lat="35.6497609" lon="139.8017563"/>
  <node id="2194543333" lat="35.6497556" lon="139.8018877"/>
  <node id="2194543342" lat="35.6499258" lon="139.8012489"/>
  <node id="2194543351" lat="35.6409410" lon="139.8046747"/>
  <node id="2194543383" lat="35.6497751" lon="139.8016208"/>
  <node id="2194543385" lat="35.6410278" lon="139.8049245"/>
  <node id="2194543399" lat="35.6498416" lon="139.8013794"/>
  <node id="2194543432" lat="35.6498376" lon="139.8013200"/>
  <node id="2194543443" lat="35.6498720" lon="139.8013325"/>
  <node id="2194543445" lat="35.6498186" lon="139.8014371"/>
  <node id="2194543449" lat="35.6498597" lon="139.8011322"/>
  <node id="2194543451" lat="35.6497969" lon="139.8015109"/>
  <node id="2194543481" lat="35.6404630" lon="139.8037781"/>
  <node id="2216788933" lat="35.6224842" lon="139.8349040"/>
  <node id="2216788934" lat="35.6225673" lon="139.8350394"/>
  <node id="2216788935" lat="35.6225208" lon="139.8349414"/>
  <node id="2216788936" lat="35.6225488" lon="139.8349894"/>
  <node id="2511591326" lat="35.6327697" lon="139.7962539"/>
  <node id="2511591329" lat="35.6334434" lon="139.7974968"/>
  <node id="2629159574" lat="35.6432266" lon="139.8021943"/>
  <node id="2629159585" lat="35.6432411" lon="139.8023689"/>
  <node id="3059797743" lat="35.6304102" lon="139.8349507"/>
  <node id="3059797744" lat="35.6304294" lon="139.8351693"/>
  <node id="3179660253" lat="35.6452391" lon="139.7994723"/>
  <node id="3196028926" lat="35.6457450" lon="139.8029640">
    <tag k="crossing" v="uncontrolled"/>
    <tag k="crossing:island" v="no"/>
    <tag k="highway" v="crossing"/>
    <tag k="tactile_paving" v="yes"/>
  </node>
  <node id="3285564496" lat="35.6477959" lon="139.8352775"/>
  <node id="3399626298" lat="35.6524638" lon="139.8159255"/>
  <node id="3399626544" lat="35.6491055" lon="139.8103837"/>
  <node id="3400150075" lat="35.6405274" lon="139.8025751"/>
  <node id="3717243616" lat="35.6612910" lon="139.7997595"/>
  <node id="3717243618" lat="35.6613501" lon="139.7998876"/>
  <node id="3717260617" lat="35.6473052" lon="139.8392481"/>
  <node id="3717260618" lat="35.6476445" lon="139.8419716"/>
  <node id="3717260619" lat="35.6477975" lon="139.8393237"/>
  <node id="3717260620" lat="35.6473444" lon="139.8371864"/>
  <node id="3717260621" lat="35.6478170" lon="139.8368105"/>
  <node id="3717260622" lat="35.6472160" lon="139.8369606"/>
  <node id="3717260623" lat="35.6458421" lon="139.8165549"/>
  <node id="3717260624" lat="35.6459362" lon="139.8171031"/>
  <node id="3717275425" lat="35.6472391" lon="139.8303488"/>
  <node id="3717275426" lat="35.6477162" lon="139.8415915"/>
  <node id="3717275428" lat="35.6461569" lon="139.8250301"/>
  <node id="3717275429" lat="35.6455201" lon="139.8184694"/>
  <node id="3717275430" lat="35.6476821" lon="139.8410960"/>
  <node id="3717275431" lat="35.6478326" lon="139.8378573"/>
  <node id="3717275432" lat="35.6466233" lon="139.8239609"/>
  <node id="3717275434" lat="35.6455902" lon="139.8156126"/>
  <node id="3717275435" lat="35.6460545" lon="139.8181325"/>
  <node id="3717275436" lat="35.6457692" lon="139.8210056"/>
  <node id="3717275437" lat="35.6467912" lon="139.8316052"/>
  <node id="3717275438" lat="35.6471988" lon="139.8406390"/>
  <node id="3717275439" lat="35.6460018" lon="139.8176341"/>
  <node id="3717275440" lat="35.6471799" lon="139.8355255"/>
  <node id="3717275441" lat="35.6475671" lon="139.8337671"/>
  <node id="3717275443" lat="35.6464076" lon="139.8216543"/>
  <node id="3717275444" lat="35.6473524" lon="139.8384839"/>
  <node id="3717275445" lat="35.6454585" lon="139.8180765"/>
  <node id="3717275446" lat="35.6458138" lon="139.8224425"/>
  <node id="3717275447" lat="35.6452708" lon="139.8172101"/>
  <node id="3717275448" lat="35.6468456" lon="139.8262221"/>
  <node id="3717275449" lat="35.6464775" lon="139.8282824"/>
  <node id="3717275450" lat="35.6470554" lon="139.8419935"/>
  <node id="3717275451" lat="35.6470374" lon="139.8282308"/>
  <node id="3717275453" lat="35.6471160" lon="139.8415804"/>
  <node id="3717275454" lat="35.6477721" lon="139.8360411"/>
  <node id="3717284598" lat="35.6473636" lon="139.8377947"/>
  <node id="3717284599" lat="35.6472407" lon="139.8379674"/>
  <node id="3717284601" lat="35.6220421" lon="139.8351951"/>
  <node id="3717294842" lat="35.6284947" lon="139.8354481"/>
  <node id="3717294844" lat="35.6279677" lon="139.8356647"/>
  <node id="3717294847" lat="35.6342780" lon="139.8363755"/>
  <node id="3717294848" lat="35.6307904" lon="139.8359848"/>
  <node id="3717294849" lat="35.6325353" lon="139.8362488"/>
  <node id="3717294850" lat="35.6282479" lon="139.8354199"/>
  <node id="3719356961" lat="35.6446210" lon="139.8233709"/>
  <node id="3719356962" lat="35.6447611" lon="139.8247002"/>
  <node id="3719356963" lat="35.6445497" lon="139.8226832"/>
  <node id="3719356964" lat="35.6451504" lon="139.8232948"/>
  <node id="3719356965" lat="35.6446824" lon="139.8239537"/>
  <node id="3719356966" lat="35.6440506" lon="139.8234544"/>
  <node id="3719356967" lat="35.6448105" lon="139.8253701"/>
  <node id="3719356968" lat="35.6450905" lon="139.8225990"/>
  <node id="3719356969" lat="35.6444837" lon="139.8247475"/>
  <node id="3719356970" lat="35.6442526" lon="139.8240012"/>
  <node id="3719356971" lat="35.6452692" lon="139.8246184"/>
  <node id="3719447423" lat="35.6609731" lon="139.8037411"/>
  <node id="3719451225" lat="35.6435610" lon="139.8240256"/>
  <node id="3719451226" lat="35.6609050" lon="139.8038107"/>
  <node id="3719451227" lat="35.6434937" lon="139.8233382"/>
  <node id="3719451228" lat="35.6597386" lon="139.8038926"/>
  <node id="3719451229" lat="35.6624052" lon="139.8035141"/>
  <node id="3719451231" lat="35.6608589" lon="139.8037031"/>
  <node id="3719451232" lat="35.6602948" lon="139.8037987"/>
  <node id="3719451233" lat="35.6629789" lon="139.8033931"/>
  <node id="3719451234" lat="35.6608840" lon="139.8038862"/>
  <node id="3719451235" lat="35.6439031" lon="139.8232667"/>
  <node id="3719451237" lat="35.6609904" lon="139.8038233"/>
  <node id="3719451239" lat="35.6441534" lon="139.8239461"/>
  <node id="3719451240" lat="35.6628063" lon="139.8034447"/>
  <node id="3719451241" lat="35.6436449" lon="139.8248833"/>
  <node id="3719451242" lat="35.6436107" lon="139.8245333"/>
  <node id="3719451243" lat="35.6618009" lon="139.8035621">
    <tag k="highway" v="traffic_signals"/>
  </node>
  <node id="3719451244" lat="35.6610047" lon="139.8036798"/>
  <node id="3719451246" lat="35.6611502" lon="139.8036578"/>
  <node id="3719451247" lat="35.6609791" lon="139.8037919"/>
  <node id="3719451248" lat="35.6618284" lon="139.8036633">
    <tag k="highway" v="traffic_signals"/>
  </node>
  <node id="3719451250" lat="35.6620140" lon="139.8035052"/>
  <node id="3757609829" lat="35.6283739" lon="139.8357040"/>
  <node id="3757609830" lat="35.6290651" lon="139.8353153">
    <tag k="highway" v="traffic_signals"/>
  </node>
  <node id="3757609832" lat="35.6289877" lon="139.8358045">
    <tag k="highway" v="traffic_signals"/>
  </node>
  <node id="3757609834" lat="35.6287648" lon="139.8354905">
    <tag k="highway" v="traffic_signals"/>
  </node>
  <node id="3757609835" lat="35.6289549" lon="139.8351474"/>
  <node id="3757609840" lat="35.6302495" lon="139.8332818"/>
  <node id="3757609843" lat="35.6225662" lon="139.8350991"/>
  <node id="3757609846" lat="35.6285114" lon="139.8357184"/>
  <node id="3762939654" lat="35.6620406" lon="139.8035783"/>
  <node id="3762939656" lat="35.6628268" lon="139.8033867"/>
  <node id="3762940758" lat="35.6618771" lon="139.8034800"/>
  <node id="3762940761" lat="35.6619077" lon="139.8035400">
    <tag k="highway" v="traffic_signals"/>
  </node>
  <node id="3762940767" lat="35.6613919" lon="139.8036291"/>
  <node id="3791171058" lat="35.6469911" lon="139.8254062"/>
  <node id="3791171072" lat="35.6470047" lon="139.8255466"/>
  <node id="3799099881" lat="35.6397154" lon="139.8007850"/>
  <node id="3803530197" lat="35.6306547" lon="139.8361763"/>
  <node id="3848747321" lat="35.6484192" lon="139.7994517"/>
  <node id="3848747339" lat="35.6495538" lon="139.8011609">
    <tag k="crossing" v="traffic_signals"/>
    <tag k="crossing:markings" v="zebra"/>
    <tag k="highway" v="crossing"/>
  </node>
  <node id="3848747348" lat="35.6499287" lon="139.8036689"/>
  <node id="3850485891" lat="35.6323270" lon="139.7954372">
    <tag k="crossing" v="traffic_signals"/>
    <tag k="highway" v="crossing"/>
  </node>
  <node id="3859026257" lat="35.6478272" lon="139.8382419"/>
  <node id="3859026258" lat="35.6478153" lon="139.8387296"/>
  <node id="3859032296" lat="35.6470452" lon="139.8416302"/>
  <node id="3906282298" lat="35.6659145" lon="139.8378978"/>
  <node id="3996084572" lat="35.6497825" lon="139.8013611"/>
  <node id="3996084573" lat="35.6497938" lon="139.8011833"/>
  <node id="3996084574" lat="35.6496610" lon="139.8014401"/>
  <node id="3996084575" lat="35.6496933" lon="139.8012385"/>
  <node id="3996084798" lat="35.6495688" lon="139.8012908"/>
  <node id="3996085633" lat="35.6421638" lon="139.8028422"/>
  <node id="3996085636" lat="35.6422044" lon="139.8029215"/>
  <node id="3996085637" lat="35.6425820" lon="139.8031884"/>
  <node id="3996085638" lat="35.6426329" lon="139.8032700"/>
  <node id="3996085639" lat="35.6422530" lon="139.8029760"/>
  <node id="3996085640" lat="35.6425255" lon="139.8031391"/>
  <node id="4004280488" lat="35.6459811" lon="139.8169273"/>
  <node id="4004284189" lat="35.6455660" lon="139.8188658"/>
  <node id="4004284191" lat="35.6456522" lon="139.8157355"/>
  <node id="4033377413" lat="35.6407260" lon="139.8059026"/>
  <node id="4033387455" lat="35.6464483" lon="139.8122999">
    <tag k="highway" v="traffic_signals"/>
    <tag k="name" v="辰巳日赤前"/>
  </node>
  <node id="4080930071" lat="35.6456326" lon="139.8257657"/>
  <node id="4249288731" lat="35.6599558" lon="139.8073532"/>
  <node id="4249288732" lat="35.6610399" lon="139.8067569"/>
  <node id="4254144271" lat="35.6547907" lon="139.7967141">
    <tag k="crossing" v="traffic_signals"/>
    <tag k="crossing:markings" v="zebra"/>
    <tag k="highway" v="crossing"/>
  </node>
  <node id="4254144274" lat="35.6546787" lon="139.7968282">
    <tag k="crossing" v="traffic_signals"/>
    <tag k="crossing:markings" v="zebra"/>
    <tag k="highway" v="crossing"/>
  </node>
  <node id="4290734078" lat="35.6596969" lon="139.8038997">
    <tag k="crossing" v="traffic_signals"/>
    <tag k="crossing:markings" v="zebra"/>
    <tag k="highway" v="crossing"/>
  </node>
  <node id="4290734079" lat="35.6595518" lon="139.8041487">
    <tag k="crossing" v="traffic_signals"/>
    <tag k="crossing:markings" v="zebra"/>
    <tag k="highway" v="crossing"/>
  </node>
  <node id="4290734080" lat="35.6608957" lon="139.8037519"/>
  <node id="4290734081" lat="35.6596257" lon="139.8039012">
    <tag k="highway" v="traffic_signals"/>
    <tag k="traffic_signals" v="signal"/>
  </node>
  <node id="4290734082" lat="35.6596474" lon="139.8040757"/>
  <node id="4445013329" lat="35.6605503" lon="139.8039516"/>
  <node id="4445013404" lat="35.6477953" lon="139.8092333"/>
  <node id="4524772447" lat="35.6530074" lon="139.7984363">
    <tag k="crossing" v="traffic_signals"/>
    <tag k="crossing:markings" v="zebra"/>
    <tag k="highway" v="crossing"/>
  </node>
  <node id="4749142812" lat="35.6479175" lon="139.8391507"/>
  <node id="4749142818" lat="35.6472958" lon="139.8366381"/>
  <node id="4831922603" lat="35.6435140" lon="139.8092705"/>
  <node id="4831922604" lat="35.6432295" lon="139.8085624"/>
  <node id="4831922605" lat="35.6433614" lon="139.8089151"/>
  <node id="4831922617" lat="35.6433164" lon="139.8109900"/>
  <node id="4831922618" lat="35.6433581" lon="139.8110408"/>
  <node id="4831922619" lat="35.6434213" lon="139.8111346"/>
  <node id="4831922620" lat="35.6434737" lon="139.8112822"/>
  <node id="4831922621" lat="35.6435151" lon="139.8113894"/>
  <node id="4831922622" lat="35.6435543" lon="139.8114404"/>
  <node id="4831922623" lat="35.6435870" lon="139.8114404"/>
  <node id="4831922624" lat="35.6440513" lon="139.8112044"/>
  <node id="4831922625" lat="35.6440622" lon="139.8111695"/>
  <node id="4831922626" lat="35.6440513" lon="139.8110998"/>
  <node id="4831922627" lat="35.6439881" lon="139.8109147"/>
  <node id="4831922628" lat="35.6439467" lon="139.8107189"/>
  <node id="4831922629" lat="35.6439183" lon="139.8106036"/>
  <node id="4831922630" lat="35.6439031" lon="139.8104775"/>
  <node id="4831922639" lat="35.6425080" lon="139.8097597"/>
  <node id="4831922640" lat="35.6418541" lon="139.8097644"/>
  <node id="4831922826" lat="35.6417065" lon="139.8095667"/>
  <node id="4831922838" lat="35.6427682" lon="139.8196024"/>
  <node id="4831922840" lat="35.6424462" lon="139.8162190"/>
  <node id="4832393466" lat="35.6482000" lon="139.8165020"/>
  <node id="4832393467" lat="35.6475326" lon="139.8165929"/>
  <node id="4832393469" lat="35.6467310" lon="139.8152859"/>
  <node id="4832393470" lat="35.6465069" lon="139.8129834"/>
  <node id="4832393475" lat="35.6465909" lon="139.8138465"/>
  <node id="4832393477" lat="35.6440989" lon="139.8234473"/>
  <node id="4832394608" lat="35.6471575" lon="139.8198555"/>
  <node id="4832394624" lat="35.6485383" lon="139.8251813"/>
  <node id="4835829020" lat="35.6493294" lon="139.8090070"/>
  <node id="4835829228" lat="35.6491660" lon="139.8102799"/>
  <node id="4835829317" lat="35.6520250" lon="139.8100100"/>
  <node id="4835829429" lat="35.6504601" lon="139.8091809"/>
  <node id="4835901591" lat="35.6500299" lon="139.8089068"/>
  <node id="4835901602" lat="35.6502428" lon="139.8077295"/>
  <node id="4835901738" lat="35.6503909" lon="139.8084781"/>
  <node id="4835901748" lat="35.6513659" lon="139.8068191"/>
  <node id="4835901807" lat="35.6488350" lon="139.8076164"/>
  <node id="4835901808" lat="35.6489072" lon="139.8076046"/>
  <node id="4851084199" lat="35.6535251" lon="139.8158194"/>
  <node id="5325441889" lat="35.6565387" lon="139.8039066">
    <tag k="crossing" v="traffic_signals"/>
    <tag k="crossing:markings" v="zebra"/>
    <tag k="highway" v="crossing"/>
  </node>
  <node id="5536579072" lat="35.6407448" lon="139.8051946">
    <tag k="highway" v="crossing"/>
  </node>
  <node id="5536579075" lat="35.6403411" lon="139.8001517">
    <tag k="highway" v="crossing"/>
  </node>
  <node id="5536579832" lat="35.6345745" lon="139.7992805"/>
  <node id="5536579846" lat="35.6414095" lon="139.8026085">
    <tag k="highway" v="crossing"/>
  </node>
  <node id="5536579862" lat="35.6376063" lon="139.8011283">
    <tag k="highway" v="crossing"/>
  </node>
  <node id="5536579866" lat="35.6403662" lon="139.8032237"/>
  <node id="5536579868" lat="35.6346949" lon="139.7993952"/>
  <node id="5536579872" lat="35.6345228" lon="139.7992151"/>
  <node id="5536579874" lat="35.6402504" lon="139.8028710">
    <tag k="highway" v="crossing"/>
  </node>
  <node id="5536579881" lat="35.6410211" lon="139.8050460"/>
  <node id="5536579899" lat="35.6345479" lon="139.7994536"/>
  <node id="5536579900" lat="35.6413590" lon="139.8027915">
    <tag k="highway" v="crossing"/>
  </node>
  <node id="5536579910" lat="35.6379281" lon="139.8043474">
    <tag k="highway" v="crossing"/>
  </node>
  <node id="5536579931" lat="35.6404758" lon="139.8038610">
    <tag k="highway" v="crossing"/>
  </node>
  <node id="5536579948" lat="35.6351283" lon="139.7995621"/>
  <node id="5536579951" lat="35.6404883" lon="139.8036341"/>
  <node id="5536579952" lat="35.6400065" lon="139.8027092">
    <tag k="highway" v="crossing"/>
  </node>
  <node id="5536579966" lat="35.6406268" lon="139.8039774">
    <tag k="highway" v="crossing"/>
  </node>
  <node id="5536579978" lat="35.6405643" lon="139.8041099">
    <tag k="highway" v="crossing"/>
  </node>
  <node id="5536579982" lat="35.6400413" lon="139.8024839">
    <tag k="highway" v="crossing"/>
  </node>
  <node id="5536579988" lat="35.6346697" lon="139.7995743"/>
  <node id="5536579998" lat="35.6401050" lon="139.8024792">
    <tag k="highway" v="crossing"/>
  </node>
  <node id="5536580000" lat="35.6347869" lon="139.7996392"/>
  <node id="5536580004" lat="35.6405115" lon="139.8052588">
    <tag k="highway" v="crossing"/>
  </node>
  <node id="5536580005" lat="35.6401853" lon="139.8028781">
    <tag k="highway" v="crossing"/>
  </node>
  <node id="5536580020" lat="35.6404832" lon="139.8025867">
    <tag k="highway" v="crossing"/>
  </node>
  <node id="5536580022" lat="35.6405380" lon="139.8038560">
    <tag k="highway" v="crossing"/>
  </node>
  <node id="5536580033" lat="35.6406809" lon="139.8028355">
    <tag k="highway" v="crossing"/>
  </node>
  <node id="5536580034" lat="35.6391348" lon="139.8008904">
    <tag k="highway" v="crossing"/>
  </node>
  <node id="5536580052" lat="35.6350638" lon="139.7996925"/>
  <node id="5536580062" lat="35.6405894" lon="139.8051016">
    <tag k="highway" v="crossing"/>
  </node>
  <node id="5536580066" lat="35.6380100" lon="139.8062315">
    <tag k="noexit" v="yes"/>
  </node>
  <node id="5536580083" lat="35.6373402" lon="139.7991016">
    <tag k="highway" v="crossing"/>
  </node>
  <node id="5536580085" lat="35.6405290" lon="139.8027157">
    <tag k="highway" v="crossing"/>
  </node>
  <node id="5536580094" lat="35.6413557" lon="139.8024677">
    <tag k="highway" v="crossing"/>
  </node>
  <node id="5536580096" lat="35.6406763" lon="139.8039870"/>
  <node id="5536580098" lat="35.6352046" lon="139.7995598"/>
  <node id="5536580102" lat="35.6373480" lon="139.7991962"/>
  <node id="5536580107" lat="35.6380479" lon="139.8056176">
    <tag k="highway" v="crossing"/>
  </node>
  <node id="5536580115" lat="35.6405256" lon="139.8024141">
    <tag k="highway" v="crossing"/>
  </node>
  <node id="5536580139" lat="35.6406520" lon="139.8050948">
    <tag k="highway" v="crossing"/>
  </node>
  <node id="5536580140" lat="35.6410308" lon="139.8050106"/>
  <node id="5536580159" lat="35.6352266" lon="139.7996676"/>
  <node id="5536580172" lat="35.6378310" lon="139.8030358">
    <tag k="highway" v="crossing"/>
  </node>
  <node id="5536580178" lat="35.6349230" lon="139.7996791"/>
  <node id="5536580180" lat="35.6411677" lon="139.8023619">
    <tag k="highway" v="crossing"/>
  </node>
  <node id="5536580200" lat="35.6349672" lon="139.7995385"/>
  <node id="5536580243" lat="35.6348216" lon="139.7994790"/>
  <node id="5536580264" lat="35.6405039" lon="139.8041145">
    <tag k="highway" v="crossing"/>
  </node>
  <node id="5536580266" lat="35.6403170" lon="139.8032810"/>
  <node id="5536580295" lat="35.6377298" lon="139.8032348">
    <tag k="highway" v="crossing"/>
  </node>
  <node id="5536580306" lat="35.6404115" lon="139.8040014">
    <tag k="highway" v="crossing"/>
  </node>
  <node id="5584443389" lat="35.6368612" lon="139.7955046">
    <tag k="highway" v="traffic_signals"/>
  </node>
  <node id="5585567743" lat="35.6399495" lon="139.8012216"/>
  <node id="5585567745" lat="35.6401648" lon="139.8016441"/>
  <node id="5765576069" lat="35.6378894" lon="139.7989135"/>
  <node id="5765576071" lat="35.6442979" lon="139.7997097">
    <tag k="highway" v="crossing"/>
  </node>
  <node id="5765576113" lat="35.6378043" lon="139.7988945"/>
  <node id="5765576126" lat="35.6384580" lon="139.7992894"/>
  <node id="5765576143" lat="35.6379897" lon="139.7988433"/>
  <node id="5765576151" lat="35.6380460" lon="139.7989825"/>
  <node id="5765576152" lat="35.6376156" lon="139.7988797"/>
  <node id="5765576255" lat="35.6387896" lon="139.7999853"/>
  <node id="5765576256" lat="35.6383520" lon="139.7991260"/>
  <node id="5765576283" lat="35.6375351" lon="139.7988930"/>
  <node id="5765576292" lat="35.6428252" lon="139.7988282"/>
  <node id="5765576302" lat="35.6383812" lon="139.7993264"/>
  <node id="5765576310" lat="35.6441786" lon="139.7996220">
    <tag k="highway" v="crossing"/>
  </node>
  <node id="5765576320" lat="35.6387409" lon="139.8000397"/>
  <node id="5765576335" lat="35.6374476" lon="139.7988122"/>
  <node id="5765576340" lat="35.6368572" lon="139.7991802"/>
  <node id="5765576342" lat="35.6381274" lon="139.7989214"/>
  <node id="5765576351" lat="35.6445010" lon="139.8018795">
    <tag k="crossing" v="marked"/>
    <tag k="crossing:island" v="no"/>
    <tag k="highway" v="crossing"/>
    <tag k="tactile_paving" v="yes"/>
  </node>
  <node id="5765576458" lat="35.6373158" lon="139.7988632"/>
  <node id="5765576463" lat="35.6382791" lon="139.7991745"/>
  <node id="5765576466" lat="35.6382460" lon="139.7990147"/>
  <node id="5765576469" lat="35.6443970" lon="139.7995918">
    <tag k="highway" v="crossing"/>
  </node>
  <node id="5765576481" lat="35.6442583" lon="139.7995054">
    <tag k="highway" v="crossing"/>
  </node>
  <node id="5765576483" lat="35.6381611" lon="139.7990610"/>
  <node id="5812615690" lat="35.6522364" lon="139.7986986"/>
  <node id="5839478109" lat="35.6310364" lon="139.8362202"/>
  <node id="5863264441" lat="35.6456023" lon="139.8035001"/>
  <node id="5863264628" lat="35.6456566" lon="139.8042027"/>
  <node id="5875526451" lat="35.6453295" lon="139.8020688"/>
  <node id="5875526470" lat="35.6456814" lon="139.8025227"/>
  <node id="5875527503" lat="35.6422481" lon="139.8051620">
    <tag k="crossing" v="zebra"/>
    <tag k="highway" v="crossing"/>
  </node>
  <node id="5875527524" lat="35.6427206" lon="139.8040348"/>
  <node id="5875527536" lat="35.6456542" lon="139.8030025"/>
  <node id="5887148573" lat="35.6518197" lon="139.7994237"/>
  <node id="5887148594" lat="35.6497398" lon="139.8027521"/>
  <node id="5887148597" lat="35.6475172" lon="139.8027930"/>
  <node id="5887148607" lat="35.6498887" lon="139.8042099"/>
  <node id="5887148624" lat="35.6498924" lon="139.8042456"/>
  <node id="5887148630" lat="35.6499129" lon="139.8044461"/>
  <node id="6014165797" lat="35.6451516" lon="139.8315754"/>
  <node id="6014165798" lat="35.6463005" lon="139.8314154"/>
  <node id="6018202791" lat="35.6447194" lon="139.8259445">
    <tag k="crossing" v="zebra"/>
    <tag k="highway" v="crossing"/>
  </node>
  <node id="6018202796" lat="35.6451056" lon="139.8302364">
    <tag k="crossing" v="zebra"/>
    <tag k="highway" v="crossing"/>
  </node>
  <node id="6018202816" lat="35.6452719" lon="139.8268118"/>
  <node id="6018202817" lat="35.6456165" lon="139.8267842"/>
  <node id="6018202823" lat="35.6455797" lon="139.8263270">
    <tag k="crossing" v="zebra"/>
    <tag k="highway" v="crossing"/>
  </node>
  <node id="6018202824" lat="35.6455511" lon="139.8259274">
    <tag k="crossing" v="zebra"/>
    <tag k="highway" v="crossing"/>
  </node>
  <node id="6021303816" lat="35.6454226" lon="139.8361128"/>
  <node id="6021303820" lat="35.6456852" lon="139.8361437">
    <tag k="highway" v="crossing"/>
  </node>
  <node id="6021308131" lat="35.6464082" lon="139.8326041"/>
  <node id="6021308132" lat="35.6465021" lon="139.8335760"/>
  <node id="6021308133" lat="35.6453631" lon="139.8337215"/>
  <node id="6021308134" lat="35.6466471" lon="139.8350805"/>
  <node id="6021308136" lat="35.6466858" lon="139.8354812"/>
  <node id="6024037249" lat="35.6448609" lon="139.8286060"/>
  <node id="6024037252" lat="35.6460914" lon="139.8292961"/>
  <node id="6024037254" lat="35.6449496" lon="139.8294640"/>
  <node id="6024037256" lat="35.6461354" lon="139.8297528"/>
  <node id="6024037258" lat="35.6458940" lon="139.8276082"/>
  <node id="6024037259" lat="35.6449912" lon="139.8299116"/>
  <node id="6024037261" lat="35.6447871" lon="139.8277623"/>
  <node id="6024037263" lat="35.6462313" lon="139.8307236"/>
  <node id="6024037265" lat="35.6460083" lon="139.8284346"/>
  <node id="6024037266" lat="35.6450918" lon="139.8309113"/>
  <node id="6120711780" lat="35.6452841" lon="139.8347215"/>
  <node id="6120712988" lat="35.6453293" lon="139.8271329">
    <tag k="crossing" v="marked"/>
    <tag k="highway" v="crossing"/>
  </node>
  <node id="6120712989" lat="35.6454005" lon="139.8361031">
    <tag k="highway" v="crossing"/>
  </node>
  <node id="6120712990" lat="35.6454626" lon="139.8358894">
    <tag k="highway" v="crossing"/>
  </node>
  <node id="6120712991" lat="35.6455611" lon="139.8359293">
    <tag k="highway" v="crossing"/>
  </node>
  <node id="6120712992" lat="35.6464123" lon="139.8331361"/>
  <node id="6120713002" lat="35.6454005" lon="139.8332604">
    <tag k="highway" v="crossing"/>
  </node>
  <node id="6120713003" lat="35.6446318" lon="139.8270602">
    <tag k="crossing" v="traffic_signals"/>
    <tag k="highway" v="crossing"/>
  </node>
  <node id="6120713004" lat="35.6447243" lon="139.8270507">
    <tag k="crossing" v="traffic_signals"/>
    <tag k="highway" v="crossing"/>
  </node>
  <node id="6120713005" lat="35.6446619" lon="139.8273519">
    <tag k="crossing" v="traffic_signals"/>
    <tag k="highway" v="crossing"/>
  </node>
  <node id="6120713006" lat="35.6447496" lon="139.8273404">
    <tag k="crossing" v="traffic_signals"/>
    <tag k="highway" v="crossing"/>
  </node>
  <node id="6120713008" lat="35.6472359" lon="139.8372260">
    <tag k="highway" v="crossing"/>
  </node>
  <node id="6120713009" lat="35.6479432" lon="139.8373126">
    <tag k="highway" v="crossing"/>
  </node>
  <node id="6138931284" lat="35.6465386" lon="139.8360261"/>
  <node id="6138934787" lat="35.6456359" lon="139.8366813"/>
  <node id="6156556447" lat="35.6523129" lon="139.8114568">
    <tag k="crossing" v="traffic_signals"/>
    <tag k="highway" v="crossing"/>
  </node>
  <node id="6156556448" lat="35.6523354" lon="139.8117302">
    <tag k="crossing" v="traffic_signals"/>
    <tag k="highway" v="crossing"/>
  </node>
  <node id="6156556458" lat="35.6502357" lon="139.8088764">
    <tag k="crossing" v="traffic_signals"/>
    <tag k="crossing:markings" v="zebra"/>
    <tag k="highway" v="crossing"/>
  </node>
  <node id="6156556459" lat="35.6504916" lon="139.8117349">
    <tag k="highway" v="crossing"/>
  </node>
  <node id="6161460391" lat="35.6346592" lon="139.8363587"/>
  <node id="6176900503" lat="35.6697318" lon="139.8257145">
    <tag k="crossing" v="traffic_signals"/>
    <tag k="highway" v="crossing"/>
  </node>
  <node id="6229707218" lat="35.6527204" lon="139.8159121"/>
  <node id="6229707220" lat="35.6525772" lon="139.8157738"/>
  <node id="6229707226" lat="35.6561310" lon="139.8161305"/>
  <node id="6236332676" lat="35.6658843" lon="139.8378809">
    <tag k="highway" v="crossing"/>
  </node>
  <node id="6265684385" lat="35.6628796" lon="139.8236400"/>
  <node id="6265684386" lat="35.6627101" lon="139.8237719"/>
  <node id="6265692092" lat="35.6614328" lon="139.8236956"/>
  <node id="6265692093" lat="35.6578877" lon="139.8239777">
    <tag k="highway" v="traffic_signals"/>
    <tag k="traffic_signals" v="signal"/>
  </node>
  <node id="6265692094" lat="35.6574593" lon="139.8241421"/>
  <node id="6265692095" lat="35.6574497" lon="139.8240120"/>
  <node id="6265692096" lat="35.6564154" lon="139.8242103"/>
  <node id="6265692097" lat="35.6532939" lon="139.8246315"/>
  <node id="6265692098" lat="35.6516430" lon="139.8247373"/>
  <node id="6265692099" lat="35.6516234" lon="139.8248727"/>
  <node id="6265692100" lat="35.6505892" lon="139.8250190"/>
  <node id="6265692101" lat="35.6505767" lon="139.8248902"/>
  <node id="6265692102" lat="35.6495368" lon="139.8250342"/>
  <node id="6265692105" lat="35.6451791" lon="139.8254912"/>
  <node id="6265692106" lat="35.6448404" lon="139.8255755"/>
  <node id="6273070621" lat="35.6553113" lon="139.7977931"/>
  <node id="6273070622" lat="35.6554259" lon="139.7976711"/>
  <node id="6273070629" lat="35.6555100" lon="139.7980958"/>
  <node id="6273070630" lat="35.6556186" lon="139.7979628"/>
  <node id="6273070635" lat="35.6561189" lon="139.7991941"/>
  <node id="6273070643" lat="35.6552756" lon="139.8018555"/>
  <node id="6274945334" lat="35.6456232" lon="139.8008153"/>
  <node id="6274945338" lat="35.6472212" lon="139.8002892"/>
  <node id="6274945340" lat="35.6471147" lon="139.8002777"/>
  <node id="6274945357" lat="35.6563493" lon="139.7990696"/>
  <node id="6274945358" lat="35.6562378" lon="139.7991929"/>
  <node id="6274979111" lat="35.6536763" lon="139.7994401"/>
  <node id="6274979115" lat="35.6545962" lon="139.8006983"/>
  <node id="6274979118" lat="35.6546073" lon="139.8008468"/>
  <node id="6274979121" lat="35.6544982" lon="139.8006822"/>
  <node id="6274979131" lat="35.6454980" lon="139.8006596">
    <tag k="crossing" v="traffic_signals"/>
    <tag k="highway" v="crossing"/>
  </node>
  <node id="6275113601" lat="35.6440264" lon="139.7986688"/>
  <node id="6275113617" lat="35.6419880" lon="139.7999251"/>
  <node id="6275113619" lat="35.6418967" lon="139.8000468"/>
  <node id="6275113620" lat="35.6418745" lon="139.7998326"/>
  <node id="6275113622" lat="35.6417837" lon="139.7999521"/>
  <node id="6275152130" lat="35.6427895" lon="139.7998125"/>
  <node id="6275152137" lat="35.6420814" lon="139.8010830"/>
  <node id="6275152139" lat="35.6422561" lon="139.8023373">
    <tag k="highway" v="crossing"/>
  </node>
  <node id="6275152140" lat="35.6422717" lon="139.8025026">
    <tag k="highway" v="crossing"/>
  </node>
  <node id="6275152143" lat="35.6420939" lon="139.8022046"/>
  <node id="6275152145" lat="35.6419944" lon="139.8023751"/>
  <node id="6275152146" lat="35.6420103" lon="139.8025372"/>
  <node id="6275152148" lat="35.6421357" lon="139.8026477">
    <tag k="highway" v="crossing"/>
  </node>
  <node id="6275152149" lat="35.6427375" lon="139.8042326">
    <tag k="crossing" v="marked"/>
    <tag k="highway" v="crossing"/>
  </node>
  <node id="6275185104" lat="35.6461293" lon="139.8046859"/>
  <node id="6275185114" lat="35.6471773" lon="139.8045352"/>
  <node id="6275185163" lat="35.6486190" lon="139.8026560"/>
  <node id="6288432052" lat="35.6629593" lon="139.8322871"/>
  <node id="6294930381" lat="35.6570301" lon="139.8082318"/>
  <node id="6294930384" lat="35.6570888" lon="139.8090299"/>
  <node id="6303243952" lat="35.6493505" lon="139.8118377"/>
  <node id="6303264611" lat="35.6488435" lon="139.8072145"/>
  <node id="6303264612" lat="35.6489950" lon="139.8071212"/>
  <node id="6326669012" lat="35.6472143" lon="139.8488825"/>
  <node id="6335374317" lat="35.6446420" lon="139.8167909"/>
  <node id="6395080305" lat="35.6225697" lon="139.8310904"/>
  <node id="6395080319" lat="35.6224376" lon="139.8290524"/>
  <node id="6395080320" lat="35.6226357" lon="139.8310801"/>
  <node id="6395080321" lat="35.6223699" lon="139.8290581"/>
  <node id="6439922813" lat="35.6463268" lon="139.8263040"/>
  <node id="6439922815" lat="35.6462953" lon="139.8264491"/>
  <node id="6439922816" lat="35.6459239" lon="139.8166719"/>
  <node id="6439922817" lat="35.6478954" lon="139.8395055"/>
  <node id="6439922821" lat="35.6468406" lon="139.8262853"/>
  <node id="6439922823" lat="35.6477465" lon="139.8356234"/>
  <node id="6439922824" lat="35.6452785" lon="139.8173542"/>
  <node id="6439922825" lat="35.6457536" lon="139.8160426"/>
  <node id="6439922830" lat="35.6453905" lon="139.8180938"/>
  <node id="6439922831" lat="35.6467928" lon="139.8262229"/>
  <node id="6439922840" lat="35.6473609" lon="139.8381353"/>
  <node id="6439922841" lat="35.6440465" lon="139.8128188"/>
  <node id="6439922842" lat="35.6479492" lon="139.8377718"/>
  <node id="6439922843" lat="35.6461491" lon="139.8180381"/>
  <node id="6447102796" lat="35.6538746" lon="139.7997392">
    <tag k="crossing" v="marked"/>
    <tag k="highway" v="crossing"/>
  </node>
  <node id="6742497708" lat="35.6679516" lon="139.8257203">
    <tag k="crossing" v="traffic_signals"/>
    <tag k="crossing_ref" v="zebra"/>
    <tag k="highway" v="traffic_signals"/>
  </node>
  <node id="6742516394" lat="35.6652459" lon="139.8247177"/>
  <node id="6742516398" lat="35.6653003" lon="139.8246388"/>
  <node id="6788586197" lat="35.6450246" lon="139.8124303"/>
  <node id="6788586198" lat="35.6444653" lon="139.8125653"/>
  <node id="6788586199" lat="35.6447416" lon="139.8124950"/>
  <node id="6788586200" lat="35.6451692" lon="139.8124169"/>
  <node id="6788586201" lat="35.6525500" lon="139.8114079"/>
  <node id="6788592197" lat="35.6553015" lon="139.8109600"/>
  <node id="6960277383" lat="35.6595584" lon="139.8038407"/>
  <node id="6960277384" lat="35.6595901" lon="139.8038768"/>
  <node id="6960311285" lat="35.6597150" lon="139.8040874">
    <tag k="crossing" v="traffic_signals"/>
    <tag k="crossing:markings" v="zebra"/>
    <tag k="highway" v="crossing"/>
  </node>
  <node id="6986265154" lat="35.6616118" lon="139.8090013"/>
  <node id="6986265156" lat="35.6617436" lon="139.8089906"/>
  <node id="6986418845" lat="35.6599318" lon="139.8102004">
    <tag k="highway" v="crossing"/>
  </node>
  <node id="7235019718" lat="35.6537152" lon="139.8245550"/>
  <node id="7235021891" lat="35.6537059" lon="139.8244427"/>
  <node id="7248924731" lat="35.6463572" lon="139.8375369"/>
  <node id="7248924738" lat="35.6462777" lon="139.8375315"/>
  <node id="7248924739" lat="35.6468410" lon="139.8375696"/>
  <node id="7248986123" lat="35.6385981" lon="139.8370381"/>
  <node id="7425607296" lat="35.6465212" lon="139.8289173"/>
  <node id="7425607297" lat="35.6462436" lon="139.8258720"/>
  <node id="7425607298" lat="35.6463746" lon="139.8271658"/>
  <node id="7580273939" lat="35.6345155" lon="139.7910672"/>
  <node id="7885559851" lat="35.6458874" lon="139.8167901"/>
  <node id="8025623229" lat="35.6583928" lon="139.8168763"/>
  <node id="8106113772" lat="35.6609473" lon="139.8237329"/>
  <node id="8106113787" lat="35.6615881" lon="139.8236849"/>
  <node id="8106113791" lat="35.6601627" lon="139.8239327"/>
  <node id="8189166596" lat="35.6457962" lon="139.8163616"/>
  <node id="8189180491" lat="35.6454191" lon="139.8374879"/>
  <node id="8189180493" lat="35.6454401" lon="139.8371946"/>
  <node id="8189187954" lat="35.6457717" lon="139.8271318"/>
  <node id="8189187969" lat="35.6458198" lon="139.8272119"/>
  <node id="8189187976" lat="35.6456329" lon="139.8255599"/>
  <node id="8189187978" lat="35.6455109" lon="139.8260206"/>
  <node id="8189187985" lat="35.6449826" lon="139.8256239"/>
  <node id="8189187987" lat="35.6455548" lon="139.8266519"/>
  <node id="8256227341" lat="35.6504440" lon="139.8090173">
    <tag k="crossing" v="traffic_signals"/>
    <tag k="crossing:markings" v="zebra"/>
    <tag k="highway" v="crossing"/>
  </node>
  <node id="8256227347" lat="35.6503651" lon="139.8090292">
    <tag k="crossing" v="traffic_signals"/>
    <tag k="crossing:markings" v="zebra"/>
    <tag k="highway" v="crossing"/>
  </node>
  <node id="8256227349" lat="35.6505158" lon="139.8119865">
    <tag k="highway" v="crossing"/>
  </node>
  <node id="8256227358" lat="35.6551821" lon="139.8112900"/>
  <node id="8320158978" lat="35.6475419" lon="139.8437917"/>
  <node id="8320158979" lat="35.6477319" lon="139.8403124"/>
  <node id="8320158980" lat="35.6478264" lon="139.8372216"/>
  <node id="8320158981" lat="35.6477985" lon="139.8364126"/>
  <node id="8320158982" lat="35.6477130" lon="139.8352632"/>
  <node id="8320158983" lat="35.6468970" lon="139.8337176"/>
  <node id="8320158993" lat="35.6452135" lon="139.8169635"/>
  <node id="8320158994" lat="35.6451290" lon="139.8166679"/>
  <node id="8320158995" lat="35.6450139" lon="139.8162735"/>
  <node id="8320158996" lat="35.6457082" lon="139.8203248"/>
  <node id="8320158997" lat="35.6453547" lon="139.8175516"/>
  <node id="8320158998" lat="35.6454140" lon="139.8178242"/>
  <node id="8320248173" lat="35.6459197" lon="139.8235460"/>
  <node id="8320248174" lat="35.6459983" lon="139.8243729"/>
  <node id="8320248175" lat="35.6467139" lon="139.8248752"/>
  <node id="8320248176" lat="35.6466864" lon="139.8243456"/>
  <node id="8320248177" lat="35.6469552" lon="139.8268421"/>
  <node id="8320249792" lat="35.6462852" lon="139.8265745"/>
  <node id="8320265008" lat="35.6473367" lon="139.8387345"/>
  <node id="8320404457" lat="35.6535210" lon="139.8157765"/>
  <node id="8356930323" lat="35.6467709" lon="139.8245841"/>
  <node id="8514439646" lat="35.6597120" lon="139.8070405">
    <tag k="crossing" v="traffic_signals"/>
    <tag k="crossing:markings" v="zebra"/>
    <tag k="highway" v="crossing"/>
  </node>
  <node id="8514439647" lat="35.6596016" lon="139.8071130">
    <tag k="crossing" v="traffic_signals"/>
    <tag k="crossing:markings" v="zebra"/>
    <tag k="highway" v="crossing"/>
  </node>
  <node id="8514439648" lat="35.6595083" lon="139.8071738">
    <tag k="crossing" v="traffic_signals"/>
    <tag k="crossing:markings" v="zebra"/>
    <tag k="highway" v="crossing"/>
  </node>
  <node id="8514439649" lat="35.6597158" lon="139.8072130">
    <tag k="crossing" v="traffic_signals"/>
    <tag k="crossing:markings" v="zebra"/>
    <tag k="highway" v="crossing"/>
  </node>
  <node id="8514439650" lat="35.6597705" lon="139.8074245">
    <tag k="crossing" v="traffic_signals"/>
    <tag k="crossing:markings" v="zebra"/>
    <tag k="highway" v="crossing"/>
  </node>
  <node id="8514439652" lat="35.6596600" lon="139.8076240">
    <tag k="crossing" v="traffic_signals"/>
    <tag k="crossing:markings" v="zebra"/>
    <tag k="highway" v="crossing"/>
  </node>
  <node id="8514439654" lat="35.6592946" lon="139.8079466">
    <tag k="crossing" v="traffic_signals"/>
    <tag k="crossing:markings" v="zebra"/>
    <tag k="highway" v="crossing"/>
  </node>
  <node id="8514439659" lat="35.6593876" lon="139.8061305">
    <tag k="crossing" v="uncontrolled"/>
    <tag k="crossing:markings" v="zebra"/>
    <tag k="highway" v="crossing"/>
  </node>
  <node id="8514439660" lat="35.6595272" lon="139.8061457">
    <tag k="crossing" v="uncontrolled"/>
    <tag k="crossing:markings" v="zebra"/>
    <tag k="highway" v="crossing"/>
  </node>
  <node id="8514439662" lat="35.6593304" lon="139.8062721">
    <tag k="crossing" v="uncontrolled"/>
    <tag k="crossing:markings" v="zebra"/>
    <tag k="highway" v="crossing"/>
  </node>
  <node id="8575129076" lat="35.6442999" lon="139.8239960"/>
  <node id="8729016226" lat="35.6620328" lon="139.8037613"/>
  <node id="8729016227" lat="35.6619022" lon="139.8038093"/>
  <node id="8810891636" lat="35.6470487" lon="139.8418344"/>
  <node id="8810891637" lat="35.6470980" lon="139.8418330"/>
  <node id="8810891638" lat="35.6471012" lon="139.8406269"/>
  <node id="8810891639" lat="35.6471833" lon="139.8365435"/>
  <node id="9013205294" lat="35.6426693" lon="139.8035125"/>
  <node id="9073829863" lat="35.6463728" lon="139.8204229"/>
  <node id="9090084445" lat="35.6214355" lon="139.8351034"/>
  <node id="9090084446" lat="35.6217215" lon="139.8351501"/>
  <node id="9090089433" lat="35.6214174" lon="139.8348257"/>
  <node id="9090089434" lat="35.6216883" lon="139.8348410"/>
  <node id="9090089435" lat="35.6211152" lon="139.8347405"/>
  <node id="9090089436" lat="35.6213647" lon="139.8351738"/>
  <node id="9090089437" lat="35.6207091" lon="139.8347071"/>
  <node id="9090089438" lat="35.6202837" lon="139.8346899"/>
  <node id="9090089439" lat="35.6190906" lon="139.8345948"/>
  <node id="9090089440" lat="35.6189378" lon="139.8349128"/>
  <node id="9090089441" lat="35.6189739" lon="139.8346162"/>
  <node id="9090089442" lat="35.6190002" lon="139.8349562"/>
  <node id="9090089443" lat="35.6189002" lon="139.8348600"/>
  <node id="9090089444" lat="35.6189237" lon="139.8346534"/>
  <node id="9090089445" lat="35.6190377" lon="139.8345995"/>
  <node id="9090089446" lat="35.6188862" lon="139.8347219"/>
  <node id="9090089461" lat="35.6225170" lon="139.8351882"/>
  <node id="9090089462" lat="35.6225490" lon="139.8351492"/>
  <node id="9125641388" lat="35.6697299" lon="139.8258278">
    <tag k="crossing" v="traffic_signals"/>
    <tag k="highway" v="crossing"/>
  </node>
  <node id="9133614707" lat="35.6437590" lon="139.8099211"/>
  <node id="9156526704" lat="35.6479202" lon="139.8369602"/>
  <node id="9156526705" lat="35.6478800" lon="139.8370303"/>
  <node id="9156526706" lat="35.6477928" lon="139.8370946"/>
  <node id="9156526707" lat="35.6477361" lon="139.8371080"/>
  <node id="9156526708" lat="35.6474353" lon="139.8370920"/>
  <node id="9156526709" lat="35.6473743" lon="139.8370624"/>
  <node id="9156526710" lat="35.6472915" lon="139.8369713"/>
  <node id="9156526711" lat="35.6445190" lon="139.8258880"/>
  <node id="9156571687" lat="35.6445868" lon="139.8265886"/>
  <node id="9366564061" lat="35.6594102" lon="139.8011005"/>
  <node id="9366567938" lat="35.6620950" lon="139.7993624"/>
  <node id="9459406885" lat="35.6596526" lon="139.8039054"/>
  <node id="9459406886" lat="35.6596733" lon="139.8040871"/>
  <node id="9478433510" lat="35.6517029" lon="139.7992322"/>
  <node id="9478515395" lat="35.6410966" lon="139.8079643"/>
  <node id="9479552331" lat="35.6456850" lon="139.8026240"/>
  <node id="9479552332" lat="35.6489664" lon="139.8038766"/>
  <node id="9479552333" lat="35.6489402" lon="139.8036030"/>
  <node id="9480738732" lat="35.6556677" lon="139.8108499">
    <tag k="crossing" v="traffic_signals"/>
    <tag k="highway" v="crossing"/>
  </node>
  <node id="9482704483" lat="35.6194275" lon="139.8346240"/>
  <node id="9482704494" lat="35.6310553" lon="139.8360478"/>
  <node id="9482704498" lat="35.6304847" lon="139.8357463">
    <tag k="crossing" v="traffic_signals"/>
    <tag k="highway" v="crossing"/>
  </node>
  <node id="9482704514" lat="35.6305050" lon="139.8361546">
    <tag k="highway" v="traffic_signals"/>
  </node>
  <node id="9482722661" lat="35.6349876" lon="139.8236498"/>
  <node id="9482722662" lat="35.6349745" lon="139.8235211"/>
  <node id="9482722663" lat="35.6336774" lon="139.8238242"/>
  <node id="9482722664" lat="35.6336556" lon="139.8237249"/>
  <node id="9482722665" lat="35.6325623" lon="139.8241152"/>
  <node id="9482722672" lat="35.6630772" lon="139.8236470"/>
  <node id="9482722688" lat="35.6418650" lon="139.8242614"/>
  <node id="9482722691" lat="35.6446578" lon="139.8260444"/>
  <node id="9482722694" lat="35.6451782" lon="139.8265077"/>
  <node id="9482722695" lat="35.6452103" lon="139.8264635"/>
  <node id="9482722696" lat="35.6455367" lon="139.8262482"/>
  <node id="9482722697" lat="35.6455618" lon="139.8262140"/>
  <node id="9482722698" lat="35.6452479" lon="139.8268405"/>
  <node id="9482722699" lat="35.6452337" lon="139.8268812"/>
  <node id="9482722701" lat="35.6455809" lon="139.8263428"/>
  <node id="9482722702" lat="35.6455623" lon="139.8263904"/>
  <node id="9482722703" lat="35.6451302" lon="139.8261443"/>
  <node id="9482722704" lat="35.6451564" lon="139.8260809"/>
  <node id="9482722705" lat="35.6450714" lon="139.8254617"/>
  <node id="9482722706" lat="35.6450986" lon="139.8256508"/>
  <node id="9482722709" lat="35.6493009" lon="139.8245095"/>
  <node id="9482722710" lat="35.6490590" lon="139.8247348"/>
  <node id="9482722713" lat="35.6490727" lon="139.8250279"/>
  <node id="9482726418" lat="35.6663640" lon="139.8256494"/>
  <node id="9482726419" lat="35.6663836" lon="139.8255582"/>
  <node id="9482726420" lat="35.6660676" lon="139.8255193"/>
  <node id="9482726421" lat="35.6661079" lon="139.8254362"/>
  <node id="9706171235" lat="35.6513639" lon="139.8160699"/>
  <node id="9706171237" lat="35.6509585" lon="139.8161235"/>
  <node id="9706171242" lat="35.6581091" lon="139.8171481"/>
  <node id="9706171255" lat="35.6573720" lon="139.8194951"/>
  <node id="9706171256" lat="35.6572848" lon="139.8194978"/>
  <node id="9706171257" lat="35.6573400" lon="139.8188954"/>
  <node id="9706186393" lat="35.6585550" lon="139.8169189"/>
  <node id="9706241948" lat="35.6493140" lon="139.8117729"/>
  <node id="9706241949" lat="35.6492225" lon="139.8118743"/>
  <node id="9706241950" lat="35.6594113" lon="139.8076411"/>
  <node id="9706241951" lat="35.6595191" lon="139.8075566"/>
  <node id="9706241952" lat="35.6577561" lon="139.8165514"/>
  <node id="9706241953" lat="35.6577986" lon="139.8164320"/>
  <node id="9720837090" lat="35.6466174" lon="139.8122851"/>
  <node id="9720837091" lat="35.6466219" lon="139.8124229"/>
  <node id="9720837092" lat="35.6466243" lon="139.8125232"/>
  <node id="9725719268" lat="35.6619775" lon="139.7992828">
    <tag k="crossing" v="traffic_signals"/>
    <tag k="highway" v="crossing"/>
  </node>
  <node id="9725719269" lat="35.6620362" lon="139.7994077">
    <tag k="crossing" v="traffic_signals"/>
    <tag k="highway" v="crossing"/>
  </node>
  <node id="9726172347" lat="35.6416711" lon="139.8089148">
    <tag k="crossing" v="marked"/>
    <tag k="highway" v="crossing"/>
  </node>
  <node id="9726172348" lat="35.6421168" lon="139.8109906">
    <tag k="crossing" v="marked"/>
    <tag k="highway" v="crossing"/>
  </node>
  <node id="9726172349" lat="35.6427612" lon="139.8108905">
    <tag k="crossing" v="marked"/>
    <tag k="highway" v="crossing"/>
  </node>
  <node id="9726172351" lat="35.6421128" lon="139.8127808">
    <tag k="crossing" v="traffic_signals"/>
    <tag k="highway" v="crossing"/>
  </node>
  <node id="9726172352" lat="35.6421836" lon="139.8127652">
    <tag k="crossing" v="traffic_signals"/>
    <tag k="highway" v="crossing"/>
  </node>
  <node id="9726172353" lat="35.6423289" lon="139.8129374">
    <tag k="crossing" v="traffic_signals"/>
    <tag k="highway" v="crossing"/>
  </node>
  <node id="9726172354" lat="35.6423368" lon="139.8130403">
    <tag k="crossing" v="traffic_signals"/>
    <tag k="highway" v="crossing"/>
  </node>
  <node id="9726172355" lat="35.6421602" lon="139.8132683">
    <tag k="crossing" v="traffic_signals"/>
    <tag k="highway" v="crossing"/>
  </node>
  <node id="9726172356" lat="35.6422320" lon="139.8132548">
    <tag k="crossing" v="traffic_signals"/>
    <tag k="highway" v="crossing"/>
  </node>
  <node id="9726172358" lat="35.6420450" lon="139.8129794">
    <tag k="crossing" v="traffic_signals"/>
    <tag k="highway" v="crossing"/>
  </node>
  <node id="9726172359" lat="35.6420537" lon="139.8130732">
    <tag k="crossing" v="traffic_signals"/>
    <tag k="highway" v="crossing"/>
  </node>
  <node id="9726172360" lat="35.6425089" lon="139.8151028">
    <tag k="crossing" v="marked"/>
    <tag k="highway" v="crossing"/>
  </node>
  <node id="9726172362" lat="35.6432318" lon="139.8150015">
    <tag k="crossing" v="marked"/>
    <tag k="highway" v="crossing"/>
  </node>
  <node id="9726172363" lat="35.6433664" lon="139.8151269">
    <tag k="crossing" v="marked"/>
    <tag k="highway" v="crossing"/>
  </node>
  <node id="9916547555" lat="35.6456933" lon="139.8271016"/>
  <node id="9916547556" lat="35.6452171" lon="139.8269772">
    <tag k="crossing" v="marked"/>
    <tag k="highway" v="crossing"/>
  </node>
  <node id="9956759279" lat="35.6590059" lon="139.8168123">
    <tag k="crossing" v="marked"/>
    <tag k="highway" v="crossing"/>
    <tag k="tactile_paving" v="yes"/>
  </node>
  <node id="9956759285" lat="35.6589034" lon="139.8165208">
    <tag k="crossing" v="marked"/>
    <tag k="crossing:island" v="no"/>
    <tag k="highway" v="crossing"/>
    <tag k="tactile_paving" v="yes"/>
  </node>
  <node id="9956759287" lat="35.6587753" lon="139.8164997">
    <tag k="crossing" v="marked"/>
    <tag k="crossing:island" v="no"/>
    <tag k="highway" v="crossing"/>
    <tag k="tactile_paving" v="yes"/>
  </node>
  <node id="9956759290" lat="35.6587891" lon="139.8163503">
    <tag k="crossing" v="marked"/>
    <tag k="crossing:island" v="no"/>
    <tag k="highway" v="crossing"/>
    <tag k="tactile_paving" v="yes"/>
  </node>
  <node id="9956759293" lat="35.6589161" lon="139.8163584">
    <tag k="crossing" v="marked"/>
    <tag k="crossing:island" v="no"/>
    <tag k="highway" v="crossing"/>
    <tag k="tactile_paving" v="yes"/>
  </node>
  <node id="9956759301" lat="35.6595417" lon="139.8157255">
    <tag k="crossing" v="marked"/>
    <tag k="crossing:island" v="no"/>
    <tag k="highway" v="crossing"/>
    <tag k="tactile_paving" v="yes"/>
  </node>
  <node id="9956759316" lat="35.6577898" lon="139.8171033">
    <tag k="crossing" v="marked"/>
    <tag k="crossing:island" v="no"/>
    <tag k="highway" v="crossing"/>
    <tag k="tactile_paving" v="yes"/>
  </node>
  <node id="9956759334" lat="35.6591564" lon="139.8171824">
    <tag k="crossing" v="marked"/>
    <tag k="crossing:island" v="no"/>
    <tag k="crossing:markings" v="yes"/>
    <tag k="highway" v="crossing"/>
    <tag k="tactile_paving" v="yes"/>
  </node>
  <node id="9956759365" lat="35.6572963" lon="139.8182373">
    <tag k="crossing" v="marked"/>
    <tag k="crossing:markings" v="yes"/>
    <tag k="highway" v="crossing"/>
  </node>
  <node id="9956759366" lat="35.6572016" lon="139.8182499">
    <tag k="crossing" v="marked"/>
    <tag k="crossing:markings" v="yes"/>
    <tag k="highway" v="crossing"/>
  </node>
  <node id="9956759369" lat="35.6586599" lon="139.8176719">
    <tag k="crossing" v="marked"/>
    <tag k="crossing:island" v="no"/>
    <tag k="crossing:markings" v="yes"/>
    <tag k="highway" v="crossing"/>
    <tag k="tactile_paving" v="yes"/>
  </node>
  <node id="9956759371" lat="35.6573996" lon="139.8183714">
    <tag k="crossing" v="marked"/>
    <tag k="crossing:markings" v="yes"/>
    <tag k="highway" v="crossing"/>
  </node>
  <node id="10143113663" lat="35.6468746" lon="139.8256589">
    <tag k="crossing" v="traffic_signals"/>
    <tag k="highway" v="crossing"/>
  </node>
  <node id="10143113664" lat="35.6461321" lon="139.8257594">
    <tag k="crossing" v="traffic_signals"/>
    <tag k="highway" v="crossing"/>
  </node>
  <node id="10143113665" lat="35.6468415" lon="139.8253088">
    <tag k="crossing" v="traffic_signals"/>
    <tag k="highway" v="crossing"/>
  </node>
  <node id="10143113666" lat="35.6460987" lon="139.8254097">
    <tag k="crossing" v="traffic_signals"/>
    <tag k="highway" v="crossing"/>
  </node>
  <node id="10143113667" lat="35.6470713" lon="139.8255362">
    <tag k="highway" v="traffic_signals"/>
    <tag k="name" v="夢の島"/>
    <tag k="name:en" v="Yumenoshima"/>
    <tag k="name:ja" v="夢の島"/>
  </node>
  <node id="10143113668" lat="35.6468375" lon="139.8252608">
    <tag k="highway" v="traffic_signals"/>
    <tag k="name" v="夢の島"/>
    <tag k="name:en" v="Yumenoshima"/>
    <tag k="name:ja" v="夢の島"/>
  </node>
  <node id="10143113669" lat="35.6461375" lon="139.8258236">
    <tag k="highway" v="traffic_signals"/>
    <tag k="name" v="夢の島"/>
    <tag k="name:en" v="Yumenoshima"/>
    <tag k="name:ja" v="夢の島"/>
  </node>
  <node id="10143113670" lat="35.6462439" lon="139.8256609">
    <tag k="highway" v="traffic_signals"/>
    <tag k="name" v="夢の島"/>
    <tag k="name:en" v="Yumenoshima"/>
    <tag k="name:ja" v="夢の島"/>
  </node>
  <node id="10143113671" lat="35.6467459" lon="139.8254420">
    <tag k="highway" v="traffic_signals"/>
    <tag k="name" v="夢の島"/>
    <tag k="name:en" v="Yumenoshima"/>
    <tag k="name:ja" v="夢の島"/>
  </node>
  <node id="10143113672" lat="35.6459951" lon="139.8255491">
    <tag k="highway" v="traffic_signals"/>
    <tag k="name" v="夢の島"/>
    <tag k="name:en" v="Yumenoshima"/>
    <tag k="name:ja" v="夢の島"/>
  </node>
  <node id="10143113673" lat="35.6448323" lon="139.8271759">
    <tag k="crossing" v="traffic_signals"/>
    <tag k="highway" v="crossing"/>
  </node>
  <node id="10143113674" lat="35.6444477" lon="139.8250293">
    <tag k="crossing" v="traffic_signals"/>
    <tag k="highway" v="crossing"/>
  </node>
  <node id="10143113675" lat="35.6445281" lon="139.8250597">
    <tag k="crossing" v="traffic_signals"/>
    <tag k="highway" v="crossing"/>
  </node>
  <node id="10143113676" lat="35.6446518" lon="139.8253022">
    <tag k="crossing" v="traffic_signals"/>
    <tag k="highway" v="crossing"/>
  </node>
  <node id="10143113677" lat="35.6446735" lon="139.8255040">
    <tag k="crossing" v="traffic_signals"/>
    <tag k="highway" v="crossing"/>
  </node>
  <node id="10143113678" lat="35.6444884" lon="139.8255721">
    <tag k="crossing" v="traffic_signals"/>
    <tag k="highway" v="crossing"/>
  </node>
  <node id="10143113679" lat="35.6445881" lon="139.8256108">
    <tag k="crossing" v="traffic_signals"/>
    <tag k="highway" v="crossing"/>
  </node>
  <node id="10143113680" lat="35.6443627" lon="139.8251819">
    <tag k="crossing" v="traffic_signals"/>
    <tag k="highway" v="crossing"/>
  </node>
  <node id="10143113681" lat="35.6443728" lon="139.8253703">
    <tag k="crossing" v="traffic_signals"/>
    <tag k="highway" v="crossing"/>
  </node>
  <node id="10212492158" lat="35.6454532" lon="139.8408084"/>
  <node id="10221519916" lat="35.6464755" lon="139.8126608">
    <tag k="crossing" v="traffic_signals"/>
    <tag k="highway" v="crossing"/>
  </node>
  <node id="10221549819" lat="35.6447294" lon="139.8129156">
    <tag k="crossing" v="traffic_signals"/>
    <tag k="highway" v="crossing"/>
  </node>
  <node id="10221549906" lat="35.6445530" lon="139.8123787">
    <tag k="highway" v="crossing"/>
  </node>
  <node id="10221549961" lat="35.6434325" lon="139.8126244">
    <tag k="crossing" v="marked"/>
    <tag k="crossing:island" v="no"/>
    <tag k="highway" v="crossing"/>
    <tag k="tactile_paving" v="no"/>
  </node>
  <node id="10221549962" lat="35.6435718" lon="139.8130588">
    <tag k="crossing" v="marked"/>
    <tag k="highway" v="crossing"/>
  </node>
  <node id="10221549963" lat="35.6438236" lon="139.8125614">
    <tag k="crossing" v="traffic_signals"/>
    <tag k="highway" v="crossing"/>
  </node>
  <node id="10221549966" lat="35.6438444" lon="139.8128469">
    <tag k="crossing" v="traffic_signals"/>
    <tag k="highway" v="crossing"/>
  </node>
  <node id="10221549968" lat="35.6437932" lon="139.8126863">
    <tag k="crossing" v="traffic_signals"/>
    <tag k="highway" v="crossing"/>
  </node>
  <node id="10221549974" lat="35.6439610" lon="139.8129568">
    <tag k="crossing" v="traffic_signals"/>
    <tag k="highway" v="crossing"/>
  </node>
  <node id="10254884245" lat="35.6227762" lon="139.8349243">
    <tag k="crossing" v="traffic_signals"/>
    <tag k="highway" v="crossing"/>
  </node>
  <node id="10254884246" lat="35.6227554" lon="139.8352512">
    <tag k="crossing" v="traffic_signals"/>
    <tag k="highway" v="crossing"/>
  </node>
  <node id="10254884303" lat="35.6464185" lon="139.8199598">
    <tag k="highway" v="crossing"/>
  </node>
  <node id="10265533530" lat="35.6521412" lon="139.8159768"/>
  <node id="10265533595" lat="35.6468663" lon="139.8168123">
    <tag k="highway" v="crossing"/>
  </node>
  <node id="10265533598" lat="35.6516802" lon="139.8160309"/>
  <node id="10265533604" lat="35.6468426" lon="139.8165288">
    <tag k="highway" v="crossing"/>
  </node>
  <node id="10265533605" lat="35.6469966" lon="139.8166688">
    <tag k="highway" v="crossing"/>
  </node>
  <node id="10265541110" lat="35.6503619" lon="139.8162043"/>
  <node id="10265541113" lat="35.6501404" lon="139.8162356"/>
  <node id="10269320093" lat="35.6438766" lon="139.8232713">
    <tag k="highway" v="crossing"/>
  </node>
  <node id="10269320094" lat="35.6441202" lon="139.8239506">
    <tag k="highway" v="crossing"/>
  </node>
  <node id="10269320095" lat="35.6442965" lon="139.8244420">
    <tag k="highway" v="crossing"/>
  </node>
  <node id="10269320096" lat="35.6436305" lon="139.8247363">
    <tag k="highway" v="crossing"/>
  </node>
  <node id="10273657993" lat="35.6472163" lon="139.8198465">
    <tag k="highway" v="crossing"/>
  </node>
  <node id="10273657994" lat="35.6470390" lon="139.8198726">
    <tag k="highway" v="crossing"/>
  </node>
  <node id="10297665270" lat="35.6521999" lon="139.8118776">
    <tag k="crossing" v="traffic_signals"/>
    <tag k="highway" v="crossing"/>
  </node>
  <node id="10297665272" lat="35.6508075" lon="139.8116905">
    <tag k="highway" v="crossing"/>
  </node>
  <node id="10297665273" lat="35.6508185" lon="139.8118115">
    <tag k="highway" v="crossing"/>
  </node>
  <node id="10297665274" lat="35.6508306" lon="139.8119443">
    <tag k="highway" v="crossing"/>
  </node>
  <node id="10297665275" lat="35.6505032" lon="139.8118550">
    <tag k="highway" v="crossing"/>
  </node>
  <node id="10297665282" lat="35.6506179" lon="139.8116184">
    <tag k="highway" v="crossing"/>
  </node>
  <node id="10297665283" lat="35.6507037" lon="139.8116056">
    <tag k="highway" v="crossing"/>
  </node>
  <node id="10298039667" lat="35.6531186" lon="139.8116778">
    <tag k="highway" v="crossing"/>
  </node>
  <node id="10298294405" lat="35.6563417" lon="139.8184193">
    <tag k="highway" v="crossing"/>
  </node>
  <node id="10298294407" lat="35.6564237" lon="139.8185162">
    <tag k="highway" v="crossing"/>
  </node>
  <node id="10298335638" lat="35.6571219" lon="139.8184088">
    <tag k="highway" v="crossing"/>
  </node>
  <node id="10298335639" lat="35.6535123" lon="139.8156885">
    <tag k="highway" v="crossing"/>
  </node>
  <node id="10298335644" lat="35.6490901" lon="139.8102246">
    <tag k="highway" v="crossing"/>
  </node>
  <node id="10298335645" lat="35.6489893" lon="139.8091740">
    <tag k="highway" v="crossing"/>
  </node>
  <node id="10298335646" lat="35.6490628" lon="139.8091639">
    <tag k="highway" v="crossing"/>
  </node>
  <node id="10298335647" lat="35.6488941" lon="139.8090713">
    <tag k="highway" v="crossing"/>
  </node>
  <node id="10298335649" lat="35.6491338" lon="139.8090359">
    <tag k="highway" v="crossing"/>
  </node>
  <node id="10298335651" lat="35.6489626" lon="139.8089109">
    <tag k="highway" v="crossing"/>
  </node>
  <node id="10298335652" lat="35.6490381" lon="139.8089009">
    <tag k="highway" v="crossing"/>
  </node>
  <node id="10298335676" lat="35.6505475" lon="139.8088303">
    <tag k="crossing" v="traffic_signals"/>
    <tag k="crossing:markings" v="zebra"/>
    <tag k="highway" v="crossing"/>
  </node>
  <node id="10298335677" lat="35.6503330" lon="139.8086890">
    <tag k="crossing" v="traffic_signals"/>
    <tag k="crossing:markings" v="zebra"/>
    <tag k="highway" v="crossing"/>
  </node>
  <node id="10298335678" lat="35.6504106" lon="139.8086775">
    <tag k="crossing" v="traffic_signals"/>
    <tag k="crossing:markings" v="zebra"/>
    <tag k="highway" v="crossing"/>
  </node>
  <node id="10298335681" lat="35.6501895" lon="139.8071577">
    <tag k="crossing" v="traffic_signals"/>
    <tag k="crossing:markings" v="zebra"/>
    <tag k="highway" v="crossing"/>
  </node>
  <node id="10298335682" lat="35.6502609" lon="139.8071479">
    <tag k="crossing" v="traffic_signals"/>
    <tag k="crossing:markings" v="zebra"/>
    <tag k="highway" v="crossing"/>
  </node>
  <node id="10298335683" lat="35.6500564" lon="139.8069701">
    <tag k="crossing" v="traffic_signals"/>
    <tag k="crossing:markings" v="zebra"/>
    <tag k="highway" v="crossing"/>
  </node>
  <node id="10298335684" lat="35.6500642" lon="139.8070543">
    <tag k="crossing" v="traffic_signals"/>
    <tag k="crossing:markings" v="zebra"/>
    <tag k="highway" v="crossing"/>
  </node>
  <node id="10298335685" lat="35.6503586" lon="139.8069604">
    <tag k="crossing" v="traffic_signals"/>
    <tag k="crossing:markings" v="zebra"/>
    <tag k="highway" v="crossing"/>
  </node>
  <node id="10298335686" lat="35.6491601" lon="139.8102156">
    <tag k="highway" v="crossing"/>
  </node>
  <node id="10299707584" lat="35.6551542" lon="139.8161899"/>
  <node id="10299707585" lat="35.6551509" lon="139.8161470"/>
  <node id="10299707586" lat="35.6539507" lon="139.8157225"/>
  <node id="10299707587" lat="35.6539585" lon="139.8157687"/>
  <node id="10299947064" lat="35.6399608" lon="139.8021608"/>
  <node id="10300137730" lat="35.6453621" lon="139.8254180"/>
  <node id="10300137732" lat="35.6448029" lon="139.8252674">
    <tag k="highway" v="crossing"/>
  </node>
  <node id="10300137743" lat="35.6490673" lon="139.8249812">
    <tag k="highway" v="crossing"/>
  </node>
  <node id="10300633241" lat="35.6455919" lon="139.8267605"/>
  <node id="10300633255" lat="35.6456208" lon="139.8268322"/>
  <node id="10300633256" lat="35.6456080" lon="139.8268715"/>
  <node id="10302545839" lat="35.6573883" lon="139.8205248"/>
  <node id="10302545844" lat="35.6579748" lon="139.8239697">
    <tag k="highway" v="crossing"/>
  </node>
  <node id="10302545845" lat="35.6579817" lon="139.8241010">
    <tag k="highway" v="crossing"/>
  </node>
  <node id="10302545846" lat="35.6579035" lon="139.8241588">
    <tag k="highway" v="crossing"/>
  </node>
  <node id="10302545847" lat="35.6575121" lon="139.8240089">
    <tag k="highway" v="crossing"/>
  </node>
  <node id="10302545848" lat="35.6575210" lon="139.8241374">
    <tag k="highway" v="crossing"/>
  </node>
  <node id="10302545850" lat="35.6575913" lon="139.8238398">
    <tag k="highway" v="crossing"/>
  </node>
  <node id="10302545851" lat="35.6576562" lon="139.8238348">
    <tag k="highway" v="crossing"/>
  </node>
  <node id="10302545873" lat="35.6583350" lon="139.8169349">
    <tag k="crossing" v="marked"/>
    <tag k="crossing:island" v="no"/>
    <tag k="highway" v="crossing"/>
    <tag k="tactile_paving" v="yes"/>
  </node>
  <node id="10302545886" lat="35.6585134" lon="139.8168822">
    <tag k="crossing" v="marked"/>
    <tag k="highway" v="crossing"/>
    <tag k="tactile_paving" v="yes"/>
  </node>
  <node id="10304902176" lat="35.6417721" lon="139.8129847"/>
  <node id="10304902177" lat="35.6417861" lon="139.8131614"/>
  <node id="10304902178" lat="35.6416268" lon="139.8130149"/>
  <node id="10304902179" lat="35.6416492" lon="139.8129847"/>
  <node id="10304902180" lat="35.6416784" lon="139.8129652"/>
  <node id="10304902189" lat="35.6426920" lon="139.8170764">
    <tag k="highway" v="crossing"/>
  </node>
  <node id="10304902190" lat="35.6434159" lon="139.8169715">
    <tag k="highway" v="crossing"/>
  </node>
  <node id="10304902191" lat="35.6435593" lon="139.8171114">
    <tag k="highway" v="crossing"/>
  </node>
  <node id="10304902192" lat="35.6435781" lon="139.8186175">
    <tag k="highway" v="crossing"/>
  </node>
  <node id="10304902193" lat="35.6436900" lon="139.8184638">
    <tag k="highway" v="crossing"/>
  </node>
  <node id="10581961240" lat="35.6308464" lon="139.8361992"/>
  <node id="10581961241" lat="35.6297707" lon="139.8359979"/>
  <node id="10581961242" lat="35.6301701" lon="139.8360941"/>
  <node id="10581961243" lat="35.6291822" lon="139.8358509"/>
  <node id="10581961244" lat="35.6286438" lon="139.8357386"/>
  <node id="10581961245" lat="35.6287682" lon="139.8357599"/>
  <node id="10581961246" lat="35.6291363" lon="139.8358396">
    <tag k="crossing" v="traffic_signals"/>
    <tag k="highway" v="crossing"/>
  </node>
  <node id="10581961247" lat="35.6270289" lon="139.8355853"/>
  <node id="10581961248" lat="35.6260874" lon="139.8355062"/>
  <node id="10581961249" lat="35.6254333" lon="139.8354493"/>
  <node id="10581961250" lat="35.6251699" lon="139.8354290"/>
  <node id="10581961251" lat="35.6246099" lon="139.8353806"/>
  <node id="10581961252" lat="35.6240670" lon="139.8353563"/>
  <node id="10581961253" lat="35.6235353" lon="139.8353218"/>
  <node id="10581961254" lat="35.6231621" lon="139.8352873"/>
  <node id="10581961255" lat="35.6227235" lon="139.8349207"/>
  <node id="10581961256" lat="35.6232893" lon="139.8349712"/>
  <node id="10581961257" lat="35.6231342" lon="139.8349565">
    <tag k="crossing" v="traffic_signals"/>
    <tag k="highway" v="crossing"/>
  </node>
  <node id="10581961258" lat="35.6229349" lon="139.8341025"/>
  <node id="10581961259" lat="35.6229935" lon="139.8347265"/>
  <node id="10581961260" lat="35.6228214" lon="139.8338531"/>
  <node id="10581961261" lat="35.6228886" lon="139.8345410"/>
  <node id="10581961262" lat="35.6229107" lon="139.8347841"/>
  <node id="10581961263" lat="35.6242256" lon="139.8350831"/>
  <node id="10581961264" lat="35.6245705" lon="139.8351102"/>
  <node id="10581961265" lat="35.6247394" lon="139.8351229"/>
  <node id="10581961266" lat="35.6249816" lon="139.8346528"/>
  <node id="10581961267" lat="35.6248902" lon="139.8346400"/>
  <node id="10581961268" lat="35.6252873" lon="139.8351713"/>
  <node id="10581961269" lat="35.6251277" lon="139.8351578"/>
  <node id="10581961270" lat="35.6256865" lon="139.8352063"/>
  <node id="10581961271" lat="35.6265027" lon="139.8352720"/>
  <node id="10581961272" lat="35.6271745" lon="139.8353304"/>
  <node id="10581961273" lat="35.6286478" lon="139.8354722"/>
  <node id="10581961274" lat="35.6288772" lon="139.8343325"/>
  <node id="10581961275" lat="35.6288176" lon="139.8337051"/>
  <node id="10581961276" lat="35.6289240" lon="139.8348121"/>
  <node id="10581961277" lat="35.6289708" lon="139.8353573">
    <tag k="crossing" v="traffic_signals"/>
    <tag k="highway" v="crossing"/>
  </node>
  <node id="10581961278" lat="35.6292220" lon="139.8355908"/>
  <node id="10581961279" lat="35.6296304" lon="139.8356912"/>
  <node id="10581961280" lat="35.6300531" lon="139.8357988"/>
  <node id="10581961281" lat="35.6306410" lon="139.8359491"/>
  <node id="10581961282" lat="35.6309228" lon="139.8360190"/>
  <node id="10581968038" lat="35.6229133" lon="139.8347990">
    <tag k="crossing" v="traffic_signals"/>
    <tag k="highway" v="crossing"/>
  </node>
  <node id="10581968039" lat="35.6230022" lon="139.8348056">
    <tag k="crossing" v="traffic_signals"/>
    <tag k="highway" v="crossing"/>
  </node>
  <node id="10581968048" lat="35.6249220" lon="139.8349841">
    <tag k="crossing" v="traffic_signals"/>
    <tag k="highway" v="crossing"/>
  </node>
  <node id="10581968049" lat="35.6250176" lon="139.8349890">
    <tag k="crossing" v="traffic_signals"/>
    <tag k="highway" v="crossing"/>
  </node>
  <node id="10581968078" lat="35.6339968" lon="139.8363752"/>
  <node id="10581968081" lat="35.6353253" lon="139.8366085"/>
  <node id="10581968082" lat="35.6350901" lon="139.8365934"/>
  <node id="10581968083" lat="35.6349501" lon="139.8365859"/>
  <node id="10581968084" lat="35.6342751" lon="139.8365497"/>
  <node id="10581968085" lat="35.6353495" lon="139.8363518"/>
  <node id="10581968086" lat="35.6350738" lon="139.8363426"/>
  <node id="10581968102" lat="35.6231096" lon="139.8352835">
    <tag k="crossing" v="traffic_signals"/>
    <tag k="highway" v="crossing"/>
  </node>
  <node id="10581968104" lat="35.6247885" lon="139.8351269">
    <tag k="crossing" v="traffic_signals"/>
    <tag k="highway" v="crossing"/>
  </node>
  <node id="10581968105" lat="35.6247752" lon="139.8353917">
    <tag k="crossing" v="traffic_signals"/>
    <tag k="highway" v="crossing"/>
  </node>
  <node id="10581968108" lat="35.6251421" lon="139.8351590">
    <tag k="crossing" v="traffic_signals"/>
    <tag k="highway" v="crossing"/>
  </node>
  <node id="10581968109" lat="35.6251274" lon="139.8354237">
    <tag k="crossing" v="traffic_signals"/>
    <tag k="highway" v="crossing"/>
  </node>
  <node id="10581968110" lat="35.6290691" lon="139.8353810">
    <tag k="crossing" v="traffic_signals"/>
    <tag k="highway" v="crossing"/>
  </node>
  <node id="10581968113" lat="35.6288059" lon="139.8354984">
    <tag k="crossing" v="traffic_signals"/>
    <tag k="highway" v="crossing"/>
  </node>
  <node id="10581968114" lat="35.6287751" lon="139.8357613">
    <tag k="crossing" v="traffic_signals"/>
    <tag k="highway" v="crossing"/>
  </node>
  <node id="10581968117" lat="35.6291812" lon="139.8355806">
    <tag k="crossing" v="traffic_signals"/>
    <tag k="highway" v="crossing"/>
  </node>
  <node id="10581968121" lat="35.6302988" lon="139.8358596">
    <tag k="crossing" v="traffic_signals"/>
    <tag k="highway" v="crossing"/>
  </node>
  <node id="10581968122" lat="35.6302561" lon="139.8361096">
    <tag k="crossing" v="traffic_signals"/>
    <tag k="highway" v="crossing"/>
  </node>
  <node id="10581968131" lat="35.6347120" lon="139.8363568">
    <tag k="crossing" v="traffic_signals"/>
    <tag k="highway" v="crossing"/>
  </node>
  <node id="10581968132" lat="35.6346974" lon="139.8365714">
    <tag k="crossing" v="traffic_signals"/>
    <tag k="highway" v="crossing"/>
  </node>
  <node id="10581968133" lat="35.6226935" lon="139.8325273"/>
  <node id="10581968134" lat="35.6226446" lon="139.8321038"/>
  <node id="10581968135" lat="35.6226610" lon="139.8313795"/>
  <node id="10581968136" lat="35.6225967" lon="139.8314039"/>
  <node id="10581968137" lat="35.6225366" lon="139.8300628"/>
  <node id="10581968138" lat="35.6232239" lon="139.8315987"/>
  <node id="10581968139" lat="35.6234965" lon="139.8315581"/>
  <node id="10581968140" lat="35.6231578" lon="139.8315004"/>
  <node id="10581968141" lat="35.6239574" lon="139.8313883"/>
  <node id="10581968142" lat="35.6244788" lon="139.8313084"/>
  <node id="10581968143" lat="35.6254334" lon="139.8311757"/>
  <node id="10581968144" lat="35.6250512" lon="139.8312307"/>
  <node id="10581968145" lat="35.6253679" lon="139.8312935"/>
  <node id="10581968146" lat="35.6249525" lon="139.8313532"/>
  <node id="10581968147" lat="35.6247944" lon="139.8313777"/>
  <node id="10581968148" lat="35.6243258" lon="139.8314457"/>
  <node id="10581968154" lat="35.6348736" lon="139.8361866">
    <tag k="crossing" v="traffic_signals"/>
    <tag k="highway" v="crossing"/>
  </node>
  <node id="10581968161" lat="35.6357322" lon="139.8366428"/>
  <node id="10581968162" lat="35.6356634" lon="139.8363697"/>
  <node id="10581968163" lat="35.6358545" lon="139.8363862"/>
  <node id="10581968164" lat="35.6354799" lon="139.8363581"/>
  <node id="10581968173" lat="35.6361916" lon="139.8364110">
    <tag k="crossing" v="traffic_signals"/>
    <tag k="highway" v="crossing"/>
  </node>
  <node id="10581968174" lat="35.6361754" lon="139.8366787">
    <tag k="crossing" v="traffic_signals"/>
    <tag k="highway" v="crossing"/>
  </node>
  <node id="10581968175" lat="35.6367399" lon="139.8364640"/>
  <node id="10581968176" lat="35.6392615" lon="139.8366748"/>
  <node id="10581968177" lat="35.6394215" lon="139.8366875"/>
  <node id="10581968178" lat="35.6368450" lon="139.8367351"/>
  <node id="10581968179" lat="35.6372585" lon="139.8367716"/>
  <node id="10581968180" lat="35.6376627" lon="139.8368039"/>
  <node id="10581968181" lat="35.6380688" lon="139.8368400"/>
  <node id="10581968182" lat="35.6391422" lon="139.8369319"/>
  <node id="10581968183" lat="35.6393801" lon="139.8369532"/>
  <node id="10581968184" lat="35.6400708" lon="139.8370077"/>
  <node id="10581968185" lat="35.6398428" lon="139.8369895"/>
  <node id="10581968186" lat="35.6406251" lon="139.8370544"/>
  <node id="10581968187" lat="35.6410302" lon="139.8370923"/>
  <node id="10581968188" lat="35.6414238" lon="139.8371234"/>
  <node id="10581968189" lat="35.6415561" lon="139.8371355"/>
  <node id="10581968190" lat="35.6415616" lon="139.8368691"/>
  <node id="10581968191" lat="35.6411830" lon="139.8368367"/>
  <node id="10581968192" lat="35.6405080" lon="139.8367804"/>
  <node id="10581968193" lat="35.6400964" lon="139.8367429"/>
  <node id="10581968194" lat="35.6441898" lon="139.8370919"/>
  <node id="10581968195" lat="35.6447399" lon="139.8371390"/>
  <node id="10581968196" lat="35.6450921" lon="139.8371666"/>
  <node id="10581968197" lat="35.6448960" lon="139.8374438"/>
  <node id="10581968198" lat="35.6451598" lon="139.8374628"/>
  <node id="10581968199" lat="35.6442229" lon="139.8373725"/>
  <node id="10581968200" lat="35.6445041" lon="139.8374000"/>
  <node id="10581968201" lat="35.6439517" lon="139.8373408"/>
  <node id="10601096112" lat="35.6474549" lon="139.8044957"/>
  <node id="10601098230" lat="35.6476676" lon="139.8044654"/>
  <node id="10647949076" lat="35.6628194" lon="139.8052674"/>
  <node id="10675362433" lat="35.6468750" lon="139.8093658"/>
  <node id="10675373576" lat="35.6478839" lon="139.8092191">
    <tag k="crossing:markings" v="zebra"/>
    <tag k="highway" v="crossing"/>
  </node>
  <node id="10675373582" lat="35.6471587" lon="139.8093255">
    <tag k="crossing:markings" v="zebra"/>
    <tag k="highway" v="crossing"/>
  </node>
  <node id="11126990546" lat="35.6499886" lon="139.8043126"/>
  <node id="11126990550" lat="35.6499728" lon="139.8041431"/>
  <node id="11129249780" lat="35.6455297" lon="139.8257922"/>
  <node id="11129428015" lat="35.6460419" lon="139.8256838">
    <tag k="crossing" v="traffic_signals"/>
    <tag k="highway" v="crossing"/>
  </node>
  <node id="11129428016" lat="35.6460290" lon="139.8255455">
    <tag k="crossing" v="traffic_signals"/>
    <tag k="highway" v="crossing"/>
  </node>
  <node id="11182618437" lat="35.6254997" lon="139.8339725"/>
  <node id="11182618438" lat="35.6281451" lon="139.8335928"/>
  <node id="11182621625" lat="35.6291715" lon="139.8334414"/>
  <node id="11182621630" lat="35.6301825" lon="139.8325795"/>
  <node id="11182657959" lat="35.6304639" lon="139.8355217"/>
  <node id="11182657966" lat="35.6300938" lon="139.8316499"/>
  <node id="11182657967" lat="35.6287279" lon="139.8318377"/>
  <node id="11182657976" lat="35.6294891" lon="139.8305789"/>
  <node id="11182657998" lat="35.6291667" lon="139.8306290"/>
  <node id="11230126269" lat="35.6550788" lon="139.7974384"/>
  <node id="11230126289" lat="35.6547733" lon="139.7969725"/>
  <node id="11281139672" lat="35.6558930" lon="139.8112165">
    <tag k="button_operated" v="no"/>
    <tag k="crossing" v="traffic_signals"/>
    <tag k="highway" v="crossing"/>
    <tag k="tactile_paving" v="yes"/>
    <tag k="traffic_signals:sound" v="no"/>
    <tag k="traffic_signals:vibration" v="no"/>
  </node>
  <node id="11281139673" lat="35.6559856" lon="139.8111829">
    <tag k="button_operated" v="no"/>
    <tag k="crossing" v="traffic_signals"/>
    <tag k="highway" v="crossing"/>
    <tag k="tactile_paving" v="yes"/>
    <tag k="traffic_signals:sound" v="no"/>
    <tag k="traffic_signals:vibration" v="no"/>
  </node>
  <node id="11281141713" lat="35.6557402" lon="139.8111211">
    <tag k="crossing" v="traffic_signals"/>
    <tag k="highway" v="crossing"/>
  </node>
  <node id="11281141717" lat="35.6559702" lon="139.8106942">
    <tag k="crossing" v="traffic_signals"/>
    <tag k="highway" v="crossing"/>
  </node>
  <node id="11281141718" lat="35.6560803" lon="139.8109321">
    <tag k="button_operated" v="no"/>
    <tag k="crossing" v="traffic_signals"/>
    <tag k="highway" v="crossing"/>
    <tag k="tactile_paving" v="yes"/>
    <tag k="traffic_signals:sound" v="no"/>
    <tag k="traffic_signals:vibration" v="no"/>
  </node>
  <node id="11281149149" lat="35.6606180" lon="139.8002358">
    <tag k="crossing" v="traffic_signals"/>
    <tag k="highway" v="crossing"/>
  </node>
  <node id="11281149150" lat="35.6606772" lon="139.8003651">
    <tag k="crossing" v="traffic_signals"/>
    <tag k="highway" v="crossing"/>
  </node>
  <node id="11281149151" lat="35.6605823" lon="139.8006059">
    <tag k="crossing" v="traffic_signals"/>
    <tag k="highway" v="crossing"/>
  </node>
  <node id="11281149152" lat="35.6605243" lon="139.8006495">
    <tag k="crossing" v="traffic_signals"/>
    <tag k="highway" v="crossing"/>
  </node>
  <node id="11281149153" lat="35.6603566" lon="139.8005912">
    <tag k="crossing" v="traffic_signals"/>
    <tag k="highway" v="crossing"/>
  </node>
  <node id="11281149154" lat="35.6602980" lon="139.8004638">
    <tag k="crossing" v="traffic_signals"/>
    <tag k="highway" v="crossing"/>
  </node>
  <node id="11281161450" lat="35.6565885" lon="139.8111159"/>
  <node id="11281161451" lat="35.6567294" lon="139.8112817"/>
  <node id="11281196917" lat="35.6575357" lon="139.8097065">
    <tag k="button_operated" v="no"/>
    <tag k="crossing" v="traffic_signals"/>
    <tag k="crossing:island" v="no"/>
    <tag k="highway" v="crossing"/>
    <tag k="tactile_paving" v="yes"/>
    <tag k="traffic_signals:sound" v="no"/>
    <tag k="traffic_signals:vibration" v="no"/>
  </node>
  <node id="11281196918" lat="35.6575727" lon="139.8094553">
    <tag k="button_operated" v="no"/>
    <tag k="crossing" v="traffic_signals"/>
    <tag k="highway" v="crossing"/>
    <tag k="tactile_paving" v="yes"/>
    <tag k="traffic_signals:sound" v="no"/>
    <tag k="traffic_signals:vibration" v="no"/>
  </node>
  <node id="11281196919" lat="35.6575113" lon="139.8093645">
    <tag k="button_operated" v="no"/>
    <tag k="crossing" v="traffic_signals"/>
    <tag k="highway" v="crossing"/>
    <tag k="tactile_paving" v="yes"/>
    <tag k="traffic_signals:sound" v="no"/>
    <tag k="traffic_signals:vibration" v="no"/>
  </node>
  <node id="11281196924" lat="35.6572809" lon="139.8093201">
    <tag k="button_operated" v="no"/>
    <tag k="crossing" v="traffic_signals"/>
    <tag k="crossing:island" v="no"/>
    <tag k="highway" v="crossing"/>
    <tag k="tactile_paving" v="yes"/>
    <tag k="traffic_signals:sound" v="no"/>
    <tag k="traffic_signals:vibration" v="no"/>
  </node>
  <node id="11281213242" lat="35.6582356" lon="139.8021512">
    <tag k="crossing" v="traffic_signals"/>
    <tag k="highway" v="crossing"/>
  </node>
  <node id="11281213243" lat="35.6583222" lon="139.8020639">
    <tag k="crossing" v="traffic_signals"/>
    <tag k="highway" v="crossing"/>
  </node>
  <node id="11281213244" lat="35.6584822" lon="139.8021136">
    <tag k="crossing" v="traffic_signals"/>
    <tag k="highway" v="crossing"/>
  </node>
  <node id="11281213245" lat="35.6585030" lon="139.8023298">
    <tag k="crossing" v="traffic_signals"/>
    <tag k="highway" v="crossing"/>
  </node>
  <node id="11281213246" lat="35.6584169" lon="139.8024192">
    <tag k="crossing" v="traffic_signals"/>
    <tag k="highway" v="crossing"/>
  </node>
  <node id="11281213247" lat="35.6582491" lon="139.8023435">
    <tag k="crossing" v="traffic_signals"/>
    <tag k="highway" v="crossing"/>
  </node>
  <node id="11407188719" lat="35.6457560" lon="139.8018294">
    <tag k="highway" v="crossing"/>
  </node>
  <node id="11407188720" lat="35.6457750" lon="139.8020062">
    <tag k="highway" v="crossing"/>
  </node>
  <node id="11407188721" lat="35.6456506" lon="139.8021473">
    <tag k="highway" v="crossing"/>
  </node>
  <node id="11407188722" lat="35.6454602" lon="139.8020503">
    <tag k="highway" v="crossing"/>
  </node>
  <node id="11407188723" lat="35.6454437" lon="139.8018723">
    <tag k="highway" v="crossing"/>
  </node>
  <node id="11407188724" lat="35.6455996" lon="139.8017179">
    <tag k="highway" v="crossing"/>
  </node>
  <node id="11407212846" lat="35.6436133" lon="139.8020040">
    <tag k="highway" v="crossing"/>
  </node>
  <node id="11407212849" lat="35.6435116" lon="139.8023265">
    <tag k="highway" v="crossing"/>
  </node>
  <node id="11407212850" lat="35.6434955" lon="139.8021534">
    <tag k="highway" v="crossing"/>
  </node>
  <node id="11407212851" lat="35.6438170" lon="139.8022815">
    <tag k="highway" v="crossing"/>
  </node>
  <node id="11407212852" lat="35.6438007" lon="139.8021078">
    <tag k="highway" v="crossing"/>
  </node>
  <node id="11407245516" lat="35.6442165" lon="139.8022253"/>
  <node id="11422147029" lat="35.6496754" lon="139.8031293">
    <tag k="highway" v="crossing"/>
  </node>
  <node id="11422147030" lat="35.6497903" lon="139.8032575">
    <tag k="highway" v="crossing"/>
  </node>
  <node id="11422147031" lat="35.6497629" lon="139.8029868">
    <tag k="highway" v="crossing"/>
  </node>
  <node id="11422147032" lat="35.6498883" lon="139.8032430">
    <tag k="highway" v="crossing"/>
  </node>
  <node id="11422147033" lat="35.6498622" lon="139.8029719">
    <tag k="highway" v="crossing"/>
  </node>
  <node id="11422176191" lat="35.6489169" lon="139.8033482">
    <tag k="highway" v="crossing"/>
  </node>
  <node id="11422176192" lat="35.6489866" lon="139.8032209">
    <tag k="highway" v="crossing"/>
  </node>
  <node id="11422176193" lat="35.6488902" lon="139.8031018">
    <tag k="highway" v="crossing"/>
  </node>
  <node id="11423812248" lat="35.6473937" lon="139.8028104">
    <tag k="crossing" v="uncontrolled"/>
    <tag k="highway" v="crossing"/>
  </node>
  <node id="11423812249" lat="35.6475732" lon="139.8027853">
    <tag k="crossing" v="uncontrolled"/>
    <tag k="highway" v="crossing"/>
  </node>
  <node id="11423812250" lat="35.6474567" lon="139.8027066">
    <tag k="crossing" v="uncontrolled"/>
    <tag k="highway" v="crossing"/>
  </node>
  <node id="11423861084" lat="35.6472273" lon="139.8018053">
    <tag k="highway" v="crossing"/>
  </node>
  <node id="11423861085" lat="35.6473775" lon="139.8019048">
    <tag k="highway" v="crossing"/>
  </node>
  <node id="11423861086" lat="35.6475148" lon="139.8017644">
    <tag k="highway" v="crossing"/>
  </node>
  <node id="11423861087" lat="35.6474987" lon="139.8015933">
    <tag k="highway" v="crossing"/>
  </node>
  <node id="11423861088" lat="35.6472101" lon="139.8016339">
    <tag k="highway" v="crossing"/>
  </node>
  <node id="11423861089" lat="35.6473349" lon="139.8014709">
    <tag k="highway" v="crossing"/>
  </node>
  <node id="11423877200" lat="35.6456446" lon="139.8030692">
    <tag k="crossing" v="uncontrolled"/>
    <tag k="highway" v="crossing"/>
  </node>
  <node id="11448914802" lat="35.6590632" lon="139.8075940">
    <tag k="crossing" v="traffic_signals"/>
    <tag k="crossing:island" v="no"/>
    <tag k="crossing:markings" v="zebra"/>
    <tag k="highway" v="crossing"/>
  </node>
  <node id="11448914808" lat="35.6582044" lon="139.8085011">
    <tag k="crossing" v="traffic_signals"/>
    <tag k="crossing:markings" v="zebra"/>
    <tag k="highway" v="crossing"/>
  </node>
  <node id="11448926928" lat="35.6582353" lon="139.8087972">
    <tag k="button_operated" v="no"/>
    <tag k="crossing" v="traffic_signals"/>
    <tag k="crossing:markings" v="zebra"/>
    <tag k="highway" v="crossing"/>
    <tag k="tactile_paving" v="yes"/>
    <tag k="traffic_signals:sound" v="no"/>
    <tag k="traffic_signals:vibration" v="no"/>
  </node>
  <node id="11448926929" lat="35.6584339" lon="139.8085983">
    <tag k="crossing" v="traffic_signals"/>
    <tag k="crossing:markings" v="zebra"/>
    <tag k="highway" v="crossing"/>
  </node>
  <node id="11448926930" lat="35.6581737" lon="139.8087095">
    <tag k="button_operated" v="no"/>
    <tag k="crossing" v="traffic_signals"/>
    <tag k="crossing:markings" v="zebra"/>
    <tag k="highway" v="crossing"/>
    <tag k="tactile_paving" v="yes"/>
    <tag k="traffic_signals:sound" v="no"/>
    <tag k="traffic_signals:vibration" v="no"/>
  </node>
  <node id="11448926931" lat="35.6583750" lon="139.8085076">
    <tag k="crossing" v="traffic_signals"/>
    <tag k="crossing:markings" v="zebra"/>
    <tag k="highway" v="crossing"/>
  </node>
  <node id="11448926944" lat="35.6583939" lon="139.8087900">
    <tag k="button_operated" v="no"/>
    <tag k="crossing" v="traffic_signals"/>
    <tag k="crossing:island" v="no"/>
    <tag k="crossing:markings" v="zebra"/>
    <tag k="highway" v="crossing"/>
    <tag k="tactile_paving" v="yes"/>
    <tag k="traffic_signals:sound" v="no"/>
    <tag k="traffic_signals:vibration" v="no"/>
  </node>
  <node id="11448938398" lat="35.6590532" lon="139.8074098">
    <tag k="crossing" v="uncontrolled"/>
    <tag k="crossing:markings" v="zebra"/>
    <tag k="highway" v="crossing"/>
  </node>
  <node id="11448938402" lat="35.6590307" lon="139.8078366">
    <tag k="crossing" v="traffic_signals"/>
    <tag k="crossing:markings" v="zebra"/>
    <tag k="highway" v="crossing"/>
  </node>
  <node id="11448938404" lat="35.6591028" lon="139.8079361">
    <tag k="crossing" v="traffic_signals"/>
    <tag k="crossing:markings" v="zebra"/>
    <tag k="highway" v="crossing"/>
  </node>
  <node id="11448977273" lat="35.6596619" lon="139.8069812"/>
  <node id="11464737689" lat="35.6521255" lon="139.8070642">
    <tag k="highway" v="crossing"/>
  </node>
  <node id="11464737694" lat="35.6517210" lon="139.8069184">
    <tag k="highway" v="crossing"/>
  </node>
  <node id="11464798418" lat="35.6584463" lon="139.8068223">
    <tag k="crossing" v="uncontrolled"/>
    <tag k="crossing:markings" v="zebra"/>
    <tag k="highway" v="crossing"/>
  </node>
  <node id="11464798430" lat="35.6585815" lon="139.8066917">
    <tag k="crossing" v="uncontrolled"/>
    <tag k="crossing:markings" v="zebra"/>
    <tag k="highway" v="crossing"/>
  </node>
  <node id="11464810174" lat="35.6560917" lon="139.8116331"/>
  <node id="11464810175" lat="35.6559987" lon="139.8116714"/>
  <node id="11464810178" lat="35.6561994" lon="139.8108454"/>
  <node id="11464811757" lat="35.6578013" lon="139.8059057">
    <tag k="crossing" v="traffic_signals"/>
    <tag k="crossing:markings" v="zebra"/>
    <tag k="highway" v="crossing"/>
  </node>
  <node id="11464811758" lat="35.6578152" lon="139.8057094">
    <tag k="crossing" v="traffic_signals"/>
    <tag k="crossing:markings" v="zebra"/>
    <tag k="highway" v="crossing"/>
  </node>
  <node id="11464811759" lat="35.6579609" lon="139.8059291">
    <tag k="crossing" v="traffic_signals"/>
    <tag k="crossing:markings" v="zebra"/>
    <tag k="highway" v="crossing"/>
  </node>
  <node id="11464811760" lat="35.6579841" lon="139.8057245">
    <tag k="crossing" v="traffic_signals"/>
    <tag k="crossing:markings" v="zebra"/>
    <tag k="highway" v="crossing"/>
  </node>
  <node id="11464974541" lat="35.6588261" lon="139.8050206">
    <tag k="crossing" v="uncontrolled"/>
    <tag k="crossing:markings" v="zebra"/>
    <tag k="highway" v="crossing"/>
  </node>
  <node id="11465153913" lat="35.6591090" lon="139.8046020">
    <tag k="button_operated" v="no"/>
    <tag k="crossing" v="traffic_signals"/>
    <tag k="crossing:island" v="no"/>
    <tag k="crossing:markings" v="zebra"/>
    <tag k="highway" v="crossing"/>
    <tag k="tactile_paving" v="no"/>
    <tag k="traffic_signals:sound" v="no"/>
    <tag k="traffic_signals:vibration" v="no"/>
  </node>
  <node id="11465155897" lat="35.6570609" lon="139.8067769">
    <tag k="crossing" v="uncontrolled"/>
    <tag k="crossing:markings" v="zebra"/>
    <tag k="highway" v="crossing"/>
  </node>
  <node id="11465155900" lat="35.6568175" lon="139.8084441">
    <tag k="crossing" v="uncontrolled"/>
    <tag k="crossing:markings" v="zebra"/>
    <tag k="highway" v="crossing"/>
  </node>
  <node id="11515500626" lat="35.6494768" lon="139.8010449"/>
  <node id="11540257822" lat="35.6427751" lon="139.8046289"/>
  <node id="11540257823" lat="35.6427674" lon="139.8047751"/>
  <node id="11540257824" lat="35.6427075" lon="139.8049052"/>
  <node id="11540257825" lat="35.6426693" lon="139.8049481"/>
  <node id="11540257826" lat="35.6418933" lon="139.8043178"/>
  <node id="11540257827" lat="35.6408253" lon="139.8015136"/>
  <node id="11540257867" lat="35.6372460" lon="139.7962430"/>
  <node id="11540257868" lat="35.6376558" lon="139.7970101"/>
  <node id="11540259469" lat="35.6390792" lon="139.7996293"/>
  <node id="11540259471" lat="35.6387381" lon="139.7990030"/>
  <node id="11559241924" lat="35.6436666" lon="139.8355092"/>
  <node id="11559241925" lat="35.6430911" lon="139.8382263"/>
  <node id="11559241926" lat="35.6451793" lon="139.8327479"/>
  <node id="11559241927" lat="35.6449068" lon="139.8299222"/>
  <node id="11559241928" lat="35.6448643" lon="139.8294742"/>
  <node id="11559241929" lat="35.6446976" lon="139.8277710"/>
  <node id="11559241930" lat="35.6447826" lon="139.8286146"/>
  <node id="11559241952" lat="35.6452677" lon="139.8327371"/>
  <node id="11559241953" lat="35.6450692" lon="139.8315892"/>
  <node id="11559241954" lat="35.6450049" lon="139.8309173"/>
  <node id="11572123927" lat="35.6587503" lon="139.8141250">
    <tag k="crossing" v="uncontrolled"/>
    <tag k="highway" v="crossing"/>
    <tag k="tactile_paving" v="yes"/>
  </node>
  <node id="11572123928" lat="35.6588043" lon="139.8142061">
    <tag k="crossing" v="uncontrolled"/>
    <tag k="highway" v="crossing"/>
    <tag k="tactile_paving" v="yes"/>
  </node>
  <node id="11572123929" lat="35.6586067" lon="139.8141259">
    <tag k="crossing" v="uncontrolled"/>
    <tag k="crossing:island" v="no"/>
    <tag k="highway" v="crossing"/>
    <tag k="tactile_paving" v="yes"/>
  </node>
  <node id="11572123930" lat="35.6585727" lon="139.8143027">
    <tag k="crossing" v="uncontrolled"/>
    <tag k="highway" v="crossing"/>
    <tag k="tactile_paving" v="yes"/>
  </node>
  <node id="11572123931" lat="35.6586280" lon="139.8143839">
    <tag k="crossing" v="uncontrolled"/>
    <tag k="highway" v="crossing"/>
    <tag k="tactile_paving" v="yes"/>
  </node>
  <node id="11572123932" lat="35.6587757" lon="139.8143831">
    <tag k="crossing" v="uncontrolled"/>
    <tag k="crossing:island" v="no"/>
    <tag k="highway" v="crossing"/>
    <tag k="tactile_paving" v="yes"/>
  </node>
  <node id="11572123943" lat="35.6584678" lon="139.8157420">
    <tag k="crossing" v="marked"/>
    <tag k="crossing:island" v="no"/>
    <tag k="crossing:markings" v="yes"/>
    <tag k="highway" v="crossing"/>
    <tag k="tactile_paving" v="yes"/>
  </node>
  <node id="11572123944" lat="35.6583787" lon="139.8157336">
    <tag k="crossing" v="marked"/>
    <tag k="crossing:island" v="no"/>
    <tag k="crossing:markings" v="yes"/>
    <tag k="highway" v="crossing"/>
    <tag k="tactile_paving" v="yes"/>
  </node>
  <node id="11572123945" lat="35.6584588" lon="139.8158531">
    <tag k="crossing" v="marked"/>
    <tag k="crossing:island" v="yes"/>
    <tag k="crossing:markings" v="yes"/>
    <tag k="highway" v="crossing"/>
    <tag k="tactile_paving" v="yes"/>
  </node>
  <node id="11572123946" lat="35.6583653" lon="139.8158451">
    <tag k="crossing" v="marked"/>
    <tag k="crossing:island" v="no"/>
    <tag k="crossing:markings" v="yes"/>
    <tag k="highway" v="crossing"/>
    <tag k="tactile_paving" v="yes"/>
  </node>
  <node id="11572123949" lat="35.6591279" lon="139.8150796">
    <tag k="crossing" v="uncontrolled"/>
    <tag k="crossing:island" v="no"/>
    <tag k="highway" v="crossing"/>
    <tag k="tactile_paving" v="yes"/>
  </node>
  <node id="11572123956" lat="35.6579871" lon="139.8151547">
    <tag k="crossing" v="uncontrolled"/>
    <tag k="crossing:island" v="no"/>
    <tag k="highway" v="crossing"/>
    <tag k="tactile_paving" v="yes"/>
  </node>
  <node id="11572123957" lat="35.6578000" lon="139.8150822">
    <tag k="crossing" v="uncontrolled"/>
    <tag k="highway" v="crossing"/>
    <tag k="tactile_paving" v="yes"/>
  </node>
  <node id="11572123958" lat="35.6578509" lon="139.8151581">
    <tag k="crossing" v="uncontrolled"/>
    <tag k="highway" v="crossing"/>
    <tag k="tactile_paving" v="yes"/>
  </node>
  <node id="11572128082" lat="35.6573759" lon="139.8122743">
    <tag k="crossing" v="uncontrolled"/>
    <tag k="crossing:island" v="no"/>
    <tag k="highway" v="crossing"/>
    <tag k="tactile_paving" v="no"/>
  </node>
  <node id="11572128087" lat="35.6564232" lon="139.8108601">
    <tag k="crossing" v="uncontrolled"/>
    <tag k="highway" v="crossing"/>
    <tag k="tactile_paving" v="yes"/>
  </node>
  <node id="11572128104" lat="35.6569124" lon="139.8156300">
    <tag k="button_operated" v="no"/>
    <tag k="crossing" v="traffic_signals"/>
    <tag k="highway" v="crossing"/>
    <tag k="tactile_paving" v="yes"/>
    <tag k="traffic_signals:sound" v="no"/>
    <tag k="traffic_signals:vibration" v="no"/>
  </node>
  <node id="11572128105" lat="35.6570041" lon="139.8155952">
    <tag k="button_operated" v="no"/>
    <tag k="crossing" v="traffic_signals"/>
    <tag k="highway" v="crossing"/>
    <tag k="tactile_paving" v="yes"/>
    <tag k="traffic_signals:sound" v="no"/>
    <tag k="traffic_signals:vibration" v="no"/>
  </node>
  <node id="11572128106" lat="35.6564102" lon="139.8134435">
    <tag k="button_operated" v="no"/>
    <tag k="crossing" v="traffic_signals"/>
    <tag k="highway" v="crossing"/>
    <tag k="tactile_paving" v="yes"/>
    <tag k="traffic_signals:sound" v="no"/>
    <tag k="traffic_signals:vibration" v="no"/>
  </node>
  <node id="11572128107" lat="35.6565073" lon="139.8134120">
    <tag k="button_operated" v="no"/>
    <tag k="crossing" v="traffic_signals"/>
    <tag k="highway" v="crossing"/>
    <tag k="tactile_paving" v="yes"/>
    <tag k="traffic_signals:sound" v="no"/>
    <tag k="traffic_signals:vibration" v="no"/>
  </node>
  <node id="11572128108" lat="35.6563333" lon="139.8131115">
    <tag k="button_operated" v="no"/>
    <tag k="crossing" v="traffic_signals"/>
    <tag k="highway" v="crossing"/>
    <tag k="tactile_paving" v="yes"/>
    <tag k="traffic_signals:sound" v="no"/>
    <tag k="traffic_signals:vibration" v="no"/>
  </node>
  <node id="11572128109" lat="35.6564310" lon="139.8130819">
    <tag k="button_operated" v="no"/>
    <tag k="crossing" v="traffic_signals"/>
    <tag k="highway" v="crossing"/>
    <tag k="tactile_paving" v="yes"/>
    <tag k="traffic_signals:sound" v="no"/>
    <tag k="traffic_signals:vibration" v="no"/>
  </node>
  <node id="11572128113" lat="35.6571466" lon="139.8157169">
    <tag k="button_operated" v="no"/>
    <tag k="crossing" v="traffic_signals"/>
    <tag k="crossing:markings" v="yes"/>
    <tag k="highway" v="crossing"/>
    <tag k="tactile_paving" v="no"/>
    <tag k="traffic_signals:sound" v="no"/>
    <tag k="traffic_signals:vibration" v="no"/>
  </node>
  <node id="11572128114" lat="35.6571654" lon="139.8158126">
    <tag k="button_operated" v="no"/>
    <tag k="crossing" v="traffic_signals"/>
    <tag k="crossing:markings" v="yes"/>
    <tag k="highway" v="crossing"/>
    <tag k="tactile_paving" v="no"/>
    <tag k="traffic_signals:sound" v="no"/>
    <tag k="traffic_signals:vibration" v="no"/>
  </node>
  <node id="11572128115" lat="35.6569953" lon="139.8160728">
    <tag k="button_operated" v="no"/>
    <tag k="crossing" v="traffic_signals"/>
    <tag k="crossing:markings" v="yes"/>
    <tag k="highway" v="crossing"/>
    <tag k="tactile_paving" v="yes"/>
    <tag k="traffic_signals:sound" v="no"/>
    <tag k="traffic_signals:vibration" v="no"/>
  </node>
  <node id="11572128116" lat="35.6570872" lon="139.8160614">
    <tag k="button_operated" v="no"/>
    <tag k="crossing" v="traffic_signals"/>
    <tag k="crossing:markings" v="yes"/>
    <tag k="highway" v="crossing"/>
    <tag k="tactile_paving" v="yes"/>
    <tag k="traffic_signals:sound" v="no"/>
    <tag k="traffic_signals:vibration" v="no"/>
  </node>
  <node id="11572128118" lat="35.6572980" lon="139.8172749">
    <tag k="crossing" v="marked"/>
    <tag k="crossing:island" v="no"/>
    <tag k="crossing:markings" v="yes"/>
    <tag k="highway" v="crossing"/>
    <tag k="tactile_paving" v="yes"/>
  </node>
  <node id="11572128120" lat="35.6568914" lon="139.8159244">
    <tag k="button_operated" v="no"/>
    <tag k="crossing" v="traffic_signals"/>
    <tag k="crossing:island" v="no"/>
    <tag k="highway" v="crossing"/>
    <tag k="tactile_paving" v="yes"/>
    <tag k="traffic_signals:sound" v="no"/>
    <tag k="traffic_signals:vibration" v="no"/>
  </node>
  <node id="11579544469" lat="35.6592204" lon="139.8170050">
    <tag k="crossing" v="uncontrolled"/>
    <tag k="crossing:island" v="no"/>
    <tag k="highway" v="crossing"/>
    <tag k="tactile_paving" v="yes"/>
  </node>
  <node id="11612410611" lat="35.6557442" lon="139.8047654"/>
  <node id="11612410612" lat="35.6565204" lon="139.8039933"/>
  <node id="11612410613" lat="35.6549741" lon="139.8055315"/>
  <node id="11612410614" lat="35.6565613" lon="139.8040751"/>
  <node id="11612410615" lat="35.6550177" lon="139.8056146"/>
  <node id="11630185263" lat="35.6557407" lon="139.8048935">
    <tag k="crossing" v="uncontrolled"/>
    <tag k="crossing:markings" v="zebra"/>
    <tag k="highway" v="crossing"/>
  </node>
  <node id="11630185264" lat="35.6556923" lon="139.8048170">
    <tag k="crossing" v="uncontrolled"/>
    <tag k="crossing:markings" v="zebra"/>
    <tag k="highway" v="crossing"/>
  </node>
  <node id="11630208369" lat="35.6565359" lon="139.8041004">
    <tag k="crossing" v="traffic_signals"/>
    <tag k="crossing:markings" v="zebra"/>
    <tag k="highway" v="crossing"/>
  </node>
  <node id="11630208370" lat="35.6564866" lon="139.8040269">
    <tag k="crossing" v="traffic_signals"/>
    <tag k="crossing:markings" v="zebra"/>
    <tag k="highway" v="crossing"/>
  </node>
  <node id="11630208371" lat="35.6567861" lon="139.8037993">
    <tag k="crossing" v="traffic_signals"/>
    <tag k="crossing:markings" v="zebra"/>
    <tag k="highway" v="crossing"/>
  </node>
  <node id="11630208384" lat="35.6567245" lon="139.8040601">
    <tag k="crossing" v="traffic_signals"/>
    <tag k="crossing:markings" v="zebra"/>
    <tag k="highway" v="crossing"/>
  </node>
  <node id="11630224537" lat="35.6572778" lon="139.8047053">
    <tag k="crossing" v="uncontrolled"/>
    <tag k="crossing:markings" v="zebra"/>
    <tag k="highway" v="crossing"/>
  </node>
  <node id="11630224538" lat="35.6571522" lon="139.8046997">
    <tag k="crossing" v="uncontrolled"/>
    <tag k="crossing:markings" v="zebra"/>
    <tag k="highway" v="crossing"/>
  </node>
  <node id="11633141226" lat="35.6588353" lon="139.8031535">
    <tag k="crossing" v="uncontrolled"/>
    <tag k="crossing:markings" v="zebra"/>
    <tag k="highway" v="crossing"/>
  </node>
  <node id="11633598134" lat="35.6587620" lon="139.8032265"/>
  <node id="11633598136" lat="35.6581382" lon="139.8038481">
    <tag k="crossing" v="uncontrolled"/>
    <tag k="crossing:markings" v="zebra"/>
    <tag k="highway" v="crossing"/>
  </node>
  <node id="11633619252" lat="35.6590187" lon="139.8030663"/>
  <node id="11633671258" lat="35.6577937" lon="139.8041913"/>
  <node id="11654786110" lat="35.6600019" lon="139.8162580"/>
  <node id="11654786111" lat="35.6599129" lon="139.8161216"/>
  <node id="11655005745" lat="35.6553761" lon="139.8051316"/>
  <node id="11655005747" lat="35.6554262" lon="139.8052072"/>
  <node id="11655005749" lat="35.6558396" lon="139.8046705"/>
  <node id="11655005751" lat="35.6558890" lon="139.8047456"/>
  <node id="11655005755" lat="35.6559781" lon="139.8045328"/>
  <node id="11655005757" lat="35.6560264" lon="139.8046087"/>
  <node id="11655062423" lat="35.6559368" lon="139.8030877"/>
  <node id="11662115006" lat="35.6566486" lon="139.7995227"/>
  <node id="11684020803" lat="35.6528220" lon="139.7984336">
    <tag k="crossing" v="traffic_signals"/>
    <tag k="crossing:markings" v="zebra"/>
    <tag k="highway" v="crossing"/>
  </node>
  <node id="11684020804" lat="35.6526959" lon="139.7982412">
    <tag k="crossing" v="traffic_signals"/>
    <tag k="crossing:markings" v="zebra"/>
    <tag k="highway" v="crossing"/>
  </node>
  <node id="11687660499" lat="35.6680838" lon="139.8256370">
    <tag k="crossing" v="traffic_signals"/>
    <tag k="highway" v="crossing"/>
  </node>
  <node id="11687660500" lat="35.6680823" lon="139.8257300">
    <tag k="crossing" v="traffic_signals"/>
    <tag k="highway" v="crossing"/>
  </node>
  <node id="11687660501" lat="35.6678597" lon="139.8256289">
    <tag k="crossing" v="traffic_signals"/>
    <tag k="highway" v="crossing"/>
  </node>
  <node id="11687660502" lat="35.6678596" lon="139.8257183">
    <tag k="crossing" v="traffic_signals"/>
    <tag k="highway" v="crossing"/>
  </node>
  <node id="11687660509" lat="35.6631393" lon="139.8236586">
    <tag k="crossing" v="traffic_signals"/>
    <tag k="highway" v="crossing"/>
  </node>
  <node id="11703476175" lat="35.6503387" lon="139.8079436">
    <tag k="crossing" v="traffic_signals"/>
    <tag k="crossing:markings" v="zebra"/>
    <tag k="highway" v="crossing"/>
  </node>
  <node id="11703476177" lat="35.6502640" lon="139.8079547">
    <tag k="crossing" v="traffic_signals"/>
    <tag k="crossing:markings" v="zebra"/>
    <tag k="highway" v="crossing"/>
  </node>
  <node id="11756938900" lat="35.6572929" lon="139.8049111"/>
  <node id="11757702249" lat="35.6341138" lon="139.7987096">
    <tag k="crossing" v="traffic_signals"/>
    <tag k="highway" v="crossing"/>
  </node>
  <node id="11804490096" lat="35.6524696" lon="139.8085527">
    <tag k="crossing" v="traffic_signals"/>
    <tag k="crossing:markings" v="zebra"/>
    <tag k="highway" v="crossing"/>
  </node>
  <node id="11804490097" lat="35.6526377" lon="139.8085289">
    <tag k="crossing" v="traffic_signals"/>
    <tag k="crossing:markings" v="zebra"/>
    <tag k="highway" v="crossing"/>
  </node>
  <node id="11804490098" lat="35.6525653" lon="139.8086453">
    <tag k="crossing" v="traffic_signals"/>
    <tag k="crossing:markings" v="zebra"/>
    <tag k="highway" v="crossing"/>
  </node>
  <node id="11804490099" lat="35.6525447" lon="139.8084357">
    <tag k="crossing" v="traffic_signals"/>
    <tag k="crossing:markings" v="zebra"/>
    <tag k="highway" v="crossing"/>
  </node>
  <node id="11804522024" lat="35.6518742" lon="139.8085082">
    <tag k="crossing" v="traffic_signals"/>
    <tag k="crossing:markings" v="zebra"/>
    <tag k="highway" v="crossing"/>
  </node>
  <node id="11804522025" lat="35.6517654" lon="139.8086529">
    <tag k="crossing" v="traffic_signals"/>
    <tag k="crossing:markings" v="zebra"/>
    <tag k="highway" v="crossing"/>
  </node>
  <node id="11804522026" lat="35.6518995" lon="139.8087655">
    <tag k="crossing" v="traffic_signals"/>
    <tag k="crossing:markings" v="zebra"/>
    <tag k="highway" v="crossing"/>
  </node>
  <node id="11804522027" lat="35.6520348" lon="139.8086143">
    <tag k="crossing" v="traffic_signals"/>
    <tag k="crossing:markings" v="zebra"/>
    <tag k="highway" v="crossing"/>
  </node>
  <node id="11880470518" lat="35.6510727" lon="139.8068602"/>
  <node id="11880470530" lat="35.6498514" lon="139.8089323"/>
  <node id="11880512833" lat="35.6548055" lon="139.7992932"/>
  <node id="11880512835" lat="35.6548705" lon="139.8004231"/>
  <node id="12002716116" lat="35.6387413" lon="139.8276746"/>
  <node id="12002716117" lat="35.6386069" lon="139.8262680"/>
  <node id="12002716118" lat="35.6386940" lon="139.8262556"/>
  <node id="12002716119" lat="35.6389635" lon="139.8290839"/>
  <node id="12002716120" lat="35.6388773" lon="139.8290968"/>
  <node id="12533774263" lat="35.6456417" lon="139.8376370"/>
  <way id="4853035">
    <nd ref="569023645"/>
    <nd ref="5536580115"/>
    <nd ref="31300429"/>
    <nd ref="5585567745"/>
    <nd ref="5585567743"/>
    <nd ref="3799099881"/>
    <nd ref="569019470"/>
    <nd ref="11540259469"/>
    <nd ref="11540259471"/>
    <nd ref="11540257868"/>
    <nd ref="11540257867"/>
    <nd ref="5584443389"/>
    <nd ref="269659857"/>
    <nd ref="31300391"/>
    <nd ref="7580273939"/>
    <nd ref="573267627"/>
    <tag k="access" v="yes"/>
    <tag k="highway" v="trunk"/>
    <tag k="lanes" v="2"/>
    <tag k="maxspeed" v="60"/>
    <tag k="name" v="東京湾岸道路"/>
    <tag k="name:en" v="Tokyo Wangan Road"/>
    <tag k="name:es" v="Calle Wangan"/>
    <tag k="name:ja" v="東京湾岸道路"/>
    <tag k="name:ja-Hira" v="とうきょうわんがんどうろ"/>
    <tag k="name:ja-Latn" v="Tōkyō Wangan Dōro"/>
    <tag k="name:ko" v="도쿄 완간로"/>
    <tag k="nat_name" v="国道357号"/>
    <tag k="nat_name:en" v="National Highway Route 357"/>
    <tag k="nat_name:ja" v="国道357号"/>
    <tag k="oneway" v="yes"/>
    <tag k="ref" v="357"/>
    <tag k="surface" v="asphalt"/>
  </way>
  <way id="4857047">
    <nd ref="31330006"/>
    <nd ref="31330057"/>
    <nd ref="8320249792"/>
    <nd ref="6439922815"/>
    <nd ref="31330058"/>
    <nd ref="1950768197"/>
    <nd ref="6439922813"/>
    <nd ref="31330059"/>
    <nd ref="31330060"/>
    <nd ref="6439922831"/>
    <nd ref="1950768284"/>
    <nd ref="6439922821"/>
    <nd ref="31330061"/>
    <nd ref="31330062"/>
    <nd ref="8320248177"/>
    <nd ref="31330003"/>
    <tag k="highway" v="trunk_link"/>
    <tag k="oneway" v="yes"/>
  </way>
  <way id="23288368">
    <nd ref="10212492158"/>
    <nd ref="1950768121"/>
    <nd ref="569052149"/>
    <nd ref="12533774263"/>
    <nd ref="281657505"/>
    <tag k="highway" v="tertiary"/>
  </way>
  <way id="23766689">
    <nd ref="570753271"/>
    <nd ref="1667171636"/>
    <nd ref="10143113674"/>
    <nd ref="1667171264"/>
    <nd ref="1667171263"/>
    <nd ref="1667171262"/>
    <nd ref="1667171261"/>
    <nd ref="3719451239"/>
    <nd ref="3719451235"/>
    <nd ref="1817879215"/>
    <tag k="highway" v="tertiary"/>
    <tag k="oneway" v="yes"/>
    <tag k="surface" v="asphalt"/>
  </way>
  <way id="24060330">
    <nd ref="568455192"/>
    <nd ref="5536580172"/>
    <nd ref="5536579952"/>
    <nd ref="568457673"/>
    <tag k="highway" v="tertiary"/>
    <tag k="surface" v="asphalt"/>
  </way>
  <way id="24804076">
    <nd ref="281657402"/>
    <nd ref="11464811757"/>
    <nd ref="348056601"/>
    <nd ref="281657411"/>
    <nd ref="1312684876"/>
    <nd ref="269483476"/>
    <nd ref="269483477"/>
    <nd ref="269483478"/>
    <nd ref="269483479"/>
    <nd ref="269483480"/>
    <nd ref="347544852"/>
    <nd ref="1312684786"/>
    <nd ref="1312684834"/>
    <nd ref="6294930384"/>
    <nd ref="11281196924"/>
    <nd ref="569037398"/>
    <nd ref="269483481"/>
    <nd ref="11281196917"/>
    <nd ref="346191136"/>
    <nd ref="1312684860"/>
    <nd ref="569045323"/>
    <nd ref="345503390"/>
    <tag k="highway" v="tertiary"/>
  </way>
  <way id="25822382">
    <nd ref="346191379"/>
    <nd ref="1947551991"/>
    <nd ref="11448914808"/>
    <nd ref="348056965"/>
    <nd ref="348057120"/>
    <nd ref="348056805"/>
    <nd ref="11465155897"/>
    <nd ref="281657411"/>
    <tag k="highway" v="tertiary"/>
  </way>
  <way id="30177142">
    <nd ref="569019471"/>
    <nd ref="569023695"/>
    <nd ref="31300422"/>
    <nd ref="11540257827"/>
    <nd ref="31300423"/>
    <tag k="access" v="yes"/>
    <tag k="highway" v="trunk"/>
    <tag k="lanes" v="2"/>
    <tag k="maxspeed" v="60"/>
    <tag k="name" v="東京湾岸道路"/>
    <tag k="name:en" v="Tokyo Wangan Road"/>
    <tag k="name:es" v="Calle Wangan"/>
    <tag k="name:ja" v="東京湾岸道路"/>
    <tag k="name:ja-Hira" v="とうきょうわんがんどうろ"/>
    <tag k="name:ja-Latn" v="Tōkyō Wangan Dōro"/>
    <tag k="name:ko" v="도쿄 완간로"/>
    <tag k="nat_name" v="国道357号"/>
    <tag k="nat_name:en" v="National Highway Route 357"/>
    <tag k="nat_name:ja" v="国道357号"/>
    <tag k="oneway" v="yes"/>
    <tag k="ref" v="357"/>
    <tag k="source" v="GSImaps/ort"/>
    <tag k="surface" v="asphalt"/>
  </way>
  <way id="30929622">
    <nd ref="1947552240"/>
    <nd ref="1947552242"/>
    <nd ref="11281149151"/>
    <nd ref="1947552138"/>
    <nd ref="343860979"/>
    <nd ref="1947552145"/>
    <nd ref="1947552147"/>
    <nd ref="1947552150"/>
    <nd ref="1947552152"/>
    <nd ref="1847701556"/>
    <tag k="highway" v="tertiary"/>
    <tag k="oneway" v="yes"/>
  </way>
  <way id="30969218">
    <nd ref="1167599042"/>
    <nd ref="11612410614"/>
    <nd ref="11630208369"/>
    <nd ref="1448150601"/>
    <nd ref="11655005757"/>
    <nd ref="1448150636"/>
    <nd ref="1448150607"/>
    <nd ref="11655005751"/>
    <nd ref="344656162"/>
    <nd ref="11630185263"/>
    <nd ref="1448150698"/>
    <nd ref="1448150804"/>
    <nd ref="1448150727"/>
    <nd ref="1448150628"/>
    <nd ref="11655005747"/>
    <nd ref="1448150681"/>
    <nd ref="1448150651"/>
    <nd ref="11612410615"/>
    <nd ref="344380847"/>
    <tag k="highway" v="tertiary"/>
    <tag k="lanes" v="1"/>
    <tag k="oneway" v="yes"/>
    <tag k="surface" v="paved"/>
  </way>
  <way id="30998553">
    <nd ref="1947552101"/>
    <nd ref="344655545"/>
    <nd ref="1947552106"/>
    <nd ref="1947552107"/>
    <nd ref="1947552108"/>
    <nd ref="344655546"/>
    <nd ref="1947552133"/>
    <nd ref="6986265154"/>
    <nd ref="344381067"/>
    <nd ref="6986265156"/>
    <tag k="highway" v="unclassified"/>
  </way>
  <way id="30998616">
    <nd ref="344380843"/>
    <nd ref="11630224537"/>
    <nd ref="11633671258"/>
    <nd ref="11633598136"/>
    <nd ref="1167599014"/>
    <nd ref="11633598134"/>
    <nd ref="11633141226"/>
    <nd ref="765039580"/>
    <tag k="cycleway" v="shared_lane"/>
    <tag k="highway" v="unclassified"/>
  </way>
  <way id="31133842">
    <nd ref="569043894"/>
    <nd ref="11572128118"/>
    <nd ref="569043892"/>
    <nd ref="1667171597"/>
    <nd ref="9706171242"/>
    <nd ref="1667171599"/>
    <nd ref="346189781"/>
    <nd ref="10302545873"/>
    <nd ref="8025623229"/>
    <nd ref="1821213464"/>
    <tag k="cycleway:both" v="shared_lane"/>
    <tag k="cycleway:both:lane" v="pictogram"/>
    <tag k="highway" v="tertiary"/>
    <tag k="lanes" v="2"/>
    <tag k="surface" v="asphalt"/>
  </way>
  <way id="31133850">
    <nd ref="569043895"/>
    <nd ref="569043896"/>
    <nd ref="9956759371"/>
    <nd ref="1667171593"/>
    <nd ref="1667171596"/>
    <nd ref="346189903"/>
    <nd ref="1667171598"/>
    <nd ref="1821213472"/>
    <nd ref="9956759369"/>
    <nd ref="1821213510"/>
    <nd ref="1821213549"/>
    <nd ref="9956759334"/>
    <nd ref="346190008"/>
    <tag k="highway" v="tertiary"/>
    <tag k="surface" v="asphalt"/>
  </way>
  <way id="31133855">
    <nd ref="346192017"/>
    <nd ref="11572123956"/>
    <nd ref="11572123944"/>
    <nd ref="569043893"/>
    <nd ref="11572123945"/>
    <nd ref="9956759290"/>
    <nd ref="346189782"/>
    <tag k="cycleway:both" v="shared_lane"/>
    <tag k="cycleway:both:lane" v="pictogram"/>
    <tag k="highway" v="tertiary"/>
    <tag k="lane_markings" v="no"/>
    <tag k="surface" v="asphalt"/>
  </way>
  <way id="31133881">
    <nd ref="11654786111"/>
    <nd ref="569045319"/>
    <nd ref="569043890"/>
    <nd ref="11572123932"/>
    <nd ref="346190438"/>
    <nd ref="569045311"/>
    <nd ref="11572123929"/>
    <nd ref="568460520"/>
    <nd ref="568460522"/>
    <nd ref="568460524"/>
    <nd ref="11572128082"/>
    <nd ref="568460529"/>
    <tag k="cycleway:both" v="shared_lane"/>
    <tag k="cycleway:both:lane" v="pictogram"/>
    <tag k="highway" v="tertiary"/>
    <tag k="lanes" v="2"/>
    <tag k="surface" v="asphalt"/>
  </way>
  <way id="31133895">
    <nd ref="1312684860"/>
    <nd ref="1312684846"/>
    <nd ref="346190559"/>
    <nd ref="1312684808"/>
    <tag k="highway" v="unclassified"/>
  </way>
  <way id="31133923">
    <nd ref="1312684846"/>
    <nd ref="346191041"/>
    <tag k="highway" v="tertiary"/>
  </way>
  <way id="31133930">
    <nd ref="1312684805"/>
    <nd ref="1312684869"/>
    <nd ref="11448926944"/>
    <nd ref="346191379"/>
    <tag k="highway" v="unclassified"/>
  </way>
  <way id="31133931">
    <nd ref="1312684869"/>
    <nd ref="1312684802"/>
    <tag k="highway" v="unclassified"/>
  </way>
  <way id="31237829">
    <nd ref="1157151990"/>
    <nd ref="4524772447"/>
    <nd ref="6274979111"/>
    <nd ref="1157151987"/>
    <nd ref="6447102796"/>
    <nd ref="1158437271"/>
    <nd ref="6274979121"/>
    <nd ref="347314472"/>
    <nd ref="6274979118"/>
    <nd ref="347314598"/>
    <nd ref="6273070643"/>
    <tag k="highway" v="tertiary"/>
    <tag k="highway_1" v="sidewalk"/>
    <tag k="lanes" v="4"/>
    <tag k="oneway" v="no"/>
    <tag k="surface" v="asphalt"/>
  </way>
  <way id="31237872">
    <nd ref="347314472"/>
    <nd ref="6274979115"/>
    <nd ref="11880512835"/>
    <nd ref="1157151988"/>
    <tag k="highway" v="tertiary"/>
  </way>
  <way id="31238049">
    <nd ref="1312684871"/>
    <nd ref="11464974541"/>
    <nd ref="347315808"/>
    <nd ref="1312684814"/>
    <nd ref="1947551998"/>
    <nd ref="11448938398"/>
    <nd ref="344188063"/>
    <tag k="cycleway:both" v="no"/>
    <tag k="highway" v="unclassified"/>
    <tag k="lane_markings" v="no"/>
    <tag k="surface" v="asphalt"/>
  </way>
  <way id="31258035">
    <nd ref="1167599027"/>
    <nd ref="1167599062"/>
    <nd ref="11655062423"/>
    <nd ref="347544292"/>
    <nd ref="347544259"/>
    <nd ref="5325441889"/>
    <nd ref="1167599042"/>
    <tag k="highway" v="unclassified"/>
    <tag k="surface" v="asphalt"/>
  </way>
  <way id="31283330">
    <nd ref="1312684830"/>
    <nd ref="8514439662"/>
    <nd ref="1947551997"/>
    <nd ref="1312684814"/>
    <nd ref="11464798430"/>
    <nd ref="348057119"/>
    <nd ref="11464798418"/>
    <nd ref="1178650376"/>
    <nd ref="1178650390"/>
    <nd ref="348057120"/>
    <tag k="highway" v="unclassified"/>
  </way>
  <way id="31857045">
    <nd ref="1947552145"/>
    <nd ref="1947552141"/>
    <nd ref="1947552132"/>
    <nd ref="356654191"/>
    <nd ref="356654192"/>
    <tag k="highway" v="tertiary"/>
    <tag k="source" v="Bing"/>
  </way>
  <way id="32204060">
    <nd ref="31330077"/>
    <nd ref="31330082"/>
    <nd ref="7248924739"/>
    <nd ref="7248924731"/>
    <nd ref="7248924738"/>
    <nd ref="281657505"/>
    <tag k="highway" v="tertiary"/>
    <tag k="lanes" v="3"/>
    <tag k="name" v="新木場若洲線"/>
    <tag k="name:en" v="Shinkiba-Wakasu Line"/>
    <tag k="name:ja" v="新木場若洲線"/>
    <tag k="oneway" v="yes"/>
  </way>
  <way id="44838404">
    <nd ref="361147569"/>
    <nd ref="5536579966"/>
    <nd ref="261015031"/>
    <nd ref="5536580096"/>
    <nd ref="261015032"/>
    <nd ref="568457687"/>
    <nd ref="2194543351"/>
    <nd ref="568457688"/>
    <nd ref="2194543385"/>
    <nd ref="568457689"/>
    <nd ref="5536580140"/>
    <nd ref="5536579881"/>
    <nd ref="568457690"/>
    <nd ref="568457691"/>
    <nd ref="5536579072"/>
    <nd ref="361147579"/>
    <tag k="highway" v="tertiary"/>
    <tag k="oneway" v="yes"/>
    <tag k="surface" v="asphalt"/>
  </way>
  <way id="44838405">
    <nd ref="568457681"/>
    <nd ref="5536580083"/>
    <nd ref="5536580102"/>
    <nd ref="568457684"/>
    <nd ref="568455192"/>
    <nd ref="5536580295"/>
    <nd ref="568457686"/>
    <nd ref="568457682"/>
    <nd ref="5536580066"/>
    <tag k="highway" v="tertiary"/>
    <tag k="surface" v="asphalt"/>
  </way>
  <way id="44838406">
    <nd ref="568457683"/>
    <nd ref="5536580034"/>
    <nd ref="5536579862"/>
    <nd ref="568457684"/>
    <tag k="highway" v="tertiary"/>
    <tag k="surface" v="asphalt"/>
  </way>
  <way id="44838407">
    <nd ref="568457686"/>
    <nd ref="5536579910"/>
    <nd ref="5536580306"/>
    <nd ref="568457674"/>
    <tag k="highway" v="tertiary"/>
    <tag k="surface" v="asphalt"/>
  </way>
  <way id="44838840">
    <nd ref="31300427"/>
    <nd ref="5875527503"/>
    <nd ref="568460487"/>
    <nd ref="1667171252"/>
    <nd ref="11540257825"/>
    <nd ref="11540257824"/>
    <nd ref="568460488"/>
    <nd ref="11540257823"/>
    <nd ref="568460489"/>
    <nd ref="11540257822"/>
    <nd ref="1950766979"/>
    <nd ref="6275152149"/>
    <nd ref="5875527524"/>
    <nd ref="9013205294"/>
    <nd ref="568460491"/>
    <nd ref="3996085638"/>
    <nd ref="1667171251"/>
    <nd ref="3996085637"/>
    <nd ref="568460492"/>
    <nd ref="3996085640"/>
    <nd ref="568460493"/>
    <nd ref="1667171247"/>
    <nd ref="3996085639"/>
    <nd ref="568460495"/>
    <nd ref="3996085636"/>
    <nd ref="568460496"/>
    <nd ref="3996085633"/>
    <nd ref="568460497"/>
    <nd ref="6275152148"/>
    <nd ref="568460499"/>
    <tag k="highway" v="tertiary"/>
  </way>
  <way id="44838841">
    <nd ref="569023694"/>
    <nd ref="3179660253"/>
    <nd ref="5765576469"/>
    <nd ref="1667171260"/>
    <nd ref="5765576310"/>
    <nd ref="568460503"/>
    <nd ref="569025080"/>
    <nd ref="6275152130"/>
    <nd ref="6275113617"/>
    <nd ref="1621585472"/>
    <tag k="highway" v="tertiary"/>
    <tag k="source" v="Bing,2007"/>
    <tag k="surface" v="asphalt"/>
  </way>
  <way id="44838842">
    <nd ref="568460503"/>
    <nd ref="1621585589"/>
    <nd ref="11407212846"/>
    <nd ref="569023647"/>
    <nd ref="568460505"/>
    <tag k="highway" v="tertiary"/>
  </way>
  <way id="44883348">
    <nd ref="31300430"/>
    <nd ref="5536580085"/>
    <nd ref="1950765173"/>
    <nd ref="261015030"/>
    <tag k="highway" v="tertiary"/>
    <tag k="oneway" v="yes"/>
    <tag k="surface" v="asphalt"/>
  </way>
  <way id="44883349">
    <nd ref="261015030"/>
    <nd ref="1950765119"/>
    <nd ref="5536580020"/>
    <nd ref="3400150075"/>
    <nd ref="569023645"/>
    <tag k="highway" v="tertiary"/>
    <tag k="oneway" v="yes"/>
    <tag k="surface" v="asphalt"/>
  </way>
  <way id="44883351">
    <nd ref="569023650"/>
    <nd ref="569023692"/>
    <tag k="highway" v="tertiary"/>
    <tag k="lanes" v="3"/>
    <tag k="oneway" v="yes"/>
    <tag k="smoothness" v="excellent"/>
    <tag k="surface" v="asphalt"/>
  </way>
  <way id="44883352">
    <nd ref="569040171"/>
    <nd ref="1847701515"/>
    <nd ref="569040172"/>
    <tag k="highway" v="tertiary"/>
    <tag k="oneway" v="yes"/>
  </way>
  <way id="44883353">
    <nd ref="569023650"/>
    <nd ref="3848747339"/>
    <nd ref="11515500626"/>
    <nd ref="3848747321"/>
    <nd ref="569023658"/>
    <tag k="highway" v="tertiary"/>
    <tag k="lanes" v="2"/>
    <tag k="lit" v="yes"/>
    <tag k="maxspeed" v="40"/>
    <tag k="oneway" v="no"/>
    <tag k="smoothness" v="excellent"/>
    <tag k="surface" v="asphalt"/>
  </way>
  <way id="44883354">
    <nd ref="569023658"/>
    <nd ref="569023665"/>
    <nd ref="6274945340"/>
    <nd ref="569023660"/>
    <nd ref="569023661"/>
    <nd ref="569023663"/>
    <nd ref="1667171357"/>
    <nd ref="1667171352"/>
    <nd ref="6274945334"/>
    <nd ref="569023664"/>
    <tag k="highway" v="unclassified"/>
  </way>
  <way id="44883355">
    <nd ref="569023665"/>
    <nd ref="6274945338"/>
    <nd ref="11423861089"/>
    <nd ref="569023689"/>
    <nd ref="569023690"/>
    <tag k="highway" v="tertiary"/>
    <tag k="lanes" v="2"/>
    <tag k="smoothness" v="excellent"/>
    <tag k="surface" v="asphalt"/>
  </way>
  <way id="44883356">
    <nd ref="569023669"/>
    <nd ref="11422147029"/>
    <nd ref="11422176192"/>
    <nd ref="569023668"/>
    <tag k="highway" v="tertiary"/>
    <tag k="surface" v="asphalt"/>
  </way>
  <way id="44883357">
    <nd ref="569023668"/>
    <nd ref="11422176191"/>
    <nd ref="9479552333"/>
    <nd ref="9479552332"/>
    <nd ref="569023671"/>
    <nd ref="569023672"/>
    <nd ref="1667171508"/>
    <nd ref="1667171502"/>
    <nd ref="1667171484"/>
    <nd ref="569023673"/>
    <nd ref="1667171432"/>
    <nd ref="10601098230"/>
    <nd ref="10601096112"/>
    <nd ref="6275185114"/>
    <nd ref="1667171384"/>
    <nd ref="6275185104"/>
    <nd ref="569023674"/>
    <nd ref="569023675"/>
    <nd ref="569023677"/>
    <nd ref="1667171327"/>
    <nd ref="1667171323"/>
    <nd ref="1667171320"/>
    <nd ref="569023678"/>
    <nd ref="1667171315"/>
    <nd ref="569023680"/>
    <nd ref="1667171308"/>
    <nd ref="5863264628"/>
    <nd ref="569023681"/>
    <nd ref="5863264441"/>
    <nd ref="569023682"/>
    <nd ref="569023683"/>
    <nd ref="11423877200"/>
    <nd ref="5875527536"/>
    <nd ref="569023685"/>
    <nd ref="3196028926"/>
    <nd ref="1667171331"/>
    <nd ref="1667171337"/>
    <nd ref="1667171340"/>
    <nd ref="1667171359"/>
    <nd ref="11423812248"/>
    <nd ref="569023666"/>
    <tag k="highway" v="tertiary"/>
    <tag k="lanes" v="2"/>
    <tag k="smoothness" v="excellent"/>
    <tag k="surface" v="asphalt"/>
  </way>
  <way id="44883380">
    <nd ref="569025069"/>
    <nd ref="5765576351"/>
    <nd ref="5765576071"/>
    <nd ref="1667171260"/>
    <nd ref="5765576481"/>
    <nd ref="569025072"/>
    <nd ref="6275113601"/>
    <nd ref="569025094"/>
    <nd ref="5765576292"/>
    <nd ref="569025074"/>
    <tag k="highway" v="tertiary"/>
    <tag k="lanes" v="2"/>
    <tag k="smoothness" v="excellent"/>
    <tag k="source" v="Bing,2007"/>
    <tag k="surface" v="asphalt"/>
  </way>
  <way id="44884103">
    <nd ref="31300483"/>
    <nd ref="6788586198"/>
    <nd ref="569037415"/>
    <tag k="highway" v="tertiary"/>
    <tag k="name" v="三ツ目通り"/>
    <tag k="name:en" v="Mitsume-dori"/>
    <tag k="name:es" v="Calle Mitsume"/>
    <tag k="oneway" v="yes"/>
  </way>
  <way id="44884104">
    <nd ref="569037406"/>
    <nd ref="1667171317"/>
    <nd ref="1667171344"/>
    <nd ref="4033387455"/>
    <tag k="destination:ref" v="319"/>
    <tag k="highway" v="primary_link"/>
    <tag k="lanes" v="1"/>
    <tag k="maxspeed" v="50"/>
    <tag k="name" v="三ツ目通り"/>
    <tag k="name:en" v="Mitsume-dori"/>
    <tag k="name:es" v="Calle Mitsume"/>
    <tag k="oneway" v="yes"/>
    <tag k="surface" v="paved"/>
  </way>
  <way id="44884105">
    <nd ref="269483952"/>
    <nd ref="10221549966"/>
    <nd ref="569046047"/>
    <nd ref="9726172354"/>
    <nd ref="569037418"/>
    <nd ref="1667171245"/>
    <tag k="highway" v="tertiary"/>
    <tag k="oneway" v="yes"/>
  </way>
  <way id="44884344">
    <nd ref="569040167"/>
    <nd ref="10298335651"/>
    <nd ref="4835901807"/>
    <nd ref="569040143"/>
    <nd ref="569040142"/>
    <nd ref="569040141"/>
    <nd ref="6303264611"/>
    <nd ref="569040140"/>
    <nd ref="569040139"/>
    <nd ref="569040138"/>
    <nd ref="6303264612"/>
    <nd ref="10298335683"/>
    <nd ref="569040137"/>
    <nd ref="569040130"/>
    <tag k="highway" v="tertiary"/>
    <tag k="oneway" v="yes"/>
  </way>
  <way id="44884346">
    <nd ref="569040147"/>
    <nd ref="1851017533"/>
    <nd ref="1851017534"/>
    <nd ref="569040149"/>
    <nd ref="1851017535"/>
    <nd ref="11464737689"/>
    <nd ref="569040150"/>
    <nd ref="1851017536"/>
    <nd ref="1851017537"/>
    <nd ref="1851017538"/>
    <nd ref="11804490099"/>
    <nd ref="569040160"/>
    <nd ref="11804490098"/>
    <nd ref="569040151"/>
    <tag k="highway" v="tertiary"/>
  </way>
  <way id="44884347">
    <nd ref="569040161"/>
    <nd ref="11804522025"/>
    <nd ref="10298335676"/>
    <nd ref="569040163"/>
    <nd ref="569040164"/>
    <nd ref="6156556458"/>
    <nd ref="4835901591"/>
    <nd ref="11880470530"/>
    <nd ref="4835829020"/>
    <nd ref="10298335649"/>
    <nd ref="569040166"/>
    <nd ref="569040167"/>
    <tag k="highway" v="tertiary"/>
  </way>
  <way id="44884348">
    <nd ref="4033387455"/>
    <nd ref="569037404"/>
    <tag k="highway" v="tertiary"/>
  </way>
  <way id="44884349">
    <nd ref="569040176"/>
    <nd ref="10273657993"/>
    <nd ref="4832394608"/>
    <nd ref="569040175"/>
    <nd ref="10273657994"/>
    <nd ref="1851017484"/>
    <nd ref="10254884303"/>
    <nd ref="31300494"/>
    <tag k="highway" v="unclassified"/>
  </way>
  <way id="44884350">
    <nd ref="569040177"/>
    <nd ref="10265533605"/>
    <nd ref="4832393467"/>
    <nd ref="4832393466"/>
    <nd ref="1733694782"/>
    <nd ref="10265541113"/>
    <tag k="highway" v="tertiary"/>
  </way>
  <way id="44884351">
    <nd ref="569040189"/>
    <nd ref="569040199"/>
    <nd ref="10299707584"/>
    <nd ref="569040197"/>
    <tag k="highway" v="tertiary"/>
    <tag k="oneway" v="yes"/>
    <tag k="surface" v="paved"/>
  </way>
  <way id="44884352">
    <nd ref="569040178"/>
    <nd ref="1667171536"/>
    <nd ref="8320404457"/>
    <nd ref="10299707586"/>
    <nd ref="569040180"/>
    <tag k="highway" v="tertiary"/>
    <tag k="oneway" v="yes"/>
  </way>
  <way id="44884353">
    <nd ref="569040200"/>
    <nd ref="10298039667"/>
    <nd ref="10298335639"/>
    <nd ref="8320404457"/>
    <nd ref="4851084199"/>
    <tag k="highway" v="tertiary"/>
  </way>
  <way id="44884354">
    <nd ref="1947061560"/>
    <nd ref="1947061555"/>
    <nd ref="10302545850"/>
    <nd ref="1847701537"/>
    <tag k="highway" v="tertiary"/>
    <tag k="oneway" v="yes"/>
  </way>
  <way id="44884379">
    <nd ref="569045307"/>
    <nd ref="569045315"/>
    <nd ref="569045314"/>
    <nd ref="569045313"/>
    <nd ref="11572123930"/>
    <nd ref="569045311"/>
    <nd ref="11572123927"/>
    <nd ref="1847701542"/>
    <tag k="cycleway:left" v="shared_lane"/>
    <tag k="cycleway:left:lane" v="pictogram"/>
    <tag k="highway" v="tertiary"/>
    <tag k="oneway" v="yes"/>
    <tag k="surface" v="asphalt"/>
  </way>
  <way id="44884380">
    <nd ref="269483943"/>
    <nd ref="11281139673"/>
    <nd ref="11464810174"/>
    <nd ref="569045287"/>
    <nd ref="569045288"/>
    <nd ref="11572128109"/>
    <nd ref="569045295"/>
    <nd ref="11572128107"/>
    <nd ref="569045291"/>
    <nd ref="569045296"/>
    <nd ref="11572128105"/>
    <nd ref="569040762"/>
    <nd ref="345501204"/>
    <nd ref="11572128116"/>
    <nd ref="569043894"/>
    <tag k="cycleway:left" v="track"/>
    <tag k="cycleway:left:oneway" v="no"/>
    <tag k="cycleway:left:segregated" v="no"/>
    <tag k="highway" v="tertiary"/>
    <tag k="lanes" v="2"/>
    <tag k="oneway" v="yes"/>
    <tag k="oneway:bicycle" v="no"/>
    <tag k="sidewalk" v="both"/>
    <tag k="sidewalk:both:surface" v="asphalt"/>
    <tag k="surface" v="asphalt"/>
  </way>
  <way id="44884381">
    <nd ref="569040189"/>
    <nd ref="569043897"/>
    <nd ref="11572128120"/>
    <nd ref="569040204"/>
    <tag k="highway" v="tertiary"/>
    <tag k="surface" v="paved"/>
  </way>
  <way id="44884446">
    <nd ref="569043890"/>
    <nd ref="11572123949"/>
    <nd ref="11572123943"/>
    <nd ref="569043893"/>
    <nd ref="11572123946"/>
    <nd ref="1667171595"/>
    <nd ref="9706241953"/>
    <nd ref="1667171591"/>
    <nd ref="9706241952"/>
    <nd ref="569043891"/>
    <nd ref="1667171589"/>
    <nd ref="9956759316"/>
    <nd ref="569043892"/>
    <tag k="cycleway:both" v="shared_lane"/>
    <tag k="cycleway:both:lane" v="pictogram"/>
    <tag k="highway" v="tertiary"/>
    <tag k="lane_markings" v="no"/>
    <tag k="surface" v="asphalt"/>
  </way>
  <way id="44884551">
    <nd ref="569045325"/>
    <nd ref="1947552068"/>
    <nd ref="1947552070"/>
    <nd ref="1947552069"/>
    <nd ref="1312684839"/>
    <nd ref="1947552066"/>
    <nd ref="345501203"/>
    <nd ref="345503390"/>
    <nd ref="1847701546"/>
    <tag k="highway" v="tertiary"/>
    <tag k="name" v="特別区道江147号"/>
    <tag k="oneway" v="yes"/>
    <tag k="ref" v="3147"/>
  </way>
  <way id="44884663">
    <nd ref="569046040"/>
    <nd ref="9726172347"/>
    <nd ref="1667171230"/>
    <nd ref="569046041"/>
    <nd ref="569046042"/>
    <nd ref="569046043"/>
    <nd ref="1667171246"/>
    <nd ref="1667171248"/>
    <nd ref="4831922639"/>
    <nd ref="569046045"/>
    <nd ref="10221549961"/>
    <nd ref="569046044"/>
    <tag k="highway" v="tertiary"/>
  </way>
  <way id="44884664">
    <nd ref="569046045"/>
    <nd ref="9726172349"/>
    <nd ref="9726172348"/>
    <nd ref="569046046"/>
    <nd ref="1667171240"/>
    <tag k="highway" v="tertiary"/>
  </way>
  <way id="44884665">
    <nd ref="569046047"/>
    <nd ref="10221549962"/>
    <nd ref="569046060"/>
    <nd ref="569046059"/>
    <nd ref="569046050"/>
    <nd ref="569046052"/>
    <nd ref="569046057"/>
    <nd ref="569046058"/>
    <nd ref="1667171282"/>
    <nd ref="569046054"/>
    <nd ref="1667171259"/>
    <nd ref="1667171258"/>
    <nd ref="569046055"/>
    <nd ref="569046070"/>
    <nd ref="569046056"/>
    <tag k="highway" v="tertiary"/>
  </way>
  <way id="44884666">
    <nd ref="569046057"/>
    <nd ref="569046072"/>
    <nd ref="569046071"/>
    <nd ref="10304902192"/>
    <nd ref="569046056"/>
    <nd ref="569046067"/>
    <nd ref="1667171253"/>
    <tag k="highway" v="tertiary"/>
  </way>
  <way id="44884667">
    <nd ref="569046058"/>
    <nd ref="569046064"/>
    <nd ref="569046062"/>
    <nd ref="569046070"/>
    <nd ref="569046068"/>
    <nd ref="1667171256"/>
    <tag k="highway" v="tertiary"/>
  </way>
  <way id="44884668">
    <nd ref="569046059"/>
    <nd ref="6335374317"/>
    <nd ref="569046063"/>
    <nd ref="569046073"/>
    <nd ref="10304902190"/>
    <nd ref="10304902189"/>
    <nd ref="569046066"/>
    <nd ref="1667171250"/>
    <tag k="highway" v="tertiary"/>
  </way>
  <way id="44884669">
    <nd ref="569046060"/>
    <nd ref="569046061"/>
    <nd ref="9726172362"/>
    <nd ref="9726172360"/>
    <nd ref="569046065"/>
    <nd ref="1667171249"/>
    <tag k="highway" v="tertiary"/>
  </way>
  <way id="44884670">
    <nd ref="569046061"/>
    <nd ref="9726172363"/>
    <nd ref="569046073"/>
    <nd ref="10304902191"/>
    <nd ref="10304902193"/>
    <nd ref="569046071"/>
    <nd ref="569046062"/>
    <tag k="highway" v="tertiary"/>
  </way>
  <way id="44884671">
    <nd ref="569046063"/>
    <nd ref="569046072"/>
    <nd ref="569046064"/>
    <tag k="highway" v="tertiary"/>
  </way>
  <way id="44884826">
    <nd ref="1637371621"/>
    <nd ref="1637371622"/>
    <nd ref="10581968038"/>
    <nd ref="10581961262"/>
    <nd ref="10581961261"/>
    <nd ref="10581961260"/>
    <nd ref="569048151"/>
    <nd ref="10581968133"/>
    <nd ref="10581968134"/>
    <nd ref="569048140"/>
    <nd ref="569048136"/>
    <nd ref="10581968136"/>
    <nd ref="6395080305"/>
    <nd ref="6395080321"/>
    <nd ref="569048133"/>
    <nd ref="569048134"/>
    <nd ref="6395080319"/>
    <nd ref="10581968137"/>
    <nd ref="6395080320"/>
    <nd ref="10581968135"/>
    <nd ref="569048189"/>
    <nd ref="569048190"/>
    <nd ref="569048150"/>
    <nd ref="10581961258"/>
    <nd ref="10581961259"/>
    <nd ref="10581968039"/>
    <nd ref="1637371624"/>
    <nd ref="1637371621"/>
    <tag k="highway" v="tertiary"/>
    <tag k="oneway" v="yes"/>
  </way>
  <way id="44884827">
    <nd ref="569048136"/>
    <nd ref="569048189"/>
    <nd ref="10581968140"/>
    <nd ref="10581968141"/>
    <nd ref="10581968142"/>
    <nd ref="569048147"/>
    <nd ref="569048145"/>
    <tag k="highway" v="tertiary"/>
    <tag k="oneway" v="yes"/>
  </way>
  <way id="44884829">
    <nd ref="3757609832"/>
    <nd ref="1637371642"/>
    <nd ref="10581961277"/>
    <nd ref="3757609835"/>
    <nd ref="10581961276"/>
    <nd ref="10581961274"/>
    <nd ref="10581961275"/>
    <nd ref="569048169"/>
    <nd ref="569048166"/>
    <nd ref="569048164"/>
    <tag k="highway" v="tertiary"/>
    <tag k="oneway" v="yes"/>
  </way>
  <way id="44884830">
    <nd ref="569048143"/>
    <nd ref="569048163"/>
    <nd ref="11182657967"/>
    <nd ref="569048167"/>
    <nd ref="569048168"/>
    <nd ref="3757609830"/>
    <nd ref="10581968110"/>
    <nd ref="1637371644"/>
    <tag k="highway" v="tertiary"/>
    <tag k="oneway" v="yes"/>
  </way>
  <way id="44884831">
    <nd ref="569048185"/>
    <nd ref="569048178"/>
    <nd ref="10581961266"/>
    <nd ref="10581968049"/>
    <nd ref="1637371633"/>
    <nd ref="1637371630"/>
    <tag k="highway" v="tertiary"/>
    <tag k="oneway" v="yes"/>
  </way>
  <way id="44884832">
    <nd ref="1637371629"/>
    <nd ref="10581968048"/>
    <nd ref="10581961267"/>
    <nd ref="569048179"/>
    <nd ref="569048184"/>
    <tag k="highway" v="tertiary"/>
    <tag k="oneway" v="yes"/>
  </way>
  <way id="44884833">
    <nd ref="569048149"/>
    <nd ref="569048173"/>
    <tag k="highway" v="tertiary"/>
  </way>
  <way id="44884834">
    <nd ref="3757609840"/>
    <nd ref="11182621625"/>
    <nd ref="569048168"/>
    <nd ref="569048169"/>
    <nd ref="11182618438"/>
    <nd ref="569048170"/>
    <nd ref="569048177"/>
    <nd ref="11182618437"/>
    <nd ref="569048178"/>
    <nd ref="569048179"/>
    <tag k="highway" v="tertiary"/>
  </way>
  <way id="44884835">
    <nd ref="569048167"/>
    <nd ref="569048166"/>
    <nd ref="569048171"/>
    <tag k="highway" v="tertiary"/>
  </way>
  <way id="44884836">
    <nd ref="569048176"/>
    <nd ref="569048177"/>
    <tag k="highway" v="tertiary"/>
  </way>
  <way id="44884837">
    <nd ref="569048150"/>
    <nd ref="569048151"/>
    <nd ref="569048155"/>
    <nd ref="1783167342"/>
    <nd ref="569048156"/>
    <nd ref="1783167341"/>
    <nd ref="569048157"/>
    <nd ref="1783167340"/>
    <nd ref="569048158"/>
    <nd ref="1783167339"/>
    <nd ref="569048159"/>
    <nd ref="569048161"/>
    <nd ref="1743906943"/>
    <nd ref="1743906942"/>
    <nd ref="1743906941"/>
    <nd ref="1743906939"/>
    <nd ref="1743906938"/>
    <nd ref="1743906936"/>
    <nd ref="569048162"/>
    <tag k="highway" v="tertiary"/>
  </way>
  <way id="44884838">
    <nd ref="569048139"/>
    <nd ref="1859942075"/>
    <nd ref="1859942074"/>
    <nd ref="1859942069"/>
    <nd ref="569048163"/>
    <nd ref="569048164"/>
    <tag k="highway" v="tertiary"/>
    <tag k="oneway" v="yes"/>
  </way>
  <way id="44884911">
    <nd ref="569052136"/>
    <nd ref="1835155719"/>
    <nd ref="1784227996"/>
    <nd ref="11559241925"/>
    <nd ref="569052145"/>
    <nd ref="569052149"/>
    <tag k="highway" v="tertiary"/>
  </way>
  <way id="44884985">
    <nd ref="570753273"/>
    <nd ref="6120713006"/>
    <nd ref="6024037261"/>
    <nd ref="6024037249"/>
    <nd ref="6024037254"/>
    <nd ref="6024037259"/>
    <nd ref="569054322"/>
    <nd ref="6024037266"/>
    <nd ref="6014165797"/>
    <nd ref="11559241952"/>
    <nd ref="569054327"/>
    <nd ref="6021308133"/>
    <nd ref="6120712991"/>
    <nd ref="569054317"/>
    <tag k="highway" v="tertiary"/>
    <tag k="oneway" v="yes"/>
  </way>
  <way id="44884987">
    <nd ref="569054321"/>
    <nd ref="6018202796"/>
    <nd ref="569054322"/>
    <nd ref="569054323"/>
    <tag k="highway" v="tertiary"/>
  </way>
  <way id="44884988">
    <nd ref="569054325"/>
    <nd ref="6120712992"/>
    <nd ref="6120713002"/>
    <nd ref="569054327"/>
    <nd ref="569054328"/>
    <tag k="highway" v="tertiary"/>
  </way>
  <way id="44884989">
    <nd ref="6265692093"/>
    <nd ref="570752245"/>
    <nd ref="10302545846"/>
    <nd ref="569054331"/>
    <tag k="highway" v="tertiary"/>
  </way>
  <way id="45018631">
    <nd ref="1798899756"/>
    <nd ref="9125641388"/>
    <nd ref="11687660500"/>
    <nd ref="6742497708"/>
    <nd ref="11687660502"/>
    <nd ref="1947062419"/>
    <nd ref="1947062414"/>
    <nd ref="1947062411"/>
    <nd ref="9482726418"/>
    <nd ref="1947062406"/>
    <nd ref="1947062403"/>
    <nd ref="9482726420"/>
    <nd ref="1947062399"/>
    <nd ref="1947062395"/>
    <nd ref="6742516394"/>
    <nd ref="1947062376"/>
    <nd ref="1947062366"/>
    <nd ref="1947062361"/>
    <nd ref="1947062355"/>
    <nd ref="1947062348"/>
    <nd ref="1947062333"/>
    <nd ref="1947062311"/>
    <nd ref="570752221"/>
    <nd ref="1947061990"/>
    <nd ref="6265684386"/>
    <nd ref="1672792841"/>
    <nd ref="1947061661"/>
    <nd ref="8106113791"/>
    <nd ref="10302545845"/>
    <nd ref="570752245"/>
    <nd ref="1947061560"/>
    <tag k="highway" v="primary"/>
    <tag k="name" v="明治通り"/>
    <tag k="name:en" v="Meiji-dori Avenue"/>
    <tag k="name:es" v="Calle Meiji"/>
    <tag k="name:ja" v="明治通り"/>
    <tag k="name:ko" v="메이지대로"/>
    <tag k="oneway" v="yes"/>
    <tag k="ref" v="306"/>
    <tag k="source" v="Bing"/>
    <tag k="surface" v="paved"/>
  </way>
  <way id="45018632">
    <nd ref="570752241"/>
    <nd ref="10143113671"/>
    <nd ref="570752239"/>
    <nd ref="3791171058"/>
    <nd ref="1965884833"/>
    <nd ref="4832394624"/>
    <nd ref="1733694848"/>
    <nd ref="6265692102"/>
    <nd ref="6265692101"/>
    <nd ref="6265692098"/>
    <nd ref="7235021891"/>
    <nd ref="1057693040"/>
    <tag k="highway" v="primary"/>
    <tag k="name" v="明治通り"/>
    <tag k="name:en" v="Meiji-dori Avenue"/>
    <tag k="name:es" v="Calle Meiji"/>
    <tag k="name:ja" v="明治通り"/>
    <tag k="name:ko" v="메이지대로"/>
    <tag k="official_name" v="主要地方道王子千住夢の島線"/>
    <tag k="oneway" v="yes"/>
    <tag k="ref" v="306"/>
    <tag k="source" v="Bing 2012"/>
    <tag k="surface" v="paved"/>
  </way>
  <way id="45018812">
    <nd ref="305102067"/>
    <nd ref="570753268"/>
    <nd ref="570753267"/>
    <nd ref="570753266"/>
    <nd ref="570753265"/>
    <nd ref="570753264"/>
    <nd ref="570753263"/>
    <nd ref="1817876382"/>
    <tag k="highway" v="tertiary"/>
    <tag k="oneway" v="yes"/>
  </way>
  <way id="45018813">
    <nd ref="570753271"/>
    <nd ref="10143113681"/>
    <nd ref="1817879208"/>
    <tag k="highway" v="tertiary"/>
    <tag k="oneway" v="yes"/>
    <tag k="surface" v="asphalt"/>
  </way>
  <way id="45018838">
    <nd ref="1784227995"/>
    <nd ref="570753591"/>
    <nd ref="598509719"/>
    <nd ref="1817878804"/>
    <tag k="highway" v="tertiary"/>
    <tag k="maxspeed" v="40"/>
    <tag k="oneway" v="yes"/>
    <tag k="surface" v="paved"/>
  </way>
  <way id="46875473">
    <nd ref="598509704"/>
    <nd ref="598509714"/>
    <nd ref="598509705"/>
    <nd ref="1667171206"/>
    <nd ref="1667171205"/>
    <nd ref="1667171204"/>
    <nd ref="1667171188"/>
    <nd ref="598509708"/>
    <nd ref="1667171187"/>
    <nd ref="598509709"/>
    <nd ref="598509710"/>
    <nd ref="598509711"/>
    <nd ref="598509713"/>
    <nd ref="598509712"/>
    <tag k="highway" v="unclassified"/>
  </way>
  <way id="46875474">
    <nd ref="598509715"/>
    <nd ref="1846281850"/>
    <nd ref="1846281849"/>
    <nd ref="598509716"/>
    <tag k="highway" v="tertiary"/>
  </way>
  <way id="46875475">
    <nd ref="598509717"/>
    <nd ref="598509718"/>
    <nd ref="1784227997"/>
    <tag k="highway" v="unclassified"/>
  </way>
  <way id="46876504">
    <nd ref="31330083"/>
    <nd ref="3717284599"/>
    <nd ref="31330082"/>
    <nd ref="569052124"/>
    <nd ref="6120713008"/>
    <nd ref="3717260622"/>
    <nd ref="8810891639"/>
    <nd ref="31330052"/>
    <nd ref="8320158983"/>
    <nd ref="31330051"/>
    <nd ref="31330050"/>
    <nd ref="31330006"/>
    <nd ref="10143113669"/>
    <nd ref="10143113664"/>
    <nd ref="570752242"/>
    <nd ref="570752241"/>
    <nd ref="10143113666"/>
    <nd ref="8320248174"/>
    <nd ref="8320248173"/>
    <tag k="access" v="yes"/>
    <tag k="highway" v="trunk_link"/>
    <tag k="lanes" v="2"/>
    <tag k="maxspeed" v="60"/>
    <tag k="name" v="東京湾岸道路"/>
    <tag k="name:es" v="Calle Wangan"/>
    <tag k="oneway" v="yes"/>
    <tag k="ref" v="357"/>
    <tag k="surface" v="paved"/>
  </way>
  <way id="46876505">
    <nd ref="31330079"/>
    <nd ref="3717275426"/>
    <nd ref="3717260618"/>
    <tag k="access" v="yes"/>
    <tag k="bridge" v="yes"/>
    <tag k="highway" v="trunk_link"/>
    <tag k="lanes" v="2"/>
    <tag k="layer" v="2"/>
    <tag k="maxspeed" v="60"/>
    <tag k="name" v="東京湾岸道路"/>
    <tag k="name:es" v="Calle Wangan"/>
    <tag k="oneway" v="yes"/>
    <tag k="ref" v="357"/>
    <tag k="surface" v="asphalt"/>
  </way>
  <way id="61184931">
    <nd ref="1947552005"/>
    <nd ref="1947552008"/>
    <nd ref="1947552009"/>
    <nd ref="8514439660"/>
    <nd ref="1947552024"/>
    <tag k="highway" v="tertiary"/>
    <tag k="lanes" v="2"/>
    <tag k="name" v="特別区道江147号"/>
    <tag k="oneway" v="yes"/>
    <tag k="ref" v="3147"/>
  </way>
  <way id="61184933">
    <nd ref="1947552029"/>
    <nd ref="1947552025"/>
    <nd ref="1947552016"/>
    <nd ref="8514439648"/>
    <nd ref="1947552011"/>
    <nd ref="1312684830"/>
    <nd ref="8514439659"/>
    <nd ref="1947552001"/>
    <nd ref="1947552005"/>
    <tag k="highway" v="tertiary"/>
    <tag k="lanes" v="2"/>
    <tag k="name" v="特別区道江147号"/>
    <tag k="oneway" v="yes"/>
    <tag k="ref" v="3147"/>
  </way>
  <way id="61184936">
    <nd ref="344188060"/>
    <nd ref="1947552017"/>
    <nd ref="1448509372"/>
    <tag k="highway" v="primary"/>
    <tag k="name" v="環状三号線"/>
    <tag k="official_name" v="環状第3号線 支線2"/>
    <tag k="oneway" v="yes"/>
    <tag k="ref" v="319"/>
    <tag k="surface" v="asphalt"/>
  </way>
  <way id="61185358">
    <nd ref="3719451233"/>
    <nd ref="3719451240"/>
    <nd ref="3719451229"/>
    <nd ref="3762939654"/>
    <nd ref="1947552156"/>
    <nd ref="3719451248"/>
    <tag k="highway" v="tertiary"/>
    <tag k="oneway" v="yes"/>
    <tag k="surface" v="asphalt"/>
  </way>
  <way id="89477498">
    <nd ref="569076911"/>
    <nd ref="569076910"/>
    <nd ref="569076909"/>
    <nd ref="569076908"/>
    <tag k="highway" v="tertiary"/>
    <tag k="source" v="Bing"/>
    <tag k="surface" v="paved"/>
  </way>
  <way id="91096665">
    <nd ref="1057693040"/>
    <nd ref="1057693038"/>
    <tag k="bridge" v="yes"/>
    <tag k="highway" v="primary"/>
    <tag k="layer" v="1"/>
    <tag k="name" v="明治通り"/>
    <tag k="name:en" v="Meiji-dori Avenue"/>
    <tag k="name:es" v="Calle Meiji"/>
    <tag k="name:ja" v="明治通り"/>
    <tag k="name:ko" v="메이지대로"/>
    <tag k="official_name" v="主要地方道王子千住夢の島線"/>
    <tag k="oneway" v="yes"/>
    <tag k="ref" v="306"/>
    <tag k="source" v="Bing 2012"/>
    <tag k="surface" v="paved"/>
  </way>
  <way id="91096667">
    <nd ref="1057693042"/>
    <nd ref="1057693035"/>
    <tag k="bridge" v="yes"/>
    <tag k="highway" v="primary"/>
    <tag k="layer" v="1"/>
    <tag k="name" v="明治通り"/>
    <tag k="name:en" v="Meiji-dori Avenue"/>
    <tag k="name:es" v="Calle Meiji"/>
    <tag k="name:ja" v="明治通り"/>
    <tag k="name:ko" v="메이지대로"/>
    <tag k="official_name" v="主要地方道王子千住夢の島線"/>
    <tag k="oneway" v="yes"/>
    <tag k="ref" v="306"/>
    <tag k="source" v="Bing 2012"/>
    <tag k="surface" v="paved"/>
  </way>
  <way id="91096669">
    <nd ref="1947061559"/>
    <nd ref="6265692093"/>
    <nd ref="10302545844"/>
    <nd ref="1947061606"/>
    <nd ref="8106113772"/>
    <nd ref="6265692092"/>
    <nd ref="8106113787"/>
    <nd ref="1947061759"/>
    <nd ref="1947061826"/>
    <nd ref="6265684385"/>
    <nd ref="9482722672"/>
    <nd ref="11687660509"/>
    <nd ref="345096522"/>
    <nd ref="1947062052"/>
    <nd ref="251007844"/>
    <nd ref="1947062335"/>
    <nd ref="1947062350"/>
    <nd ref="1947062357"/>
    <nd ref="1947062363"/>
    <nd ref="1947062368"/>
    <nd ref="1672793020"/>
    <nd ref="6742516398"/>
    <nd ref="1947062396"/>
    <nd ref="1947062401"/>
    <nd ref="9482726421"/>
    <nd ref="1947062404"/>
    <nd ref="1947062408"/>
    <nd ref="9482726419"/>
    <nd ref="1947062412"/>
    <nd ref="1947062415"/>
    <nd ref="251007843"/>
    <nd ref="11687660501"/>
    <nd ref="569076938"/>
    <nd ref="11687660499"/>
    <nd ref="6176900503"/>
    <nd ref="1798899756"/>
    <tag k="highway" v="primary"/>
    <tag k="name" v="明治通り"/>
    <tag k="name:en" v="Meiji-dori Avenue"/>
    <tag k="name:es" v="Calle Meiji"/>
    <tag k="name:ja" v="明治通り"/>
    <tag k="name:ko" v="메이지대로"/>
    <tag k="oneway" v="yes"/>
    <tag k="ref" v="306"/>
    <tag k="source" v="Bing"/>
    <tag k="surface" v="paved"/>
  </way>
  <way id="91096670">
    <nd ref="1057693035"/>
    <nd ref="7235019718"/>
    <nd ref="6265692097"/>
    <nd ref="6265692099"/>
    <nd ref="6265692100"/>
    <nd ref="1733694851"/>
    <nd ref="1733694705"/>
    <nd ref="10143113667"/>
    <nd ref="3791171072"/>
    <nd ref="570752240"/>
    <nd ref="10143113670"/>
    <nd ref="570752242"/>
    <tag k="highway" v="primary"/>
    <tag k="name" v="明治通り"/>
    <tag k="name:en" v="Meiji-dori Avenue"/>
    <tag k="name:es" v="Calle Meiji"/>
    <tag k="name:ja" v="明治通り"/>
    <tag k="name:ko" v="메이지대로"/>
    <tag k="official_name" v="主要地方道王子千住夢の島線"/>
    <tag k="oneway" v="yes"/>
    <tag k="ref" v="306"/>
    <tag k="source" v="Bing 2012"/>
    <tag k="surface" v="paved"/>
  </way>
  <way id="100102319">
    <nd ref="347314352"/>
    <nd ref="1157151992"/>
    <nd ref="11880512833"/>
    <nd ref="1157151994"/>
    <nd ref="1157151988"/>
    <tag k="highway" v="tertiary"/>
  </way>
  <way id="100102320">
    <nd ref="1157151988"/>
    <nd ref="1998213194"/>
    <nd ref="6273070635"/>
    <nd ref="765039576"/>
    <tag k="highway" v="unclassified"/>
    <tag k="oneway" v="yes"/>
  </way>
  <way id="100226630">
    <nd ref="1158437284"/>
    <nd ref="1158437287"/>
    <tag k="bridge" v="yes"/>
    <tag k="bridge:name" v="東雲橋"/>
    <tag k="bridge:name:en" v="Shinonome-bashi Bridge"/>
    <tag k="bridge:name:ja" v="東雲橋"/>
    <tag k="foot" v="no"/>
    <tag k="highway" v="primary"/>
    <tag k="lanes" v="3"/>
    <tag k="layer" v="1"/>
    <tag k="maxweight:signed" v="no"/>
    <tag k="name" v="晴海通り"/>
    <tag k="name:en" v="Harumi-dori Avenue"/>
    <tag k="name:es" v="Calle Harumi"/>
    <tag k="name:ja" v="晴海通り"/>
    <tag k="oneway" v="yes"/>
    <tag k="ref" v="304"/>
    <tag k="smoothness" v="excellent"/>
    <tag k="surface" v="asphalt"/>
  </way>
  <way id="100226632">
    <nd ref="1158437275"/>
    <nd ref="1158437273"/>
    <tag k="bridge" v="yes"/>
    <tag k="bridge:name" v="東雲橋 (Shinonome-bashi Bridge)"/>
    <tag k="bridge:name:en" v="Shinonome-bashi Bridge"/>
    <tag k="bridge:name:ja" v="東雲橋"/>
    <tag k="foot" v="no"/>
    <tag k="highway" v="primary"/>
    <tag k="lanes" v="3"/>
    <tag k="layer" v="1"/>
    <tag k="maxweight:signed" v="no"/>
    <tag k="name" v="晴海通り"/>
    <tag k="name:en" v="Harumi-dori Avenue"/>
    <tag k="name:es" v="Calle Harumi"/>
    <tag k="name:ja" v="晴海通り"/>
    <tag k="oneway" v="yes"/>
    <tag k="ref" v="304"/>
    <tag k="smoothness" v="excellent"/>
    <tag k="surface" v="asphalt"/>
  </way>
  <way id="100226635">
    <nd ref="1158437273"/>
    <nd ref="2194543342"/>
    <tag k="highway" v="primary"/>
    <tag k="lanes" v="3"/>
    <tag k="name" v="晴海通り"/>
    <tag k="name:en" v="Harumi-dori Avenue"/>
    <tag k="oneway" v="yes"/>
    <tag k="ref" v="304"/>
    <tag k="smoothness" v="excellent"/>
    <tag k="surface" v="asphalt"/>
  </way>
  <way id="101134266">
    <nd ref="1167599012"/>
    <nd ref="765039599"/>
    <nd ref="11281213243"/>
    <nd ref="256676032"/>
    <tag k="highway" v="primary"/>
    <tag k="name" v="環状三号線"/>
    <tag k="name:en" v="Metropolitan Road 319"/>
    <tag k="name:es" v="Carretera metropolitana 319"/>
    <tag k="official_name" v="環状第3号線 支線2"/>
    <tag k="oneway" v="yes"/>
    <tag k="ref" v="319"/>
    <tag k="surface" v="asphalt"/>
  </way>
  <way id="101134270">
    <nd ref="1167599022"/>
    <nd ref="1167599012"/>
    <tag k="bridge" v="yes"/>
    <tag k="bridge:name" v="朝凪橋"/>
    <tag k="bridge:name:en" v="Asanagi-bridge"/>
    <tag k="bridge:name:ja" v="朝凪橋"/>
    <tag k="highway" v="primary"/>
    <tag k="lanes" v="3"/>
    <tag k="layer" v="1"/>
    <tag k="name" v="環状三号線"/>
    <tag k="official_name" v="環状第3号線 支線2"/>
    <tag k="oneway" v="yes"/>
    <tag k="ref" v="319"/>
    <tag k="surface" v="asphalt"/>
  </way>
  <way id="101134273">
    <nd ref="1167599041"/>
    <nd ref="1167599047"/>
    <tag k="bridge" v="yes"/>
    <tag k="bridge:name" v="朝凪橋"/>
    <tag k="bridge:name:en" v="Asanagi-bridge"/>
    <tag k="bridge:name:ja" v="朝凪橋"/>
    <tag k="highway" v="primary"/>
    <tag k="lanes" v="3"/>
    <tag k="layer" v="1"/>
    <tag k="name" v="環状三号線"/>
    <tag k="official_name" v="環状第3号線 支線2"/>
    <tag k="oneway" v="yes"/>
    <tag k="ref" v="319"/>
    <tag k="surface" v="asphalt"/>
  </way>
  <way id="101134275">
    <nd ref="1167599042"/>
    <nd ref="11630208384"/>
    <nd ref="281657404"/>
    <nd ref="11630224538"/>
    <nd ref="344380843"/>
    <nd ref="11756938900"/>
    <nd ref="1178650381"/>
    <tag k="cycleway" v="shared_lane"/>
    <tag k="highway" v="tertiary"/>
    <tag k="surface" v="asphalt"/>
  </way>
  <way id="101134277">
    <nd ref="1167599047"/>
    <nd ref="1167599050"/>
    <nd ref="6274945358"/>
    <nd ref="765039576"/>
    <nd ref="765039585"/>
    <nd ref="6273070629"/>
    <nd ref="765039575"/>
    <nd ref="6273070621"/>
    <nd ref="11230126269"/>
    <nd ref="11230126289"/>
    <nd ref="4254144274"/>
    <nd ref="765039593"/>
    <tag k="highway" v="primary"/>
    <tag k="lanes" v="3"/>
    <tag k="name" v="環状三号線"/>
    <tag k="name:en" v="Metropolitan Road 319"/>
    <tag k="name:es" v="Ruta metropilitana 319"/>
    <tag k="official_name" v="環状第3号線 支線2"/>
    <tag k="oneway" v="yes"/>
    <tag k="ref" v="319"/>
    <tag k="surface" v="asphalt"/>
  </way>
  <way id="102126347">
    <nd ref="1178650368"/>
    <nd ref="11464811758"/>
    <nd ref="281657402"/>
    <nd ref="11464811759"/>
    <nd ref="347314586"/>
    <nd ref="348057119"/>
    <nd ref="348056966"/>
    <nd ref="344188063"/>
    <nd ref="11448914802"/>
    <nd ref="1947551999"/>
    <tag k="cycleway" v="shared_lane"/>
    <tag k="highway" v="tertiary"/>
    <tag k="source" v="Bing 2010"/>
    <tag k="surface" v="paved"/>
  </way>
  <way id="102126351">
    <nd ref="1178650381"/>
    <nd ref="1178650368"/>
    <tag k="bridge" v="yes"/>
    <tag k="bridge:name" v="枝川橋"/>
    <tag k="bridge:name:en" v="Edakawa-bashi Bridge"/>
    <tag k="bridge:name:ja" v="枝川橋"/>
    <tag k="highway" v="tertiary"/>
    <tag k="layer" v="1"/>
  </way>
  <way id="116436260">
    <nd ref="1312684834"/>
    <nd ref="11465155900"/>
    <nd ref="6294930381"/>
    <nd ref="1312684857"/>
    <nd ref="348057120"/>
    <tag k="highway" v="tertiary"/>
  </way>
  <way id="129219187">
    <nd ref="1426116906"/>
    <nd ref="8189187987"/>
    <nd ref="1426116985"/>
    <nd ref="1426116996"/>
    <nd ref="1426117001"/>
    <nd ref="6018202817"/>
    <nd ref="10300633255"/>
    <nd ref="1426117004"/>
    <nd ref="10300633256"/>
    <nd ref="1426116990"/>
    <nd ref="1426116939"/>
    <nd ref="9916547556"/>
    <tag k="highway" v="tertiary"/>
    <tag k="oneway" v="yes"/>
    <tag k="source" v="Bing,2007-03"/>
    <tag k="surface" v="asphalt"/>
  </way>
  <way id="129219188">
    <nd ref="1426116998"/>
    <nd ref="9482722697"/>
    <nd ref="1426116991"/>
    <nd ref="9482722696"/>
    <nd ref="1426116957"/>
    <nd ref="1426116950"/>
    <nd ref="1426116941"/>
    <nd ref="1426116918"/>
    <nd ref="1426116907"/>
    <nd ref="1426116905"/>
    <tag k="highway" v="tertiary"/>
    <tag k="oneway" v="yes"/>
    <tag k="source" v="Bing,2007-03"/>
    <tag k="surface" v="asphalt"/>
  </way>
  <way id="129219189">
    <nd ref="1426116954"/>
    <nd ref="4080930071"/>
    <nd ref="1426117002"/>
    <nd ref="1426116993"/>
    <nd ref="6018202824"/>
    <tag k="bus" v="yes"/>
    <tag k="highway" v="tertiary"/>
    <tag k="oneway" v="yes"/>
    <tag k="source" v="Bing,2007-03"/>
    <tag k="surface" v="asphalt"/>
  </way>
  <way id="129219190">
    <nd ref="1426116954"/>
    <nd ref="11129249780"/>
    <nd ref="1426116900"/>
    <nd ref="1426116868"/>
    <nd ref="1426116813"/>
    <nd ref="6018202791"/>
    <nd ref="1426116795"/>
    <nd ref="1426116793"/>
    <nd ref="9482722691"/>
    <nd ref="1426116791"/>
    <tag k="highway" v="unclassified"/>
    <tag k="oneway" v="yes"/>
    <tag k="surface" v="asphalt"/>
  </way>
  <way id="131633143">
    <nd ref="256675896"/>
    <nd ref="1448509357"/>
    <tag k="bridge" v="yes"/>
    <tag k="bridge:name" v="白鷺橋"/>
    <tag k="bridge:name:en" v="Shirosagi-bashi Bridge"/>
    <tag k="bridge:name:ja" v="白鷺橋"/>
    <tag k="highway" v="primary"/>
    <tag k="layer" v="1"/>
    <tag k="name" v="環状三号線"/>
    <tag k="official_name" v="環状第3号線 支線2"/>
    <tag k="oneway" v="yes"/>
    <tag k="ref" v="319"/>
    <tag k="surface" v="asphalt"/>
  </way>
  <way id="131633145">
    <nd ref="1448509357"/>
    <nd ref="1947552026"/>
    <nd ref="6960277383"/>
    <nd ref="6960277384"/>
    <nd ref="4290734081"/>
    <tag k="highway" v="primary"/>
    <tag k="name" v="環状三号線"/>
    <tag k="official_name" v="環状第3号線 支線2"/>
    <tag k="oneway" v="yes"/>
    <tag k="ref" v="319"/>
    <tag k="surface" v="asphalt"/>
  </way>
  <way id="131633149">
    <nd ref="1448509354"/>
    <nd ref="1448509351"/>
    <tag k="bridge" v="yes"/>
    <tag k="bridge:name" v="蛤橋"/>
    <tag k="bridge:name:en" v="Hamaguri-bashi Bridge"/>
    <tag k="bridge:name:ja" v="蛤橋"/>
    <tag k="highway" v="tertiary"/>
    <tag k="lanes" v="4"/>
    <tag k="layer" v="1"/>
    <tag k="maxspeed" v="40"/>
    <tag k="source" v="Bing 2010"/>
    <tag k="surface" v="paved"/>
  </way>
  <way id="131633156">
    <nd ref="256675831"/>
    <nd ref="6960311285"/>
    <nd ref="9459406886"/>
    <nd ref="4290734082"/>
    <nd ref="344188060"/>
    <tag k="highway" v="primary"/>
    <tag k="name" v="環状三号線"/>
    <tag k="official_name" v="環状第3号線 支線1"/>
    <tag k="oneway" v="yes"/>
    <tag k="ref" v="319"/>
    <tag k="surface" v="asphalt"/>
  </way>
  <way id="131633157">
    <nd ref="765039595"/>
    <nd ref="765039580"/>
    <nd ref="765039591"/>
    <nd ref="11281213246"/>
    <nd ref="765039601"/>
    <tag k="highway" v="primary"/>
    <tag k="name" v="環状三号線"/>
    <tag k="name:en" v="Metropolitan Road 319"/>
    <tag k="name:es" v="Carretera metropolitana 319"/>
    <tag k="official_name" v="環状第3号線 支線2"/>
    <tag k="oneway" v="yes"/>
    <tag k="ref" v="319"/>
    <tag k="surface" v="asphalt"/>
  </way>
  <way id="131633158">
    <nd ref="1448509349"/>
    <nd ref="344659902"/>
    <nd ref="1947552168"/>
    <nd ref="9366567938"/>
    <nd ref="9725719269"/>
    <nd ref="1947552165"/>
    <nd ref="3717243618"/>
    <nd ref="11281149150"/>
    <nd ref="1947552087"/>
    <nd ref="1947552242"/>
    <nd ref="1947552241"/>
    <nd ref="11281149153"/>
    <nd ref="1947552074"/>
    <nd ref="256676035"/>
    <nd ref="1448509351"/>
    <tag k="highway" v="tertiary"/>
    <tag k="lanes" v="4"/>
    <tag k="maxspeed" v="40"/>
    <tag k="name" v="越中島通り"/>
    <tag k="oneway" v="yes"/>
    <tag k="source" v="Bing 2010"/>
    <tag k="surface" v="paved"/>
  </way>
  <way id="131633159">
    <nd ref="765040026"/>
    <nd ref="256675831"/>
    <tag k="bridge" v="yes"/>
    <tag k="highway" v="primary"/>
    <tag k="lanes" v="3"/>
    <tag k="layer" v="1"/>
    <tag k="name" v="環状三号線"/>
    <tag k="name:en" v="Kamome bridge"/>
    <tag k="name:es" v="Puente Kamome"/>
    <tag k="official_name" v="環状第3号線 支線1"/>
    <tag k="oneway" v="yes"/>
    <tag k="ref" v="319"/>
    <tag k="surface" v="asphalt"/>
  </way>
  <way id="131633160">
    <nd ref="1448509372"/>
    <nd ref="765039595"/>
    <tag k="bridge" v="yes"/>
    <tag k="bridge:name" v="白鷺橋"/>
    <tag k="bridge:name:en" v="Shirosagi-bashi Bridge"/>
    <tag k="bridge:name:ja" v="白鷺橋"/>
    <tag k="highway" v="primary"/>
    <tag k="layer" v="1"/>
    <tag k="name" v="環状三号線"/>
    <tag k="official_name" v="環状第3号線 支線2"/>
    <tag k="oneway" v="yes"/>
    <tag k="ref" v="319"/>
    <tag k="surface" v="asphalt"/>
  </way>
  <way id="149136359">
    <nd ref="1621585589"/>
    <nd ref="6275152137"/>
    <nd ref="1621585487"/>
    <tag k="highway" v="tertiary"/>
    <tag k="source" v="Bing,2007"/>
  </way>
  <way id="149136360">
    <nd ref="1621585494"/>
    <nd ref="6275152143"/>
    <nd ref="1621585487"/>
    <nd ref="6275113619"/>
    <nd ref="1621585472"/>
    <tag k="highway" v="tertiary"/>
    <tag k="source" v="Bing,2007"/>
  </way>
  <way id="150870027">
    <nd ref="1637371621"/>
    <nd ref="10254884246"/>
    <nd ref="1637371617"/>
    <nd ref="3717284601"/>
    <tag k="highway" v="tertiary"/>
    <tag k="lanes" v="2"/>
    <tag k="name" v="東京港臨海道路"/>
    <tag k="name:en" v="Tokyo Minato Rinkai Road"/>
    <tag k="name:es" v="Carretera costera del puerto de Tokio"/>
    <tag k="name:ja_rm" v="Tōkyō Minato rinkai dōro"/>
    <tag k="oneway" v="yes"/>
  </way>
  <way id="150870029">
    <nd ref="1637371612"/>
    <nd ref="9090089433"/>
    <nd ref="9090089434"/>
    <nd ref="1637371620"/>
    <tag k="bicycle" v="no"/>
    <tag k="carriageway" v="2"/>
    <tag k="foot" v="use_sidepath"/>
    <tag k="foot:conditional" v="no @ (roadway); yes @ (sidewalk)"/>
    <tag k="highway" v="tertiary"/>
    <tag k="lanes" v="2"/>
    <tag k="mofa" v="no"/>
    <tag k="motor_vehicle" v="yes"/>
    <tag k="name" v="東京港臨海道路"/>
    <tag k="name:en" v="Tokyo Minato Rinkai Road"/>
    <tag k="name:es" v="Carretera costera del puerto de Tokio"/>
    <tag k="name:ja_rm" v="Tōkyō Minato rinkai dōro"/>
    <tag k="oneway" v="yes"/>
    <tag k="vehicle" v="no"/>
  </way>
  <way id="150870033">
    <nd ref="1637371620"/>
    <nd ref="2216788933"/>
    <nd ref="10581961255"/>
    <nd ref="10254884245"/>
    <nd ref="1637371622"/>
    <tag k="highway" v="tertiary"/>
    <tag k="lanes" v="3"/>
    <tag k="name" v="東京港臨海道路"/>
    <tag k="name:en" v="Tokyo Minato Rinkai Road"/>
    <tag k="name:es" v="Carretera costera del puerto de Tokio"/>
    <tag k="name:ja_rm" v="Tōkyō Minato rinkai dōro"/>
    <tag k="oneway" v="yes"/>
  </way>
  <way id="150870034">
    <nd ref="3717284601"/>
    <nd ref="9090089436"/>
    <nd ref="1637371598"/>
    <nd ref="9090089442"/>
    <nd ref="9090089440"/>
    <nd ref="9090089443"/>
    <nd ref="1784227984"/>
    <nd ref="9090089446"/>
    <nd ref="9090089444"/>
    <nd ref="9090089441"/>
    <nd ref="9090089445"/>
    <nd ref="9090089439"/>
    <nd ref="9482704483"/>
    <tag k="highway" v="tertiary"/>
    <tag k="oneway" v="yes"/>
  </way>
  <way id="154125441">
    <nd ref="569040180"/>
    <nd ref="569040182"/>
    <nd ref="569040183"/>
    <nd ref="1667171547"/>
    <nd ref="1667171548"/>
    <nd ref="569040184"/>
    <nd ref="1667171554"/>
    <nd ref="569040185"/>
    <nd ref="569040186"/>
    <nd ref="1667171561"/>
    <nd ref="569040187"/>
    <nd ref="569040188"/>
    <tag k="bridge" v="yes"/>
    <tag k="bridge:name" v="漣橋 (Sazanami-bashi Bridge)"/>
    <tag k="bridge:name:en" v="Sazanami-bashi Bridge"/>
    <tag k="bridge:name:ja" v="漣橋"/>
    <tag k="foot" v="no"/>
    <tag k="highway" v="tertiary"/>
    <tag k="layer" v="1"/>
    <tag k="oneway" v="yes"/>
  </way>
  <way id="154125442">
    <nd ref="569040197"/>
    <nd ref="569040196"/>
    <nd ref="1667171562"/>
    <nd ref="1667171559"/>
    <nd ref="1667171557"/>
    <nd ref="1667171556"/>
    <nd ref="569040195"/>
    <nd ref="1667171550"/>
    <nd ref="1667171549"/>
    <nd ref="569040194"/>
    <nd ref="1667171546"/>
    <nd ref="569040193"/>
    <nd ref="1667171545"/>
    <nd ref="569040192"/>
    <tag k="bridge" v="yes"/>
    <tag k="bridge:name" v="漣橋 (Sazanami-bashi Bridge)"/>
    <tag k="bridge:name:en" v="Sazanami-bashi Bridge"/>
    <tag k="bridge:name:ja" v="漣橋"/>
    <tag k="foot" v="no"/>
    <tag k="highway" v="tertiary"/>
    <tag k="layer" v="1"/>
    <tag k="oneway" v="yes"/>
  </way>
  <way id="154125452">
    <nd ref="569040192"/>
    <nd ref="10299707587"/>
    <nd ref="4851084199"/>
    <nd ref="1667171537"/>
    <nd ref="569040178"/>
    <tag k="highway" v="tertiary"/>
    <tag k="oneway" v="yes"/>
  </way>
  <way id="154125453">
    <nd ref="569040188"/>
    <nd ref="10299707585"/>
    <nd ref="1667171573"/>
    <nd ref="569040189"/>
    <tag k="highway" v="tertiary"/>
    <tag k="oneway" v="yes"/>
    <tag k="surface" v="paved"/>
  </way>
  <way id="154125460">
    <nd ref="1667171541"/>
    <nd ref="1667171540"/>
    <nd ref="1667171539"/>
    <nd ref="1667171538"/>
    <nd ref="1667171535"/>
    <nd ref="1667171534"/>
    <nd ref="1667171533"/>
    <nd ref="569040151"/>
    <tag k="highway" v="primary"/>
    <tag k="name" v="三ツ目通り"/>
    <tag k="oneway" v="yes"/>
    <tag k="ref" v="319"/>
  </way>
  <way id="154125462">
    <nd ref="4831922826"/>
    <nd ref="1667171229"/>
    <nd ref="1667171228"/>
    <nd ref="1667171227"/>
    <nd ref="1667171226"/>
    <nd ref="1667171223"/>
    <nd ref="1667171222"/>
    <nd ref="1667171224"/>
    <nd ref="569046040"/>
    <tag k="highway" v="tertiary"/>
    <tag k="oneway" v="yes"/>
  </way>
  <way id="161392517">
    <nd ref="1733694848"/>
    <nd ref="9482722713"/>
    <nd ref="10300137743"/>
    <nd ref="1733694846"/>
    <nd ref="9482722710"/>
    <nd ref="1733694849"/>
    <nd ref="1733694853"/>
    <nd ref="1733694859"/>
    <nd ref="9482722709"/>
    <nd ref="1733694900"/>
    <nd ref="1733694946"/>
    <nd ref="1733694953"/>
    <nd ref="1733694995"/>
    <nd ref="1733694999"/>
    <nd ref="1733695014"/>
    <nd ref="1733695016"/>
    <nd ref="1733695019"/>
    <tag k="highway" v="unclassified"/>
    <tag k="source" v="Bing"/>
  </way>
  <way id="166899880">
    <nd ref="569048139"/>
    <nd ref="11182657966"/>
    <nd ref="11182621630"/>
    <nd ref="3757609840"/>
    <nd ref="1628285424"/>
    <nd ref="3059797743"/>
    <nd ref="3059797744"/>
    <nd ref="1628285464"/>
    <nd ref="11182657959"/>
    <nd ref="9482704498"/>
    <nd ref="1783172107"/>
    <nd ref="9482704514"/>
    <tag k="highway" v="tertiary"/>
  </way>
  <way id="167023144">
    <nd ref="569052122"/>
    <nd ref="1846281645"/>
    <nd ref="1846281644"/>
    <nd ref="1846281643"/>
    <nd ref="1846281642"/>
    <nd ref="10581968154"/>
    <nd ref="1784227993"/>
    <tag k="highway" v="tertiary"/>
  </way>
  <way id="170624681">
    <nd ref="1784227993"/>
    <nd ref="10581968086"/>
    <nd ref="10581968085"/>
    <nd ref="10581968164"/>
    <nd ref="10581968162"/>
    <nd ref="10581968163"/>
    <nd ref="1846281725"/>
    <nd ref="1835156782"/>
    <nd ref="10581968173"/>
    <nd ref="10581968175"/>
    <nd ref="598509716"/>
    <nd ref="1846281896"/>
    <nd ref="1846282016"/>
    <nd ref="1846282137"/>
    <nd ref="1846282202"/>
    <nd ref="10581968176"/>
    <nd ref="10581968177"/>
    <nd ref="570753591"/>
    <tag k="highway" v="tertiary"/>
    <tag k="lanes" v="3"/>
    <tag k="name" v="新木場若洲線"/>
    <tag k="name:en" v="Shinkiba-Wakasu Line"/>
    <tag k="name:ja" v="新木場若洲線"/>
    <tag k="name:ja_rm" v="Shinkiba Wakasu Sen"/>
    <tag k="oneway" v="yes"/>
    <tag k="surface" v="paved"/>
  </way>
  <way id="170624682">
    <nd ref="1817876354"/>
    <nd ref="3717294849"/>
    <nd ref="1817876398"/>
    <tag k="bridge" v="yes"/>
    <tag k="bridge:name" v="若洲橋"/>
    <tag k="bridge:name:en" v="Wakasu-bashi Bridge"/>
    <tag k="bridge:name:ja" v="若洲橋"/>
    <tag k="highway" v="tertiary"/>
    <tag k="lanes" v="3"/>
    <tag k="layer" v="1"/>
    <tag k="name" v="新木場若洲線"/>
    <tag k="name:en" v="Shinkiba-Wakasu Line"/>
    <tag k="name:ja" v="新木場若洲線"/>
    <tag k="name:ja_rm" v="Shinkiba Wakasu Sen"/>
    <tag k="oneway" v="yes"/>
  </way>
  <way id="170624683">
    <nd ref="1817876400"/>
    <nd ref="1817876355"/>
    <tag k="bridge" v="yes"/>
    <tag k="bridge:name" v="若洲橋 (Wakasu-bashi Bridge)"/>
    <tag k="bridge:name:en" v="Wakasu-bashi Bridge"/>
    <tag k="bridge:name:ja" v="若洲橋"/>
    <tag k="highway" v="tertiary"/>
    <tag k="lanes" v="3"/>
    <tag k="layer" v="1"/>
    <tag k="name" v="新木場若洲線"/>
    <tag k="name:en" v="Shinkiba-Wakasu Line"/>
    <tag k="name:ja" v="新木場若洲線"/>
    <tag k="name:ja_rm" v="Shinkiba Wakasu Sen"/>
    <tag k="oneway" v="yes"/>
  </way>
  <way id="170624685">
    <nd ref="1817876355"/>
    <nd ref="5839478109"/>
    <nd ref="10581961240"/>
    <nd ref="3803530197"/>
    <nd ref="9482704514"/>
    <nd ref="10581968122"/>
    <nd ref="10581961242"/>
    <nd ref="10581961241"/>
    <nd ref="10581961243"/>
    <nd ref="10581961246"/>
    <nd ref="3757609832"/>
    <tag k="highway" v="tertiary"/>
    <tag k="lanes" v="3"/>
    <tag k="name" v="新木場若洲線"/>
    <tag k="name:en" v="Shinkiba-Wakasu Line"/>
    <tag k="name:ja" v="新木場若洲線"/>
    <tag k="name:ja_rm" v="Shinkiba Wakasu Sen"/>
    <tag k="oneway" v="yes"/>
  </way>
  <way id="170624687">
    <nd ref="1817876356"/>
    <nd ref="1817876364"/>
    <nd ref="1817876367"/>
    <nd ref="1817876369"/>
    <nd ref="1817876373"/>
    <nd ref="1817876376"/>
    <nd ref="1817876384"/>
    <nd ref="1817876383"/>
    <nd ref="1817876379"/>
    <nd ref="1817876378"/>
    <nd ref="1817876377"/>
    <nd ref="1817876371"/>
    <nd ref="1817876358"/>
    <tag k="highway" v="unclassified"/>
  </way>
  <way id="170624688">
    <nd ref="1817876503"/>
    <nd ref="9482722662"/>
    <nd ref="598509713"/>
    <nd ref="570753595"/>
    <nd ref="1817879290"/>
    <nd ref="1817879296"/>
    <nd ref="1667171191"/>
    <nd ref="570753256"/>
    <nd ref="1667171196"/>
    <nd ref="1667171200"/>
    <nd ref="1667171203"/>
    <nd ref="598509714"/>
    <nd ref="1817879194"/>
    <tag k="highway" v="tertiary"/>
    <tag k="oneway" v="yes"/>
  </way>
  <way id="170624689">
    <nd ref="1817877097"/>
    <nd ref="1817877133"/>
    <nd ref="1817877132"/>
    <nd ref="1817877130"/>
    <nd ref="1817877126"/>
    <nd ref="1817877124"/>
    <nd ref="1817877120"/>
    <nd ref="1817876933"/>
    <nd ref="1817876930"/>
    <nd ref="1817876925"/>
    <nd ref="1817876919"/>
    <nd ref="1817876903"/>
    <nd ref="1817876899"/>
    <nd ref="1817876879"/>
    <tag k="highway" v="unclassified"/>
  </way>
  <way id="170624690">
    <nd ref="1817876387"/>
    <nd ref="1817876401"/>
    <nd ref="1817876406"/>
    <nd ref="1817876407"/>
    <nd ref="1817876408"/>
    <nd ref="1817876409"/>
    <nd ref="1817876410"/>
    <nd ref="1817876411"/>
    <nd ref="1817876422"/>
    <nd ref="1817876423"/>
    <nd ref="1817876420"/>
    <nd ref="1817876414"/>
    <nd ref="1817876413"/>
    <nd ref="1817876412"/>
    <nd ref="1817876403"/>
    <nd ref="1817876393"/>
    <tag k="highway" v="unclassified"/>
  </way>
  <way id="170624691">
    <nd ref="1817879204"/>
    <nd ref="9482722688"/>
    <nd ref="1817879186"/>
    <nd ref="598509704"/>
    <nd ref="1667171202"/>
    <nd ref="305102074"/>
    <nd ref="1667171199"/>
    <nd ref="1667171197"/>
    <nd ref="305102073"/>
    <nd ref="1817879299"/>
    <nd ref="1817879293"/>
    <nd ref="305102072"/>
    <nd ref="1817877176"/>
    <nd ref="1817877097"/>
    <nd ref="1817876879"/>
    <nd ref="598509712"/>
    <nd ref="9482722661"/>
    <nd ref="1817876511"/>
    <tag k="highway" v="tertiary"/>
    <tag k="oneway" v="yes"/>
  </way>
  <way id="170624692">
    <nd ref="1817879205"/>
    <nd ref="1667171257"/>
    <nd ref="1667171256"/>
    <nd ref="1667171255"/>
    <nd ref="4831922838"/>
    <nd ref="1667171253"/>
    <nd ref="1667171250"/>
    <nd ref="4831922840"/>
    <nd ref="1667171249"/>
    <nd ref="9726172355"/>
    <nd ref="1667171245"/>
    <tag k="highway" v="tertiary"/>
    <tag k="oneway" v="yes"/>
  </way>
  <way id="170624693">
    <nd ref="1817876386"/>
    <nd ref="1817876424"/>
    <tag k="highway" v="unclassified"/>
  </way>
  <way id="170624694">
    <nd ref="1817877180"/>
    <nd ref="1817878071"/>
    <tag k="highway" v="unclassified"/>
  </way>
  <way id="170624695">
    <nd ref="1817876511"/>
    <nd ref="9482722663"/>
    <nd ref="1817876385"/>
    <tag k="bridge" v="yes"/>
    <tag k="bridge:name" v="南千石橋"/>
    <tag k="bridge:name:en" v="Minami-sengoku-bashi Bridge"/>
    <tag k="bridge:name:ja" v="南千石橋"/>
    <tag k="highway" v="tertiary"/>
    <tag k="layer" v="1"/>
    <tag k="oneway" v="yes"/>
  </way>
  <way id="170624697">
    <nd ref="1817876401"/>
    <nd ref="1817876403"/>
    <tag k="highway" v="unclassified"/>
  </way>
  <way id="170624699">
    <nd ref="1817879194"/>
    <nd ref="1817879206"/>
    <tag k="bridge" v="yes"/>
    <tag k="bridge:name" v="千石橋"/>
    <tag k="bridge:name:en" v="Sengoku-bashi Bridge"/>
    <tag k="bridge:name:ja" v="千石橋"/>
    <tag k="highway" v="tertiary"/>
    <tag k="layer" v="1"/>
    <tag k="oneway" v="yes"/>
  </way>
  <way id="170624700">
    <nd ref="1817879207"/>
    <nd ref="1817879221"/>
    <tag k="bridge" v="yes"/>
    <tag k="bridge:name" v="新曙橋"/>
    <tag k="bridge:name:en" v="Shinakebono-bashi Bridge"/>
    <tag k="bridge:name:ja" v="新曙橋"/>
    <tag k="highway" v="tertiary"/>
    <tag k="layer" v="1"/>
    <tag k="oneway" v="yes"/>
  </way>
  <way id="170624701">
    <nd ref="1817878804"/>
    <nd ref="1817878634"/>
    <tag k="bridge" v="yes"/>
    <tag k="bridge:name" v="東千石橋"/>
    <tag k="bridge:name:en" v="Higashi-sengoku-bashi Bridge"/>
    <tag k="bridge:name:ja" v="東千石橋"/>
    <tag k="highway" v="tertiary"/>
    <tag k="layer" v="1"/>
    <tag k="oneway" v="yes"/>
  </way>
  <way id="170624702">
    <nd ref="1817876382"/>
    <nd ref="9482722664"/>
    <nd ref="1817876503"/>
    <tag k="bridge" v="yes"/>
    <tag k="bridge:name" v="南千石橋"/>
    <tag k="bridge:name:en" v="Minami-sengoku-bashi Bridge"/>
    <tag k="bridge:name:ja" v="南千石橋"/>
    <tag k="highway" v="tertiary"/>
    <tag k="layer" v="1"/>
    <tag k="oneway" v="yes"/>
  </way>
  <way id="170624708">
    <nd ref="1817879215"/>
    <nd ref="1817879205"/>
    <tag k="bridge" v="yes"/>
    <tag k="bridge:name" v="新曙橋 (Shinakebono-bashi Bridge)"/>
    <tag k="bridge:name:en" v="Shinakebono-bashi Bridge"/>
    <tag k="bridge:name:ja" v="新曙橋"/>
    <tag k="highway" v="tertiary"/>
    <tag k="layer" v="1"/>
    <tag k="oneway" v="yes"/>
  </way>
  <way id="170624710">
    <nd ref="1817878746"/>
    <nd ref="1817878844"/>
    <tag k="bridge" v="yes"/>
    <tag k="bridge:name" v="東千石橋"/>
    <tag k="bridge:name:en" v="Higashi-sengoku-bashi Bridge"/>
    <tag k="bridge:name:ja" v="東千石橋"/>
    <tag k="highway" v="tertiary"/>
    <tag k="layer" v="1"/>
    <tag k="oneway" v="yes"/>
  </way>
  <way id="170624714">
    <nd ref="1817876388"/>
    <nd ref="1817876391"/>
    <tag k="highway" v="unclassified"/>
  </way>
  <way id="170624715">
    <nd ref="1817879208"/>
    <nd ref="1817879204"/>
    <tag k="bridge" v="yes"/>
    <tag k="bridge:name" v="千石橋"/>
    <tag k="bridge:name:en" v="Sengoku-bashi Bridge"/>
    <tag k="bridge:name:ja" v="千石橋"/>
    <tag k="highway" v="tertiary"/>
    <tag k="layer" v="1"/>
    <tag k="oneway" v="yes"/>
  </way>
  <way id="170624716">
    <nd ref="361147574"/>
    <nd ref="1667171218"/>
    <nd ref="569046040"/>
    <nd ref="1667171231"/>
    <nd ref="568457651"/>
    <nd ref="1667171235"/>
    <nd ref="4831922640"/>
    <nd ref="1667171237"/>
    <nd ref="568457652"/>
    <nd ref="1667171242"/>
    <nd ref="569046046"/>
    <nd ref="361147573"/>
    <nd ref="9726172352"/>
    <nd ref="569037445"/>
    <tag k="highway" v="tertiary"/>
    <tag k="oneway" v="yes"/>
  </way>
  <way id="170624718">
    <nd ref="1817879206"/>
    <nd ref="3719451241"/>
    <nd ref="10143113680"/>
    <nd ref="1667171636"/>
    <nd ref="570753269"/>
    <tag k="highway" v="tertiary"/>
    <tag k="oneway" v="yes"/>
    <tag k="surface" v="asphalt"/>
  </way>
  <way id="170624720">
    <nd ref="1817876362"/>
    <nd ref="1817876388"/>
    <nd ref="1817876402"/>
    <tag k="highway" v="unclassified"/>
  </way>
  <way id="170624721">
    <nd ref="568457673"/>
    <nd ref="5536579982"/>
    <nd ref="1950765024"/>
    <nd ref="568457672"/>
    <nd ref="568457683"/>
    <nd ref="5765576320"/>
    <nd ref="568457671"/>
    <nd ref="5765576302"/>
    <nd ref="568457670"/>
    <nd ref="5765576463"/>
    <nd ref="568457669"/>
    <nd ref="5765576483"/>
    <nd ref="568457668"/>
    <nd ref="5765576151"/>
    <nd ref="568457667"/>
    <nd ref="5765576069"/>
    <nd ref="5765576113"/>
    <nd ref="568457666"/>
    <nd ref="5765576152"/>
    <nd ref="5765576283"/>
    <nd ref="568457665"/>
    <nd ref="568457681"/>
    <nd ref="568457664"/>
    <nd ref="5765576340"/>
    <nd ref="568457663"/>
    <nd ref="568457662"/>
    <nd ref="568457660"/>
    <nd ref="5536580159"/>
    <nd ref="568457659"/>
    <nd ref="5536580052"/>
    <nd ref="568457658"/>
    <nd ref="5536580178"/>
    <nd ref="568457657"/>
    <nd ref="5536580000"/>
    <nd ref="568457656"/>
    <nd ref="5536579988"/>
    <nd ref="1950763638"/>
    <nd ref="5536579899"/>
    <nd ref="568457655"/>
    <nd ref="568457654"/>
    <nd ref="568457653"/>
    <nd ref="261015854"/>
    <nd ref="11757702249"/>
    <nd ref="2511591329"/>
    <nd ref="2511591326"/>
    <nd ref="3850485891"/>
    <nd ref="260102657"/>
    <tag k="highway" v="tertiary"/>
    <tag k="lanes" v="3"/>
    <tag k="oneway" v="yes"/>
    <tag k="surface" v="asphalt"/>
  </way>
  <way id="170624723">
    <nd ref="1817878882"/>
    <nd ref="1817878956"/>
    <nd ref="1784227995"/>
    <tag k="highway" v="tertiary"/>
    <tag k="maxspeed" v="40"/>
    <tag k="oneway" v="yes"/>
    <tag k="surface" v="paved"/>
  </way>
  <way id="170624724">
    <nd ref="1817877176"/>
    <nd ref="1817877180"/>
    <nd ref="1817877227"/>
    <nd ref="1817878110"/>
    <tag k="highway" v="unclassified"/>
  </way>
  <way id="170624725">
    <nd ref="1817876363"/>
    <nd ref="1817876404"/>
    <nd ref="1817876405"/>
    <nd ref="1817876365"/>
    <tag k="highway" v="unclassified"/>
  </way>
  <way id="170624726">
    <nd ref="1817879221"/>
    <nd ref="3719356966"/>
    <nd ref="3719356970"/>
    <nd ref="281657508"/>
    <nd ref="1667171266"/>
    <nd ref="3719356969"/>
    <nd ref="252086632"/>
    <nd ref="10143113675"/>
    <nd ref="570753269"/>
    <tag k="highway" v="tertiary"/>
    <tag k="oneway" v="yes"/>
  </way>
  <way id="170624727">
    <nd ref="1817879296"/>
    <nd ref="1817879299"/>
    <nd ref="12002716118"/>
    <nd ref="12002716119"/>
    <nd ref="1667171201"/>
    <nd ref="1817878693"/>
    <nd ref="1817878746"/>
    <tag k="highway" v="tertiary"/>
    <tag k="maxspeed" v="40"/>
    <tag k="oneway" v="yes"/>
  </way>
  <way id="170624728">
    <nd ref="1817876385"/>
    <nd ref="305102071"/>
    <nd ref="305102070"/>
    <nd ref="305102069"/>
    <nd ref="305102068"/>
    <nd ref="9482722665"/>
    <nd ref="305102067"/>
    <tag k="highway" v="tertiary"/>
    <tag k="oneway" v="yes"/>
  </way>
  <way id="170624729">
    <nd ref="1667171217"/>
    <nd ref="1667171215"/>
    <nd ref="568457680"/>
    <nd ref="1667171213"/>
    <nd ref="1667171211"/>
    <nd ref="568457679"/>
    <nd ref="568457678"/>
    <tag k="bridge" v="yes"/>
    <tag k="bridge:name" v="新末広橋 (Shinsuehiro-bashi Bridge)"/>
    <tag k="bridge:name:en" v="Shinsuehiro-bashi Bridge"/>
    <tag k="bridge:name:ja" v="新末広橋"/>
    <tag k="highway" v="tertiary"/>
    <tag k="layer" v="1"/>
    <tag k="oneway" v="yes"/>
    <tag k="surface" v="asphalt"/>
  </way>
  <way id="170624730">
    <nd ref="1817879138"/>
    <nd ref="361147576"/>
    <nd ref="1667171212"/>
    <nd ref="1667171214"/>
    <nd ref="361147575"/>
    <nd ref="9478515395"/>
    <nd ref="1667171216"/>
    <nd ref="361147574"/>
    <tag k="bridge" v="yes"/>
    <tag k="bridge:name" v="新末広橋 (Shinsuehiro-bashi Bridge)"/>
    <tag k="bridge:name:en" v="Shinsuehiro-bashi Bridge"/>
    <tag k="bridge:name:ja" v="新末広橋"/>
    <tag k="highway" v="tertiary"/>
    <tag k="layer" v="1"/>
    <tag k="oneway" v="yes"/>
    <tag k="surface" v="asphalt"/>
  </way>
  <way id="170624731">
    <nd ref="1817878634"/>
    <nd ref="1667171198"/>
    <nd ref="1817878526"/>
    <nd ref="12002716120"/>
    <nd ref="12002716116"/>
    <nd ref="12002716117"/>
    <nd ref="1667171190"/>
    <nd ref="1817878110"/>
    <nd ref="1817878071"/>
    <nd ref="1817879293"/>
    <nd ref="1817879290"/>
    <tag k="highway" v="tertiary"/>
    <tag k="oneway" v="yes"/>
  </way>
  <way id="171018750">
    <nd ref="1821213553"/>
    <nd ref="9956759279"/>
    <nd ref="1821213531"/>
    <nd ref="1821213518"/>
    <nd ref="1821213515"/>
    <nd ref="1821213508"/>
    <nd ref="1821213507"/>
    <nd ref="1821213490"/>
    <tag k="cycleway:left" v="no"/>
    <tag k="highway" v="tertiary"/>
    <tag k="lane_markings" v="no"/>
    <tag k="oneway" v="yes"/>
    <tag k="surface" v="asphalt"/>
  </way>
  <way id="172627201">
    <nd ref="1835155104"/>
    <nd ref="1835155086"/>
    <tag k="highway" v="tertiary"/>
  </way>
  <way id="172627210">
    <nd ref="1835155113"/>
    <nd ref="7248986123"/>
    <nd ref="569052136"/>
    <nd ref="1835155104"/>
    <tag k="highway" v="tertiary"/>
  </way>
  <way id="172627211">
    <nd ref="1835155719"/>
    <nd ref="1835155721"/>
    <nd ref="1784227997"/>
    <tag k="highway" v="unclassified"/>
    <tag k="oneway" v="yes"/>
  </way>
  <way id="172627212">
    <nd ref="1784227997"/>
    <nd ref="1835155734"/>
    <nd ref="1784227996"/>
    <tag k="highway" v="unclassified"/>
    <tag k="oneway" v="yes"/>
  </way>
  <way id="172627267">
    <nd ref="281657505"/>
    <nd ref="569054312"/>
    <nd ref="569054318"/>
    <nd ref="6120712990"/>
    <nd ref="1950768095"/>
    <nd ref="569054328"/>
    <nd ref="11559241926"/>
    <nd ref="11559241953"/>
    <nd ref="11559241954"/>
    <nd ref="569054323"/>
    <nd ref="11559241927"/>
    <nd ref="11559241928"/>
    <nd ref="11559241930"/>
    <nd ref="11559241929"/>
    <nd ref="6120713005"/>
    <nd ref="570753272"/>
    <tag k="highway" v="tertiary"/>
    <tag k="oneway" v="yes"/>
  </way>
  <way id="174022630">
    <nd ref="1847701523"/>
    <nd ref="569037388"/>
    <nd ref="1667171571"/>
    <nd ref="6788592197"/>
    <nd ref="569037390"/>
    <nd ref="1667171575"/>
    <nd ref="9480738732"/>
    <nd ref="1667171581"/>
    <nd ref="569037392"/>
    <nd ref="11281141717"/>
    <nd ref="569037394"/>
    <nd ref="1850992437"/>
    <nd ref="569037396"/>
    <nd ref="1847701531"/>
    <tag k="highway" v="primary"/>
    <tag k="name" v="三ツ目通り"/>
    <tag k="name:en" v="Mitsume-dori"/>
    <tag k="name:es" v="Calle Mitsume"/>
    <tag k="oneway" v="yes"/>
    <tag k="ref" v="319"/>
  </way>
  <way id="174022635">
    <nd ref="1847701533"/>
    <nd ref="569037398"/>
    <nd ref="11281196919"/>
    <nd ref="1947551990"/>
    <nd ref="11448926930"/>
    <nd ref="1947551991"/>
    <nd ref="11448926931"/>
    <nd ref="1947551995"/>
    <nd ref="1947551996"/>
    <nd ref="11448938402"/>
    <nd ref="1947551999"/>
    <tag k="highway" v="primary"/>
    <tag k="name" v="三ツ目通り"/>
    <tag k="name:en" v="Mitsume-dori"/>
    <tag k="name:es" v="Calle Mitsume"/>
    <tag k="oneway" v="yes"/>
    <tag k="ref" v="319"/>
  </way>
  <way id="174022636">
    <nd ref="1847701512"/>
    <nd ref="1847701514"/>
    <tag k="bridge" v="yes"/>
    <tag k="bridge:name" v="辰巳橋"/>
    <tag k="bridge:name:en" v="Tatsumi-bashi Bridge"/>
    <tag k="bridge:name:ja" v="辰巳橋"/>
    <tag k="highway" v="tertiary"/>
    <tag k="lanes" v="2"/>
    <tag k="layer" v="1"/>
    <tag k="lit" v="yes"/>
    <tag k="maxspeed" v="40"/>
    <tag k="maxweight:signed" v="no"/>
    <tag k="oneway" v="yes"/>
    <tag k="smoothness" v="excellent"/>
    <tag k="surface" v="asphalt"/>
  </way>
  <way id="174022639">
    <nd ref="1847701542"/>
    <nd ref="1847701544"/>
    <tag k="bridge" v="yes"/>
    <tag k="bridge:name" v="暁橋 (Akatsuki-bashi Bridge)"/>
    <tag k="bridge:name:en" v="Akatsuki-bashi Bridge"/>
    <tag k="bridge:name:ja" v="暁橋"/>
    <tag k="highway" v="tertiary"/>
    <tag k="layer" v="1"/>
    <tag k="oneway" v="yes"/>
    <tag k="surface" v="asphalt"/>
  </way>
  <way id="174022640">
    <nd ref="1847701556"/>
    <nd ref="1847701558"/>
    <tag k="bridge" v="yes"/>
    <tag k="bridge:name" v="浜崎橋 (Hamazaki-bashi Bridge)"/>
    <tag k="bridge:name:en" v="Hamazaki-bashi Bridge"/>
    <tag k="bridge:name:ja" v="浜崎橋"/>
    <tag k="highway" v="tertiary"/>
    <tag k="layer" v="1"/>
    <tag k="oneway" v="yes"/>
  </way>
  <way id="174022641">
    <nd ref="1847701513"/>
    <nd ref="1847701511"/>
    <tag k="bridge" v="yes"/>
    <tag k="bridge:name" v="辰巳橋 (Tatsumi-bashi Bridge)"/>
    <tag k="bridge:name:en" v="Tatsumi-bashi Bridge"/>
    <tag k="bridge:name:ja" v="辰巳橋"/>
    <tag k="highway" v="tertiary"/>
    <tag k="lanes" v="2"/>
    <tag k="layer" v="1"/>
    <tag k="lit" v="yes"/>
    <tag k="maxspeed" v="40"/>
    <tag k="maxweight:signed" v="no"/>
    <tag k="oneway" v="yes"/>
    <tag k="smoothness" v="excellent"/>
    <tag k="surface" v="asphalt"/>
  </way>
  <way id="174022645">
    <nd ref="1847701546"/>
    <nd ref="1847701543"/>
    <tag k="bridge" v="yes"/>
    <tag k="bridge:name" v="暁橋 (Akatsuki-bashi Bridge)"/>
    <tag k="bridge:name:en" v="Akatsuki-bashi Bridge"/>
    <tag k="bridge:name:ja" v="暁橋"/>
    <tag k="highway" v="tertiary"/>
    <tag k="layer" v="1"/>
    <tag k="oneway" v="yes"/>
    <tag k="surface" v="asphalt"/>
  </way>
  <way id="174022649">
    <nd ref="1847701519"/>
    <nd ref="1847701523"/>
    <tag k="bridge" v="yes"/>
    <tag k="bridge:name" v="七枝橋 (Nanaeda-bashi Bridge)"/>
    <tag k="bridge:name:en" v="Nanaeda-bashi Bridge"/>
    <tag k="bridge:name:ja" v="七枝橋"/>
    <tag k="highway" v="primary"/>
    <tag k="layer" v="1"/>
    <tag k="name" v="三ツ目通り"/>
    <tag k="name:en" v="Mitsume-dori"/>
    <tag k="name:es" v="Calle Mitsume"/>
    <tag k="oneway" v="yes"/>
    <tag k="ref" v="319"/>
  </way>
  <way id="174022664">
    <nd ref="1847701540"/>
    <nd ref="1947061554"/>
    <nd ref="10302545851"/>
    <nd ref="1947061559"/>
    <tag k="highway" v="tertiary"/>
    <tag k="oneway" v="yes"/>
  </way>
  <way id="174022667">
    <nd ref="1847701544"/>
    <nd ref="569045323"/>
    <nd ref="1312684840"/>
    <nd ref="1947552057"/>
    <nd ref="1947552062"/>
    <nd ref="1947552063"/>
    <nd ref="1947552065"/>
    <nd ref="569045325"/>
    <tag k="highway" v="tertiary"/>
    <tag k="name" v="特別区道江147号"/>
    <tag k="oneway" v="yes"/>
    <tag k="ref" v="3147"/>
  </way>
  <way id="174022669">
    <nd ref="1847701537"/>
    <nd ref="1847701536"/>
    <nd ref="1847701535"/>
    <nd ref="569042913"/>
    <tag k="bridge" v="yes"/>
    <tag k="bridge:name" v="砂潮橋"/>
    <tag k="bridge:name:en" v="Sunashio-bashi Bridge"/>
    <tag k="bridge:name:ja" v="砂潮橋"/>
    <tag k="highway" v="tertiary"/>
    <tag k="layer" v="1"/>
    <tag k="oneway" v="yes"/>
  </way>
  <way id="174022672">
    <nd ref="569042897"/>
    <nd ref="10302545839"/>
    <nd ref="1847701538"/>
    <nd ref="1847701540"/>
    <tag k="bridge" v="yes"/>
    <tag k="bridge:name" v="砂潮橋 (Sunashio-bashi Bridge)"/>
    <tag k="bridge:name:en" v="Sunashio-bashi Bridge"/>
    <tag k="bridge:name:ja" v="砂潮橋"/>
    <tag k="highway" v="tertiary"/>
    <tag k="layer" v="1"/>
    <tag k="oneway" v="yes"/>
  </way>
  <way id="174022673">
    <nd ref="1847701511"/>
    <nd ref="5887148630"/>
    <tag k="highway" v="tertiary"/>
    <tag k="lanes" v="2"/>
    <tag k="oneway" v="yes"/>
    <tag k="smoothness" v="excellent"/>
    <tag k="surface" v="asphalt"/>
  </way>
  <way id="174022675">
    <nd ref="1847701543"/>
    <nd ref="11572123928"/>
    <nd ref="346190438"/>
    <nd ref="11572123931"/>
    <nd ref="346192017"/>
    <tag k="highway" v="tertiary"/>
    <tag k="oneway" v="yes"/>
    <tag k="surface" v="asphalt"/>
  </way>
  <way id="174022680">
    <nd ref="1847701514"/>
    <nd ref="569040130"/>
    <nd ref="10298335682"/>
    <nd ref="11703476175"/>
    <nd ref="4835901738"/>
    <nd ref="10298335678"/>
    <nd ref="569040163"/>
    <nd ref="8256227341"/>
    <nd ref="4835829429"/>
    <nd ref="10297665283"/>
    <nd ref="569040173"/>
    <nd ref="1847701516"/>
    <nd ref="569040170"/>
    <tag k="highway" v="tertiary"/>
    <tag k="lanes" v="1"/>
    <tag k="maxspeed" v="40"/>
    <tag k="oneway" v="yes"/>
    <tag k="surface" v="paved"/>
  </way>
  <way id="174022686">
    <nd ref="569043895"/>
    <nd ref="9956759366"/>
    <nd ref="11572128115"/>
    <nd ref="569040204"/>
    <nd ref="11572128104"/>
    <nd ref="1850992867"/>
    <nd ref="1850992639"/>
    <nd ref="11572128106"/>
    <nd ref="569045293"/>
    <nd ref="11572128108"/>
    <nd ref="11464810175"/>
    <nd ref="11281139672"/>
    <nd ref="569040203"/>
    <nd ref="1667171581"/>
    <tag k="highway" v="tertiary"/>
    <tag k="oneway" v="yes"/>
    <tag k="surface" v="asphalt"/>
  </way>
  <way id="174022711">
    <nd ref="1847701532"/>
    <nd ref="269483940"/>
    <nd ref="569045289"/>
    <nd ref="269483941"/>
    <nd ref="11464810178"/>
    <nd ref="11281141718"/>
    <nd ref="269483943"/>
    <nd ref="569040203"/>
    <nd ref="11281141713"/>
    <nd ref="1667171579"/>
    <nd ref="269483944"/>
    <nd ref="1667171565"/>
    <nd ref="8256227358"/>
    <nd ref="269483945"/>
    <nd ref="1847701524"/>
    <tag k="highway" v="primary"/>
    <tag k="name" v="三ツ目通り"/>
    <tag k="name:en" v="Mitsume-dori"/>
    <tag k="name:es" v="Calle Mitsume"/>
    <tag k="oneway" v="yes"/>
    <tag k="ref" v="319"/>
  </way>
  <way id="174022714">
    <nd ref="1847701524"/>
    <nd ref="1847701520"/>
    <tag k="bridge" v="yes"/>
    <tag k="bridge:name" v="七枝橋"/>
    <tag k="bridge:name:en" v="Nanaeda-bashi Bridge"/>
    <tag k="bridge:name:ja" v="七枝橋"/>
    <tag k="highway" v="primary"/>
    <tag k="layer" v="1"/>
    <tag k="name" v="三ツ目通り"/>
    <tag k="name:en" v="Mitsume-dori"/>
    <tag k="name:es" v="Calle Mitsume"/>
    <tag k="oneway" v="yes"/>
    <tag k="ref" v="319"/>
  </way>
  <way id="174022716">
    <nd ref="1847701534"/>
    <nd ref="1847701532"/>
    <tag k="bridge" v="yes"/>
    <tag k="bridge:name" v="八枝橋 (Hachieda-bashi Bridge)"/>
    <tag k="bridge:name:en" v="Hachieda-bashi Bridge"/>
    <tag k="bridge:name:ja" v="八枝橋"/>
    <tag k="cycleway:left" v="no"/>
    <tag k="highway" v="primary"/>
    <tag k="lanes" v="3"/>
    <tag k="layer" v="1"/>
    <tag k="name" v="三ツ目通り"/>
    <tag k="name:en" v="Mitsume-dori"/>
    <tag k="name:es" v="Calle Mitsume"/>
    <tag k="oneway" v="yes"/>
    <tag k="ref" v="319"/>
    <tag k="surface" v="asphalt"/>
  </way>
  <way id="174022717">
    <nd ref="1847701531"/>
    <nd ref="1847701533"/>
    <tag k="bridge" v="yes"/>
    <tag k="bridge:name" v="八枝橋"/>
    <tag k="bridge:name:en" v="Hachieda-bashi Bridge"/>
    <tag k="bridge:name:ja" v="八枝橋"/>
    <tag k="cycleway:left" v="no"/>
    <tag k="highway" v="primary"/>
    <tag k="lanes" v="3"/>
    <tag k="layer" v="1"/>
    <tag k="name" v="三ツ目通り"/>
    <tag k="name:en" v="Mitsume-dori"/>
    <tag k="name:es" v="Calle Mitsume"/>
    <tag k="oneway" v="yes"/>
    <tag k="ref" v="319"/>
    <tag k="surface" v="asphalt"/>
  </way>
  <way id="174022719">
    <nd ref="31300439"/>
    <nd ref="4831922604"/>
    <nd ref="4831922605"/>
    <nd ref="4831922603"/>
    <nd ref="31300440"/>
    <nd ref="9133614707"/>
    <nd ref="1851017062"/>
    <nd ref="10221549906"/>
    <nd ref="569037415"/>
    <tag k="access" v="yes"/>
    <tag k="highway" v="trunk"/>
    <tag k="maxspeed" v="60"/>
    <tag k="name" v="東京湾岸道路"/>
    <tag k="name:en" v="Tokyo Wangan Road"/>
    <tag k="name:es" v="Calle Wangan"/>
    <tag k="name:ja" v="東京湾岸道路"/>
    <tag k="name:ko" v="도쿄 완간로"/>
    <tag k="nat_name" v="国道357号"/>
    <tag k="nat_name:en" v="National Highway Route 357"/>
    <tag k="nat_name:ja" v="国道357号"/>
    <tag k="oneway" v="yes"/>
    <tag k="ref" v="357"/>
    <tag k="surface" v="asphalt"/>
  </way>
  <way id="174022720">
    <nd ref="1847701331"/>
    <nd ref="31300495"/>
    <nd ref="8356930323"/>
    <nd ref="10143113668"/>
    <nd ref="10143113665"/>
    <nd ref="570752239"/>
    <nd ref="570752240"/>
    <nd ref="10143113663"/>
    <nd ref="31330003"/>
    <nd ref="31330046"/>
    <nd ref="31330047"/>
    <nd ref="1661794694"/>
    <nd ref="31330048"/>
    <nd ref="1965884681"/>
    <nd ref="31330074"/>
    <nd ref="3285564496"/>
    <nd ref="1661794886"/>
    <nd ref="1752126216"/>
    <nd ref="9156526704"/>
    <nd ref="6120713009"/>
    <nd ref="31330076"/>
    <nd ref="31330077"/>
    <nd ref="6439922842"/>
    <nd ref="31330078"/>
    <nd ref="4749142812"/>
    <nd ref="6439922817"/>
    <nd ref="31330079"/>
    <tag k="access" v="yes"/>
    <tag k="highway" v="trunk_link"/>
    <tag k="lanes" v="2"/>
    <tag k="maxspeed" v="60"/>
    <tag k="name" v="東京湾岸道路"/>
    <tag k="name:en" v="Wangan Road"/>
    <tag k="name:es" v="Calle Wangan"/>
    <tag k="oneway" v="yes"/>
    <tag k="ref" v="357"/>
    <tag k="surface" v="asphalt"/>
  </way>
  <way id="174022721">
    <nd ref="1847701184"/>
    <nd ref="31300439"/>
    <tag k="bridge" v="yes"/>
    <tag k="bridge:name" v="新辰巳橋 (Shin-tatsumi-bashi Bridge)"/>
    <tag k="bridge:name:en" v="Shin-tatsumi-bashi Bridge"/>
    <tag k="bridge:name:ja" v="新辰巳橋"/>
    <tag k="highway" v="trunk"/>
    <tag k="layer" v="1"/>
    <tag k="maxspeed" v="60"/>
    <tag k="name" v="東京湾岸道路"/>
    <tag k="name:en" v="Tokyo Wangan Road"/>
    <tag k="name:es" v="Calle Wangan"/>
    <tag k="name:ja" v="東京湾岸道路"/>
    <tag k="name:ko" v="도쿄 완간로"/>
    <tag k="nat_name" v="国道357号"/>
    <tag k="nat_name:en" v="National Highway Route 357"/>
    <tag k="nat_name:ja" v="国道357号"/>
    <tag k="oneway" v="yes"/>
    <tag k="ref" v="357"/>
    <tag k="source" v="GSImaps/ort"/>
    <tag k="surface" v="asphalt"/>
  </way>
  <way id="174022722">
    <nd ref="8320248173"/>
    <nd ref="3717275446"/>
    <nd ref="31300497"/>
    <tag k="access" v="yes"/>
    <tag k="bridge" v="yes"/>
    <tag k="bridge:name" v="曙橋"/>
    <tag k="bridge:name:en" v="Akebono-bashi Bridge"/>
    <tag k="bridge:name:ja" v="曙橋"/>
    <tag k="highway" v="trunk_link"/>
    <tag k="lanes" v="2"/>
    <tag k="layer" v="1"/>
    <tag k="maxspeed" v="60"/>
    <tag k="name" v="あけぼの橋"/>
    <tag k="name:en" v="Akebono Bridge"/>
    <tag k="name:es" v="Puente Akebono"/>
    <tag k="oneway" v="yes"/>
    <tag k="ref" v="357"/>
    <tag k="surface" v="paved"/>
  </way>
  <way id="174022723">
    <nd ref="1847701185"/>
    <nd ref="1847701183"/>
    <tag k="access" v="yes"/>
    <tag k="bridge" v="yes"/>
    <tag k="bridge:name" v="新辰巳橋 (Shin-tatsumi-bashi Bridge)"/>
    <tag k="bridge:name:en" v="Shin-tatsumi-bashi Bridge"/>
    <tag k="bridge:name:ja" v="新辰巳橋"/>
    <tag k="highway" v="trunk"/>
    <tag k="layer" v="1"/>
    <tag k="maxspeed" v="60"/>
    <tag k="name" v="東京湾岸道路"/>
    <tag k="name:en" v="Tokyo Wangan Road"/>
    <tag k="name:es" v="Calle Wangan"/>
    <tag k="name:ja" v="東京湾岸道路"/>
    <tag k="name:ko" v="도쿄 완간로"/>
    <tag k="nat_name" v="国道357号"/>
    <tag k="nat_name:en" v="National Highway Route 357"/>
    <tag k="nat_name:ja" v="国道357号"/>
    <tag k="oneway" v="yes"/>
    <tag k="ref" v="357"/>
    <tag k="surface" v="asphalt"/>
  </way>
  <way id="174022724">
    <nd ref="1847701308"/>
    <nd ref="1847701331"/>
    <tag k="access" v="yes"/>
    <tag k="bridge" v="yes"/>
    <tag k="bridge:name" v="曙橋"/>
    <tag k="bridge:name:en" v="Akebono-bashi Bridge"/>
    <tag k="bridge:name:ja" v="曙橋"/>
    <tag k="highway" v="trunk_link"/>
    <tag k="layer" v="1"/>
    <tag k="maxspeed" v="60"/>
    <tag k="name" v="あけぼの橋"/>
    <tag k="name:en" v="Akebono Bridge"/>
    <tag k="name:es" v="Puente Akebono"/>
    <tag k="oneway" v="yes"/>
    <tag k="ref" v="357"/>
    <tag k="surface" v="asphalt"/>
  </way>
  <way id="174022726">
    <nd ref="31300497"/>
    <nd ref="31300496"/>
    <nd ref="6439922830"/>
    <nd ref="31300485"/>
    <nd ref="6439922824"/>
    <nd ref="3717275447"/>
    <tag k="access" v="yes"/>
    <tag k="highway" v="trunk_link"/>
    <tag k="lanes" v="1"/>
    <tag k="maxspeed" v="60"/>
    <tag k="name" v="東京湾岸道路"/>
    <tag k="name:en" v="Wangan Road"/>
    <tag k="name:es" v="Calle Wangan"/>
    <tag k="oneway" v="yes"/>
    <tag k="ref" v="357"/>
    <tag k="surface" v="paved"/>
  </way>
  <way id="174405496">
    <nd ref="1851017530"/>
    <nd ref="10675362433"/>
    <nd ref="1851017480"/>
    <nd ref="1667171369"/>
    <nd ref="1851017482"/>
    <nd ref="569040154"/>
    <nd ref="1851017485"/>
    <nd ref="569040155"/>
    <nd ref="1851017487"/>
    <nd ref="569040156"/>
    <nd ref="1851017501"/>
    <nd ref="569040157"/>
    <nd ref="1851017512"/>
    <nd ref="1667171377"/>
    <nd ref="1851017520"/>
    <nd ref="1667171380"/>
    <nd ref="1851017524"/>
    <nd ref="569040158"/>
    <nd ref="1851017530"/>
    <tag k="highway" v="tertiary"/>
    <tag k="oneway" v="yes"/>
  </way>
  <way id="184250108">
    <nd ref="568460529"/>
    <nd ref="11281161451"/>
    <nd ref="11281161450"/>
    <nd ref="11572128087"/>
    <nd ref="569045289"/>
    <tag k="cycleway:left" v="shared_lane"/>
    <tag k="cycleway:left:lane" v="pictogram"/>
    <tag k="highway" v="tertiary"/>
    <tag k="lane_markings" v="no"/>
    <tag k="oneway" v="yes"/>
    <tag k="surface" v="asphalt"/>
  </way>
  <way id="184293855">
    <nd ref="1448509351"/>
    <nd ref="1947552006"/>
    <nd ref="9366564061"/>
    <nd ref="1947552020"/>
    <nd ref="1947552071"/>
    <nd ref="11281149154"/>
    <nd ref="1947552239"/>
    <nd ref="1947552240"/>
    <nd ref="1947552079"/>
    <nd ref="11281149149"/>
    <nd ref="3717243616"/>
    <nd ref="9725719268"/>
    <nd ref="1947552164"/>
    <nd ref="1947552167"/>
    <nd ref="1947552170"/>
    <nd ref="1947552176"/>
    <tag k="highway" v="tertiary"/>
    <tag k="lanes" v="4"/>
    <tag k="maxspeed" v="40"/>
    <tag k="name" v="越中島通り"/>
    <tag k="oneway" v="yes"/>
    <tag k="source" v="Bing 2010"/>
    <tag k="surface" v="paved"/>
  </way>
  <way id="184293859">
    <nd ref="1947552151"/>
    <nd ref="1947552149"/>
    <tag k="bridge" v="yes"/>
    <tag k="bridge:name" v="浜崎橋 (Hamazaki-bashi Bridge)"/>
    <tag k="bridge:name:en" v="Hamazaki-bashi Bridge"/>
    <tag k="bridge:name:ja" v="浜崎橋"/>
    <tag k="highway" v="tertiary"/>
    <tag k="layer" v="1"/>
    <tag k="oneway" v="yes"/>
  </way>
  <way id="184293861">
    <nd ref="1947552024"/>
    <nd ref="1947552030"/>
    <nd ref="11448977273"/>
    <nd ref="1947552035"/>
    <nd ref="8514439646"/>
    <nd ref="1947552040"/>
    <nd ref="1947552043"/>
    <nd ref="1947552054"/>
    <tag k="highway" v="tertiary"/>
    <tag k="lanes" v="1"/>
    <tag k="name" v="特別区道江147号"/>
    <tag k="oneway" v="yes"/>
    <tag k="ref" v="3147"/>
    <tag k="turn:lanes" v="left"/>
  </way>
  <way id="184293863">
    <nd ref="1947552149"/>
    <nd ref="1947552148"/>
    <nd ref="1947552146"/>
    <nd ref="1947552144"/>
    <nd ref="1947552141"/>
    <nd ref="1947552140"/>
    <nd ref="1947552131"/>
    <nd ref="11281149152"/>
    <nd ref="1947552241"/>
    <nd ref="1947552239"/>
    <tag k="highway" v="tertiary"/>
    <tag k="oneway" v="yes"/>
  </way>
  <way id="184580011">
    <nd ref="31300495"/>
    <nd ref="1950768267"/>
    <nd ref="8320248176"/>
    <nd ref="1950768278"/>
    <nd ref="1950768276"/>
    <nd ref="1950768269"/>
    <nd ref="1950768261"/>
    <nd ref="1950768257"/>
    <nd ref="1950768181"/>
    <nd ref="1950768178"/>
    <nd ref="1950768175"/>
    <nd ref="1950768173"/>
    <nd ref="8320248174"/>
    <tag k="highway" v="trunk_link"/>
    <tag k="oneway" v="yes"/>
    <tag k="source" v="Bing"/>
    <tag k="surface" v="asphalt"/>
  </way>
  <way id="184580013">
    <nd ref="1950767430"/>
    <nd ref="11559241924"/>
    <nd ref="1950767329"/>
    <tag k="highway" v="tertiary"/>
    <tag k="source" v="Bing"/>
  </way>
  <way id="184580017">
    <nd ref="1950767983"/>
    <nd ref="1950768022"/>
    <nd ref="1950768016"/>
    <tag k="highway" v="unclassified"/>
    <tag k="source" v="Bing"/>
  </way>
  <way id="184580019">
    <nd ref="1950767718"/>
    <nd ref="1950767721"/>
    <nd ref="1950767715"/>
    <nd ref="1950767983"/>
    <nd ref="6120711780"/>
    <nd ref="1950768095"/>
    <tag k="highway" v="unclassified"/>
    <tag k="source" v="Bing"/>
  </way>
  <way id="198929896">
    <nd ref="1426116954"/>
    <nd ref="1772389913"/>
    <nd ref="570752231"/>
    <nd ref="570752232"/>
    <nd ref="9482722706"/>
    <nd ref="8189187985"/>
    <nd ref="6265692106"/>
    <nd ref="10143113677"/>
    <nd ref="570753270"/>
    <nd ref="570753271"/>
    <tag k="highway" v="tertiary"/>
    <tag k="oneway" v="yes"/>
    <tag k="source" v="Bing 2012"/>
    <tag k="surface" v="paved"/>
  </way>
  <way id="198929898">
    <nd ref="570753272"/>
    <nd ref="6120713003"/>
    <nd ref="9156571687"/>
    <nd ref="9156526711"/>
    <nd ref="10143113678"/>
    <nd ref="570753271"/>
    <tag k="highway" v="tertiary"/>
    <tag k="oneway" v="yes"/>
    <tag k="surface" v="asphalt"/>
  </way>
  <way id="198929901">
    <nd ref="570753272"/>
    <nd ref="570753273"/>
    <tag k="highway" v="tertiary"/>
    <tag k="lanes" v="4"/>
    <tag k="maxspeed" v="40"/>
    <tag k="surface" v="asphalt"/>
  </way>
  <way id="198929902">
    <nd ref="1426116905"/>
    <nd ref="1426116906"/>
    <tag k="highway" v="tertiary"/>
    <tag k="source" v="Bing,2007-03"/>
    <tag k="surface" v="asphalt"/>
  </way>
  <way id="198929903">
    <nd ref="1426116998"/>
    <nd ref="6018202823"/>
    <nd ref="9482722701"/>
    <nd ref="1426116999"/>
    <nd ref="9482722702"/>
    <nd ref="1426116967"/>
    <nd ref="1426116943"/>
    <nd ref="9482722695"/>
    <nd ref="1426116928"/>
    <nd ref="9482722694"/>
    <nd ref="1426116905"/>
    <tag k="highway" v="tertiary"/>
    <tag k="oneway" v="yes"/>
    <tag k="source" v="Bing,2007-03"/>
    <tag k="surface" v="asphalt"/>
  </way>
  <way id="198929904">
    <nd ref="1426116905"/>
    <nd ref="1426116898"/>
    <nd ref="1426116889"/>
    <nd ref="9482722703"/>
    <nd ref="1426116902"/>
    <nd ref="9482722704"/>
    <nd ref="1426116933"/>
    <nd ref="1426116953"/>
    <nd ref="8189187978"/>
    <nd ref="1426116975"/>
    <nd ref="1426116995"/>
    <tag k="highway" v="tertiary"/>
    <tag k="oneway" v="yes"/>
    <tag k="source" v="Bing,2007-03"/>
    <tag k="surface" v="asphalt"/>
  </way>
  <way id="199152209">
    <nd ref="1667171244"/>
    <nd ref="9726172351"/>
    <nd ref="1667171240"/>
    <nd ref="1667171239"/>
    <nd ref="1667171236"/>
    <nd ref="1667171234"/>
    <nd ref="1667171233"/>
    <nd ref="1667171232"/>
    <nd ref="4831922826"/>
    <nd ref="1667171225"/>
    <nd ref="1667171219"/>
    <nd ref="1817879184"/>
    <nd ref="1667171217"/>
    <tag k="highway" v="tertiary"/>
    <tag k="oneway" v="yes"/>
  </way>
  <way id="199152231">
    <nd ref="1667171244"/>
    <nd ref="569037445"/>
    <tag k="highway" v="tertiary"/>
    <tag k="oneway" v="yes"/>
  </way>
  <way id="209210739">
    <nd ref="569037445"/>
    <nd ref="9726172353"/>
    <nd ref="569046044"/>
    <nd ref="10221549968"/>
    <nd ref="31300483"/>
    <tag k="highway" v="tertiary"/>
    <tag k="oneway" v="yes"/>
  </way>
  <way id="209210741">
    <nd ref="1847701520"/>
    <nd ref="1667171541"/>
    <nd ref="569040200"/>
    <nd ref="6156556448"/>
    <nd ref="1312684872"/>
    <nd ref="10297665274"/>
    <nd ref="569040170"/>
    <tag k="highway" v="primary"/>
    <tag k="lanes" v="3"/>
    <tag k="name" v="三ツ目通り"/>
    <tag k="name:en" v="Mitsume-dori"/>
    <tag k="name:es" v="Calle Mitsume"/>
    <tag k="oneway" v="yes"/>
    <tag k="ref" v="319"/>
  </way>
  <way id="209210742">
    <nd ref="1667171245"/>
    <nd ref="1667171244"/>
    <tag k="highway" v="tertiary"/>
    <tag k="oneway" v="yes"/>
  </way>
  <way id="209210744">
    <nd ref="569023691"/>
    <nd ref="11407188719"/>
    <nd ref="11423861088"/>
    <nd ref="569023689"/>
    <nd ref="11423861087"/>
    <nd ref="3996084798"/>
    <nd ref="569023650"/>
    <tag k="highway" v="primary"/>
    <tag k="lanes" v="4"/>
    <tag k="maxheight" v="default"/>
    <tag k="name" v="晴海通り"/>
    <tag k="name:en" v="Harumi-dori Avenue"/>
    <tag k="name:es" v="Calle Harumi"/>
    <tag k="name:ja" v="晴海通り"/>
    <tag k="oneway" v="yes"/>
    <tag k="ref" v="304"/>
    <tag k="smoothness" v="excellent"/>
    <tag k="surface" v="asphalt"/>
  </way>
  <way id="209210745">
    <nd ref="569037384"/>
    <nd ref="569040151"/>
    <nd ref="1847701519"/>
    <tag k="highway" v="primary"/>
    <tag k="lanes" v="3"/>
    <tag k="name" v="三ツ目通り"/>
    <tag k="name:en" v="Mitsume-dori"/>
    <tag k="name:es" v="Calle Mitsume"/>
    <tag k="oneway" v="yes"/>
    <tag k="ref" v="319"/>
  </way>
  <way id="209210747">
    <nd ref="568457674"/>
    <nd ref="361147569"/>
    <tag k="highway" v="tertiary"/>
  </way>
  <way id="209210748">
    <nd ref="569023692"/>
    <nd ref="2194543333"/>
    <tag k="highway" v="tertiary"/>
    <tag k="lanes" v="3"/>
    <tag k="maxheight" v="default"/>
    <tag k="oneway" v="yes"/>
    <tag k="smoothness" v="excellent"/>
    <tag k="surface" v="asphalt"/>
  </way>
  <way id="209210749">
    <nd ref="261016163"/>
    <nd ref="568452942"/>
    <nd ref="261015848"/>
    <nd ref="5536579872"/>
    <nd ref="5536579832"/>
    <nd ref="260902529"/>
    <nd ref="5536579868"/>
    <nd ref="261015013"/>
    <nd ref="5536580243"/>
    <nd ref="261015014"/>
    <nd ref="5536580200"/>
    <nd ref="261015015"/>
    <nd ref="5536579948"/>
    <nd ref="5536580098"/>
    <nd ref="261015016"/>
    <nd ref="1619749486"/>
    <nd ref="261015017"/>
    <nd ref="261015018"/>
    <nd ref="261015019"/>
    <nd ref="261015021"/>
    <nd ref="5765576458"/>
    <nd ref="5765576335"/>
    <nd ref="261015022"/>
    <nd ref="1619749490"/>
    <nd ref="261015023"/>
    <nd ref="1619749483"/>
    <nd ref="261015024"/>
    <nd ref="5765576143"/>
    <nd ref="1619749485"/>
    <nd ref="5765576342"/>
    <nd ref="261015025"/>
    <nd ref="5765576466"/>
    <nd ref="1619749484"/>
    <nd ref="5765576256"/>
    <nd ref="261015026"/>
    <nd ref="5765576126"/>
    <nd ref="261015027"/>
    <nd ref="5765576255"/>
    <nd ref="261015028"/>
    <nd ref="10299947064"/>
    <nd ref="5536579998"/>
    <nd ref="261015030"/>
    <tag k="highway" v="tertiary"/>
    <tag k="lanes" v="2"/>
    <tag k="oneway" v="yes"/>
    <tag k="surface" v="asphalt"/>
  </way>
  <way id="209210752">
    <nd ref="568457676"/>
    <nd ref="361147579"/>
    <tag k="highway" v="tertiary"/>
  </way>
  <way id="209210754">
    <nd ref="1667171245"/>
    <nd ref="9726172359"/>
    <nd ref="1667171238"/>
    <nd ref="10304902177"/>
    <nd ref="569037420"/>
    <nd ref="569037422"/>
    <nd ref="569037424"/>
    <nd ref="569037426"/>
    <nd ref="569037427"/>
    <nd ref="569037429"/>
    <nd ref="569037431"/>
    <nd ref="569037434"/>
    <nd ref="10304902178"/>
    <nd ref="10304902179"/>
    <nd ref="10304902180"/>
    <nd ref="569037436"/>
    <nd ref="569037438"/>
    <nd ref="10304902176"/>
    <nd ref="569037441"/>
    <nd ref="9726172358"/>
    <nd ref="1667171244"/>
    <tag k="highway" v="tertiary"/>
    <tag k="oneway" v="yes"/>
  </way>
  <way id="209210755">
    <nd ref="569037445"/>
    <nd ref="569037418"/>
    <nd ref="9726172356"/>
    <nd ref="569046065"/>
    <nd ref="569046066"/>
    <nd ref="569046067"/>
    <nd ref="281657512"/>
    <nd ref="569046068"/>
    <nd ref="281657511"/>
    <nd ref="1817879207"/>
    <tag k="highway" v="tertiary"/>
    <tag k="oneway" v="yes"/>
  </way>
  <way id="209224915">
    <nd ref="2194543342"/>
    <nd ref="2194543443"/>
    <nd ref="2194543399"/>
    <nd ref="2194543445"/>
    <nd ref="2194543451"/>
    <nd ref="2194543383"/>
    <nd ref="2194543299"/>
    <nd ref="2194543333"/>
    <tag k="highway" v="tertiary_link"/>
    <tag k="lanes" v="3"/>
    <tag k="maxheight" v="default"/>
    <tag k="oneway" v="yes"/>
    <tag k="smoothness" v="excellent"/>
    <tag k="source" v="bing"/>
    <tag k="surface" v="asphalt"/>
  </way>
  <way id="209366286">
    <nd ref="569040172"/>
    <nd ref="569040173"/>
    <nd ref="10297665272"/>
    <nd ref="569037378"/>
    <tag k="destination:ref" v="319"/>
    <tag k="highway" v="primary_link"/>
    <tag k="lanes" v="1"/>
    <tag k="name" v="三ツ目通り"/>
    <tag k="name:en" v="Mitsume-dori"/>
    <tag k="name:es" v="Calle Mitsume"/>
    <tag k="oneway" v="yes"/>
  </way>
  <way id="209366292">
    <nd ref="569040164"/>
    <nd ref="10298335677"/>
    <nd ref="11703476177"/>
    <nd ref="4835901602"/>
    <nd ref="10298335681"/>
    <nd ref="569040131"/>
    <nd ref="569040137"/>
    <nd ref="1847701513"/>
    <tag k="highway" v="tertiary"/>
    <tag k="lanes" v="2"/>
    <tag k="maxspeed" v="40"/>
    <tag k="oneway" v="yes"/>
    <tag k="surface" v="paved"/>
  </way>
  <way id="209366310">
    <nd ref="2194543333"/>
    <nd ref="11422147033"/>
    <nd ref="569023667"/>
    <nd ref="11422147032"/>
    <nd ref="3848747348"/>
    <nd ref="11126990550"/>
    <nd ref="11126990546"/>
    <nd ref="1847701512"/>
    <tag k="highway" v="tertiary"/>
    <tag k="lanes" v="3"/>
    <tag k="lit" v="yes"/>
    <tag k="maxspeed" v="40"/>
    <tag k="oneway" v="yes"/>
    <tag k="smoothness" v="excellent"/>
    <tag k="surface" v="asphalt"/>
  </way>
  <way id="211708152">
    <nd ref="2216788933"/>
    <nd ref="2216788935"/>
    <nd ref="2216788936"/>
    <nd ref="2216788934"/>
    <nd ref="3757609843"/>
    <nd ref="9090089462"/>
    <nd ref="9090089461"/>
    <nd ref="1637371617"/>
    <tag k="highway" v="tertiary_link"/>
    <tag k="oneway" v="yes"/>
  </way>
  <way id="211708156">
    <nd ref="1637371629"/>
    <nd ref="1637371633"/>
    <nd ref="10581961269"/>
    <nd ref="10581968108"/>
    <nd ref="10581961268"/>
    <nd ref="10581961270"/>
    <nd ref="10581961271"/>
    <nd ref="10581961272"/>
    <nd ref="3717294850"/>
    <nd ref="3717294842"/>
    <nd ref="10581961273"/>
    <nd ref="3757609834"/>
    <nd ref="10581968113"/>
    <nd ref="1637371642"/>
    <nd ref="1637371644"/>
    <tag k="highway" v="tertiary"/>
    <tag k="lanes" v="3"/>
    <tag k="name" v="新木場若洲線"/>
    <tag k="name:en" v="Shinkiba-Wakasu Line"/>
    <tag k="name:ja" v="新木場若洲線"/>
    <tag k="name:ja_rm" v="Shinkiba Wakasu Sen"/>
    <tag k="oneway" v="yes"/>
  </way>
  <way id="257357814">
    <nd ref="261015592"/>
    <nd ref="569023691"/>
    <tag k="highway" v="tertiary"/>
    <tag k="lanes" v="2"/>
    <tag k="smoothness" v="excellent"/>
    <tag k="surface" v="asphalt"/>
  </way>
  <way id="257357822">
    <nd ref="289946685"/>
    <nd ref="4254144271"/>
    <nd ref="6273070622"/>
    <nd ref="765039577"/>
    <nd ref="6273070630"/>
    <nd ref="343304707"/>
    <nd ref="1167599058"/>
    <nd ref="6274945357"/>
    <nd ref="11662115006"/>
    <nd ref="1167599022"/>
    <tag k="highway" v="primary"/>
    <tag k="lanes" v="3"/>
    <tag k="name" v="環状三号線"/>
    <tag k="name:en" v="Metropolitan Road 319"/>
    <tag k="name:es" v="Ruta metropilitana 319"/>
    <tag k="official_name" v="環状第3号線 支線2"/>
    <tag k="oneway" v="yes"/>
    <tag k="ref" v="319"/>
    <tag k="surface" v="asphalt"/>
  </way>
  <way id="304727761">
    <nd ref="4249288732"/>
    <nd ref="1947552101"/>
    <nd ref="1947552083"/>
    <nd ref="346198116"/>
    <nd ref="1947552075"/>
    <nd ref="4249288731"/>
    <tag k="bridge" v="yes"/>
    <tag k="cycleway:left" v="shared_lane"/>
    <tag k="highway" v="primary"/>
    <tag k="layer" v="1"/>
    <tag k="name" v="三ツ目通り"/>
    <tag k="name:en" v="Mitsume-dori"/>
    <tag k="name:es" v="Calle Mitsume"/>
    <tag k="oneway" v="yes"/>
    <tag k="ref" v="319"/>
  </way>
  <way id="304727766">
    <nd ref="1947552085"/>
    <nd ref="1947552105"/>
    <nd ref="1947552119"/>
    <nd ref="1947552142"/>
    <nd ref="1947552166"/>
    <nd ref="1947552179"/>
    <nd ref="1947552189"/>
    <nd ref="1947552193"/>
    <tag k="cycleway:left" v="shared_lane"/>
    <tag k="highway" v="primary"/>
    <tag k="name" v="三ツ目通り"/>
    <tag k="name:en" v="Mitsume-dori"/>
    <tag k="name:es" v="Calle Mitsume"/>
    <tag k="oneway" v="yes"/>
    <tag k="ref" v="319"/>
  </way>
  <way id="304727772">
    <nd ref="256676032"/>
    <nd ref="11281213245"/>
    <nd ref="11633619252"/>
    <nd ref="256675896"/>
    <tag k="highway" v="primary"/>
    <tag k="name" v="環状三号線"/>
    <tag k="name:en" v="Metropolitan Road 319"/>
    <tag k="name:es" v="Carretera metropolitana 319"/>
    <tag k="official_name" v="環状第3号線 支線2"/>
    <tag k="oneway" v="yes"/>
    <tag k="ref" v="319"/>
    <tag k="surface" v="asphalt"/>
  </way>
  <way id="304727781">
    <nd ref="765039601"/>
    <nd ref="11281213242"/>
    <nd ref="930234612"/>
    <nd ref="765039587"/>
    <nd ref="1167599041"/>
    <tag k="highway" v="primary"/>
    <tag k="name" v="環状三号線"/>
    <tag k="name:en" v="Metropolitan Road 319"/>
    <tag k="name:es" v="Carretera metropolitana 319"/>
    <tag k="official_name" v="環状第3号線 支線2"/>
    <tag k="oneway" v="yes"/>
    <tag k="ref" v="319"/>
    <tag k="surface" v="asphalt"/>
  </way>
  <way id="304727809">
    <nd ref="1947552000"/>
    <nd ref="11448938404"/>
    <nd ref="1947551993"/>
    <nd ref="11448926929"/>
    <nd ref="346191379"/>
    <nd ref="11448926928"/>
    <nd ref="11281196918"/>
    <nd ref="269483481"/>
    <nd ref="1847701534"/>
    <tag k="highway" v="primary"/>
    <tag k="name" v="三ツ目通り"/>
    <tag k="name:en" v="Mitsume-dori"/>
    <tag k="name:es" v="Calle Mitsume"/>
    <tag k="oneway" v="yes"/>
    <tag k="ref" v="319"/>
  </way>
  <way id="304727913">
    <nd ref="256676032"/>
    <nd ref="765039601"/>
    <tag k="highway" v="tertiary"/>
    <tag k="lanes" v="4"/>
    <tag k="maxspeed" v="40"/>
    <tag k="source" v="Bing 2010"/>
    <tag k="surface" v="paved"/>
  </way>
  <way id="304727918">
    <nd ref="256676032"/>
    <nd ref="11281213244"/>
    <nd ref="1448509354"/>
    <tag k="highway" v="tertiary"/>
    <tag k="lanes" v="4"/>
    <tag k="maxspeed" v="40"/>
    <tag k="source" v="Bing 2010"/>
    <tag k="surface" v="paved"/>
  </way>
  <way id="304727990">
    <nd ref="1167599042"/>
    <nd ref="11630208371"/>
    <nd ref="256676034"/>
    <nd ref="11281213247"/>
    <nd ref="765039601"/>
    <tag k="cycleway" v="shared_lane"/>
    <tag k="highway" v="tertiary"/>
    <tag k="lanes" v="4"/>
    <tag k="maxspeed" v="40"/>
    <tag k="source" v="Bing 2010"/>
    <tag k="surface" v="paved"/>
  </way>
  <way id="304727997">
    <nd ref="1947552000"/>
    <nd ref="8514439654"/>
    <nd ref="1312684802"/>
    <nd ref="1312684835"/>
    <nd ref="344380884"/>
    <tag k="highway" v="tertiary"/>
    <tag k="source" v="Bing 2010"/>
    <tag k="surface" v="paved"/>
  </way>
  <way id="304919602">
    <nd ref="269483952"/>
    <nd ref="31300483"/>
    <nd ref="10221549963"/>
    <nd ref="31300444"/>
    <nd ref="4831922617"/>
    <nd ref="1847701185"/>
    <tag k="access" v="yes"/>
    <tag k="highway" v="trunk"/>
    <tag k="maxspeed" v="60"/>
    <tag k="name" v="東京湾岸道路"/>
    <tag k="name:en" v="Tokyo Wangan Road"/>
    <tag k="name:es" v="Calle Wangan"/>
    <tag k="name:ja" v="東京湾岸道路"/>
    <tag k="name:ko" v="도쿄 완간로"/>
    <tag k="nat_name" v="国道357号"/>
    <tag k="nat_name:en" v="National Highway Route 357"/>
    <tag k="nat_name:ja" v="国道357号"/>
    <tag k="oneway" v="yes"/>
    <tag k="ref" v="357"/>
    <tag k="surface" v="paved"/>
  </way>
  <way id="304919603">
    <nd ref="31300424"/>
    <nd ref="5536579900"/>
    <nd ref="31300425"/>
    <nd ref="31300426"/>
    <nd ref="11540257826"/>
    <nd ref="31300427"/>
    <nd ref="1847701184"/>
    <tag k="access" v="yes"/>
    <tag k="highway" v="trunk"/>
    <tag k="lanes" v="2"/>
    <tag k="maxspeed" v="60"/>
    <tag k="name" v="東京湾岸道路"/>
    <tag k="name:en" v="Tokyo Wangan Road"/>
    <tag k="name:es" v="Calle Wangan"/>
    <tag k="name:ja" v="東京湾岸道路"/>
    <tag k="name:ja-Hira" v="とうきょうわんがんどうろ"/>
    <tag k="name:ja-Latn" v="Tōkyō Wangan Dōro"/>
    <tag k="name:ko" v="도쿄 완간로"/>
    <tag k="nat_name" v="国道357号"/>
    <tag k="nat_name:en" v="National Highway Route 357"/>
    <tag k="nat_name:ja" v="国道357号"/>
    <tag k="oneway" v="yes"/>
    <tag k="ref" v="357"/>
    <tag k="source" v="GSImaps/ort"/>
    <tag k="surface" v="asphalt"/>
  </way>
  <way id="304919605">
    <nd ref="2194543342"/>
    <nd ref="2194543432"/>
    <nd ref="3996084572"/>
    <nd ref="569023692"/>
    <nd ref="3996084574"/>
    <nd ref="569023693"/>
    <nd ref="11423861086"/>
    <nd ref="569023690"/>
    <tag k="highway" v="primary"/>
    <tag k="lanes" v="3"/>
    <tag k="maxheight" v="default"/>
    <tag k="name" v="晴海通り"/>
    <tag k="name:en" v="Harumi-dori Avenue"/>
    <tag k="name:es" v="Calle Harumi"/>
    <tag k="name:ja" v="晴海通り"/>
    <tag k="oneway" v="yes"/>
    <tag k="ref" v="304"/>
    <tag k="smoothness" v="excellent"/>
    <tag k="surface" v="asphalt"/>
  </way>
  <way id="304919608">
    <nd ref="569037415"/>
    <nd ref="6788586199"/>
    <nd ref="6788586197"/>
    <nd ref="6788586200"/>
    <nd ref="569037406"/>
    <tag k="highway" v="primary"/>
    <tag k="lanes" v="3"/>
    <tag k="maxspeed" v="50"/>
    <tag k="name" v="三ツ目通り"/>
    <tag k="name:en" v="Mitsume-dori"/>
    <tag k="name:es" v="Calle Mitsume"/>
    <tag k="oneway" v="yes"/>
    <tag k="ref" v="319"/>
    <tag k="surface" v="paved"/>
  </way>
  <way id="367851525">
    <nd ref="3717260624"/>
    <nd ref="3717275439"/>
    <nd ref="3717275435"/>
    <nd ref="3717275443"/>
    <nd ref="3717275432"/>
    <nd ref="8320248175"/>
    <nd ref="3717275448"/>
    <nd ref="3717275451"/>
    <nd ref="3717275425"/>
    <nd ref="3717275441"/>
    <nd ref="8320158982"/>
    <nd ref="6439922823"/>
    <nd ref="3717275454"/>
    <nd ref="8320158981"/>
    <nd ref="3717260621"/>
    <nd ref="8320158980"/>
    <nd ref="3717275431"/>
    <nd ref="3859026257"/>
    <nd ref="3859026258"/>
    <nd ref="3717260619"/>
    <nd ref="8320158979"/>
    <nd ref="3717275430"/>
    <nd ref="3717260618"/>
    <tag k="bridge" v="yes"/>
    <tag k="highway" v="trunk"/>
    <tag k="lanes" v="2"/>
    <tag k="layer" v="2"/>
    <tag k="maxspeed" v="60"/>
    <tag k="name" v="東京湾岸道路"/>
    <tag k="name:en" v="Tokyo Wangan Road"/>
    <tag k="name:es" v="Calle Wangan"/>
    <tag k="name:ja" v="東京湾岸道路"/>
    <tag k="name:ko" v="도쿄 완간로"/>
    <tag k="nat_name" v="国道357号"/>
    <tag k="nat_name:en" v="National Highway Route 357"/>
    <tag k="nat_name:ja" v="国道357号"/>
    <tag k="oneway" v="yes"/>
    <tag k="ref" v="357"/>
    <tag k="surface" v="asphalt"/>
  </way>
  <way id="367851531">
    <nd ref="598517878"/>
    <nd ref="3717275450"/>
    <tag k="access" v="yes"/>
    <tag k="bridge" v="yes"/>
    <tag k="highway" v="trunk"/>
    <tag k="lanes" v="3"/>
    <tag k="layer" v="2"/>
    <tag k="maxspeed" v="60"/>
    <tag k="name" v="東京湾岸道路"/>
    <tag k="name:en" v="Tokyo Wangan Road"/>
    <tag k="name:es" v="Calle Wangan"/>
    <tag k="name:ja" v="東京湾岸道路"/>
    <tag k="name:ko" v="도쿄 완간로"/>
    <tag k="nat_name" v="国道357号"/>
    <tag k="nat_name:en" v="National Highway Route 357"/>
    <tag k="nat_name:ja" v="国道357号"/>
    <tag k="oneway" v="yes"/>
    <tag k="ref" v="357"/>
    <tag k="surface" v="asphalt"/>
  </way>
  <way id="367851534">
    <nd ref="3717275450"/>
    <nd ref="8810891636"/>
    <nd ref="3859032296"/>
    <nd ref="8810891638"/>
    <nd ref="31330083"/>
    <tag k="access" v="yes"/>
    <tag k="bridge" v="yes"/>
    <tag k="highway" v="trunk_link"/>
    <tag k="lanes" v="2"/>
    <tag k="layer" v="2"/>
    <tag k="maxspeed" v="60"/>
    <tag k="name" v="東京湾岸道路"/>
    <tag k="name:es" v="Calle Wangan"/>
    <tag k="oneway" v="yes"/>
    <tag k="ref" v="357"/>
    <tag k="surface" v="asphalt"/>
  </way>
  <way id="367851538">
    <nd ref="569037415"/>
    <nd ref="31300479"/>
    <nd ref="10221549819"/>
    <nd ref="1667171290"/>
    <nd ref="3717275434"/>
    <nd ref="8189166596"/>
    <nd ref="3717260623"/>
    <nd ref="7885559851"/>
    <nd ref="3717260624"/>
    <tag k="access" v="yes"/>
    <tag k="highway" v="trunk"/>
    <tag k="lanes" v="2"/>
    <tag k="maxspeed" v="60"/>
    <tag k="name" v="東京湾岸道路"/>
    <tag k="name:en" v="Tokyo Wangan Road"/>
    <tag k="name:es" v="Calle Wangan"/>
    <tag k="name:ja" v="東京湾岸道路"/>
    <tag k="name:ko" v="도쿄 완간로"/>
    <tag k="nat_name" v="国道357号"/>
    <tag k="nat_name:en" v="National Highway Route 357"/>
    <tag k="nat_name:ja" v="国道357号"/>
    <tag k="oneway" v="yes"/>
    <tag k="ref" v="357"/>
    <tag k="surface" v="asphalt"/>
  </way>
  <way id="367851541">
    <nd ref="3717275434"/>
    <nd ref="4004284191"/>
    <nd ref="6439922825"/>
    <nd ref="31300480"/>
    <nd ref="6439922816"/>
    <nd ref="4004280488"/>
    <nd ref="31300481"/>
    <nd ref="31300482"/>
    <nd ref="6439922843"/>
    <nd ref="31300493"/>
    <nd ref="31300494"/>
    <nd ref="9073829863"/>
    <nd ref="1847701308"/>
    <tag k="access" v="yes"/>
    <tag k="highway" v="trunk_link"/>
    <tag k="maxspeed" v="60"/>
    <tag k="name" v="東京湾岸道路"/>
    <tag k="name:en" v="Wangan Road"/>
    <tag k="name:es" v="Calle Wangan"/>
    <tag k="oneway" v="yes"/>
    <tag k="ref" v="357"/>
    <tag k="surface" v="asphalt"/>
  </way>
  <way id="368074414">
    <nd ref="3719356966"/>
    <nd ref="4832393477"/>
    <nd ref="3719356961"/>
    <nd ref="3719356964"/>
    <tag k="highway" v="unclassified"/>
  </way>
  <way id="368074416">
    <nd ref="3719356970"/>
    <nd ref="8575129076"/>
    <nd ref="3719356965"/>
    <tag k="highway" v="unclassified"/>
  </way>
  <way id="368074417">
    <nd ref="3719356968"/>
    <nd ref="3719356964"/>
    <nd ref="3719356971"/>
    <nd ref="10300137730"/>
    <nd ref="570752236"/>
    <tag k="highway" v="unclassified"/>
  </way>
  <way id="368074418">
    <nd ref="3719356963"/>
    <nd ref="3719356961"/>
    <nd ref="3719356965"/>
    <nd ref="3719356962"/>
    <nd ref="10300137732"/>
    <nd ref="3719356967"/>
    <tag k="highway" v="unclassified"/>
  </way>
  <way id="368083792">
    <nd ref="569040130"/>
    <nd ref="10298335685"/>
    <nd ref="11880470518"/>
    <nd ref="4835901748"/>
    <nd ref="569040147"/>
    <nd ref="11464737694"/>
    <nd ref="11804522024"/>
    <nd ref="569040161"/>
    <tag k="highway" v="tertiary"/>
    <tag k="lanes" v="4"/>
    <tag k="maxspeed" v="30"/>
    <tag k="surface" v="paved"/>
  </way>
  <way id="368083794">
    <nd ref="3719451225"/>
    <nd ref="10269320094"/>
    <nd ref="3719451239"/>
    <tag k="highway" v="unclassified"/>
  </way>
  <way id="368083795">
    <nd ref="3719451235"/>
    <nd ref="10269320093"/>
    <nd ref="3719451227"/>
    <nd ref="3719451225"/>
    <nd ref="3719451242"/>
    <nd ref="10269320096"/>
    <nd ref="3719451241"/>
    <tag k="highway" v="unclassified"/>
  </way>
  <way id="368083796">
    <nd ref="3719451242"/>
    <nd ref="10269320095"/>
    <nd ref="1667171261"/>
    <tag k="highway" v="unclassified"/>
  </way>
  <way id="368083798">
    <nd ref="3719451228"/>
    <nd ref="3719451232"/>
    <tag k="bridge" v="yes"/>
    <tag k="highway" v="primary"/>
    <tag k="lanes" v="2"/>
    <tag k="layer" v="1"/>
    <tag k="name" v="環状三号線"/>
    <tag k="name:en" v="Kamome bridge"/>
    <tag k="name:es" v="Puente Kamome"/>
    <tag k="official_name" v="環状第3号線 支線1"/>
    <tag k="oneway" v="yes"/>
    <tag k="ref" v="319"/>
    <tag k="surface" v="asphalt"/>
  </way>
  <way id="368083803">
    <nd ref="765040028"/>
    <nd ref="3719451237"/>
    <nd ref="3719451247"/>
    <nd ref="3719447423"/>
    <nd ref="3719451244"/>
    <tag k="highway" v="primary_link"/>
    <tag k="official_name" v="環状第3号線 支線1"/>
    <tag k="oneway" v="yes"/>
    <tag k="surface" v="asphalt"/>
  </way>
  <way id="368083805">
    <nd ref="3719451232"/>
    <nd ref="3719451231"/>
    <nd ref="3719451244"/>
    <nd ref="3719451246"/>
    <nd ref="3762940767"/>
    <nd ref="3719451243"/>
    <nd ref="3762940761"/>
    <tag k="highway" v="primary"/>
    <tag k="name" v="環状三号線"/>
    <tag k="official_name" v="環状第3号線 支線1"/>
    <tag k="oneway" v="yes"/>
    <tag k="ref" v="319"/>
    <tag k="surface" v="asphalt"/>
  </way>
  <way id="368083806">
    <nd ref="343061961"/>
    <nd ref="1947552189"/>
    <nd ref="1947552187"/>
    <nd ref="1947552175"/>
    <nd ref="8729016227"/>
    <nd ref="1947552155"/>
    <nd ref="3719451248"/>
    <tag k="highway" v="primary"/>
    <tag k="name" v="環状三号線"/>
    <tag k="official_name" v="環状第3号線 支線1"/>
    <tag k="oneway" v="yes"/>
    <tag k="ref" v="319"/>
    <tag k="surface" v="asphalt"/>
  </way>
  <way id="368083811">
    <nd ref="1312684867"/>
    <nd ref="1312684805"/>
    <nd ref="346191041"/>
    <nd ref="346191136"/>
    <tag k="highway" v="unclassified"/>
    <tag k="oneway" v="yes"/>
    <tag k="source" v="Bing 2010"/>
    <tag k="surface" v="paved"/>
  </way>
  <way id="368083812">
    <nd ref="3719451231"/>
    <nd ref="4290734080"/>
    <nd ref="3719451226"/>
    <nd ref="3719451234"/>
    <tag k="highway" v="primary_link"/>
    <tag k="official_name" v="環状第3号線 支線1"/>
    <tag k="oneway" v="yes"/>
    <tag k="surface" v="asphalt"/>
  </way>
  <way id="368083817">
    <nd ref="1847701558"/>
    <nd ref="343860981"/>
    <nd ref="3762940758"/>
    <nd ref="3762940761"/>
    <tag k="highway" v="tertiary"/>
    <tag k="oneway" v="yes"/>
    <tag k="surface" v="asphalt"/>
  </way>
  <way id="376499341">
    <nd ref="31300423"/>
    <nd ref="5536580180"/>
    <nd ref="569023648"/>
    <nd ref="31300424"/>
    <tag k="access" v="yes"/>
    <tag k="highway" v="trunk"/>
    <tag k="lanes" v="3"/>
    <tag k="maxspeed" v="60"/>
    <tag k="name" v="東京湾岸道路"/>
    <tag k="name:en" v="Tokyo Wangan Road"/>
    <tag k="name:es" v="Calle Wangan"/>
    <tag k="name:ja" v="東京湾岸道路"/>
    <tag k="name:ja-Hira" v="とうきょうわんがんどうろ"/>
    <tag k="name:ja-Latn" v="Tōkyō Wangan Dōro"/>
    <tag k="name:ko" v="도쿄 완간로"/>
    <tag k="nat_name" v="国道357号"/>
    <tag k="nat_name:en" v="National Highway Route 357"/>
    <tag k="nat_name:ja" v="国道357号"/>
    <tag k="oneway" v="yes"/>
    <tag k="ref" v="357"/>
    <tag k="source" v="GSImaps/ort"/>
    <tag k="surface" v="asphalt"/>
  </way>
  <way id="376769524">
    <nd ref="6120712988"/>
    <nd ref="1426116992"/>
    <nd ref="1739073409"/>
    <nd ref="9916547555"/>
    <nd ref="1426117007"/>
    <nd ref="1739073427"/>
    <nd ref="8189187954"/>
    <nd ref="305102456"/>
    <nd ref="8189187969"/>
    <nd ref="1739073443"/>
    <nd ref="1739073448"/>
    <nd ref="6024037258"/>
    <nd ref="1739073458"/>
    <nd ref="305102430"/>
    <nd ref="6024037265"/>
    <nd ref="6024037252"/>
    <nd ref="6024037256"/>
    <nd ref="569054321"/>
    <nd ref="6024037263"/>
    <nd ref="6014165798"/>
    <nd ref="6021308131"/>
    <nd ref="569054325"/>
    <nd ref="6021308132"/>
    <nd ref="6021308134"/>
    <nd ref="6021308136"/>
    <nd ref="305102416"/>
    <nd ref="305102417"/>
    <nd ref="305102418"/>
    <nd ref="6138931284"/>
    <nd ref="6021303820"/>
    <nd ref="569054317"/>
    <tag k="highway" v="tertiary"/>
    <tag k="maxspeed" v="40"/>
    <tag k="surface" v="asphalt"/>
  </way>
  <way id="382680734">
    <nd ref="3717260618"/>
    <nd ref="8320158978"/>
    <nd ref="6326669012"/>
    <tag k="access" v="yes"/>
    <tag k="bridge" v="yes"/>
    <tag k="highway" v="trunk"/>
    <tag k="lanes" v="3"/>
    <tag k="layer" v="2"/>
    <tag k="maxspeed" v="60"/>
    <tag k="name" v="東京湾岸道路"/>
    <tag k="name:en" v="Tokyo Wangan Road"/>
    <tag k="name:es" v="Calle Wangan"/>
    <tag k="name:ja" v="東京湾岸道路"/>
    <tag k="name:ko" v="도쿄 완간로"/>
    <tag k="nat_name" v="国道357号"/>
    <tag k="nat_name:en" v="National Highway Route 357"/>
    <tag k="nat_name:ja" v="国道357号"/>
    <tag k="oneway" v="yes"/>
    <tag k="ref" v="357"/>
    <tag k="surface" v="asphalt"/>
  </way>
  <way id="382681595">
    <nd ref="3717275450"/>
    <nd ref="8810891637"/>
    <nd ref="3717275453"/>
    <nd ref="3717275438"/>
    <nd ref="3717260617"/>
    <nd ref="8320265008"/>
    <nd ref="3717275444"/>
    <nd ref="6439922840"/>
    <nd ref="3717284598"/>
    <nd ref="3717260620"/>
    <nd ref="4749142818"/>
    <nd ref="3717275440"/>
    <nd ref="3717275437"/>
    <nd ref="7425607296"/>
    <nd ref="3717275449"/>
    <nd ref="7425607298"/>
    <nd ref="7425607297"/>
    <nd ref="3717275428"/>
    <nd ref="3717275436"/>
    <nd ref="8320158996"/>
    <nd ref="4004284189"/>
    <nd ref="3717275429"/>
    <nd ref="3717275445"/>
    <tag k="bridge" v="yes"/>
    <tag k="highway" v="trunk"/>
    <tag k="lanes" v="2"/>
    <tag k="layer" v="2"/>
    <tag k="maxspeed" v="60"/>
    <tag k="name" v="東京湾岸道路"/>
    <tag k="name:en" v="Tokyo Wangan Road"/>
    <tag k="name:es" v="Calle Wangan"/>
    <tag k="name:ja" v="東京湾岸道路"/>
    <tag k="name:ko" v="도쿄 완간로"/>
    <tag k="nat_name" v="国道357号"/>
    <tag k="nat_name:en" v="National Highway Route 357"/>
    <tag k="nat_name:ja" v="国道357号"/>
    <tag k="oneway" v="yes"/>
    <tag k="ref" v="357"/>
    <tag k="surface" v="paved"/>
  </way>
  <way id="388577152">
    <nd ref="569037406"/>
    <nd ref="1667171338"/>
    <nd ref="569037404"/>
    <tag k="highway" v="primary"/>
    <tag k="lanes" v="2"/>
    <tag k="maxspeed" v="50"/>
    <tag k="name" v="三ツ目通り"/>
    <tag k="name:en" v="Mitsume-dori"/>
    <tag k="name:es" v="Calle Mitsume"/>
    <tag k="oneway" v="yes"/>
    <tag k="ref" v="319"/>
    <tag k="surface" v="paved"/>
  </way>
  <way id="388577158">
    <nd ref="569023650"/>
    <nd ref="3996084575"/>
    <nd ref="3996084573"/>
    <nd ref="2194543449"/>
    <nd ref="1158437284"/>
    <tag k="highway" v="primary"/>
    <tag k="lanes" v="3"/>
    <tag k="name" v="晴海通り"/>
    <tag k="name:en" v="Harumi-dori Avenue"/>
    <tag k="name:es" v="Calle Harumi"/>
    <tag k="name:ja" v="晴海通り"/>
    <tag k="oneway" v="yes"/>
    <tag k="ref" v="304"/>
    <tag k="smoothness" v="excellent"/>
    <tag k="surface" v="asphalt"/>
  </way>
  <way id="388577160">
    <nd ref="568460499"/>
    <nd ref="6275152146"/>
    <nd ref="5536579846"/>
    <nd ref="31300424"/>
    <tag k="highway" v="primary"/>
    <tag k="name" v="晴海通り"/>
    <tag k="name:en" v="Harumi-dori Avenue"/>
    <tag k="name:es" v="Calle Harumi"/>
    <tag k="name:ja" v="晴海通り"/>
    <tag k="oneway" v="yes"/>
    <tag k="ref" v="304"/>
  </way>
  <way id="388577161">
    <nd ref="2629159574"/>
    <nd ref="11407212850"/>
    <nd ref="569023647"/>
    <nd ref="11407212852"/>
    <nd ref="569025069"/>
    <nd ref="11407188723"/>
    <nd ref="569023691"/>
    <tag k="highway" v="primary"/>
    <tag k="lanes" v="3"/>
    <tag k="name" v="晴海通り"/>
    <tag k="name:en" v="Harumi-dori Avenue"/>
    <tag k="name:es" v="Calle Harumi"/>
    <tag k="name:ja" v="晴海通り"/>
    <tag k="oneway" v="yes"/>
    <tag k="ref" v="304"/>
    <tag k="smoothness" v="excellent"/>
    <tag k="surface" v="asphalt"/>
  </way>
  <way id="388577162">
    <nd ref="569023645"/>
    <nd ref="569023648"/>
    <nd ref="5536580094"/>
    <nd ref="6275152145"/>
    <nd ref="1621585494"/>
    <tag k="highway" v="primary"/>
    <tag k="name" v="晴海通り"/>
    <tag k="name:en" v="Harumi-dori Avenue"/>
    <tag k="name:es" v="Calle Harumi"/>
    <tag k="name:ja" v="晴海通り"/>
    <tag k="name:ja-Hira" v="はるみどおり"/>
    <tag k="name:ja-Latn" v="Harumi Dōri"/>
    <tag k="oneway" v="yes"/>
    <tag k="ref" v="304"/>
    <tag k="surface" v="asphalt"/>
  </way>
  <way id="388577163">
    <nd ref="261015592"/>
    <nd ref="11407188722"/>
    <nd ref="5875526451"/>
    <nd ref="11407245516"/>
    <nd ref="11407212851"/>
    <nd ref="568460505"/>
    <nd ref="11407212849"/>
    <nd ref="2629159585"/>
    <tag k="highway" v="primary"/>
    <tag k="lanes" v="4"/>
    <tag k="name" v="晴海通り"/>
    <tag k="name:en" v="Harumi-dori Avenue"/>
    <tag k="name:es" v="Calle Harumi"/>
    <tag k="name:ja" v="晴海通り"/>
    <tag k="oneway" v="yes"/>
    <tag k="ref" v="304"/>
    <tag k="smoothness" v="excellent"/>
    <tag k="surface" v="asphalt"/>
  </way>
  <way id="388577165">
    <nd ref="1158437287"/>
    <nd ref="1158437269"/>
    <nd ref="9478433510"/>
    <nd ref="5812615690"/>
    <nd ref="11684020804"/>
    <nd ref="569023651"/>
    <tag k="highway" v="primary"/>
    <tag k="lanes" v="4"/>
    <tag k="name" v="晴海通り"/>
    <tag k="name:en" v="Harumi-dori Avenue"/>
    <tag k="name:es" v="Calle Harumi"/>
    <tag k="name:ja" v="晴海通り"/>
    <tag k="oneway" v="yes"/>
    <tag k="ref" v="304"/>
    <tag k="surface" v="asphalt"/>
  </way>
  <way id="388577167">
    <nd ref="1847701183"/>
    <nd ref="5536580033"/>
    <nd ref="31300430"/>
    <nd ref="569023645"/>
    <tag k="access" v="yes"/>
    <tag k="highway" v="trunk"/>
    <tag k="maxspeed" v="60"/>
    <tag k="name" v="東京湾岸道路"/>
    <tag k="name:en" v="Tokyo Wangan Road"/>
    <tag k="name:es" v="Calle Wangan"/>
    <tag k="name:ja" v="東京湾岸道路"/>
    <tag k="name:ja-Hira" v="とうきょうわんがんどうろ"/>
    <tag k="name:ja-Latn" v="Tōkyō Wangan Dōro"/>
    <tag k="name:ko" v="도쿄 완간로"/>
    <tag k="nat_name" v="国道357号"/>
    <tag k="nat_name:en" v="National Highway Route 357"/>
    <tag k="nat_name:ja" v="国道357号"/>
    <tag k="oneway" v="yes"/>
    <tag k="ref" v="357"/>
    <tag k="surface" v="asphalt"/>
  </way>
  <way id="388577168">
    <nd ref="3717275445"/>
    <nd ref="8320158998"/>
    <nd ref="8320158997"/>
    <nd ref="3717275447"/>
    <nd ref="8320158993"/>
    <nd ref="8320158994"/>
    <nd ref="8320158995"/>
    <nd ref="10221549974"/>
    <nd ref="269483952"/>
    <tag k="access" v="yes"/>
    <tag k="highway" v="trunk"/>
    <tag k="maxspeed" v="60"/>
    <tag k="name" v="東京湾岸道路"/>
    <tag k="name:en" v="Tokyo Wangan Road"/>
    <tag k="name:es" v="Calle Wangan"/>
    <tag k="name:ja" v="東京湾岸道路"/>
    <tag k="name:ko" v="도쿄 완간로"/>
    <tag k="nat_name" v="国道357号"/>
    <tag k="nat_name:en" v="National Highway Route 357"/>
    <tag k="nat_name:ja" v="国道357号"/>
    <tag k="oneway" v="yes"/>
    <tag k="ref" v="357"/>
    <tag k="surface" v="paved"/>
  </way>
  <way id="425464569">
    <nd ref="1947552054"/>
    <nd ref="1947552055"/>
    <nd ref="1947552085"/>
    <tag k="bridge" v="yes"/>
    <tag k="cycleway:left" v="shared_lane"/>
    <tag k="highway" v="primary"/>
    <tag k="layer" v="1"/>
    <tag k="name" v="三ツ目通り"/>
    <tag k="name:en" v="Mitsume-dori"/>
    <tag k="name:es" v="Calle Mitsume"/>
    <tag k="oneway" v="yes"/>
    <tag k="ref" v="319"/>
  </way>
  <way id="425464570">
    <nd ref="1947551999"/>
    <nd ref="1947552003"/>
    <nd ref="1947552015"/>
    <nd ref="1947552025"/>
    <nd ref="1947552028"/>
    <nd ref="1947552034"/>
    <nd ref="8514439649"/>
    <nd ref="1947552044"/>
    <nd ref="1947552054"/>
    <tag k="highway" v="primary"/>
    <tag k="name" v="三ツ目通り"/>
    <tag k="name:en" v="Mitsume-dori"/>
    <tag k="name:es" v="Calle Mitsume"/>
    <tag k="oneway" v="yes"/>
    <tag k="ref" v="319"/>
  </way>
  <way id="425640363">
    <nd ref="343061961"/>
    <nd ref="31337502"/>
    <nd ref="1947552172"/>
    <nd ref="1947552159"/>
    <nd ref="4249288732"/>
    <tag k="cycleway:left" v="shared_lane"/>
    <tag k="highway" v="primary"/>
    <tag k="name" v="三ツ目通り"/>
    <tag k="name:en" v="Mitsume-dori"/>
    <tag k="name:es" v="Calle Mitsume"/>
    <tag k="oneway" v="yes"/>
    <tag k="ref" v="319"/>
  </way>
  <way id="425640364">
    <nd ref="4249288731"/>
    <nd ref="765039581"/>
    <nd ref="8514439650"/>
    <nd ref="765039594"/>
    <nd ref="1947552029"/>
    <tag k="highway" v="primary"/>
    <tag k="name" v="三ツ目通り"/>
    <tag k="name:en" v="Mitsume-dori"/>
    <tag k="name:es" v="Calle Mitsume"/>
    <tag k="oneway" v="yes"/>
    <tag k="ref" v="319"/>
  </way>
  <way id="429714228">
    <nd ref="569023685"/>
    <nd ref="1667171309"/>
    <nd ref="1667171313"/>
    <nd ref="9479552331"/>
    <nd ref="5875526470"/>
    <nd ref="1667171312"/>
    <nd ref="11407188721"/>
    <nd ref="261015592"/>
    <tag k="highway" v="tertiary"/>
    <tag k="lanes" v="2"/>
    <tag k="smoothness" v="excellent"/>
    <tag k="surface" v="asphalt"/>
  </way>
  <way id="429870959">
    <nd ref="1947552029"/>
    <nd ref="8514439652"/>
    <nd ref="1947552032"/>
    <nd ref="344380884"/>
    <nd ref="1312684867"/>
    <nd ref="1312684808"/>
    <nd ref="6986418845"/>
    <nd ref="569045325"/>
    <tag k="highway" v="tertiary"/>
    <tag k="name" v="特別区道江147号"/>
    <tag k="ref" v="3147"/>
    <tag k="source" v="Bing 2010"/>
    <tag k="surface" v="paved"/>
  </way>
  <way id="441624830">
    <nd ref="569048143"/>
    <nd ref="11182657998"/>
    <nd ref="11182657976"/>
    <nd ref="1859942070"/>
    <nd ref="569048138"/>
    <nd ref="1859942078"/>
    <nd ref="1859942080"/>
    <nd ref="1859942084"/>
    <nd ref="569048139"/>
    <tag k="highway" v="tertiary"/>
    <tag k="oneway" v="yes"/>
  </way>
  <way id="486276925">
    <nd ref="1426116895"/>
    <nd ref="9916547556"/>
    <tag k="highway" v="tertiary"/>
    <tag k="motor_vehicle" v="no"/>
    <tag k="psv" v="yes"/>
    <tag k="source" v="Bing,2007-03"/>
    <tag k="surface" v="asphalt"/>
  </way>
  <way id="491027863">
    <nd ref="1851017062"/>
    <nd ref="4831922630"/>
    <nd ref="4831922629"/>
    <nd ref="4831922628"/>
    <nd ref="4831922627"/>
    <nd ref="4831922626"/>
    <nd ref="4831922625"/>
    <nd ref="4831922624"/>
    <nd ref="4831922623"/>
    <nd ref="4831922622"/>
    <nd ref="4831922621"/>
    <nd ref="4831922620"/>
    <nd ref="4831922619"/>
    <nd ref="4831922618"/>
    <nd ref="4831922617"/>
    <tag k="highway" v="tertiary_link"/>
    <tag k="lanes" v="1"/>
    <tag k="oneway" v="yes"/>
    <tag k="source" v="GSImaps/std"/>
  </way>
  <way id="528899354">
    <nd ref="3719451248"/>
    <nd ref="3719451243"/>
    <nd ref="1947552153"/>
    <nd ref="1947552151"/>
    <tag k="highway" v="tertiary"/>
    <tag k="oneway" v="yes"/>
    <tag k="surface" v="asphalt"/>
  </way>
  <way id="528899356">
    <nd ref="3719451248"/>
    <nd ref="765040027"/>
    <nd ref="765040028"/>
    <nd ref="3719451234"/>
    <nd ref="4445013329"/>
    <nd ref="765040026"/>
    <tag k="highway" v="primary"/>
    <tag k="name" v="環状三号線"/>
    <tag k="official_name" v="環状第3号線 支線1"/>
    <tag k="oneway" v="yes"/>
    <tag k="ref" v="319"/>
    <tag k="surface" v="asphalt"/>
  </way>
  <way id="528899357">
    <nd ref="3762940761"/>
    <nd ref="3719451250"/>
    <nd ref="1847701559"/>
    <nd ref="3762939656"/>
    <nd ref="3719451233"/>
    <tag k="highway" v="tertiary"/>
    <tag k="oneway" v="yes"/>
    <tag k="surface" v="asphalt"/>
  </way>
  <way id="528899359">
    <nd ref="3762940761"/>
    <nd ref="1947552156"/>
    <nd ref="8729016226"/>
    <nd ref="1947552180"/>
    <nd ref="10647949076"/>
    <nd ref="1947552193"/>
    <tag k="highway" v="primary"/>
    <tag k="name" v="環状三号線"/>
    <tag k="official_name" v="環状第3号線 支線1"/>
    <tag k="oneway" v="yes"/>
    <tag k="ref" v="319"/>
    <tag k="surface" v="asphalt"/>
  </way>
  <way id="577567019">
    <nd ref="568457682"/>
    <nd ref="5536580107"/>
    <nd ref="5536580004"/>
    <nd ref="568457676"/>
    <tag k="highway" v="tertiary"/>
  </way>
  <way id="577567024">
    <nd ref="31300424"/>
    <nd ref="31300430"/>
    <tag k="highway" v="primary"/>
    <tag k="name" v="晴海通り"/>
    <tag k="name:en" v="Harumi Dori"/>
    <tag k="name:es" v="Calle Harumi"/>
    <tag k="name:ja" v="晴海通り"/>
    <tag k="name:ja-Hira" v="はるみどおり"/>
    <tag k="name:ja-Latn" v="Harumi Dōri"/>
    <tag k="oneway" v="yes"/>
    <tag k="ref" v="304"/>
    <tag k="surface" v="asphalt"/>
  </way>
  <way id="623362974">
    <nd ref="5887148630"/>
    <nd ref="5887148624"/>
    <nd ref="5887148607"/>
    <nd ref="11422147030"/>
    <nd ref="569023669"/>
    <tag k="highway" v="tertiary"/>
    <tag k="lanes" v="3"/>
    <tag k="lit" v="yes"/>
    <tag k="maxspeed" v="40"/>
    <tag k="oneway" v="yes"/>
    <tag k="smoothness" v="excellent"/>
    <tag k="surface" v="asphalt"/>
  </way>
  <way id="623362978">
    <nd ref="5887148594"/>
    <nd ref="569023693"/>
    <nd ref="569023650"/>
    <tag k="highway" v="tertiary"/>
    <tag k="lanes" v="4"/>
    <tag k="lit" v="yes"/>
    <tag k="maxheight" v="default"/>
    <tag k="maxspeed" v="40"/>
    <tag k="oneway" v="yes"/>
    <tag k="smoothness" v="excellent"/>
    <tag k="surface" v="asphalt"/>
  </way>
  <way id="638577586">
    <nd ref="9916547556"/>
    <nd ref="1426116906"/>
    <tag k="highway" v="tertiary"/>
    <tag k="oneway" v="yes"/>
    <tag k="source" v="Bing,2007-03"/>
    <tag k="surface" v="asphalt"/>
  </way>
  <way id="638577587">
    <nd ref="9916547556"/>
    <nd ref="9482722699"/>
    <nd ref="9482722698"/>
    <nd ref="6018202816"/>
    <nd ref="10300633241"/>
    <nd ref="6018202817"/>
    <tag k="highway" v="unclassified"/>
    <tag k="oneway" v="yes"/>
    <tag k="surface" v="asphalt"/>
  </way>
  <way id="648408839">
    <nd ref="1947552005"/>
    <nd ref="765039600"/>
    <nd ref="11465153913"/>
    <nd ref="1312684871"/>
    <nd ref="11464811760"/>
    <nd ref="281657402"/>
    <tag k="cycleway:both" v="shared_lane"/>
    <tag k="cycleway:both:lane" v="pictogram"/>
    <tag k="highway" v="tertiary"/>
    <tag k="lanes" v="4"/>
    <tag k="source" v="Bing 2010"/>
    <tag k="surface" v="asphalt"/>
  </way>
  <way id="648435887">
    <nd ref="569040174"/>
    <nd ref="31300479"/>
    <nd ref="6439922841"/>
    <nd ref="269483952"/>
    <tag k="highway" v="primary"/>
    <tag k="name" v="三ツ目通り"/>
    <tag k="name:en" v="Mitsume-dori"/>
    <tag k="name:es" v="Calle Mitsume"/>
    <tag k="oneway" v="yes"/>
    <tag k="ref" v="319"/>
  </way>
  <way id="648435888">
    <nd ref="569040177"/>
    <nd ref="10265533595"/>
    <nd ref="1851017525"/>
    <nd ref="1733694677"/>
    <nd ref="569040175"/>
    <tag k="highway" v="tertiary"/>
  </way>
  <way id="648435889">
    <nd ref="569037404"/>
    <nd ref="9720837091"/>
    <nd ref="569037402"/>
    <nd ref="10297665275"/>
    <nd ref="1847701515"/>
    <nd ref="1847701516"/>
    <nd ref="10297665273"/>
    <nd ref="569037372"/>
    <nd ref="569037383"/>
    <nd ref="6788586201"/>
    <nd ref="569037384"/>
    <tag k="highway" v="primary"/>
    <tag k="lanes" v="2"/>
    <tag k="maxspeed" v="50"/>
    <tag k="name" v="三ツ目通り"/>
    <tag k="name:en" v="Mitsume-dori"/>
    <tag k="name:es" v="Calle Mitsume"/>
    <tag k="oneway" v="yes"/>
    <tag k="ref" v="319"/>
    <tag k="surface" v="paved"/>
  </way>
  <way id="648435890">
    <nd ref="569037404"/>
    <nd ref="569040174"/>
    <tag k="highway" v="tertiary"/>
  </way>
  <way id="648435891">
    <nd ref="569040169"/>
    <nd ref="569040168"/>
    <nd ref="6156556459"/>
    <nd ref="569040172"/>
    <tag k="destination:ref" v="319"/>
    <tag k="highway" v="primary_link"/>
    <tag k="lanes" v="1"/>
    <tag k="maxspeed" v="50"/>
    <tag k="name" v="三ツ目通り"/>
    <tag k="name:en" v="Mitsume-dori"/>
    <tag k="name:es" v="Calle Mitsume"/>
    <tag k="oneway" v="yes"/>
    <tag k="surface" v="paved"/>
  </way>
  <way id="648435892">
    <nd ref="569037378"/>
    <nd ref="6156556447"/>
    <nd ref="569037400"/>
    <nd ref="569037384"/>
    <tag k="destination:ref" v="319"/>
    <tag k="highway" v="primary_link"/>
    <tag k="lanes" v="1"/>
    <tag k="name" v="三ツ目通り"/>
    <tag k="name:en" v="Mitsume-dori"/>
    <tag k="name:es" v="Calle Mitsume"/>
    <tag k="oneway" v="yes"/>
  </way>
  <way id="648435893">
    <nd ref="569037378"/>
    <nd ref="569037372"/>
    <nd ref="1312684872"/>
    <nd ref="10297665270"/>
    <nd ref="1733695012"/>
    <nd ref="6229707220"/>
    <nd ref="569040148"/>
    <tag k="highway" v="tertiary"/>
  </way>
  <way id="648435894">
    <nd ref="569040148"/>
    <nd ref="6229707218"/>
    <nd ref="569040178"/>
    <tag k="highway" v="tertiary"/>
  </way>
  <way id="671522408">
    <nd ref="569076908"/>
    <nd ref="569076907"/>
    <nd ref="1672743153"/>
    <nd ref="569076890"/>
    <nd ref="1350752447"/>
    <nd ref="1672743235"/>
    <nd ref="569076891"/>
    <nd ref="6288432052"/>
    <nd ref="569076892"/>
    <nd ref="1770289021"/>
    <nd ref="569076893"/>
    <nd ref="1770289022"/>
    <nd ref="569076894"/>
    <nd ref="569076934"/>
    <nd ref="1350750282"/>
    <nd ref="569076912"/>
    <nd ref="569076895"/>
    <nd ref="569076896"/>
    <nd ref="569076897"/>
    <nd ref="569076898"/>
    <nd ref="569076899"/>
    <nd ref="569076900"/>
    <nd ref="569076901"/>
    <nd ref="1957795454"/>
    <nd ref="1957795467"/>
    <nd ref="1957795494"/>
    <nd ref="6236332676"/>
    <nd ref="3906282298"/>
    <nd ref="569076867"/>
    <tag k="highway" v="tertiary"/>
    <tag k="source" v="Bing"/>
    <tag k="surface" v="asphalt"/>
  </way>
  <way id="673085464">
    <nd ref="569040130"/>
    <nd ref="569040131"/>
    <nd ref="10298335684"/>
    <nd ref="569040132"/>
    <nd ref="569040133"/>
    <nd ref="569040134"/>
    <nd ref="569040135"/>
    <nd ref="1667171506"/>
    <nd ref="569040136"/>
    <nd ref="4835901808"/>
    <nd ref="10298335652"/>
    <nd ref="569040166"/>
    <nd ref="10298335646"/>
    <nd ref="10298335686"/>
    <nd ref="4835829228"/>
    <nd ref="1667171523"/>
    <nd ref="9706241948"/>
    <nd ref="1667171524"/>
    <nd ref="6303243952"/>
    <nd ref="1667171525"/>
    <nd ref="569040168"/>
    <tag k="highway" v="tertiary"/>
    <tag k="oneway" v="yes"/>
  </way>
  <way id="682462417">
    <nd ref="361147579"/>
    <nd ref="4033377413"/>
    <nd ref="1817879138"/>
    <tag k="highway" v="tertiary"/>
    <tag k="oneway" v="yes"/>
    <tag k="surface" v="asphalt"/>
  </way>
  <way id="682462418">
    <nd ref="361147569"/>
    <nd ref="5536579978"/>
    <nd ref="5536580139"/>
    <nd ref="361147579"/>
    <tag k="highway" v="tertiary"/>
    <tag k="oneway" v="yes"/>
    <tag k="surface" v="asphalt"/>
  </way>
  <way id="682476161">
    <nd ref="568457676"/>
    <nd ref="5536580062"/>
    <nd ref="5536580264"/>
    <nd ref="568457674"/>
    <tag k="highway" v="tertiary"/>
    <tag k="oneway" v="yes"/>
    <tag k="surface" v="asphalt"/>
  </way>
  <way id="682476162">
    <nd ref="568457678"/>
    <nd ref="568457676"/>
    <tag k="highway" v="tertiary"/>
    <tag k="oneway" v="yes"/>
    <tag k="surface" v="asphalt"/>
  </way>
  <way id="682476163">
    <nd ref="569040170"/>
    <nd ref="569040171"/>
    <nd ref="8256227349"/>
    <nd ref="269483950"/>
    <nd ref="9720837092"/>
    <nd ref="569040174"/>
    <tag k="highway" v="primary"/>
    <tag k="lanes" v="3"/>
    <tag k="name" v="三ツ目通り"/>
    <tag k="name:en" v="Mitsume-dori"/>
    <tag k="name:es" v="Calle Mitsume"/>
    <tag k="oneway" v="yes"/>
    <tag k="ref" v="319"/>
  </way>
  <way id="682718130">
    <nd ref="1947551999"/>
    <nd ref="1947552000"/>
    <tag k="cycleway:both" v="no"/>
    <tag k="highway" v="tertiary"/>
    <tag k="lanes" v="4"/>
    <tag k="maxheight" v="default"/>
    <tag k="source" v="Bing 2010"/>
    <tag k="surface" v="asphalt"/>
  </way>
  <way id="743671371">
    <nd ref="4290734081"/>
    <nd ref="9459406885"/>
    <nd ref="4290734078"/>
    <nd ref="3719451228"/>
    <tag k="highway" v="primary"/>
    <tag k="name" v="環状三号線"/>
    <tag k="official_name" v="環状第3号線 支線1"/>
    <tag k="oneway" v="yes"/>
    <tag k="ref" v="319"/>
    <tag k="surface" v="asphalt"/>
  </way>
  <way id="743671372">
    <nd ref="344188060"/>
    <nd ref="4290734079"/>
    <nd ref="1947552014"/>
    <nd ref="1947552005"/>
    <tag k="highway" v="tertiary"/>
    <tag k="name" v="特別区道江147号"/>
    <tag k="ref" v="3147"/>
    <tag k="source" v="Bing 2010"/>
    <tag k="surface" v="paved"/>
  </way>
  <way id="817912285">
    <nd ref="3717284601"/>
    <nd ref="9090084446"/>
    <nd ref="9090084445"/>
    <nd ref="1784227990"/>
    <tag k="bicycle" v="no"/>
    <tag k="carriageway" v="2"/>
    <tag k="destination:bridge:name" v="東京ゲートブリッジ"/>
    <tag k="destination:bridge:name:en" v="Tokyo Gate Bridge"/>
    <tag k="destination:bridge:name:ja" v="東京ゲートブリッジ"/>
    <tag k="foot" v="use_sidepath"/>
    <tag k="foot:conditional" v="no @ (roadway); yes @ (sidewalk)"/>
    <tag k="highway" v="tertiary"/>
    <tag k="lanes" v="2"/>
    <tag k="mofa" v="no"/>
    <tag k="motor_vehicle" v="yes"/>
    <tag k="name" v="東京港臨海道路"/>
    <tag k="name:en" v="Tokyo Minato Rinkai Road"/>
    <tag k="name:es" v="Carretera costera del puerto de Tokio"/>
    <tag k="name:ja_rm" v="Tōkyō Minato rinkai dōro"/>
    <tag k="oneway" v="yes"/>
    <tag k="vehicle" v="no"/>
  </way>
  <way id="916714465">
    <nd ref="1947552024"/>
    <nd ref="8514439647"/>
    <nd ref="1947552027"/>
    <nd ref="1947552028"/>
    <nd ref="1947552029"/>
    <tag k="highway" v="tertiary"/>
    <tag k="lanes" v="2"/>
    <tag k="name" v="特別区道江147号"/>
    <tag k="oneway" v="yes"/>
    <tag k="ref" v="3147"/>
    <tag k="turn:lanes" v="through|right"/>
  </way>
  <way id="991009315">
    <nd ref="9156526704"/>
    <nd ref="9156526705"/>
    <nd ref="9156526706"/>
    <nd ref="9156526707"/>
    <nd ref="9156526708"/>
    <nd ref="9156526709"/>
    <nd ref="9156526710"/>
    <nd ref="8810891639"/>
    <tag k="highway" v="trunk_link"/>
    <tag k="oneway" v="yes"/>
  </way>
  <way id="1025991809">
    <nd ref="569045307"/>
    <nd ref="346192017"/>
    <tag k="cycleway:both" v="no"/>
    <tag k="highway" v="tertiary"/>
    <tag k="lane_markings" v="no"/>
    <tag k="surface" v="asphalt"/>
  </way>
  <way id="1027009172">
    <nd ref="569023694"/>
    <nd ref="6274979131"/>
    <nd ref="569023664"/>
    <nd ref="11407188724"/>
    <nd ref="569023691"/>
    <tag k="highway" v="tertiary"/>
    <tag k="maxspeed" v="50"/>
  </way>
  <way id="1027009173">
    <nd ref="1621585472"/>
    <nd ref="6275113622"/>
    <nd ref="5536579075"/>
    <nd ref="569023695"/>
    <tag k="highway" v="tertiary"/>
    <tag k="source" v="GSImaps/ort"/>
    <tag k="surface" v="asphalt"/>
  </way>
  <way id="1027009174">
    <nd ref="1621585472"/>
    <nd ref="6275113620"/>
    <nd ref="569025090"/>
    <tag k="highway" v="tertiary"/>
    <tag k="source" v="Bing,2007"/>
  </way>
  <way id="1028241261">
    <nd ref="568460499"/>
    <nd ref="1621585494"/>
    <tag k="highway" v="tertiary"/>
  </way>
  <way id="1028241262">
    <nd ref="2629159585"/>
    <nd ref="6275152140"/>
    <nd ref="568460499"/>
    <tag k="highway" v="primary"/>
    <tag k="name" v="晴海通り"/>
    <tag k="name:en" v="Harumi-dori Avenue"/>
    <tag k="name:es" v="Calle Harumi"/>
    <tag k="name:ja" v="晴海通り"/>
    <tag k="oneway" v="yes"/>
    <tag k="ref" v="304"/>
    <tag k="surface" v="asphalt"/>
  </way>
  <way id="1028241263">
    <nd ref="1621585494"/>
    <nd ref="6275152139"/>
    <nd ref="2629159574"/>
    <tag k="highway" v="primary"/>
    <tag k="name" v="晴海通り"/>
    <tag k="name:en" v="Harumi-dori Avenue"/>
    <tag k="name:es" v="Calle Harumi"/>
    <tag k="name:ja" v="晴海通り"/>
    <tag k="name:ja-Hira" v="はるみどおり"/>
    <tag k="name:ja-Latn" v="Harumi Dōri"/>
    <tag k="oneway" v="yes"/>
    <tag k="ref" v="304"/>
    <tag k="surface" v="asphalt"/>
  </way>
  <way id="1028244193">
    <nd ref="568457674"/>
    <nd ref="5536579931"/>
    <nd ref="2194543481"/>
    <nd ref="2194543292"/>
    <nd ref="5536580266"/>
    <nd ref="5536580005"/>
    <nd ref="568457673"/>
    <tag k="highway" v="tertiary"/>
    <tag k="oneway" v="yes"/>
    <tag k="surface" v="asphalt"/>
  </way>
  <way id="1028244194">
    <nd ref="261015030"/>
    <nd ref="5536579874"/>
    <nd ref="5536579866"/>
    <nd ref="1667171209"/>
    <nd ref="5536579951"/>
    <nd ref="5536580022"/>
    <nd ref="361147569"/>
    <tag k="highway" v="tertiary"/>
    <tag k="oneway" v="yes"/>
    <tag k="surface" v="asphalt"/>
  </way>
  <way id="1028258364">
    <nd ref="569023669"/>
    <nd ref="11422147031"/>
    <nd ref="5887148594"/>
    <tag k="highway" v="tertiary"/>
    <tag k="lanes" v="3"/>
    <tag k="lit" v="yes"/>
    <tag k="maxspeed" v="40"/>
    <tag k="oneway" v="yes"/>
    <tag k="smoothness" v="excellent"/>
    <tag k="surface" v="asphalt"/>
  </way>
  <way id="1028258365">
    <nd ref="569023667"/>
    <nd ref="569023669"/>
    <tag k="highway" v="tertiary"/>
    <tag k="lane_markings" v="no"/>
    <tag k="surface" v="asphalt"/>
  </way>
  <way id="1028258366">
    <nd ref="569023666"/>
    <nd ref="5887148597"/>
    <nd ref="11423812249"/>
    <nd ref="569023688"/>
    <nd ref="6275185163"/>
    <nd ref="569023687"/>
    <nd ref="1667171476"/>
    <nd ref="1667171491"/>
    <nd ref="569023686"/>
    <nd ref="1667171500"/>
    <nd ref="1667171503"/>
    <nd ref="11422176193"/>
    <nd ref="569023668"/>
    <tag k="highway" v="tertiary"/>
    <tag k="lanes" v="2"/>
    <tag k="smoothness" v="excellent"/>
    <tag k="surface" v="asphalt"/>
  </way>
  <way id="1028258371">
    <nd ref="569023690"/>
    <nd ref="11423861085"/>
    <nd ref="11423812250"/>
    <nd ref="569023666"/>
    <tag k="highway" v="tertiary"/>
    <tag k="lanes" v="2"/>
    <tag k="smoothness" v="excellent"/>
    <tag k="surface" v="asphalt"/>
  </way>
  <way id="1028258372">
    <nd ref="569023690"/>
    <nd ref="11423861084"/>
    <nd ref="11407188720"/>
    <nd ref="261015592"/>
    <tag k="highway" v="primary"/>
    <tag k="lanes" v="4"/>
    <tag k="name" v="晴海通り"/>
    <tag k="name:en" v="Harumi-dori Avenue"/>
    <tag k="name:es" v="Calle Harumi"/>
    <tag k="name:ja" v="晴海通り"/>
    <tag k="oneway" v="yes"/>
    <tag k="ref" v="304"/>
    <tag k="smoothness" v="excellent"/>
    <tag k="surface" v="asphalt"/>
  </way>
  <way id="1028356637">
    <nd ref="568457673"/>
    <nd ref="261015030"/>
    <tag k="highway" v="tertiary"/>
    <tag k="surface" v="asphalt"/>
  </way>
  <way id="1028570783">
    <nd ref="281657505"/>
    <nd ref="8189180491"/>
    <nd ref="10581968198"/>
    <nd ref="10581968197"/>
    <nd ref="10581968200"/>
    <nd ref="10581968199"/>
    <nd ref="10581968201"/>
    <nd ref="1784227998"/>
    <nd ref="1784227997"/>
    <nd ref="10581968189"/>
    <nd ref="10581968188"/>
    <nd ref="10581968187"/>
    <nd ref="10581968186"/>
    <nd ref="10581968184"/>
    <nd ref="10581968185"/>
    <nd ref="1784227995"/>
    <tag k="highway" v="tertiary"/>
    <tag k="lanes" v="3"/>
    <tag k="name" v="新木場若洲線"/>
    <tag k="name:en" v="Shinkiba-Wakasu Line"/>
    <tag k="name:ja" v="新木場若洲線"/>
    <tag k="name:ja_rm" v="Shinkiba Wakasu Sen"/>
    <tag k="oneway" v="yes"/>
    <tag k="surface" v="paved"/>
  </way>
  <way id="1028570784">
    <nd ref="1817878844"/>
    <nd ref="1817878882"/>
    <tag k="highway" v="tertiary"/>
    <tag k="oneway" v="yes"/>
  </way>
  <way id="1028570785">
    <nd ref="1817878882"/>
    <nd ref="598509719"/>
    <nd ref="1846282208"/>
    <nd ref="1846282156"/>
    <nd ref="1846282032"/>
    <nd ref="1846281905"/>
    <nd ref="598509715"/>
    <nd ref="1846281794"/>
    <nd ref="1846281767"/>
    <nd ref="569052122"/>
    <tag k="highway" v="tertiary"/>
    <tag k="maxspeed" v="40"/>
  </way>
  <way id="1028570786">
    <nd ref="569052122"/>
    <nd ref="1846281573"/>
    <nd ref="305102059"/>
    <nd ref="305102060"/>
    <nd ref="305102061"/>
    <nd ref="305102062"/>
    <nd ref="305102063"/>
    <nd ref="305102064"/>
    <nd ref="305102065"/>
    <nd ref="1817876396"/>
    <nd ref="1817876393"/>
    <nd ref="1817876387"/>
    <nd ref="1817876386"/>
    <nd ref="1817876365"/>
    <nd ref="1817876363"/>
    <nd ref="1817876362"/>
    <nd ref="1817876358"/>
    <nd ref="1817876356"/>
    <nd ref="305102067"/>
    <tag k="highway" v="tertiary"/>
    <tag k="maxspeed" v="40"/>
  </way>
  <way id="1028570789">
    <nd ref="1784227995"/>
    <nd ref="10581968183"/>
    <nd ref="10581968182"/>
    <nd ref="1835155113"/>
    <nd ref="10581968181"/>
    <nd ref="10581968180"/>
    <nd ref="10581968179"/>
    <nd ref="10581968178"/>
    <nd ref="10581968174"/>
    <nd ref="1835156779"/>
    <nd ref="10581968161"/>
    <nd ref="10581968081"/>
    <nd ref="10581968082"/>
    <nd ref="10581968083"/>
    <nd ref="1784227992"/>
    <tag k="highway" v="tertiary"/>
    <tag k="lanes" v="3"/>
    <tag k="name" v="新木場若洲線"/>
    <tag k="name:en" v="Shinkiba-Wakasu Line"/>
    <tag k="name:ja" v="新木場若洲線"/>
    <tag k="name:ja_rm" v="Shinkiba Wakasu Sen"/>
    <tag k="oneway" v="yes"/>
    <tag k="surface" v="paved"/>
  </way>
  <way id="1028570790">
    <nd ref="570753591"/>
    <nd ref="1817878956"/>
    <nd ref="10581968193"/>
    <nd ref="10581968192"/>
    <nd ref="10581968191"/>
    <nd ref="10581968190"/>
    <nd ref="598509718"/>
    <nd ref="1950766342"/>
    <nd ref="1950766617"/>
    <nd ref="1950767016"/>
    <nd ref="1950767329"/>
    <nd ref="10581968194"/>
    <nd ref="10581968195"/>
    <nd ref="10581968196"/>
    <nd ref="8189180493"/>
    <nd ref="569054312"/>
    <nd ref="569054316"/>
    <nd ref="569052124"/>
    <nd ref="31330076"/>
    <tag k="highway" v="tertiary"/>
    <tag k="lanes" v="3"/>
    <tag k="name" v="新木場若洲線"/>
    <tag k="name:en" v="Shinkiba-Wakasu Line"/>
    <tag k="name:ja" v="新木場若洲線"/>
    <tag k="name:ja_rm" v="Shinkiba Wakasu Sen"/>
    <tag k="oneway" v="yes"/>
    <tag k="surface" v="paved"/>
  </way>
  <way id="1028570792">
    <nd ref="570753269"/>
    <nd ref="10143113676"/>
    <nd ref="3719356967"/>
    <nd ref="570752237"/>
    <nd ref="9482722705"/>
    <nd ref="6265692105"/>
    <nd ref="570752236"/>
    <nd ref="8189187976"/>
    <nd ref="570752235"/>
    <nd ref="10143113672"/>
    <nd ref="11129428016"/>
    <nd ref="570752241"/>
    <tag k="highway" v="tertiary"/>
    <tag k="oneway" v="yes"/>
    <tag k="source" v="Bing 2012"/>
    <tag k="surface" v="paved"/>
  </way>
  <way id="1028570793">
    <nd ref="570752242"/>
    <nd ref="11129428015"/>
    <nd ref="1426116954"/>
    <tag k="highway" v="tertiary"/>
    <tag k="oneway" v="yes"/>
    <tag k="source" v="Bing 2012"/>
    <tag k="surface" v="paved"/>
  </way>
  <way id="1028572138">
    <nd ref="569048173"/>
    <nd ref="10581968145"/>
    <nd ref="10581968146"/>
    <nd ref="10581968147"/>
    <nd ref="569048187"/>
    <nd ref="569048188"/>
    <nd ref="10581968148"/>
    <nd ref="10581968139"/>
    <nd ref="10581968138"/>
    <nd ref="569048190"/>
    <nd ref="569048140"/>
    <tag k="highway" v="tertiary"/>
    <tag k="oneway" v="yes"/>
  </way>
  <way id="1028572139">
    <nd ref="569048164"/>
    <nd ref="569048141"/>
    <tag k="highway" v="tertiary"/>
    <tag k="oneway" v="yes"/>
  </way>
  <way id="1028572140">
    <nd ref="569048149"/>
    <nd ref="569048141"/>
    <nd ref="569048143"/>
    <tag k="highway" v="tertiary"/>
    <tag k="oneway" v="yes"/>
  </way>
  <way id="1028572141">
    <nd ref="569048171"/>
    <nd ref="569048170"/>
    <tag k="highway" v="tertiary"/>
  </way>
  <way id="1028572142">
    <nd ref="569048173"/>
    <nd ref="569048171"/>
    <tag k="highway" v="tertiary"/>
  </way>
  <way id="1028572143">
    <nd ref="569048171"/>
    <nd ref="569048176"/>
    <nd ref="569048185"/>
    <tag k="highway" v="tertiary"/>
  </way>
  <way id="1028572144">
    <nd ref="569048185"/>
    <nd ref="569048184"/>
    <tag k="highway" v="tertiary"/>
  </way>
  <way id="1028572145">
    <nd ref="569048145"/>
    <nd ref="569048187"/>
    <nd ref="569048185"/>
    <tag k="highway" v="tertiary"/>
    <tag k="oneway" v="yes"/>
  </way>
  <way id="1028572146">
    <nd ref="569048184"/>
    <nd ref="569048188"/>
    <nd ref="569048147"/>
    <tag k="highway" v="tertiary"/>
    <tag k="oneway" v="yes"/>
  </way>
  <way id="1028572147">
    <nd ref="9482704483"/>
    <nd ref="9090089438"/>
    <nd ref="9090089437"/>
    <nd ref="9090089435"/>
    <nd ref="1637371620"/>
    <tag k="highway" v="tertiary"/>
    <tag k="oneway" v="yes"/>
  </way>
  <way id="1028572148">
    <nd ref="1637371630"/>
    <nd ref="1637371629"/>
    <tag k="highway" v="tertiary"/>
    <tag k="oneway" v="yes"/>
  </way>
  <way id="1028572149">
    <nd ref="1637371622"/>
    <nd ref="1637371624"/>
    <nd ref="10581961257"/>
    <nd ref="10581961256"/>
    <nd ref="1637371627"/>
    <nd ref="10581961263"/>
    <nd ref="10581961264"/>
    <nd ref="10581961265"/>
    <nd ref="10581968104"/>
    <nd ref="1637371629"/>
    <tag k="highway" v="tertiary"/>
    <tag k="lanes" v="3"/>
    <tag k="name" v="新木場若洲線"/>
    <tag k="name:en" v="Shinkiba-Wakasu Line"/>
    <tag k="name:ja" v="新木場若洲線"/>
    <tag k="name:ja_rm" v="Shinkiba Wakasu Sen"/>
    <tag k="oneway" v="yes"/>
  </way>
  <way id="1028572150">
    <nd ref="1637371630"/>
    <nd ref="10581968105"/>
    <nd ref="10581961251"/>
    <nd ref="10581961252"/>
    <nd ref="10581961253"/>
    <nd ref="10581961254"/>
    <nd ref="10581968102"/>
    <nd ref="1637371621"/>
    <tag k="highway" v="tertiary"/>
    <tag k="lanes" v="3"/>
    <tag k="name" v="新木場若洲線"/>
    <tag k="name:en" v="Shinkiba-Wakasu Line"/>
    <tag k="name:ja" v="新木場若洲線"/>
    <tag k="name:ja_rm" v="Shinkiba Wakasu Sen"/>
    <tag k="oneway" v="yes"/>
  </way>
  <way id="1028572152">
    <nd ref="1637371644"/>
    <nd ref="10581968117"/>
    <nd ref="10581961278"/>
    <nd ref="10581961279"/>
    <nd ref="10581961280"/>
    <nd ref="10581968121"/>
    <nd ref="1783172107"/>
    <nd ref="10581961281"/>
    <nd ref="3717294848"/>
    <nd ref="10581961282"/>
    <nd ref="9482704494"/>
    <nd ref="1817876354"/>
    <tag k="highway" v="tertiary"/>
    <tag k="lanes" v="3"/>
    <tag k="name" v="新木場若洲線"/>
    <tag k="name:en" v="Shinkiba-Wakasu Line"/>
    <tag k="name:ja" v="新木場若洲線"/>
    <tag k="name:ja_rm" v="Shinkiba Wakasu Sen"/>
    <tag k="oneway" v="yes"/>
  </way>
  <way id="1028572153">
    <nd ref="1637371644"/>
    <nd ref="3757609832"/>
    <tag k="highway" v="tertiary"/>
    <tag k="oneway" v="yes"/>
  </way>
  <way id="1028572154">
    <nd ref="3757609832"/>
    <nd ref="10581968114"/>
    <nd ref="10581961245"/>
    <nd ref="10581961244"/>
    <nd ref="3757609846"/>
    <nd ref="3757609829"/>
    <nd ref="3717294844"/>
    <nd ref="10581961247"/>
    <nd ref="10581961248"/>
    <nd ref="10581961249"/>
    <nd ref="10581961250"/>
    <nd ref="10581968109"/>
    <nd ref="1637371630"/>
    <tag k="highway" v="tertiary"/>
    <tag k="lanes" v="3"/>
    <tag k="name" v="新木場若洲線"/>
    <tag k="name:en" v="Shinkiba-Wakasu Line"/>
    <tag k="name:ja" v="新木場若洲線"/>
    <tag k="name:ja_rm" v="Shinkiba Wakasu Sen"/>
    <tag k="oneway" v="yes"/>
  </way>
  <way id="1028573260">
    <nd ref="1784227992"/>
    <nd ref="10581968132"/>
    <nd ref="10581968084"/>
    <nd ref="1817876400"/>
    <tag k="highway" v="tertiary"/>
    <tag k="lanes" v="3"/>
    <tag k="name" v="新木場若洲線"/>
    <tag k="name:en" v="Shinkiba-Wakasu Line"/>
    <tag k="name:ja" v="新木場若洲線"/>
    <tag k="name:ja_rm" v="Shinkiba Wakasu Sen"/>
    <tag k="oneway" v="yes"/>
  </way>
  <way id="1028573261">
    <nd ref="569054317"/>
    <nd ref="569054318"/>
    <nd ref="6021303816"/>
    <nd ref="6120712989"/>
    <nd ref="1950768016"/>
    <nd ref="1950767718"/>
    <nd ref="1950767430"/>
    <nd ref="1950767075"/>
    <nd ref="1950766701"/>
    <nd ref="1950766468"/>
    <nd ref="598509717"/>
    <nd ref="1817878882"/>
    <tag k="highway" v="tertiary"/>
    <tag k="maxspeed" v="40"/>
  </way>
  <way id="1028573262">
    <nd ref="569054317"/>
    <nd ref="6138934787"/>
    <nd ref="569054316"/>
    <nd ref="281657505"/>
    <tag k="highway" v="tertiary"/>
    <tag k="oneway" v="yes"/>
  </way>
  <way id="1028573263">
    <nd ref="570753269"/>
    <nd ref="570753270"/>
    <nd ref="10143113679"/>
    <nd ref="1667171267"/>
    <nd ref="1426116791"/>
    <nd ref="6120713004"/>
    <nd ref="570753273"/>
    <tag k="highway" v="tertiary"/>
    <tag k="oneway" v="yes"/>
    <tag k="surface" v="asphalt"/>
  </way>
  <way id="1028573264">
    <nd ref="570753273"/>
    <nd ref="10143113673"/>
    <nd ref="1426116895"/>
    <tag k="highway" v="tertiary"/>
    <tag k="lanes" v="4"/>
    <tag k="lanes:backward" v="2"/>
    <tag k="lanes:forward" v="2"/>
    <tag k="maxspeed" v="40"/>
    <tag k="surface" v="asphalt"/>
  </way>
  <way id="1028574801">
    <nd ref="1817876398"/>
    <nd ref="10581968078"/>
    <nd ref="3717294847"/>
    <nd ref="6161460391"/>
    <nd ref="10581968131"/>
    <nd ref="1784227993"/>
    <tag k="highway" v="tertiary"/>
    <tag k="lanes" v="3"/>
    <tag k="name" v="新木場若洲線"/>
    <tag k="name:en" v="Shinkiba-Wakasu Line"/>
    <tag k="name:ja" v="新木場若洲線"/>
    <tag k="name:ja_rm" v="Shinkiba Wakasu Sen"/>
    <tag k="oneway" v="yes"/>
  </way>
  <way id="1028574802">
    <nd ref="1784227993"/>
    <nd ref="1784227992"/>
    <tag k="highway" v="tertiary"/>
  </way>
  <way id="1028574803">
    <nd ref="569048145"/>
    <nd ref="10581968144"/>
    <nd ref="10581968143"/>
    <nd ref="569048149"/>
    <tag k="highway" v="tertiary"/>
    <tag k="oneway" v="yes"/>
  </way>
  <way id="1028574804">
    <nd ref="569048164"/>
    <nd ref="569048173"/>
    <tag k="highway" v="tertiary"/>
    <tag k="oneway" v="yes"/>
  </way>
  <way id="1028619486">
    <nd ref="1157151990"/>
    <nd ref="11684020803"/>
    <nd ref="344380706"/>
    <nd ref="5887148573"/>
    <nd ref="1158437282"/>
    <nd ref="1158437275"/>
    <tag k="highway" v="primary"/>
    <tag k="lanes" v="4"/>
    <tag k="name" v="晴海通り"/>
    <tag k="name:en" v="Harumi-dori Avenue"/>
    <tag k="name:es" v="Calle Harumi"/>
    <tag k="name:ja" v="晴海通り"/>
    <tag k="oneway" v="yes"/>
    <tag k="ref" v="304"/>
    <tag k="surface" v="asphalt"/>
  </way>
  <way id="1056328000">
    <nd ref="569040167"/>
    <nd ref="10298335647"/>
    <nd ref="10675373576"/>
    <nd ref="4445013404"/>
    <nd ref="10675373582"/>
    <nd ref="1851017530"/>
    <tag k="highway" v="tertiary"/>
  </way>
  <way id="1056328001">
    <nd ref="569040169"/>
    <nd ref="1667171519"/>
    <nd ref="9706241949"/>
    <nd ref="1667171521"/>
    <nd ref="1667171522"/>
    <nd ref="1667171520"/>
    <nd ref="3399626544"/>
    <nd ref="10298335644"/>
    <nd ref="10298335645"/>
    <nd ref="569040167"/>
    <tag k="highway" v="tertiary"/>
    <tag k="oneway" v="yes"/>
  </way>
  <way id="1056328002">
    <nd ref="346192017"/>
    <nd ref="11572123958"/>
    <nd ref="11572128114"/>
    <nd ref="345501204"/>
    <nd ref="569040204"/>
    <tag k="cycleway:left" v="shared_lane"/>
    <tag k="cycleway:left:lane" v="pictogram"/>
    <tag k="highway" v="tertiary"/>
    <tag k="lanes" v="2"/>
    <tag k="oneway" v="yes"/>
    <tag k="surface" v="asphalt"/>
  </way>
  <way id="1056328003">
    <nd ref="346190008"/>
    <nd ref="1821213593"/>
    <nd ref="1821213617"/>
    <nd ref="1821213697"/>
    <nd ref="569045321"/>
    <tag k="cycleway:both" v="shared_lane"/>
    <tag k="cycleway:both:lane" v="pictogram"/>
    <tag k="highway" v="tertiary"/>
    <tag k="lanes" v="2"/>
    <tag k="surface" v="asphalt"/>
  </way>
  <way id="1056328004">
    <nd ref="1821213553"/>
    <nd ref="11579544469"/>
    <nd ref="346190008"/>
    <tag k="cycleway:both" v="no"/>
    <tag k="highway" v="tertiary"/>
    <tag k="lanes" v="2"/>
    <tag k="maxheight" v="default"/>
    <tag k="surface" v="asphalt"/>
  </way>
  <way id="1056328005">
    <nd ref="569043894"/>
    <nd ref="9956759365"/>
    <nd ref="569043896"/>
    <tag k="cycleway:left" v="no"/>
    <tag k="highway" v="tertiary"/>
    <tag k="lanes" v="2"/>
    <tag k="oneway" v="yes"/>
    <tag k="surface" v="asphalt"/>
  </way>
  <way id="1056328007">
    <nd ref="1947061559"/>
    <nd ref="1947061560"/>
    <tag k="highway" v="tertiary"/>
    <tag k="oneway" v="yes"/>
  </way>
  <way id="1056328008">
    <nd ref="1057693038"/>
    <nd ref="6265692095"/>
    <nd ref="10302545847"/>
    <nd ref="1947061555"/>
    <nd ref="1947061559"/>
    <tag k="highway" v="primary"/>
    <tag k="name" v="明治通り"/>
    <tag k="name:en" v="Meiji-dori Avenue"/>
    <tag k="name:es" v="Calle Meiji"/>
    <tag k="name:ja" v="明治通り"/>
    <tag k="name:ko" v="메이지대로"/>
    <tag k="official_name" v="主要地方道王子千住夢の島線"/>
    <tag k="oneway" v="yes"/>
    <tag k="ref" v="306"/>
    <tag k="source" v="Bing"/>
    <tag k="surface" v="paved"/>
  </way>
  <way id="1056328009">
    <nd ref="1947061560"/>
    <nd ref="10302545848"/>
    <nd ref="6265692094"/>
    <nd ref="6265692096"/>
    <nd ref="1057693042"/>
    <tag k="highway" v="primary"/>
    <tag k="name" v="明治通り"/>
    <tag k="name:en" v="Meiji-dori Avenue"/>
    <tag k="name:es" v="Calle Meiji"/>
    <tag k="name:ja" v="明治通り"/>
    <tag k="name:ko" v="메이지대로"/>
    <tag k="official_name" v="主要地方道王子千住夢の島線"/>
    <tag k="oneway" v="yes"/>
    <tag k="ref" v="306"/>
    <tag k="source" v="Bing"/>
    <tag k="surface" v="paved"/>
  </way>
  <way id="1056328010">
    <nd ref="569043896"/>
    <nd ref="9706171257"/>
    <nd ref="569042895"/>
    <nd ref="9706171255"/>
    <nd ref="569042897"/>
    <tag k="highway" v="tertiary"/>
    <tag k="oneway" v="yes"/>
    <tag k="surface" v="asphalt"/>
  </way>
  <way id="1056328011">
    <nd ref="569042913"/>
    <nd ref="9706171256"/>
    <nd ref="569042902"/>
    <nd ref="569043895"/>
    <tag k="highway" v="tertiary"/>
    <tag k="oneway" v="yes"/>
    <tag k="surface" v="asphalt"/>
  </way>
  <way id="1056328493">
    <nd ref="1821213464"/>
    <nd ref="9956759287"/>
    <nd ref="346189782"/>
    <tag k="cycleway:both" v="shared_lane"/>
    <tag k="cycleway:both:lane" v="pictogram"/>
    <tag k="highway" v="tertiary"/>
    <tag k="lane_markings" v="no"/>
    <tag k="surface" v="asphalt"/>
  </way>
  <way id="1056328494">
    <nd ref="9706186393"/>
    <nd ref="10302545886"/>
    <nd ref="1821213464"/>
    <tag k="cycleway:left" v="no"/>
    <tag k="highway" v="tertiary"/>
    <tag k="lane_markings" v="no"/>
    <tag k="oneway" v="yes"/>
    <tag k="surface" v="asphalt"/>
  </way>
  <way id="1056328495">
    <nd ref="1821213490"/>
    <nd ref="1821213481"/>
    <nd ref="9706186393"/>
    <tag k="cycleway:left" v="no"/>
    <tag k="highway" v="tertiary"/>
    <tag k="lane_markings" v="no"/>
    <tag k="oneway" v="yes"/>
    <tag k="surface" v="asphalt"/>
  </way>
  <way id="1056328496">
    <nd ref="569043897"/>
    <nd ref="6229707226"/>
    <nd ref="1667171583"/>
    <nd ref="10298294405"/>
    <nd ref="346189902"/>
    <nd ref="10298294407"/>
    <nd ref="10298335638"/>
    <nd ref="569043895"/>
    <tag k="highway" v="tertiary"/>
    <tag k="surface" v="asphalt"/>
  </way>
  <way id="1056330391">
    <nd ref="4033387455"/>
    <nd ref="9720837090"/>
    <nd ref="569037380"/>
    <nd ref="569040169"/>
    <tag k="destination:ref" v="319"/>
    <tag k="highway" v="primary_link"/>
    <tag k="lanes" v="1"/>
    <tag k="maxspeed" v="50"/>
    <tag k="name" v="三ツ目通り"/>
    <tag k="name:en" v="Mitsume-dori"/>
    <tag k="name:es" v="Calle Mitsume"/>
    <tag k="oneway" v="yes"/>
    <tag k="surface" v="paved"/>
  </way>
  <way id="1056330392">
    <nd ref="1947552029"/>
    <nd ref="9706241951"/>
    <nd ref="9706241950"/>
    <nd ref="343310602"/>
    <nd ref="1947552000"/>
    <tag k="highway" v="primary"/>
    <tag k="name" v="三ツ目通り"/>
    <tag k="name:en" v="Mitsume-dori"/>
    <tag k="name:es" v="Calle Mitsume"/>
    <tag k="oneway" v="yes"/>
    <tag k="ref" v="319"/>
  </way>
  <way id="1056330393">
    <nd ref="4290734081"/>
    <nd ref="344188060"/>
    <tag k="highway" v="tertiary"/>
    <tag k="name" v="特別区道江147号"/>
    <tag k="ref" v="3147"/>
    <tag k="source" v="Bing 2010"/>
    <tag k="surface" v="paved"/>
  </way>
  <way id="1056330396">
    <nd ref="569040204"/>
    <nd ref="569040762"/>
    <nd ref="11572128113"/>
    <nd ref="569045318"/>
    <nd ref="569045316"/>
    <nd ref="11572123957"/>
    <nd ref="569045307"/>
    <tag k="cycleway:left" v="shared_lane"/>
    <tag k="cycleway:left:lane" v="pictogram"/>
    <tag k="highway" v="tertiary"/>
    <tag k="lanes" v="2"/>
    <tag k="oneway" v="yes"/>
    <tag k="surface" v="asphalt"/>
  </way>
  <way id="1056330397">
    <nd ref="569040161"/>
    <nd ref="11804522026"/>
    <nd ref="4835829317"/>
    <nd ref="569037378"/>
    <tag k="highway" v="tertiary"/>
    <tag k="lanes" v="4"/>
    <tag k="maxspeed" v="30"/>
    <tag k="surface" v="paved"/>
  </way>
  <way id="1056330398">
    <nd ref="1851017539"/>
    <nd ref="11804490097"/>
    <nd ref="569040160"/>
    <nd ref="11804490096"/>
    <nd ref="11804522027"/>
    <nd ref="569040161"/>
    <tag k="highway" v="tertiary"/>
  </way>
  <way id="1056330399">
    <nd ref="569040172"/>
    <nd ref="10297665282"/>
    <nd ref="8256227347"/>
    <nd ref="569040164"/>
    <tag k="highway" v="tertiary"/>
    <tag k="lanes" v="1"/>
    <tag k="maxspeed" v="40"/>
    <tag k="oneway" v="yes"/>
    <tag k="surface" v="paved"/>
  </way>
  <way id="1056330400">
    <nd ref="569040174"/>
    <nd ref="10221519916"/>
    <nd ref="4832393470"/>
    <nd ref="4832393475"/>
    <nd ref="4832393469"/>
    <nd ref="10265533604"/>
    <nd ref="569040177"/>
    <tag k="highway" v="tertiary"/>
  </way>
  <way id="1056330401">
    <nd ref="346189782"/>
    <nd ref="9956759285"/>
    <nd ref="1821213553"/>
    <tag k="cycleway:both" v="shared_lane"/>
    <tag k="cycleway:both:lane" v="pictogram"/>
    <tag k="highway" v="tertiary"/>
    <tag k="lane_markings" v="no"/>
    <tag k="surface" v="asphalt"/>
  </way>
  <way id="1056330402">
    <nd ref="346189782"/>
    <nd ref="9956759293"/>
    <nd ref="9956759301"/>
    <nd ref="569045319"/>
    <tag k="highway" v="tertiary"/>
    <tag k="surface" v="asphalt"/>
  </way>
  <way id="1108576327">
    <nd ref="1426116995"/>
    <nd ref="1426116998"/>
    <tag k="bus" v="yes"/>
    <tag k="highway" v="tertiary"/>
    <tag k="oneway" v="yes"/>
    <tag k="source" v="Bing,2007-03"/>
    <tag k="surface" v="asphalt"/>
  </way>
  <way id="1108576328">
    <nd ref="6018202824"/>
    <nd ref="1426116995"/>
    <tag k="access" v="no"/>
    <tag k="bus" v="yes"/>
    <tag k="highway" v="tertiary"/>
    <tag k="oneway" v="yes"/>
    <tag k="psv" v="yes"/>
    <tag k="source" v="Bing,2007-03;survey"/>
    <tag k="surface" v="asphalt"/>
  </way>
  <way id="1122405187">
    <nd ref="10265541110"/>
    <nd ref="9706171237"/>
    <nd ref="9706171235"/>
    <nd ref="10265533598"/>
    <nd ref="10265533530"/>
    <nd ref="3399626298"/>
    <nd ref="569040148"/>
    <tag k="highway" v="tertiary"/>
  </way>
  <way id="1122405188">
    <nd ref="10265541113"/>
    <nd ref="10265541110"/>
    <tag k="highway" v="tertiary"/>
    <tag k="layer" v="-1"/>
    <tag k="tunnel" v="yes"/>
  </way>
  <way id="1241354856">
    <nd ref="1426116895"/>
    <nd ref="6120712988"/>
    <tag k="highway" v="tertiary"/>
    <tag k="lanes" v="3"/>
    <tag k="lanes:backward" v="2"/>
    <tag k="lanes:forward" v="1"/>
    <tag k="maxspeed" v="40"/>
    <tag k="surface" v="asphalt"/>
  </way>
  <way id="1249368539">
    <nd ref="344380847"/>
    <nd ref="11612410613"/>
    <nd ref="11655005745"/>
    <nd ref="11630185264"/>
    <nd ref="11612410611"/>
    <nd ref="11655005749"/>
    <nd ref="11655005755"/>
    <nd ref="11630208370"/>
    <nd ref="11612410612"/>
    <nd ref="1167599042"/>
    <tag k="highway" v="tertiary"/>
    <tag k="lanes" v="1"/>
    <tag k="oneway" v="yes"/>
    <tag k="surface" v="paved"/>
  </way>
  <way id="1253807732">
    <nd ref="1821213878"/>
    <nd ref="1821213874"/>
    <nd ref="1821213869"/>
    <nd ref="346190434"/>
    <nd ref="346190436"/>
    <nd ref="1821213774"/>
    <nd ref="569045321"/>
    <nd ref="11654786110"/>
    <tag k="cycleway:both" v="no"/>
    <tag k="highway" v="tertiary"/>
    <tag k="surface" v="asphalt"/>
  </way>
  <way id="1253807733">
    <nd ref="11654786110"/>
    <nd ref="11654786111"/>
    <tag k="cycleway:both" v="shared_lane"/>
    <tag k="cycleway:both:lane" v="pictogram"/>
    <tag k="highway" v="tertiary"/>
    <tag k="lanes" v="2"/>
    <tag k="maxheight" v="default"/>
    <tag k="surface" v="asphalt"/>
  </way>
  <way id="1253807738">
    <nd ref="1667171581"/>
    <nd ref="269483943"/>
    <tag k="highway" v="tertiary"/>
    <tag k="oneway" v="yes"/>
    <tag k="surface" v="asphalt"/>
  </way>
  <way id="1295254141">
    <nd ref="12002716117"/>
    <nd ref="12002716118"/>
    <tag k="highway" v="tertiary_link"/>
  </way>
  <way id="1295254142">
    <nd ref="12002716119"/>
    <nd ref="12002716120"/>
    <tag k="highway" v="tertiary_link"/>
  </way>
  <relation id="10028541">
    <member type="node" ref="569037372" role="via"/>
    <tag k="restriction" v="no_left_turn"/>
    <tag k="type" v="restriction"/>
  </relation>
  <relation id="10028542">
    <member type="node" ref="569037378" role="via"/>
    <tag k="restriction" v="no_right_turn"/>
    <tag k="type" v="restriction"/>
  </relation>
  <relation id="10028543">
    <member type="node" ref="569040173" role="via"/>
    <tag k="restriction" v="no_right_turn"/>
    <tag k="type" v="restriction"/>
  </relation>
  <relation id="10028544">
    <member type="node" ref="1847701515" role="via"/>
    <tag k="restriction" v="no_left_turn"/>
    <tag k="type" v="restriction"/>
  </relation>
  <node id="573267627" lat="35.6341053" lon="139.7904475"/>
  <node id="7580273939" lat="35.6345155" lon="139.7910672"/>
  <node id="260102657" lat="35.6322549" lon="139.7953044"/>
  <node id="260902529" lat="35.6346279" lon="139.7993384"/>
  <node id="261015013" lat="35.6347569" lon="139.7994409"/>
  <node id="261015014" lat="35.6348878" lon="139.7995124"/>
  <node id="261015015" lat="35.6350520" lon="139.7995561"/>
  <node id="261015848" lat="35.6344674" lon="139.7991308"/>
  <node id="261015854" lat="35.6342198" lon="139.7989014"/>
  <node id="261016163" lat="35.6342787" lon="139.7987709"/>
  <node id="568452942" lat="35.6343632" lon="139.7989420"/>
  <node id="568457653" lat="35.6343341" lon="139.7991180"/>
  <node id="568457654" lat="35.6344395" lon="139.7993024"/>
  <node id="568457655" lat="35.6345041" lon="139.7993983"/>
  <node id="568457656" lat="35.6347224" lon="139.7996076"/>
  <node id="568457657" lat="35.6348538" lon="139.7996627"/>
  <node id="568457658" lat="35.6349981" lon="139.7996905"/>
  <node id="568457659" lat="35.6351301" lon="139.7996856"/>
  <node id="1950763638" lat="35.6346000" lon="139.7995093"/>
  <node id="2511591326" lat="35.6327697" lon="139.7962539"/>
  <node id="2511591329" lat="35.6334434" lon="139.7974968"/>
  <node id="3850485891" lat="35.6323270" lon="139.7954372"/>
  <node id="5536579832" lat="35.6345745" lon="139.7992805"/>
  <node id="5536579868" lat="35.6346949" lon="139.7993952"/>
  <node id="5536579872" lat="35.6345228" lon="139.7992151"/>
  <node id="5536579899" lat="35.6345479" lon="139.7994536"/>
  <node id="5536579948" lat="35.6351283" lon="139.7995621"/>
  <node id="5536579988" lat="35.6346697" lon="139.7995743"/>
  <node id="5536580000" lat="35.6347869" lon="139.7996392"/>
  <node id="5536580052" lat="35.6350638" lon="139.7996925"/>
  <node id="5536580098" lat="35.6352046" lon="139.7995598"/>
  <node id="5536580178" lat="35.6349230" lon="139.7996791"/>
  <node id="5536580200" lat="35.6349672" lon="139.7995385"/>
  <node id="5536580243" lat="35.6348216" lon="139.7994790"/>
  <node id="11757702249" lat="35.6341138" lon="139.7987096"/>
  <node id="31300391" lat="35.6354978" lon="139.7928825"/>
  <node id="31300422" lat="35.6404559" lon="139.8006769"/>
  <node id="261015016" lat="35.6352805" lon="139.7995498"/>
  <node id="261015017" lat="35.6357964" lon="139.7994095"/>
  <node id="261015018" lat="35.6363623" lon="139.7992452"/>
  <node id="261015019" lat="35.6368284" lon="139.7990907"/>
  <node id="261015021" lat="35.6371764" lon="139.7989318"/>
  <node id="261015022" lat="35.6375080" lon="139.7987951"/>
  <node id="261015023" lat="35.6376999" lon="139.7987784"/>
  <node id="261015024" lat="35.6379113" lon="139.7988140"/>
  <node id="261015025" lat="35.6381889" lon="139.7989667"/>
  <node id="261015026" lat="35.6384040" lon="139.7992000"/>
  <node id="261015027" lat="35.6385849" lon="139.7995684"/>
  <node id="269659857" lat="35.6365344" lon="139.7949099"/>
  <node id="568457660" lat="35.6353981" lon="139.7996191"/>
  <node id="568457662" lat="35.6364189" lon="139.7993256"/>
  <node id="568457663" lat="35.6366979" lon="139.7992388"/>
  <node id="568457664" lat="35.6370480" lon="139.7991006"/>
  <node id="568457665" lat="35.6374498" lon="139.7989048"/>
  <node id="568457666" lat="35.6377031" lon="139.7988798"/>
  <node id="568457667" lat="35.6379815" lon="139.7989507"/>
  <node id="568457668" lat="35.6381061" lon="139.7990192"/>
  <node id="568457669" lat="35.6382189" lon="139.7991105"/>
  <node id="568457670" lat="35.6383318" lon="139.7992457"/>
  <node id="568457671" lat="35.6384316" lon="139.7994230"/>
  <node id="568457681" lat="35.6373306" lon="139.7989502"/>
  <node id="568457683" lat="35.6391920" lon="139.8008785"/>
  <node id="568457684" lat="35.6375286" lon="139.8011393"/>
  <node id="569019470" lat="35.6392228" lon="139.7998874"/>
  <node id="569019471" lat="35.6398976" lon="139.7995005"/>
  <node id="569023695" lat="35.6402140" lon="139.8001703"/>
  <node id="569025090" lat="35.6417625" lon="139.7985629"/>
  <node id="1619749483" lat="35.6378246" lon="139.7987924"/>
  <node id="1619749484" lat="35.6383041" lon="139.7990692"/>
  <node id="1619749485" lat="35.6380592" lon="139.7988788"/>
  <node id="1619749486" lat="35.6353635" lon="139.7995302"/>
  <node id="1619749490" lat="35.6376042" lon="139.7987808"/>
  <node id="3799099881" lat="35.6397154" lon="139.8007850"/>
  <node id="5536579075" lat="35.6403411" lon="139.8001517"/>
  <node id="5536579862" lat="35.6376063" lon="139.8011283"/>
  <node id="5536580034" lat="35.6391348" lon="139.8008904"/>
  <node id="5536580083" lat="35.6373402" lon="139.7991016"/>
  <node id="5536580102" lat="35.6373480" lon="139.7991962"/>
  <node id="5536580159" lat="35.6352266" lon="139.7996676"/>
  <node id="5584443389" lat="35.6368612" lon="139.7955046"/>
  <node id="5585567743" lat="35.6399495" lon="139.8012216"/>
  <node id="5765576069" lat="35.6378894" lon="139.7989135"/>
  <node id="5765576113" lat="35.6378043" lon="139.7988945"/>
  <node id="5765576126" lat="35.6384580" lon="139.7992894"/>
  <node id="5765576143" lat="35.6379897" lon="139.7988433"/>
  <node id="5765576151" lat="35.6380460" lon="139.7989825"/>
  <node id="5765576152" lat="35.6376156" lon="139.7988797"/>
  <node id="5765576255" lat="35.6387896" lon="139.7999853"/>
  <node id="5765576256" lat="35.6383520" lon="139.7991260"/>
  <node id="5765576283" lat="35.6375351" lon="139.7988930"/>
  <node id="5765576302" lat="35.6383812" lon="139.7993264"/>
  <node id="5765576320" lat="35.6387409" lon="139.8000397"/>
  <node id="5765576335" lat="35.6374476" lon="139.7988122"/>
  <node id="5765576340" lat="35.6368572" lon="139.7991802"/>
  <node id="5765576342" lat="35.6381274" lon="139.7989214"/>
  <node id="5765576458" lat="35.6373158" lon="139.7988632"/>
  <node id="5765576463" lat="35.6382791" lon="139.7991745"/>
  <node id="5765576466" lat="35.6382460" lon="139.7990147"/>
  <node id="5765576483" lat="35.6381611" lon="139.7990610"/>
  <node id="11540257867" lat="35.6372460" lon="139.7962430"/>
  <node id="11540257868" lat="35.6376558" lon="139.7970101"/>
  <node id="11540259469" lat="35.6390792" lon="139.7996293"/>
  <node id="11540259471" lat="35.6387381" lon="139.7990030"/>
  <node id="31300423" lat="35.6409333" lon="139.8017880"/>
  <node id="31300424" lat="35.6412878" lon="139.8026223"/>
  <node id="31300425" lat="35.6415543" lon="139.8032856"/>
  <node id="31300426" lat="35.6417294" lon="139.8037828"/>
  <node id="31300429" lat="35.6403835" lon="139.8020950"/>
  <node id="31300430" lat="35.6406393" lon="139.8026981"/>
  <node id="261015028" lat="35.6396414" lon="139.8015771"/>
  <node id="261015030" lat="35.6401910" lon="139.8026879"/>
  <node id="261015031" lat="35.6406578" lon="139.8039760"/>
  <node id="261015032" lat="35.6406997" lon="139.8040119"/>
  <node id="361147569" lat="35.6405540" lon="139.8039822"/>
  <node id="361147575" lat="35.6410128" lon="139.8077191"/>
  <node id="361147576" lat="35.6408304" lon="139.8069090"/>
  <node id="361147579" lat="35.6406639" lon="139.8052278"/>
  <node id="568455192" lat="35.6377129" lon="139.8030540"/>
  <node id="568457672" lat="35.6395667" lon="139.8015741"/>
  <node id="568457673" lat="35.6401213" lon="139.8026920"/>
  <node id="568457674" lat="35.6404912" lon="139.8039884"/>
  <node id="568457676" lat="35.6406006" lon="139.8052461"/>
  <node id="568457678" lat="35.6406777" lon="139.8061782"/>
  <node id="568457679" lat="35.6407527" lon="139.8069427"/>
  <node id="568457680" lat="35.6409544" lon="139.8078118"/>
  <node id="568457682" lat="35.6379515" lon="139.8056315"/>
  <node id="568457686" lat="35.6378272" lon="139.8043602"/>
  <node id="568457687" lat="35.6407256" lon="139.8040660"/>
  <node id="568457688" lat="35.6410098" lon="139.8048690"/>
  <node id="568457689" lat="35.6410365" lon="139.8049729"/>
  <node id="568457690" lat="35.6409908" lon="139.8050892"/>
  <node id="568457691" lat="35.6409623" lon="139.8051101"/>
  <node id="569023645" lat="35.6405864" lon="139.8025639"/>
  <node id="569023648" lat="35.6412262" lon="139.8024846"/>
  <node id="1667171209" lat="35.6404395" lon="139.8034728"/>
  <node id="1667171211" lat="35.6407983" lon="139.8072212"/>
  <node id="1667171212" lat="35.6408703" lon="139.8071480"/>
  <node id="1667171213" lat="35.6408641" lon="139.8075007"/>
  <node id="1667171214" lat="35.6409415" lon="139.8074552"/>
  <node id="1817879138" lat="35.6407491" lon="139.8061677"/>
  <node id="1847701183" lat="35.6417326" lon="139.8060843"/>
  <node id="1950765024" lat="35.6399117" lon="139.8022111"/>
  <node id="1950765119" lat="35.6403173" lon="139.8026301"/>
  <node id="1950765173" lat="35.6403448" lon="139.8027450"/>
  <node id="2194543292" lat="35.6404497" lon="139.8037198"/>
  <node id="2194543351" lat="35.6409410" lon="139.8046747"/>
  <node id="2194543385" lat="35.6410278" lon="139.8049245"/>
  <node id="2194543481" lat="35.6404630" lon="139.8037781"/>
  <node id="3400150075" lat="35.6405274" lon="139.8025751"/>
  <node id="4033377413" lat="35.6407260" lon="139.8059026"/>
  <node id="5536579072" lat="35.6407448" lon="139.8051946"/>
  <node id="5536579846" lat="35.6414095" lon="139.8026085"/>
  <node id="5536579866" lat="35.6403662" lon="139.8032237"/>
  <node id="5536579874" lat="35.6402504" lon="139.8028710"/>
  <node id="5536579881" lat="35.6410211" lon="139.8050460"/>
  <node id="5536579900" lat="35.6413590" lon="139.8027915"/>
  <node id="5536579910" lat="35.6379281" lon="139.8043474"/>
  <node id="5536579931" lat="35.6404758" lon="139.8038610"/>
  <node id="5536579951" lat="35.6404883" lon="139.8036341"/>
  <node id="5536579952" lat="35.6400065" lon="139.8027092"/>
  <node id="5536579966" lat="35.6406268" lon="139.8039774"/>
  <node id="5536579978" lat="35.6405643" lon="139.8041099"/>
  <node id="5536579982" lat="35.6400413" lon="139.8024839"/>
  <node id="5536579998" lat="35.6401050" lon="139.8024792"/>
  <node id="5536580004" lat="35.6405115" lon="139.8052588"/>
  <node id="5536580005" lat="35.6401853" lon="139.8028781"/>
  <node id="5536580020" lat="35.6404832" lon="139.8025867"/>
  <node id="5536580022" lat="35.6405380" lon="139.8038560"/>
  <node id="5536580033" lat="35.6406809" lon="139.8028355"/>
  <node id="5536580062" lat="35.6405894" lon="139.8051016"/>
  <node id="5536580066" lat="35.6380100" lon="139.8062315"/>
  <node id="5536580085" lat="35.6405290" lon="139.8027157"/>
  <node id="5536580094" lat="35.6413557" lon="139.8024677"/>
  <node id="5536580096" lat="35.6406763" lon="139.8039870"/>
  <node id="5536580107" lat="35.6380479" lon="139.8056176"/>
  <node id="5536580115" lat="35.6405256" lon="139.8024141"/>
  <node id="5536580139" lat="35.6406520" lon="139.8050948"/>
  <node id="5536580140" lat="35.6410308" lon="139.8050106"/>
  <node id="5536580172" lat="35.6378310" lon="139.8030358"/>
  <node id="5536580180" lat="35.6411677" lon="139.8023619"/>
  <node id="5536580264" lat="35.6405039" lon="139.8041145"/>
  <node id="5536580266" lat="35.6403170" lon="139.8032810"/>
  <node id="5536580295" lat="35.6377298" lon="139.8032348"/>
  <node id="5536580306" lat="35.6404115" lon="139.8040014"/>
  <node id="5585567745" lat="35.6401648" lon="139.8016441"/>
  <node id="10299947064" lat="35.6399608" lon="139.8021608"/>
  <node id="11540257827" lat="35.6408253" lon="139.8015136"/>
  <node id="361147574" lat="35.6412684" lon="139.8083700"/>
  <node id="569037420" lat="35.6417615" lon="139.8131868"/>
  <node id="569037422" lat="35.6417305" lon="139.8132015"/>
  <node id="569037424" lat="35.6416973" lon="139.8132029"/>
  <node id="569037426" lat="35.6416656" lon="139.8131907"/>
  <node id="569037427" lat="35.6416389" lon="139.8131665"/>
  <node id="569037429" lat="35.6416201" lon="139.8131327"/>
  <node id="569037431" lat="35.6416114" lon="139.8130933"/>
  <node id="569037434" lat="35.6416137" lon="139.8130525"/>
  <node id="569037436" lat="35.6417112" lon="139.8129586"/>
  <node id="569037438" lat="35.6417427" lon="139.8129654"/>
  <node id="569046040" lat="35.6415839" lon="139.8089713"/>
  <node id="1667171215" lat="35.6410296" lon="139.8080181"/>
  <node id="1667171216" lat="35.6411813" lon="139.8081790"/>
  <node id="1667171217" lat="35.6411988" lon="139.8084078"/>
  <node id="1667171218" lat="35.6414928" lon="139.8087663"/>
  <node id="1667171219" lat="35.6414613" lon="139.8089410"/>
  <node id="1667171222" lat="35.6415617" lon="139.8090207"/>
  <node id="1667171223" lat="35.6415658" lon="139.8090604"/>
  <node id="1667171224" lat="35.6415694" lon="139.8089912"/>
  <node id="1667171225" lat="35.6415875" lon="139.8092376"/>
  <node id="1667171226" lat="35.6416005" lon="139.8091479"/>
  <node id="1667171227" lat="35.6416471" lon="139.8092692"/>
  <node id="1667171228" lat="35.6416555" lon="139.8093148"/>
  <node id="1667171229" lat="35.6416824" lon="139.8094487"/>
  <node id="1667171230" lat="35.6416849" lon="139.8089059"/>
  <node id="1667171231" lat="35.6416870" lon="139.8092187"/>
  <node id="1667171232" lat="35.6417136" lon="139.8096016"/>
  <node id="1817879184" lat="35.6414086" lon="139.8088357"/>
  <node id="4831922826" lat="35.6417065" lon="139.8095667"/>
  <node id="9478515395" lat="35.6410966" lon="139.8079643"/>
  <node id="9726172347" lat="35.6416711" lon="139.8089148"/>
  <node id="10304902178" lat="35.6416268" lon="139.8130149"/>
  <node id="10304902179" lat="35.6416492" lon="139.8129847"/>
  <node id="10304902180" lat="35.6416784" lon="139.8129652"/>
  <node id="305102067" lat="35.6325476" lon="139.8241936"/>
  <node id="305102068" lat="35.6325817" lon="139.8240650"/>
  <node id="305102069" lat="35.6326134" lon="139.8240240"/>
  <node id="305102070" lat="35.6326606" lon="139.8239951"/>
  <node id="305102071" lat="35.6327015" lon="139.8239836"/>
  <node id="570753263" lat="35.6326733" lon="139.8238573"/>
  <node id="570753264" lat="35.6326195" lon="139.8238747"/>
  <node id="570753265" lat="35.6325819" lon="139.8238958"/>
  <node id="570753266" lat="35.6325517" lon="139.8239283"/>
  <node id="570753267" lat="35.6325362" lon="139.8239711"/>
  <node id="570753268" lat="35.6325297" lon="139.8240083"/>
  <node id="1817876356" lat="35.6325678" lon="139.8244231"/>
  <node id="1817876358" lat="35.6326509" lon="139.8252931"/>
  <node id="1817876362" lat="35.6328133" lon="139.8269921"/>
  <node id="1817876364" lat="35.6330278" lon="139.8243630"/>
  <node id="1817876367" lat="35.6330564" lon="139.8243720"/>
  <node id="1817876369" lat="35.6330755" lon="139.8243973"/>
  <node id="1817876371" lat="35.6330895" lon="139.8252270"/>
  <node id="1817876373" lat="35.6330917" lon="139.8244289"/>
  <node id="1817876376" lat="35.6331005" lon="139.8244705"/>
  <node id="1817876377" lat="35.6331093" lon="139.8252197"/>
  <node id="1817876378" lat="35.6331284" lon="139.8252016"/>
  <node id="1817876379" lat="35.6331438" lon="139.8251854"/>
  <node id="1817876382" lat="35.6331497" lon="139.8237891"/>
  <node id="1817876383" lat="35.6331556" lon="139.8251619"/>
  <node id="1817876384" lat="35.6331585" lon="139.8251167"/>
  <node id="1817876385" lat="35.6331635" lon="139.8239085"/>
  <node id="1817876388" lat="35.6333653" lon="139.8269155"/>
  <node id="1817876402" lat="35.6338484" lon="139.8268486"/>
  <node id="1817876503" lat="35.6344553" lon="139.8236151"/>
  <node id="1817876511" lat="35.6344657" lon="139.8237134"/>
  <node id="9482722661" lat="35.6349876" lon="139.8236498"/>
  <node id="9482722662" lat="35.6349745" lon="139.8235211"/>
  <node id="9482722663" lat="35.6336774" lon="139.8238242"/>
  <node id="9482722664" lat="35.6336556" lon="139.8237249"/>
  <node id="9482722665" lat="35.6325623" lon="139.8241152"/>
  <node id="305102072" lat="35.6380323" lon="139.8232172"/>
  <node id="305102073" lat="35.6388933" lon="139.8231250"/>
  <node id="305102074" lat="35.6392689" lon="139.8231742"/>
  <node id="570753256" lat="35.6388371" lon="139.8229478"/>
  <node id="570753595" lat="35.6381388" lon="139.8230635"/>
  <node id="598509704" lat="35.6396490" lon="139.8233159"/>
  <node id="598509705" lat="35.6395308" lon="139.8214732"/>
  <node id="598509708" lat="35.6359499" lon="139.8218126"/>
  <node id="598509709" lat="35.6358758" lon="139.8218696"/>
  <node id="598509710" lat="35.6358652" lon="139.8219362"/>
  <node id="598509711" lat="35.6358639" lon="139.8220338"/>
  <node id="598509712" lat="35.6360080" lon="139.8235115"/>
  <node id="598509713" lat="35.6359941" lon="139.8233687"/>
  <node id="598509714" lat="35.6396817" lon="139.8231497"/>
  <node id="1667171187" lat="35.6359032" lon="139.8218290"/>
  <node id="1667171188" lat="35.6377621" lon="139.8215539"/>
  <node id="1667171190" lat="35.6385052" lon="139.8252044"/>
  <node id="1667171191" lat="35.6386251" lon="139.8229718"/>
  <node id="1667171196" lat="35.6390491" lon="139.8229533"/>
  <node id="1667171197" lat="35.6390387" lon="139.8231366"/>
  <node id="1667171199" lat="35.6391702" lon="139.8231542"/>
  <node id="1667171200" lat="35.6392731" lon="139.8230052"/>
  <node id="1667171202" lat="35.6393734" lon="139.8232072"/>
  <node id="1667171203" lat="35.6394608" lon="139.8230633"/>
  <node id="1667171204" lat="35.6394428" lon="139.8213142"/>
  <node id="1667171205" lat="35.6394858" lon="139.8213421"/>
  <node id="1667171206" lat="35.6395145" lon="139.8213877"/>
  <node id="1817876879" lat="35.6363739" lon="139.8234583"/>
  <node id="1817876899" lat="35.6365018" lon="139.8247234"/>
  <node id="1817876903" lat="35.6365055" lon="139.8247532"/>
  <node id="1817876919" lat="35.6365143" lon="139.8247871"/>
  <node id="1817876925" lat="35.6365290" lon="139.8248088"/>
  <node id="1817876930" lat="35.6365470" lon="139.8248255"/>
  <node id="1817876933" lat="35.6365617" lon="139.8248301"/>
  <node id="1817877097" lat="35.6367982" lon="139.8233966"/>
  <node id="1817877120" lat="35.6368723" lon="139.8247901"/>
  <node id="1817877124" lat="35.6368884" lon="139.8247856"/>
  <node id="1817877126" lat="35.6369009" lon="139.8247754"/>
  <node id="1817877130" lat="35.6369128" lon="139.8247626"/>
  <node id="1817877132" lat="35.6369217" lon="139.8247473"/>
  <node id="1817877133" lat="35.6369258" lon="139.8247313"/>
  <node id="1817877176" lat="35.6371886" lon="139.8233399"/>
  <node id="1817877180" lat="35.6372428" lon="139.8238751"/>
  <node id="1817877227" lat="35.6373202" lon="139.8246379"/>
  <node id="1817878071" lat="35.6383610" lon="139.8237173"/>
  <node id="1817878110" lat="35.6384345" lon="139.8244746"/>
  <node id="1817879186" lat="35.6414390" lon="139.8241092"/>
  <node id="1817879290" lat="35.6382948" lon="139.8230341"/>
  <node id="1817879293" lat="35.6383097" lon="139.8231875"/>
  <node id="1817879296" lat="35.6383853" lon="139.8230170"/>
  <node id="1817879299" lat="35.6384006" lon="139.8231778"/>
  <node id="12002716117" lat="35.6386069" lon="139.8262680"/>
  <node id="12002716118" lat="35.6386940" lon="139.8262556"/>
  <node id="568460503" lat="35.6434083" lon="139.7997254"/>
  <node id="569023658" lat="35.6482221" lon="139.7991551"/>
  <node id="569023660" lat="35.6469641" lon="139.8004145"/>
  <node id="569023661" lat="35.6468283" lon="139.8005032"/>
  <node id="569023663" lat="35.6467027" lon="139.8005778"/>
  <node id="569023664" lat="35.6455145" lon="139.8008319"/>
  <node id="569023665" lat="35.6472092" lon="139.8001919"/>
  <node id="569023694" lat="35.6453821" lon="139.7994537"/>
  <node id="569025072" lat="35.6441729" lon="139.7986497"/>
  <node id="569025074" lat="35.6427712" lon="139.7988363"/>
  <node id="569025080" lat="35.6428825" lon="139.7997975"/>
  <node id="569025094" lat="35.6439942" lon="139.7986731"/>
  <node id="1621585472" lat="35.6418825" lon="139.7999426"/>
  <node id="1621585487" lat="35.6419917" lon="139.8010960"/>
  <node id="1621585589" lat="35.6435146" lon="139.8008750"/>
  <node id="1667171260" lat="35.6442715" lon="139.7996104"/>
  <node id="1667171352" lat="35.6463051" lon="139.8007158"/>
  <node id="1667171357" lat="35.6464895" lon="139.8006670"/>
  <node id="3179660253" lat="35.6452391" lon="139.7994723"/>
  <node id="5765576071" lat="35.6442979" lon="139.7997097"/>
  <node id="5765576292" lat="35.6428252" lon="139.7988282"/>
  <node id="5765576310" lat="35.6441786" lon="139.7996220"/>
  <node id="5765576469" lat="35.6443970" lon="139.7995918"/>
  <node id="5765576481" lat="35.6442583" lon="139.7995054"/>
  <node id="6274945334" lat="35.6456232" lon="139.8008153"/>
  <node id="6274945338" lat="35.6472212" lon="139.8002892"/>
  <node id="6274945340" lat="35.6471147" lon="139.8002777"/>
  <node id="6274979131" lat="35.6454980" lon="139.8006596"/>
  <node id="6275113601" lat="35.6440264" lon="139.7986688"/>
  <node id="6275113617" lat="35.6419880" lon="139.7999251"/>
  <node id="6275113619" lat="35.6418967" lon="139.8000468"/>
  <node id="6275113620" lat="35.6418745" lon="139.7998326"/>
  <node id="6275113622" lat="35.6417837" lon="139.7999521"/>
  <node id="6275152130" lat="35.6427895" lon="139.7998125"/>
  <node id="6275152137" lat="35.6420814" lon="139.8010830"/>
  <node id="289946685" lat="35.6546910" lon="139.7965638"/>
  <node id="344380706" lat="35.6523629" lon="139.7988897"/>
  <node id="347314352" lat="35.6544581" lon="139.7987673"/>
  <node id="347314472" lat="35.6545438" lon="139.8007509"/>
  <node id="569023650" lat="35.6496328" lon="139.8012679"/>
  <node id="569023651" lat="35.6528039" lon="139.7981337"/>
  <node id="765039593" lat="35.6545750" lon="139.7966699"/>
  <node id="1157151987" lat="35.6537681" lon="139.7995778"/>
  <node id="1157151990" lat="35.6529325" lon="139.7983238"/>
  <node id="1157151992" lat="35.6545552" lon="139.7989143"/>
  <node id="1158437269" lat="35.6510416" lon="139.7998936"/>
  <node id="1158437271" lat="35.6542648" lon="139.8003305"/>
  <node id="1158437273" lat="35.6500499" lon="139.8011232"/>
  <node id="1158437275" lat="35.6507767" lon="139.8003945"/>
  <node id="1158437282" lat="35.6511658" lon="139.8000779"/>
  <node id="1158437284" lat="35.6499851" lon="139.8010218"/>
  <node id="1158437287" lat="35.6507090" lon="139.8002997"/>
  <node id="2194543342" lat="35.6499258" lon="139.8012489"/>
  <node id="2194543399" lat="35.6498416" lon="139.8013794"/>
  <node id="2194543432" lat="35.6498376" lon="139.8013200"/>
  <node id="2194543443" lat="35.6498720" lon="139.8013325"/>
  <node id="2194543449" lat="35.6498597" lon="139.8011322"/>
  <node id="3848747321" lat="35.6484192" lon="139.7994517"/>
  <node id="3848747339" lat="35.6495538" lon="139.8011609"/>
  <node id="3996084572" lat="35.6497825" lon="139.8013611"/>
  <node id="3996084573" lat="35.6497938" lon="139.8011833"/>
  <node id="3996084575" lat="35.6496933" lon="139.8012385"/>
  <node id="3996084798" lat="35.6495688" lon="139.8012908"/>
  <node id="4254144271" lat="35.6547907" lon="139.7967141"/>
  <node id="4254144274" lat="35.6546787" lon="139.7968282"/>
  <node id="4524772447" lat="35.6530074" lon="139.7984363"/>
  <node id="5812615690" lat="35.6522364" lon="139.7986986"/>
  <node id="5887148573" lat="35.6518197" lon="139.7994237"/>
  <node id="6274979111" lat="35.6536763" lon="139.7994401"/>
  <node id="6274979115" lat="35.6545962" lon="139.8006983"/>
  <node id="6274979118" lat="35.6546073" lon="139.8008468"/>
  <node id="6274979121" lat="35.6544982" lon="139.8006822"/>
  <node id="6447102796" lat="35.6538746" lon="139.7997392"/>
  <node id="9478433510" lat="35.6517029" lon="139.7992322"/>
  <node id="11230126289" lat="35.6547733" lon="139.7969725"/>
  <node id="11515500626" lat="35.6494768" lon="139.8010449"/>
  <node id="11684020803" lat="35.6528220" lon="139.7984336"/>
  <node id="11684020804" lat="35.6526959" lon="139.7982412"/>
  <node id="11880512833" lat="35.6548055" lon="139.7992932"/>
  <node id="11880512835" lat="35.6548705" lon="139.8004231"/>
  <node id="256676035" lat="35.6595816" lon="139.8011417"/>
  <node id="343304707" lat="35.6557122" lon="139.7981057"/>
  <node id="765039575" lat="35.6554085" lon="139.7979414"/>
  <node id="765039576" lat="35.6561909" lon="139.7991239"/>
  <node id="765039577" lat="35.6555279" lon="139.7978245"/>
  <node id="765039585" lat="35.6558851" lon="139.7986686"/>
  <node id="765039587" lat="35.6577168" lon="139.8013816"/>
  <node id="765039599" lat="35.6578131" lon="139.8012886"/>
  <node id="1157151988" lat="35.6552802" lon="139.8000119"/>
  <node id="1157151994" lat="35.6549849" lon="139.7995648"/>
  <node id="1167599012" lat="35.6575725" lon="139.8009229"/>
  <node id="1167599022" lat="35.6570794" lon="139.8001748"/>
  <node id="1167599041" lat="35.6574968" lon="139.8010037"/>
  <node id="1167599047" lat="35.6570070" lon="139.8002496"/>
  <node id="1167599050" lat="35.6566787" lon="139.7998362"/>
  <node id="1167599058" lat="35.6563100" lon="139.7990096"/>
  <node id="1947552006" lat="35.6593177" lon="139.8012021"/>
  <node id="1947552020" lat="35.6595342" lon="139.8009990"/>
  <node id="1947552071" lat="35.6602533" lon="139.8004953"/>
  <node id="1947552074" lat="35.6603380" lon="139.8006043"/>
  <node id="1947552079" lat="35.6605793" lon="139.8002632"/>
  <node id="1947552087" lat="35.6606554" lon="139.8003806"/>
  <node id="1947552239" lat="35.6603692" lon="139.8004135"/>
  <node id="1947552240" lat="35.6604269" lon="139.8003714"/>
  <node id="1947552241" lat="35.6604445" lon="139.8005293"/>
  <node id="1947552242" lat="35.6605037" lon="139.8004875"/>
  <node id="1998213194" lat="35.6558865" lon="139.7994207"/>
  <node id="3717243616" lat="35.6612910" lon="139.7997595"/>
  <node id="3717243618" lat="35.6613501" lon="139.7998876"/>
  <node id="6273070621" lat="35.6553113" lon="139.7977931"/>
  <node id="6273070622" lat="35.6554259" lon="139.7976711"/>
  <node id="6273070629" lat="35.6555100" lon="139.7980958"/>
  <node id="6273070630" lat="35.6556186" lon="139.7979628"/>
  <node id="6273070635" lat="35.6561189" lon="139.7991941"/>
  <node id="6274945357" lat="35.6563493" lon="139.7990696"/>
  <node id="6274945358" lat="35.6562378" lon="139.7991929"/>
  <node id="9366564061" lat="35.6594102" lon="139.8011005"/>
  <node id="11230126269" lat="35.6550788" lon="139.7974384"/>
  <node id="11281149149" lat="35.6606180" lon="139.8002358"/>
  <node id="11281149150" lat="35.6606772" lon="139.8003651"/>
  <node id="11281149151" lat="35.6605823" lon="139.8006059"/>
  <node id="11281149152" lat="35.6605243" lon="139.8006495"/>
  <node id="11281149153" lat="35.6603566" lon="139.8005912"/>
  <node id="11281149154" lat="35.6602980" lon="139.8004638"/>
  <node id="11662115006" lat="35.6566486" lon="139.7995227"/>
  <node id="344659902" lat="35.6622775" lon="139.7991944"/>
  <node id="1448509349" lat="35.6624532" lon="139.7990119"/>
  <node id="1947552164" lat="35.6620020" lon="139.7992658"/>
  <node id="1947552165" lat="35.6620268" lon="139.7994150"/>
  <node id="1947552167" lat="35.6621200" lon="139.7991735"/>
  <node id="1947552168" lat="35.6621884" lon="139.7992768"/>
  <node id="1947552170" lat="35.6622487" lon="139.7990738"/>
  <node id="1947552176" lat="35.6624087" lon="139.7989496"/>
  <node id="9366567938" lat="35.6620950" lon="139.7993624"/>
  <node id="9725719268" lat="35.6619775" lon="139.7992828"/>
  <node id="9725719269" lat="35.6620362" lon="139.7994077"/>
  <node id="31300427" lat="35.6421468" lon="139.8052097"/>
  <node id="261015592" lat="35.6456401" lon="139.8020248"/>
  <node id="568460487" lat="35.6424208" lon="139.8050824"/>
  <node id="568460488" lat="35.6427495" lon="139.8048375"/>
  <node id="568460489" lat="35.6427762" lon="139.8047068"/>
  <node id="568460491" lat="35.6426456" lon="139.8033167"/>
  <node id="568460492" lat="35.6425552" lon="139.8031602"/>
  <node id="568460493" lat="35.6424920" lon="139.8031173"/>
  <node id="568460495" lat="35.6422258" lon="139.8029492"/>
  <node id="568460496" lat="35.6421816" lon="139.8028843"/>
  <node id="568460497" lat="35.6421502" lon="139.8027990"/>
  <node id="568460499" lat="35.6421233" lon="139.8025226"/>
  <node id="568460505" lat="35.6436398" lon="139.8023064"/>
  <node id="569023647" lat="35.6436246" lon="139.8021337"/>
  <node id="569023666" lat="35.6474659" lon="139.8028000"/>
  <node id="569023674" lat="35.6460879" lon="139.8046920"/>
  <node id="569023675" lat="35.6460022" lon="139.8046951"/>
  <node id="569023677" lat="35.6459334" lon="139.8046879"/>
  <node id="569023678" lat="35.6457453" lon="139.8045572"/>
  <node id="569023680" lat="35.6456868" lon="139.8044299"/>
  <node id="569023681" lat="35.6456215" lon="139.8038025"/>
  <node id="569023682" lat="35.6456013" lon="139.8034846"/>
  <node id="569023683" lat="35.6456206" lon="139.8032356"/>
  <node id="569023685" lat="35.6456636" lon="139.8029499"/>
  <node id="569023689" lat="35.6473488" lon="139.8016152"/>
  <node id="569023690" lat="35.6473658" lon="139.8017861"/>
  <node id="569023691" lat="35.6456122" lon="139.8018487"/>
  <node id="569025069" lat="35.6445125" lon="139.8020029"/>
  <node id="1621585494" lat="35.6421085" lon="139.8023592"/>
  <node id="1667171247" lat="35.6422838" lon="139.8030023"/>
  <node id="1667171251" lat="35.6426117" lon="139.8032229"/>
  <node id="1667171252" lat="35.6426203" lon="139.8049823"/>
  <node id="1667171308" lat="35.6456678" lon="139.8043304"/>
  <node id="1667171309" lat="35.6456770" lon="139.8028258"/>
  <node id="1667171312" lat="35.6456800" lon="139.8024885"/>
  <node id="1667171313" lat="35.6456838" lon="139.8027143"/>
  <node id="1667171315" lat="35.6457099" lon="139.8044925"/>
  <node id="1667171320" lat="35.6457940" lon="139.8046184"/>
  <node id="1667171323" lat="35.6458346" lon="139.8046485"/>
  <node id="1667171327" lat="35.6458640" lon="139.8046702"/>
  <node id="1667171331" lat="35.6458963" lon="139.8029936"/>
  <node id="1667171337" lat="35.6459846" lon="139.8030022"/>
  <node id="1667171340" lat="35.6460435" lon="139.8030056"/>
  <node id="1667171359" lat="35.6465051" lon="139.8029389"/>
  <node id="1667171384" lat="35.6470194" lon="139.8045579"/>
  <node id="1667171432" lat="35.6481564" lon="139.8043959"/>
  <node id="1847701184" lat="35.6423071" lon="139.8057157"/>
  <node id="1950766979" lat="35.6427483" lon="139.8043540"/>
  <node id="2629159574" lat="35.6432266" lon="139.8021943"/>
  <node id="2629159585" lat="35.6432411" lon="139.8023689"/>
  <node id="3196028926" lat="35.6457450" lon="139.8029640"/>
  <node id="3996085633" lat="35.6421638" lon="139.8028422"/>
  <node id="3996085636" lat="35.6422044" lon="139.8029215"/>
  <node id="3996085637" lat="35.6425820" lon="139.8031884"/>
  <node id="3996085638" lat="35.6426329" lon="139.8032700"/>
  <node id="3996085639" lat="35.6422530" lon="139.8029760"/>
  <node id="3996085640" lat="35.6425255" lon="139.8031391"/>
  <node id="5765576351" lat="35.6445010" lon="139.8018795"/>
  <node id="5863264441" lat="35.6456023" lon="139.8035001"/>
  <node id="5863264628" lat="35.6456566" lon="139.8042027"/>
  <node id="5875526451" lat="35.6453295" lon="139.8020688"/>
  <node id="5875526470" lat="35.6456814" lon="139.8025227"/>
  <node id="5875527503" lat="35.6422481" lon="139.8051620"/>
  <node id="5875527524" lat="35.6427206" lon="139.8040348"/>
  <node id="5875527536" lat="35.6456542" lon="139.8030025"/>
  <node id="5887148597" lat="35.6475172" lon="139.8027930"/>
  <node id="6275152139" lat="35.6422561" lon="139.8023373"/>
  <node id="6275152140" lat="35.6422717" lon="139.8025026"/>
  <node id="6275152143" lat="35.6420939" lon="139.8022046"/>
  <node id="6275152145" lat="35.6419944" lon="139.8023751"/>
  <node id="6275152146" lat="35.6420103" lon="139.8025372"/>
  <node id="6275152148" lat="35.6421357" lon="139.8026477"/>
  <node id="6275152149" lat="35.6427375" lon="139.8042326"/>
  <node id="6275185104" lat="35.6461293" lon="139.8046859"/>
  <node id="6275185114" lat="35.6471773" lon="139.8045352"/>
  <node id="9013205294" lat="35.6426693" lon="139.8035125"/>
  <node id="9479552331" lat="35.6456850" lon="139.8026240"/>
  <node id="10601096112" lat="35.6474549" lon="139.8044957"/>
  <node id="10601098230" lat="35.6476676" lon="139.8044654"/>
  <node id="11407188719" lat="35.6457560" lon="139.8018294"/>
  <node id="11407188720" lat="35.6457750" lon="139.8020062"/>
  <node id="11407188721" lat="35.6456506" lon="139.8021473"/>
  <node id="11407188722" lat="35.6454602" lon="139.8020503"/>
  <node id="11407188723" lat="35.6454437" lon="139.8018723"/>
  <node id="11407188724" lat="35.6455996" lon="139.8017179"/>
  <node id="11407212846" lat="35.6436133" lon="139.8020040"/>
  <node id="11407212849" lat="35.6435116" lon="139.8023265"/>
  <node id="11407212850" lat="35.6434955" lon="139.8021534"/>
  <node id="11407212851" lat="35.6438170" lon="139.8022815"/>
  <node id="11407212852" lat="35.6438007" lon="139.8021078"/>
  <node id="11407245516" lat="35.6442165" lon="139.8022253"/>
  <node id="11423812248" lat="35.6473937" lon="139.8028104"/>
  <node id="11423812249" lat="35.6475732" lon="139.8027853"/>
  <node id="11423812250" lat="35.6474567" lon="139.8027066"/>
  <node id="11423861084" lat="35.6472273" lon="139.8018053"/>
  <node id="11423861085" lat="35.6473775" lon="139.8019048"/>
  <node id="11423861086" lat="35.6475148" lon="139.8017644"/>
  <node id="11423861087" lat="35.6474987" lon="139.8015933"/>
  <node id="11423861088" lat="35.6472101" lon="139.8016339"/>
  <node id="11423861089" lat="35.6473349" lon="139.8014709"/>
  <node id="11423877200" lat="35.6456446" lon="139.8030692"/>
  <node id="11540257822" lat="35.6427751" lon="139.8046289"/>
  <node id="11540257823" lat="35.6427674" lon="139.8047751"/>
  <node id="11540257824" lat="35.6427075" lon="139.8049052"/>
  <node id="11540257825" lat="35.6426693" lon="139.8049481"/>
  <node id="11540257826" lat="35.6418933" lon="139.8043178"/>
  <node id="31300439" lat="35.6430933" lon="139.8081511"/>
  <node id="31300440" lat="35.6436551" lon="139.8096334"/>
  <node id="31300444" lat="35.6435747" lon="139.8117902"/>
  <node id="31300479" lat="35.6446854" lon="139.8127968"/>
  <node id="31300483" lat="35.6438592" lon="139.8126718"/>
  <node id="269483952" lat="35.6439246" lon="139.8128384"/>
  <node id="361147573" lat="35.6421053" lon="139.8119823"/>
  <node id="568457651" lat="35.6417846" lon="139.8094974"/>
  <node id="568457652" lat="35.6419546" lon="139.8103789"/>
  <node id="569037380" lat="35.6468624" lon="139.8122644"/>
  <node id="569037402" lat="35.6468154" lon="139.8124123"/>
  <node id="569037404" lat="35.6464562" lon="139.8124320"/>
  <node id="569037406" lat="35.6453361" lon="139.8124215"/>
  <node id="569037415" lat="35.6446027" lon="139.8125330"/>
  <node id="569037418" lat="35.6422129" lon="139.8130527"/>
  <node id="569037441" lat="35.6417938" lon="139.8130137"/>
  <node id="569037445" lat="35.6422027" lon="139.8129562"/>
  <node id="569040154" lat="35.6468317" lon="139.8092401"/>
  <node id="569040155" lat="35.6468511" lon="139.8092028"/>
  <node id="569040156" lat="35.6468783" lon="139.8091826"/>
  <node id="569040157" lat="35.6469128" lon="139.8091787"/>
  <node id="569040158" lat="35.6469758" lon="139.8092563"/>
  <node id="569040174" lat="35.6464642" lon="139.8125450"/>
  <node id="569046041" lat="35.6420873" lon="139.8088340"/>
  <node id="569046042" lat="35.6421583" lon="139.8088381"/>
  <node id="569046043" lat="35.6422021" lon="139.8088709"/>
  <node id="569046044" lat="35.6434749" lon="139.8127563"/>
  <node id="569046045" lat="35.6428683" lon="139.8108720"/>
  <node id="569046046" lat="35.6420157" lon="139.8110047"/>
  <node id="569046047" lat="35.6435162" lon="139.8128904"/>
  <node id="1667171233" lat="35.6417780" lon="139.8098325"/>
  <node id="1667171234" lat="35.6418314" lon="139.8100742"/>
  <node id="1667171235" lat="35.6418468" lon="139.8097275"/>
  <node id="1667171236" lat="35.6418762" lon="139.8103571"/>
  <node id="1667171237" lat="35.6418945" lon="139.8099690"/>
  <node id="1667171238" lat="35.6418053" lon="139.8131148"/>
  <node id="1667171239" lat="35.6419281" lon="139.8108177"/>
  <node id="1667171240" lat="35.6419476" lon="139.8110114"/>
  <node id="1667171242" lat="35.6419912" lon="139.8107469"/>
  <node id="1667171244" lat="35.6421303" lon="139.8129685"/>
  <node id="1667171245" lat="35.6421393" lon="139.8130615"/>
  <node id="1667171246" lat="35.6422371" lon="139.8089265"/>
  <node id="1667171248" lat="35.6422801" lon="139.8090560"/>
  <node id="1667171317" lat="35.6457807" lon="139.8123504"/>
  <node id="1667171338" lat="35.6460120" lon="139.8124694"/>
  <node id="1667171344" lat="35.6461194" lon="139.8123278"/>
  <node id="1667171369" lat="35.6468282" lon="139.8092780"/>
  <node id="1667171377" lat="35.6469401" lon="139.8091905"/>
  <node id="1667171380" lat="35.6469646" lon="139.8092195"/>
  <node id="1847701185" lat="35.6424044" lon="139.8081652"/>
  <node id="1851017062" lat="35.6439084" lon="139.8103763"/>
  <node id="1851017480" lat="35.6468369" lon="139.8093704"/>
  <node id="1851017482" lat="35.6468285" lon="139.8092568"/>
  <node id="1851017485" lat="35.6468403" lon="139.8092187"/>
  <node id="1851017487" lat="35.6468631" lon="139.8091914"/>
  <node id="1851017501" lat="35.6468937" lon="139.8091784"/>
  <node id="1851017512" lat="35.6469282" lon="139.8091835"/>
  <node id="1851017520" lat="35.6469525" lon="139.8092018"/>
  <node id="1851017524" lat="35.6469720" lon="139.8092375"/>
  <node id="1851017530" lat="35.6469897" lon="139.8093500"/>
  <node id="4033387455" lat="35.6464483" lon="139.8122999"/>
  <node id="4445013404" lat="35.6477953" lon="139.8092333"/>
  <node id="4831922603" lat="35.6435140" lon="139.8092705"/>
  <node id="4831922604" lat="35.6432295" lon="139.8085624"/>
  <node id="4831922605" lat="35.6433614" lon="139.8089151"/>
  <node id="4831922617" lat="35.6433164" lon="139.8109900"/>
  <node id="4831922618" lat="35.6433581" lon="139.8110408"/>
  <node id="4831922619" lat="35.6434213" lon="139.8111346"/>
  <node id="4831922620" lat="35.6434737" lon="139.8112822"/>
  <node id="4831922621" lat="35.6435151" lon="139.8113894"/>
  <node id="4831922622" lat="35.6435543" lon="139.8114404"/>
  <node id="4831922623" lat="35.6435870" lon="139.8114404"/>
  <node id="4831922624" lat="35.6440513" lon="139.8112044"/>
  <node id="4831922625" lat="35.6440622" lon="139.8111695"/>
  <node id="4831922626" lat="35.6440513" lon="139.8110998"/>
  <node id="4831922627" lat="35.6439881" lon="139.8109147"/>
  <node id="4831922628" lat="35.6439467" lon="139.8107189"/>
  <node id="4831922629" lat="35.6439183" lon="139.8106036"/>
  <node id="4831922630" lat="35.6439031" lon="139.8104775"/>
  <node id="4831922639" lat="35.6425080" lon="139.8097597"/>
  <node id="4831922640" lat="35.6418541" lon="139.8097644"/>
  <node id="4832393470" lat="35.6465069" lon="139.8129834"/>
  <node id="4832393475" lat="35.6465909" lon="139.8138465"/>
  <node id="6439922841" lat="35.6440465" lon="139.8128188"/>
  <node id="6788586197" lat="35.6450246" lon="139.8124303"/>
  <node id="6788586198" lat="35.6444653" lon="139.8125653"/>
  <node id="6788586199" lat="35.6447416" lon="139.8124950"/>
  <node id="6788586200" lat="35.6451692" lon="139.8124169"/>
  <node id="9133614707" lat="35.6437590" lon="139.8099211"/>
  <node id="9720837090" lat="35.6466174" lon="139.8122851"/>
  <node id="9720837091" lat="35.6466219" lon="139.8124229"/>
  <node id="9720837092" lat="35.6466243" lon="139.8125232"/>
  <node id="9726172348" lat="35.6421168" lon="139.8109906"/>
  <node id="9726172349" lat="35.6427612" lon="139.8108905"/>
  <node id="9726172351" lat="35.6421128" lon="139.8127808"/>
  <node id="9726172352" lat="35.6421836" lon="139.8127652"/>
  <node id="9726172353" lat="35.6423289" lon="139.8129374"/>
  <node id="9726172354" lat="35.6423368" lon="139.8130403"/>
  <node id="9726172355" lat="35.6421602" lon="139.8132683"/>
  <node id="9726172356" lat="35.6422320" lon="139.8132548"/>
  <node id="9726172358" lat="35.6420450" lon="139.8129794"/>
  <node id="9726172359" lat="35.6420537" lon="139.8130732"/>
  <node id="10221519916" lat="35.6464755" lon="139.8126608"/>
  <node id="10221549819" lat="35.6447294" lon="139.8129156"/>
  <node id="10221549906" lat="35.6445530" lon="139.8123787"/>
  <node id="10221549961" lat="35.6434325" lon="139.8126244"/>
  <node id="10221549962" lat="35.6435718" lon="139.8130588"/>
  <node id="10221549963" lat="35.6438236" lon="139.8125614"/>
  <node id="10221549966" lat="35.6438444" lon="139.8128469"/>
  <node id="10221549968" lat="35.6437932" lon="139.8126863"/>
  <node id="10221549974" lat="35.6439610" lon="139.8129568"/>
  <node id="10304902176" lat="35.6417721" lon="139.8129847"/>
  <node id="10304902177" lat="35.6417861" lon="139.8131614"/>
  <node id="10675362433" lat="35.6468750" lon="139.8093658"/>
  <node id="10675373576" lat="35.6478839" lon="139.8092191"/>
  <node id="10675373582" lat="35.6471587" lon="139.8093255"/>
  <node id="569023667" lat="35.6498749" lon="139.8031012"/>
  <node id="569023668" lat="35.6489062" lon="139.8032316"/>
  <node id="569023669" lat="35.6497756" lon="139.8031157"/>
  <node id="569023671" lat="35.6489637" lon="139.8040062"/>
  <node id="569023672" lat="35.6489402" lon="139.8041074"/>
  <node id="569023673" lat="35.6486504" lon="139.8043230"/>
  <node id="569023686" lat="35.6487985" lon="139.8027827"/>
  <node id="569023687" lat="35.6486627" lon="139.8026670"/>
  <node id="569023688" lat="35.6485776" lon="139.8026477"/>
  <node id="569023692" lat="35.6497096" lon="139.8014121"/>
  <node id="569023693" lat="35.6496092" lon="139.8014599"/>
  <node id="569040130" lat="35.6502443" lon="139.8069767"/>
  <node id="569040131" lat="35.6501784" lon="139.8070378"/>
  <node id="569040132" lat="35.6490018" lon="139.8072092"/>
  <node id="569040133" lat="35.6489601" lon="139.8072235"/>
  <node id="569040134" lat="35.6489318" lon="139.8072448"/>
  <node id="569040135" lat="35.6489019" lon="139.8072878"/>
  <node id="569040136" lat="35.6488888" lon="139.8074181"/>
  <node id="569040137" lat="35.6501701" lon="139.8069539"/>
  <node id="569040138" lat="35.6489436" lon="139.8071332"/>
  <node id="569040139" lat="35.6489054" lon="139.8071500"/>
  <node id="569040140" lat="35.6488706" lon="139.8071771"/>
  <node id="569040141" lat="35.6488233" lon="139.8072598"/>
  <node id="569040142" lat="35.6488115" lon="139.8073160"/>
  <node id="569040143" lat="35.6488131" lon="139.8073940"/>
  <node id="569040147" lat="35.6517056" lon="139.8067693"/>
  <node id="569040149" lat="35.6519263" lon="139.8067757"/>
  <node id="569040150" lat="35.6524145" lon="139.8074989"/>
  <node id="1667171476" lat="35.6486969" lon="139.8026900"/>
  <node id="1667171484" lat="35.6487835" lon="139.8043057"/>
  <node id="1667171491" lat="35.6487529" lon="139.8027296"/>
  <node id="1667171500" lat="35.6488384" lon="139.8028504"/>
  <node id="1667171502" lat="35.6488431" lon="139.8042636"/>
  <node id="1667171503" lat="35.6488707" lon="139.8029435"/>
  <node id="1667171506" lat="35.6488839" lon="139.8073497"/>
  <node id="1667171508" lat="35.6488997" lon="139.8041881"/>
  <node id="1847701511" lat="35.6499623" lon="139.8049339"/>
  <node id="1847701512" lat="35.6500456" lon="139.8049246"/>
  <node id="1847701513" lat="35.6501186" lon="139.8064516"/>
  <node id="1847701514" lat="35.6501934" lon="139.8064429"/>
  <node id="1851017533" lat="35.6518280" lon="139.8067540"/>
  <node id="1851017534" lat="35.6518777" lon="139.8067580"/>
  <node id="1851017535" lat="35.6519658" lon="139.8068240"/>
  <node id="1851017536" lat="35.6524392" lon="139.8075363"/>
  <node id="1851017537" lat="35.6524537" lon="139.8075713"/>
  <node id="1851017538" lat="35.6524613" lon="139.8076079"/>
  <node id="2194543299" lat="35.6497609" lon="139.8017563"/>
  <node id="2194543333" lat="35.6497556" lon="139.8018877"/>
  <node id="2194543383" lat="35.6497751" lon="139.8016208"/>
  <node id="2194543445" lat="35.6498186" lon="139.8014371"/>
  <node id="2194543451" lat="35.6497969" lon="139.8015109"/>
  <node id="3848747348" lat="35.6499287" lon="139.8036689"/>
  <node id="3996084574" lat="35.6496610" lon="139.8014401"/>
  <node id="4835901602" lat="35.6502428" lon="139.8077295"/>
  <node id="4835901748" lat="35.6513659" lon="139.8068191"/>
  <node id="4835901807" lat="35.6488350" lon="139.8076164"/>
  <node id="4835901808" lat="35.6489072" lon="139.8076046"/>
  <node id="5887148594" lat="35.6497398" lon="139.8027521"/>
  <node id="5887148607" lat="35.6498887" lon="139.8042099"/>
  <node id="5887148624" lat="35.6498924" lon="139.8042456"/>
  <node id="5887148630" lat="35.6499129" lon="139.8044461"/>
  <node id="6275185163" lat="35.6486190" lon="139.8026560"/>
  <node id="6303264611" lat="35.6488435" lon="139.8072145"/>
  <node id="6303264612" lat="35.6489950" lon="139.8071212"/>
  <node id="9479552332" lat="35.6489664" lon="139.8038766"/>
  <node id="9479552333" lat="35.6489402" lon="139.8036030"/>
  <node id="10298335681" lat="35.6501895" lon="139.8071577"/>
  <node id="10298335682" lat="35.6502609" lon="139.8071479"/>
  <node id="10298335683" lat="35.6500564" lon="139.8069701"/>
  <node id="10298335684" lat="35.6500642" lon="139.8070543"/>
  <node id="10298335685" lat="35.6503586" lon="139.8069604"/>
  <node id="11126990546" lat="35.6499886" lon="139.8043126"/>
  <node id="11126990550" lat="35.6499728" lon="139.8041431"/>
  <node id="11422147029" lat="35.6496754" lon="139.8031293"/>
  <node id="11422147030" lat="35.6497903" lon="139.8032575"/>
  <node id="11422147031" lat="35.6497629" lon="139.8029868"/>
  <node id="11422147032" lat="35.6498883" lon="139.8032430"/>
  <node id="11422147033" lat="35.6498622" lon="139.8029719"/>
  <node id="11422176191" lat="35.6489169" lon="139.8033482"/>
  <node id="11422176192" lat="35.6489866" lon="139.8032209"/>
  <node id="11422176193" lat="35.6488902" lon="139.8031018"/>
  <node id="11464737689" lat="35.6521255" lon="139.8070642"/>
  <node id="11464737694" lat="35.6517210" lon="139.8069184"/>
  <node id="11703476175" lat="35.6503387" lon="139.8079436"/>
  <node id="11880470518" lat="35.6510727" lon="139.8068602"/>
  <node id="269483950" lat="35.6494600" lon="139.8121375"/>
  <node id="569037372" lat="35.6521815" lon="139.8116098"/>
  <node id="569037378" lat="35.6521721" lon="139.8115039"/>
  <node id="569037383" lat="35.6523202" lon="139.8115532"/>
  <node id="569037384" lat="35.6526471" lon="139.8113595"/>
  <node id="569037400" lat="35.6523888" lon="139.8114301"/>
  <node id="569040151" lat="35.6528205" lon="139.8113222"/>
  <node id="569040160" lat="35.6525553" lon="139.8085406"/>
  <node id="569040161" lat="35.6518864" lon="139.8086353"/>
  <node id="569040163" lat="35.6504274" lon="139.8088481"/>
  <node id="569040164" lat="35.6503491" lon="139.8088596"/>
  <node id="569040166" lat="35.6490529" lon="139.8090479"/>
  <node id="569040167" lat="35.6489772" lon="139.8090590"/>
  <node id="569040168" lat="35.6494274" lon="139.8118903"/>
  <node id="569040169" lat="35.6491581" lon="139.8119326"/>
  <node id="569040170" lat="35.6507339" lon="139.8119577"/>
  <node id="569040171" lat="35.6506510" lon="139.8119674"/>
  <node id="569040172" lat="35.6506275" lon="139.8117165"/>
  <node id="569040173" lat="35.6507137" lon="139.8117033"/>
  <node id="569040200" lat="35.6531108" lon="139.8115982"/>
  <node id="1312684872" lat="35.6521898" lon="139.8117557"/>
  <node id="1667171519" lat="35.6492007" lon="139.8119045"/>
  <node id="1667171520" lat="35.6492322" lon="139.8117411"/>
  <node id="1667171521" lat="35.6492361" lon="139.8118321"/>
  <node id="1667171522" lat="35.6492373" lon="139.8117881"/>
  <node id="1667171523" lat="35.6493050" lon="139.8117314"/>
  <node id="1667171524" lat="35.6493261" lon="139.8117990"/>
  <node id="1667171525" lat="35.6493783" lon="139.8118657"/>
  <node id="1667171533" lat="35.6528353" lon="139.8114103"/>
  <node id="1667171534" lat="35.6528914" lon="139.8114431"/>
  <node id="1667171535" lat="35.6529460" lon="139.8114534"/>
  <node id="1667171538" lat="35.6532516" lon="139.8114138"/>
  <node id="1667171539" lat="35.6533553" lon="139.8114310"/>
  <node id="1667171540" lat="35.6534156" lon="139.8114672"/>
  <node id="1667171541" lat="35.6534646" lon="139.8115362"/>
  <node id="1733695012" lat="35.6522682" lon="139.8126528"/>
  <node id="1847701515" lat="35.6506384" lon="139.8118346"/>
  <node id="1847701516" lat="35.6507239" lon="139.8118237"/>
  <node id="1847701519" lat="35.6535946" lon="139.8112070"/>
  <node id="1847701520" lat="35.6536097" lon="139.8115155"/>
  <node id="1847701523" lat="35.6545801" lon="139.8110594"/>
  <node id="1847701524" lat="35.6545879" lon="139.8113756"/>
  <node id="1851017539" lat="35.6533105" lon="139.8084331"/>
  <node id="3399626544" lat="35.6491055" lon="139.8103837"/>
  <node id="4835829020" lat="35.6493294" lon="139.8090070"/>
  <node id="4835829228" lat="35.6491660" lon="139.8102799"/>
  <node id="4835829317" lat="35.6520250" lon="139.8100100"/>
  <node id="4835829429" lat="35.6504601" lon="139.8091809"/>
  <node id="4835901591" lat="35.6500299" lon="139.8089068"/>
  <node id="4835901738" lat="35.6503909" lon="139.8084781"/>
  <node id="6156556447" lat="35.6523129" lon="139.8114568"/>
  <node id="6156556448" lat="35.6523354" lon="139.8117302"/>
  <node id="6156556458" lat="35.6502357" lon="139.8088764"/>
  <node id="6156556459" lat="35.6504916" lon="139.8117349"/>
  <node id="6303243952" lat="35.6493505" lon="139.8118377"/>
  <node id="6788586201" lat="35.6525500" lon="139.8114079"/>
  <node id="8256227341" lat="35.6504440" lon="139.8090173"/>
  <node id="8256227347" lat="35.6503651" lon="139.8090292"/>
  <node id="8256227349" lat="35.6505158" lon="139.8119865"/>
  <node id="9706241948" lat="35.6493140" lon="139.8117729"/>
  <node id="9706241949" lat="35.6492225" lon="139.8118743"/>
  <node id="10297665270" lat="35.6521999" lon="139.8118776"/>
  <node id="10297665272" lat="35.6508075" lon="139.8116905"/>
  <node id="10297665273" lat="35.6508185" lon="139.8118115"/>
  <node id="10297665274" lat="35.6508306" lon="139.8119443"/>
  <node id="10297665275" lat="35.6505032" lon="139.8118550"/>
  <node id="10297665282" lat="35.6506179" lon="139.8116184"/>
  <node id="10297665283" lat="35.6507037" lon="139.8116056"/>
  <node id="10298039667" lat="35.6531186" lon="139.8116778"/>
  <node id="10298335644" lat="35.6490901" lon="139.8102246"/>
  <node id="10298335645" lat="35.6489893" lon="139.8091740"/>
  <node id="10298335646" lat="35.6490628" lon="139.8091639"/>
  <node id="10298335647" lat="35.6488941" lon="139.8090713"/>
  <node id="10298335649" lat="35.6491338" lon="139.8090359"/>
  <node id="10298335651" lat="35.6489626" lon="139.8089109"/>
  <node id="10298335652" lat="35.6490381" lon="139.8089009"/>
  <node id="10298335676" lat="35.6505475" lon="139.8088303"/>
  <node id="10298335677" lat="35.6503330" lon="139.8086890"/>
  <node id="10298335678" lat="35.6504106" lon="139.8086775"/>
  <node id="10298335686" lat="35.6491601" lon="139.8102156"/>
  <node id="11703476177" lat="35.6502640" lon="139.8079547"/>
  <node id="11804490096" lat="35.6524696" lon="139.8085527"/>
  <node id="11804490097" lat="35.6526377" lon="139.8085289"/>
  <node id="11804490098" lat="35.6525653" lon="139.8086453"/>
  <node id="11804490099" lat="35.6525447" lon="139.8084357"/>
  <node id="11804522024" lat="35.6518742" lon="139.8085082"/>
  <node id="11804522025" lat="35.6517654" lon="139.8086529"/>
  <node id="11804522026" lat="35.6518995" lon="139.8087655"/>
  <node id="11804522027" lat="35.6520348" lon="139.8086143"/>
  <node id="11880470530" lat="35.6498514" lon="139.8089323"/>
  <node id="31300480" lat="35.6458283" lon="139.8163056"/>
  <node id="31300481" lat="35.6460491" lon="139.8172814"/>
  <node id="31300482" lat="35.6461021" lon="139.8176215"/>
  <node id="31300485" lat="35.6453539" lon="139.8178147"/>
  <node id="31300493" lat="35.6461872" lon="139.8184645"/>
  <node id="31300494" lat="35.6463255" lon="139.8199740"/>
  <node id="31300496" lat="35.6454702" lon="139.8188769"/>
  <node id="31300497" lat="35.6456168" lon="139.8203379"/>
  <node id="281657511" lat="35.6429999" lon="139.8206097"/>
  <node id="281657512" lat="35.6429022" lon="139.8201817"/>
  <node id="569040175" lat="35.6471219" lon="139.8198606"/>
  <node id="569040176" lat="35.6480972" lon="139.8197112"/>
  <node id="569040177" lat="35.6468570" lon="139.8166885"/>
  <node id="569046050" lat="35.6449096" lon="139.8173284"/>
  <node id="569046052" lat="35.6450014" lon="139.8178637"/>
  <node id="569046054" lat="35.6452431" lon="139.8207202"/>
  <node id="569046055" lat="35.6434463" lon="139.8209258"/>
  <node id="569046056" lat="35.6432200" lon="139.8186737"/>
  <node id="569046057" lat="35.6450506" lon="139.8184260"/>
  <node id="569046058" lat="35.6452163" lon="139.8200872"/>
  <node id="569046059" lat="35.6447507" lon="139.8167671"/>
  <node id="569046060" lat="35.6441650" lon="139.8148544"/>
  <node id="569046061" lat="35.6433553" lon="139.8149827"/>
  <node id="569046062" lat="35.6438770" lon="139.8202597"/>
  <node id="569046063" lat="35.6442302" lon="139.8168622"/>
  <node id="569046064" lat="35.6445597" lon="139.8201744"/>
  <node id="569046065" lat="35.6424071" lon="139.8151165"/>
  <node id="569046066" lat="35.6425892" lon="139.8170913"/>
  <node id="569046067" lat="35.6427476" lon="139.8187364"/>
  <node id="569046068" lat="35.6429366" lon="139.8203907"/>
  <node id="569046070" lat="35.6433832" lon="139.8203334"/>
  <node id="569046071" lat="35.6437030" lon="139.8185978"/>
  <node id="569046072" lat="35.6443927" lon="139.8184981"/>
  <node id="569046073" lat="35.6435440" lon="139.8169530"/>
  <node id="1667171249" lat="35.6423408" lon="139.8151231"/>
  <node id="1667171250" lat="35.6425397" lon="139.8170990"/>
  <node id="1667171253" lat="35.6426992" lon="139.8187426"/>
  <node id="1667171255" lat="35.6428351" lon="139.8203030"/>
  <node id="1667171256" lat="35.6428499" lon="139.8203677"/>
  <node id="1667171257" lat="35.6428743" lon="139.8204737"/>
  <node id="1667171258" lat="35.6434755" lon="139.8209569"/>
  <node id="1667171259" lat="35.6435208" lon="139.8209701"/>
  <node id="1667171282" lat="35.6452804" lon="139.8206745"/>
  <node id="1667171290" lat="35.6453588" lon="139.8148601"/>
  <node id="1733694677" lat="35.6471182" lon="139.8198211"/>
  <node id="1733694782" lat="35.6483024" lon="139.8164887"/>
  <node id="1847701308" lat="35.6463945" lon="139.8206278"/>
  <node id="1851017484" lat="35.6468472" lon="139.8199005"/>
  <node id="1851017525" lat="35.6469747" lon="139.8182590"/>
  <node id="3717260623" lat="35.6458421" lon="139.8165549"/>
  <node id="3717260624" lat="35.6459362" lon="139.8171031"/>
  <node id="3717275429" lat="35.6455201" lon="139.8184694"/>
  <node id="3717275434" lat="35.6455902" lon="139.8156126"/>
  <node id="3717275435" lat="35.6460545" lon="139.8181325"/>
  <node id="3717275436" lat="35.6457692" lon="139.8210056"/>
  <node id="3717275439" lat="35.6460018" lon="139.8176341"/>
  <node id="3717275445" lat="35.6454585" lon="139.8180765"/>
  <node id="3717275447" lat="35.6452708" lon="139.8172101"/>
  <node id="4004280488" lat="35.6459811" lon="139.8169273"/>
  <node id="4004284189" lat="35.6455660" lon="139.8188658"/>
  <node id="4004284191" lat="35.6456522" lon="139.8157355"/>
  <node id="4831922838" lat="35.6427682" lon="139.8196024"/>
  <node id="4831922840" lat="35.6424462" lon="139.8162190"/>
  <node id="4832393466" lat="35.6482000" lon="139.8165020"/>
  <node id="4832393467" lat="35.6475326" lon="139.8165929"/>
  <node id="4832393469" lat="35.6467310" lon="139.8152859"/>
  <node id="4832394608" lat="35.6471575" lon="139.8198555"/>
  <node id="6335374317" lat="35.6446420" lon="139.8167909"/>
  <node id="6439922816" lat="35.6459239" lon="139.8166719"/>
  <node id="6439922824" lat="35.6452785" lon="139.8173542"/>
  <node id="6439922825" lat="35.6457536" lon="139.8160426"/>
  <node id="6439922830" lat="35.6453905" lon="139.8180938"/>
  <node id="6439922843" lat="35.6461491" lon="139.8180381"/>
  <node id="7885559851" lat="35.6458874" lon="139.8167901"/>
  <node id="8189166596" lat="35.6457962" lon="139.8163616"/>
  <node id="8320158993" lat="35.6452135" lon="139.8169635"/>
  <node id="8320158994" lat="35.6451290" lon="139.8166679"/>
  <node id="8320158995" lat="35.6450139" lon="139.8162735"/>
  <node id="8320158996" lat="35.6457082" lon="139.8203248"/>
  <node id="8320158997" lat="35.6453547" lon="139.8175516"/>
  <node id="8320158998" lat="35.6454140" lon="139.8178242"/>
  <node id="9073829863" lat="35.6463728" lon="139.8204229"/>
  <node id="9726172360" lat="35.6425089" lon="139.8151028"/>
  <node id="9726172362" lat="35.6432318" lon="139.8150015"/>
  <node id="9726172363" lat="35.6433664" lon="139.8151269"/>
  <node id="10254884303" lat="35.6464185" lon="139.8199598"/>
  <node id="10265533595" lat="35.6468663" lon="139.8168123"/>
  <node id="10265533604" lat="35.6468426" lon="139.8165288"/>
  <node id="10265533605" lat="35.6469966" lon="139.8166688"/>
  <node id="10273657993" lat="35.6472163" lon="139.8198465"/>
  <node id="10273657994" lat="35.6470390" lon="139.8198726"/>
  <node id="10304902189" lat="35.6426920" lon="139.8170764"/>
  <node id="10304902190" lat="35.6434159" lon="139.8169715"/>
  <node id="10304902191" lat="35.6435593" lon="139.8171114"/>
  <node id="10304902192" lat="35.6435781" lon="139.8186175"/>
  <node id="10304902193" lat="35.6436900" lon="139.8184638"/>
  <node id="31300495" lat="35.6467001" lon="139.8238418"/>
  <node id="31330003" lat="35.6470091" lon="139.8269184"/>
  <node id="31330006" lat="35.6462333" lon="139.8267194"/>
  <node id="31330057" lat="35.6462651" lon="139.8266590"/>
  <node id="31330058" lat="35.6462950" lon="139.8263951"/>
  <node id="31330059" lat="35.6463578" lon="139.8262807"/>
  <node id="31330060" lat="35.6467640" lon="139.8262093"/>
  <node id="31330061" lat="35.6468514" lon="139.8263335"/>
  <node id="31330062" lat="35.6469156" lon="139.8267238"/>
  <node id="252086632" lat="35.6445046" lon="139.8248636"/>
  <node id="281657508" lat="35.6443870" lon="139.8243652"/>
  <node id="305102456" lat="35.6457979" lon="139.8271621"/>
  <node id="570752231" lat="35.6453580" lon="139.8256966"/>
  <node id="570752232" lat="35.6452265" lon="139.8256778"/>
  <node id="570752235" lat="35.6457441" lon="139.8255664"/>
  <node id="570752236" lat="35.6453754" lon="139.8255322"/>
  <node id="570752237" lat="35.6449500" lon="139.8254207"/>
  <node id="570752239" lat="35.6468538" lon="139.8254259"/>
  <node id="570752240" lat="35.6468678" lon="139.8255698"/>
  <node id="570752241" lat="35.6461089" lon="139.8255371"/>
  <node id="570752242" lat="35.6461235" lon="139.8256785"/>
  <node id="570753269" lat="35.6445521" lon="139.8252595"/>
  <node id="570753270" lat="35.6445742" lon="139.8254614"/>
  <node id="570753271" lat="35.6444762" lon="139.8254191"/>
  <node id="570753272" lat="35.6446462" lon="139.8271974"/>
  <node id="570753273" lat="35.6447357" lon="139.8271862"/>
  <node id="1426116791" lat="35.6446369" lon="139.8261155"/>
  <node id="1426116793" lat="35.6446790" lon="139.8259941"/>
  <node id="1426116795" lat="35.6446976" lon="139.8259673"/>
  <node id="1426116813" lat="35.6447646" lon="139.8259290"/>
  <node id="1426116868" lat="35.6449084" lon="139.8259069"/>
  <node id="1426116889" lat="35.6451284" lon="139.8261706"/>
  <node id="1426116895" lat="35.6452171" lon="139.8271410"/>
  <node id="1426116898" lat="35.6451451" lon="139.8263200"/>
  <node id="1426116900" lat="35.6453504" lon="139.8258432"/>
  <node id="1426116902" lat="35.6451395" lon="139.8261164"/>
  <node id="1426116905" lat="35.6451698" lon="139.8265557"/>
  <node id="1426116906" lat="35.6451858" lon="139.8267060"/>
  <node id="1426116907" lat="35.6451660" lon="139.8264211"/>
  <node id="1426116918" lat="35.6451746" lon="139.8263529"/>
  <node id="1426116928" lat="35.6451929" lon="139.8264796"/>
  <node id="1426116933" lat="35.6451811" lon="139.8260623"/>
  <node id="1426116939" lat="35.6452682" lon="139.8269336"/>
  <node id="1426116941" lat="35.6451882" lon="139.8263209"/>
  <node id="1426116943" lat="35.6452371" lon="139.8264456"/>
  <node id="1426116950" lat="35.6452136" lon="139.8262973"/>
  <node id="1426116953" lat="35.6454798" lon="139.8260198"/>
  <node id="1426116954" lat="35.6456754" lon="139.8257078"/>
  <node id="1426116957" lat="35.6455197" lon="139.8262554"/>
  <node id="1426116967" lat="35.6455441" lon="139.8264043"/>
  <node id="1426116975" lat="35.6455389" lon="139.8260439"/>
  <node id="1426116985" lat="35.6455808" lon="139.8266629"/>
  <node id="1426116990" lat="35.6455930" lon="139.8268850"/>
  <node id="1426116991" lat="35.6455512" lon="139.8262362"/>
  <node id="1426116992" lat="35.6455868" lon="139.8271079"/>
  <node id="1426116993" lat="35.6455770" lon="139.8258431"/>
  <node id="1426116995" lat="35.6455609" lon="139.8260862"/>
  <node id="1426116996" lat="35.6455955" lon="139.8266822"/>
  <node id="1426116998" lat="35.6455683" lon="139.8261864"/>
  <node id="1426116999" lat="35.6455776" lon="139.8263627"/>
  <node id="1426117001" lat="35.6456069" lon="139.8267074"/>
  <node id="1426117002" lat="35.6456043" lon="139.8257999"/>
  <node id="1426117004" lat="35.6456181" lon="139.8268572"/>
  <node id="1426117007" lat="35.6457164" lon="139.8271021"/>
  <node id="1667171261" lat="35.6443313" lon="139.8244374"/>
  <node id="1667171262" lat="35.6443735" lon="139.8245729"/>
  <node id="1667171263" lat="35.6444187" lon="139.8247655"/>
  <node id="1667171264" lat="35.6444344" lon="139.8248627"/>
  <node id="1667171266" lat="35.6444505" lon="139.8245973"/>
  <node id="1667171267" lat="35.6446249" lon="139.8260061"/>
  <node id="1667171636" lat="35.6444633" lon="139.8252237"/>
  <node id="1733694705" lat="35.6475352" lon="139.8254566"/>
  <node id="1739073409" lat="35.6456604" lon="139.8271008"/>
  <node id="1739073427" lat="35.6457466" lon="139.8271137"/>
  <node id="1739073443" lat="35.6458361" lon="139.8272833"/>
  <node id="1739073448" lat="35.6458691" lon="139.8274724"/>
  <node id="1772389913" lat="35.6455254" lon="139.8257116"/>
  <node id="1817879194" lat="35.6423979" lon="139.8243422"/>
  <node id="1817879204" lat="35.6424115" lon="139.8244892"/>
  <node id="1817879205" lat="35.6431728" lon="139.8212841"/>
  <node id="1817879206" lat="35.6432227" lon="139.8246957"/>
  <node id="1817879207" lat="35.6432455" lon="139.8212745"/>
  <node id="1817879208" lat="35.6432375" lon="139.8248490"/>
  <node id="1817879215" lat="35.6438103" lon="139.8230148"/>
  <node id="1817879221" lat="35.6438865" lon="139.8230102"/>
  <node id="1847701331" lat="35.6465942" lon="139.8227721"/>
  <node id="1950768173" lat="35.6460348" lon="139.8244392"/>
  <node id="1950768175" lat="35.6460813" lon="139.8244971"/>
  <node id="1950768178" lat="35.6461376" lon="139.8245295"/>
  <node id="1950768181" lat="35.6461797" lon="139.8245415"/>
  <node id="1950768197" lat="35.6463062" lon="139.8263413"/>
  <node id="1950768257" lat="35.6465639" lon="139.8245366"/>
  <node id="1950768261" lat="35.6466014" lon="139.8245251"/>
  <node id="1950768267" lat="35.6466707" lon="139.8239849"/>
  <node id="1950768269" lat="35.6466401" lon="139.8244917"/>
  <node id="1950768276" lat="35.6466604" lon="139.8244627"/>
  <node id="1950768278" lat="35.6466816" lon="139.8244042"/>
  <node id="1950768284" lat="35.6468198" lon="139.8262488"/>
  <node id="1965884833" lat="35.6482897" lon="139.8252135"/>
  <node id="3717275428" lat="35.6461569" lon="139.8250301"/>
  <node id="3717275432" lat="35.6466233" lon="139.8239609"/>
  <node id="3717275443" lat="35.6464076" lon="139.8216543"/>
  <node id="3717275446" lat="35.6458138" lon="139.8224425"/>
  <node id="3717275448" lat="35.6468456" lon="139.8262221"/>
  <node id="3719356961" lat="35.6446210" lon="139.8233709"/>
  <node id="3719356962" lat="35.6447611" lon="139.8247002"/>
  <node id="3719356963" lat="35.6445497" lon="139.8226832"/>
  <node id="3719356964" lat="35.6451504" lon="139.8232948"/>
  <node id="3719356965" lat="35.6446824" lon="139.8239537"/>
  <node id="3719356966" lat="35.6440506" lon="139.8234544"/>
  <node id="3719356967" lat="35.6448105" lon="139.8253701"/>
  <node id="3719356968" lat="35.6450905" lon="139.8225990"/>
  <node id="3719356969" lat="35.6444837" lon="139.8247475"/>
  <node id="3719356970" lat="35.6442526" lon="139.8240012"/>
  <node id="3719356971" lat="35.6452692" lon="139.8246184"/>
  <node id="3719451225" lat="35.6435610" lon="139.8240256"/>
  <node id="3719451227" lat="35.6434937" lon="139.8233382"/>
  <node id="3719451235" lat="35.6439031" lon="139.8232667"/>
  <node id="3719451239" lat="35.6441534" lon="139.8239461"/>
  <node id="3719451241" lat="35.6436449" lon="139.8248833"/>
  <node id="3719451242" lat="35.6436107" lon="139.8245333"/>
  <node id="3791171058" lat="35.6469911" lon="139.8254062"/>
  <node id="3791171072" lat="35.6470047" lon="139.8255466"/>
  <node id="4080930071" lat="35.6456326" lon="139.8257657"/>
  <node id="4832393477" lat="35.6440989" lon="139.8234473"/>
  <node id="6018202791" lat="35.6447194" lon="139.8259445"/>
  <node id="6018202816" lat="35.6452719" lon="139.8268118"/>
  <node id="6018202817" lat="35.6456165" lon="139.8267842"/>
  <node id="6018202823" lat="35.6455797" lon="139.8263270"/>
  <node id="6018202824" lat="35.6455511" lon="139.8259274"/>
  <node id="6024037258" lat="35.6458940" lon="139.8276082"/>
  <node id="6120712988" lat="35.6453293" lon="139.8271329"/>
  <node id="6120713003" lat="35.6446318" lon="139.8270602"/>
  <node id="6120713004" lat="35.6447243" lon="139.8270507"/>
  <node id="6120713005" lat="35.6446619" lon="139.8273519"/>
  <node id="6120713006" lat="35.6447496" lon="139.8273404"/>
  <node id="6265692105" lat="35.6451791" lon="139.8254912"/>
  <node id="6265692106" lat="35.6448404" lon="139.8255755"/>
  <node id="6439922813" lat="35.6463268" lon="139.8263040"/>
  <node id="6439922815" lat="35.6462953" lon="139.8264491"/>
  <node id="6439922821" lat="35.6468406" lon="139.8262853"/>
  <node id="6439922831" lat="35.6467928" lon="139.8262229"/>
  <node id="7425607297" lat="35.6462436" lon="139.8258720"/>
  <node id="7425607298" lat="35.6463746" lon="139.8271658"/>
  <node id="8189187954" lat="35.6457717" lon="139.8271318"/>
  <node id="8189187969" lat="35.6458198" lon="139.8272119"/>
  <node id="8189187976" lat="35.6456329" lon="139.8255599"/>
  <node id="8189187978" lat="35.6455109" lon="139.8260206"/>
  <node id="8189187985" lat="35.6449826" lon="139.8256239"/>
  <node id="8189187987" lat="35.6455548" lon="139.8266519"/>
  <node id="8320248173" lat="35.6459197" lon="139.8235460"/>
  <node id="8320248174" lat="35.6459983" lon="139.8243729"/>
  <node id="8320248175" lat="35.6467139" lon="139.8248752"/>
  <node id="8320248176" lat="35.6466864" lon="139.8243456"/>
  <node id="8320248177" lat="35.6469552" lon="139.8268421"/>
  <node id="8320249792" lat="35.6462852" lon="139.8265745"/>
  <node id="8356930323" lat="35.6467709" lon="139.8245841"/>
  <node id="8575129076" lat="35.6442999" lon="139.8239960"/>
  <node id="9156526711" lat="35.6445190" lon="139.8258880"/>
  <node id="9156571687" lat="35.6445868" lon="139.8265886"/>
  <node id="9482722688" lat="35.6418650" lon="139.8242614"/>
  <node id="9482722691" lat="35.6446578" lon="139.8260444"/>
  <node id="9482722694" lat="35.6451782" lon="139.8265077"/>
  <node id="9482722695" lat="35.6452103" lon="139.8264635"/>
  <node id="9482722696" lat="35.6455367" lon="139.8262482"/>
  <node id="9482722697" lat="35.6455618" lon="139.8262140"/>
  <node id="9482722698" lat="35.6452479" lon="139.8268405"/>
  <node id="9482722699" lat="35.6452337" lon="139.8268812"/>
  <node id="9482722701" lat="35.6455809" lon="139.8263428"/>
  <node id="9482722702" lat="35.6455623" lon="139.8263904"/>
  <node id="9482722703" lat="35.6451302" lon="139.8261443"/>
  <node id="9482722704" lat="35.6451564" lon="139.8260809"/>
  <node id="9482722705" lat="35.6450714" lon="139.8254617"/>
  <node id="9482722706" lat="35.6450986" lon="139.8256508"/>
  <node id="9916547555" lat="35.6456933" lon="139.8271016"/>
  <node id="9916547556" lat="35.6452171" lon="139.8269772"/>
  <node id="10143113663" lat="35.6468746" lon="139.8256589"/>
  <node id="10143113664" lat="35.6461321" lon="139.8257594"/>
  <node id="10143113665" lat="35.6468415" lon="139.8253088"/>
  <node id="10143113666" lat="35.6460987" lon="139.8254097"/>
  <node id="10143113667" lat="35.6470713" lon="139.8255362"/>
  <node id="10143113668" lat="35.6468375" lon="139.8252608"/>
  <node id="10143113669" lat="35.6461375" lon="139.8258236"/>
  <node id="10143113670" lat="35.6462439" lon="139.8256609"/>
  <node id="10143113671" lat="35.6467459" lon="139.8254420"/>
  <node id="10143113672" lat="35.6459951" lon="139.8255491"/>
  <node id="10143113673" lat="35.6448323" lon="139.8271759"/>
  <node id="10143113674" lat="35.6444477" lon="139.8250293"/>
  <node id="10143113675" lat="35.6445281" lon="139.8250597"/>
  <node id="10143113676" lat="35.6446518" lon="139.8253022"/>
  <node id="10143113677" lat="35.6446735" lon="139.8255040"/>
  <node id="10143113678" lat="35.6444884" lon="139.8255721"/>
  <node id="10143113679" lat="35.6445881" lon="139.8256108"/>
  <node id="10143113680" lat="35.6443627" lon="139.8251819"/>
  <node id="10143113681" lat="35.6443728" lon="139.8253703"/>
  <node id="10269320093" lat="35.6438766" lon="139.8232713"/>
  <node id="10269320094" lat="35.6441202" lon="139.8239506"/>
  <node id="10269320095" lat="35.6442965" lon="139.8244420"/>
  <node id="10269320096" lat="35.6436305" lon="139.8247363"/>
  <node id="10300137730" lat="35.6453621" lon="139.8254180"/>
  <node id="10300137732" lat="35.6448029" lon="139.8252674"/>
  <node id="10300633241" lat="35.6455919" lon="139.8267605"/>
  <node id="10300633255" lat="35.6456208" lon="139.8268322"/>
  <node id="10300633256" lat="35.6456080" lon="139.8268715"/>
  <node id="11129249780" lat="35.6455297" lon="139.8257922"/>
  <node id="11129428015" lat="35.6460419" lon="139.8256838"/>
  <node id="11129428016" lat="35.6460290" lon="139.8255455"/>
  <node id="569040148" lat="35.6525889" lon="139.8159170"/>
  <node id="569040178" lat="35.6530102" lon="139.8158745"/>
  <node id="569040180" lat="35.6540173" lon="139.8157228"/>
  <node id="569040182" lat="35.6541044" lon="139.8157319"/>
  <node id="569040183" lat="35.6541945" lon="139.8157501"/>
  <node id="569040184" lat="35.6545015" lon="139.8158911"/>
  <node id="569040185" lat="35.6546757" lon="139.8160218"/>
  <node id="569040186" lat="35.6547696" lon="139.8160765"/>
  <node id="569040192" lat="35.6540229" lon="139.8157718"/>
  <node id="569040193" lat="35.6541945" lon="139.8158002"/>
  <node id="569040194" lat="35.6543783" lon="139.8158712"/>
  <node id="569040195" lat="35.6546254" lon="139.8160452"/>
  <node id="1667171536" lat="35.6531757" lon="139.8158274"/>
  <node id="1667171537" lat="35.6531822" lon="139.8158694"/>
  <node id="1667171545" lat="35.6541017" lon="139.8157794"/>
  <node id="1667171546" lat="35.6543036" lon="139.8158364"/>
  <node id="1667171547" lat="35.6543081" lon="139.8157866"/>
  <node id="1667171548" lat="35.6544193" lon="139.8158359"/>
  <node id="1667171549" lat="35.6544829" lon="139.8159336"/>
  <node id="1667171550" lat="35.6545621" lon="139.8159949"/>
  <node id="1667171554" lat="35.6545850" lon="139.8159532"/>
  <node id="1667171556" lat="35.6546931" lon="139.8160909"/>
  <node id="1667171557" lat="35.6547599" lon="139.8161242"/>
  <node id="1667171559" lat="35.6548271" lon="139.8161554"/>
  <node id="3399626298" lat="35.6524638" lon="139.8159255"/>
  <node id="4851084199" lat="35.6535251" lon="139.8158194"/>
  <node id="6229707218" lat="35.6527204" lon="139.8159121"/>
  <node id="6229707220" lat="35.6525772" lon="139.8157738"/>
  <node id="8320404457" lat="35.6535210" lon="139.8157765"/>
  <node id="9706171235" lat="35.6513639" lon="139.8160699"/>
  <node id="9706171237" lat="35.6509585" lon="139.8161235"/>
  <node id="10265533530" lat="35.6521412" lon="139.8159768"/>
  <node id="10265533598" lat="35.6516802" lon="139.8160309"/>
  <node id="10265541110" lat="35.6503619" lon="139.8162043"/>
  <node id="10265541113" lat="35.6501404" lon="139.8162356"/>
  <node id="10298335639" lat="35.6535123" lon="139.8156885"/>
  <node id="10299707586" lat="35.6539507" lon="139.8157225"/>
  <node id="10299707587" lat="35.6539585" lon="139.8157687"/>
  <node id="1057693035" lat="35.6544030" lon="139.8244770"/>
  <node id="1057693040" lat="35.6542213" lon="139.8243688"/>
  <node id="1733694846" lat="35.6490501" lon="139.8248332"/>
  <node id="1733694848" lat="35.6490789" lon="139.8251035"/>
  <node id="1733694849" lat="35.6490998" lon="139.8246263"/>
  <node id="1733694851" lat="35.6490896" lon="139.8252152"/>
  <node id="1733694853" lat="35.6491630" lon="139.8245571"/>
  <node id="1733694859" lat="35.6492193" lon="139.8245286"/>
  <node id="1733694900" lat="35.6497637" lon="139.8244450"/>
  <node id="1733694946" lat="35.6505700" lon="139.8243562"/>
  <node id="1733694953" lat="35.6507716" lon="139.8242726"/>
  <node id="1733694995" lat="35.6520081" lon="139.8240822"/>
  <node id="1733694999" lat="35.6520424" lon="139.8241332"/>
  <node id="1733695014" lat="35.6524587" lon="139.8240893"/>
  <node id="1733695016" lat="35.6525057" lon="139.8240184"/>
  <node id="1733695019" lat="35.6530628" lon="139.8239301"/>
  <node id="4832394624" lat="35.6485383" lon="139.8251813"/>
  <node id="6265692097" lat="35.6532939" lon="139.8246315"/>
  <node id="6265692098" lat="35.6516430" lon="139.8247373"/>
  <node id="6265692099" lat="35.6516234" lon="139.8248727"/>
  <node id="6265692100" lat="35.6505892" lon="139.8250190"/>
  <node id="6265692101" lat="35.6505767" lon="139.8248902"/>
  <node id="6265692102" lat="35.6495368" lon="139.8250342"/>
  <node id="7235019718" lat="35.6537152" lon="139.8245550"/>
  <node id="7235021891" lat="35.6537059" lon="139.8244427"/>
  <node id="9482722709" lat="35.6493009" lon="139.8245095"/>
  <node id="9482722710" lat="35.6490590" lon="139.8247348"/>
  <node id="9482722713" lat="35.6490727" lon="139.8250279"/>
  <node id="10300137743" lat="35.6490673" lon="139.8249812"/>
  <node id="256675831" lat="35.6597660" lon="139.8040811"/>
  <node id="256675896" lat="35.6592462" lon="139.8033911"/>
  <node id="256676032" lat="35.6584040" lon="139.8021884"/>
  <node id="256676034" lat="35.6576230" lon="139.8029714"/>
  <node id="269483476" lat="35.6562760" lon="139.8074264"/>
  <node id="269483477" lat="35.6562038" lon="139.8075068"/>
  <node id="269483478" lat="35.6561794" lon="139.8075730"/>
  <node id="269483479" lat="35.6561776" lon="139.8076310"/>
  <node id="269483480" lat="35.6562138" lon="139.8077087"/>
  <node id="281657402" lat="35.6578872" lon="139.8058210"/>
  <node id="281657404" lat="35.6569354" lon="139.8043781"/>
  <node id="281657411" lat="35.6570069" lon="139.8066955"/>
  <node id="343310602" lat="35.6593507" lon="139.8076943"/>
  <node id="344188060" lat="35.6595938" lon="139.8040287"/>
  <node id="344188063" lat="35.6590476" lon="139.8075702"/>
  <node id="344380843" lat="35.6572049" lon="139.8047779"/>
  <node id="344380847" lat="35.6549447" lon="139.8056326"/>
  <node id="344656162" lat="35.6557934" lon="139.8048409"/>
  <node id="346198116" lat="35.6605344" lon="139.8070837"/>
  <node id="347314586" lat="35.6581876" lon="139.8062613"/>
  <node id="347314598" lat="35.6552356" lon="139.8017951"/>
  <node id="347315808" lat="35.6588842" lon="139.8055623"/>
  <node id="347544259" lat="35.6562803" lon="139.8035151"/>
  <node id="347544292" lat="35.6560271" lon="139.8031261"/>
  <node id="347544852" lat="35.6563301" lon="139.8078833"/>
  <node id="348056601" lat="35.6573340" lon="139.8063662"/>
  <node id="348056805" lat="35.6573005" lon="139.8071384"/>
  <node id="348056966" lat="35.6588503" lon="139.8072711"/>
  <node id="348057119" lat="35.6585110" lon="139.8067563"/>
  <node id="348057120" lat="35.6576328" lon="139.8076410"/>
  <node id="356654191" lat="35.6614036" lon="139.8023674"/>
  <node id="356654192" lat="35.6599052" lon="139.8025942"/>
  <node id="765039580" lat="35.6588924" lon="139.8030966"/>
  <node id="765039581" lat="35.6598523" lon="139.8073939"/>
  <node id="765039591" lat="35.6586110" lon="139.8027052"/>
  <node id="765039594" lat="35.6597080" lon="139.8074478"/>
  <node id="765039595" lat="35.6591920" lon="139.8034422"/>
  <node id="765039600" lat="35.6591153" lon="139.8045957"/>
  <node id="765039601" lat="35.6583185" lon="139.8022742"/>
  <node id="765040026" lat="35.6603159" lon="139.8039868"/>
  <node id="765040027" lat="35.6613147" lon="139.8037879"/>
  <node id="765040028" lat="35.6610261" lon="139.8038578"/>
  <node id="930234612" lat="35.6579408" lon="139.8017140"/>
  <node id="1167599014" lat="35.6581791" lon="139.8038073"/>
  <node id="1167599027" lat="35.6557084" lon="139.8028343"/>
  <node id="1167599042" lat="35.6566445" lon="139.8039394"/>
  <node id="1167599062" lat="35.6558527" lon="139.8030520"/>
  <node id="1178650368" lat="35.6576760" lon="139.8054936"/>
  <node id="1178650376" lat="35.6582411" lon="139.8070319"/>
  <node id="1178650381" lat="35.6574658" lon="139.8051726"/>
  <node id="1178650390" lat="35.6579558" lon="139.8073040"/>
  <node id="1312684814" lat="35.6589591" lon="139.8063455"/>
  <node id="1312684830" lat="35.6594002" lon="139.8062613"/>
  <node id="1312684871" lat="35.6588131" lon="139.8048997"/>
  <node id="1312684876" lat="35.6566758" lon="139.8070266"/>
  <node id="1448150601" lat="35.6561049" lon="139.8045302"/>
  <node id="1448150607" lat="35.6559104" lon="139.8047243"/>
  <node id="1448150628" lat="35.6554552" lon="139.8051783"/>
  <node id="1448150636" lat="35.6560109" lon="139.8046241"/>
  <node id="1448150651" lat="35.6552579" lon="139.8053750"/>
  <node id="1448150681" lat="35.6553595" lon="139.8052737"/>
  <node id="1448150698" lat="35.6556912" lon="139.8049429"/>
  <node id="1448150727" lat="35.6555353" lon="139.8050984"/>
  <node id="1448150804" lat="35.6556115" lon="139.8050224"/>
  <node id="1448509351" lat="35.6591395" lon="139.8014636"/>
  <node id="1448509354" lat="35.6587395" lon="139.8018669"/>
  <node id="1448509357" lat="35.6594598" lon="139.8037090"/>
  <node id="1448509372" lat="35.6594046" lon="139.8037632"/>
  <node id="1947551997" lat="35.6590380" lon="139.8063184"/>
  <node id="1947551998" lat="35.6590547" lon="139.8073651"/>
  <node id="1947551999" lat="35.6591462" lon="139.8077199"/>
  <node id="1947552000" lat="35.6592154" lon="139.8078249"/>
  <node id="1947552001" lat="35.6592571" lon="139.8047268"/>
  <node id="1947552003" lat="35.6592680" lon="139.8075967"/>
  <node id="1947552005" lat="35.6592942" lon="139.8044272"/>
  <node id="1947552008" lat="35.6593800" lon="139.8046308"/>
  <node id="1947552009" lat="35.6594097" lon="139.8049563"/>
  <node id="1947552011" lat="35.6594634" lon="139.8069340"/>
  <node id="1947552014" lat="35.6594993" lon="139.8042269"/>
  <node id="1947552015" lat="35.6595100" lon="139.8073659"/>
  <node id="1947552016" lat="35.6595204" lon="139.8072163"/>
  <node id="1947552017" lat="35.6595138" lon="139.8039280"/>
  <node id="1947552024" lat="35.6595376" lon="139.8062485"/>
  <node id="1947552025" lat="35.6595610" lon="139.8073181"/>
  <node id="1947552026" lat="35.6595234" lon="139.8037943"/>
  <node id="1947552027" lat="35.6596041" lon="139.8071484"/>
  <node id="1947552028" lat="35.6596116" lon="139.8072789"/>
  <node id="1947552029" lat="35.6596343" lon="139.8074804"/>
  <node id="1947552030" lat="35.6596352" lon="139.8069182"/>
  <node id="1947552032" lat="35.6596651" lon="139.8076599"/>
  <node id="1947552034" lat="35.6596757" lon="139.8072348"/>
  <node id="1947552035" lat="35.6596962" lon="139.8070255"/>
  <node id="1947552040" lat="35.6597586" lon="139.8070761"/>
  <node id="1947552043" lat="35.6598183" lon="139.8070976"/>
  <node id="1947552044" lat="35.6598305" lon="139.8071486"/>
  <node id="1947552054" lat="35.6599221" lon="139.8071077"/>
  <node id="1947552055" lat="35.6599892" lon="139.8070777"/>
  <node id="1947552075" lat="35.6604197" lon="139.8071454"/>
  <node id="1947552083" lat="35.6606413" lon="139.8070191"/>
  <node id="1947552085" lat="35.6606441" lon="139.8068151"/>
  <node id="1947552101" lat="35.6609129" lon="139.8068380"/>
  <node id="1947552105" lat="35.6610005" lon="139.8066135"/>
  <node id="1947552119" lat="35.6612798" lon="139.8064469"/>
  <node id="3719447423" lat="35.6609731" lon="139.8037411"/>
  <node id="3719451226" lat="35.6609050" lon="139.8038107"/>
  <node id="3719451228" lat="35.6597386" lon="139.8038926"/>
  <node id="3719451231" lat="35.6608589" lon="139.8037031"/>
  <node id="3719451232" lat="35.6602948" lon="139.8037987"/>
  <node id="3719451234" lat="35.6608840" lon="139.8038862"/>
  <node id="3719451237" lat="35.6609904" lon="139.8038233"/>
  <node id="3719451244" lat="35.6610047" lon="139.8036798"/>
  <node id="3719451246" lat="35.6611502" lon="139.8036578"/>
  <node id="3719451247" lat="35.6609791" lon="139.8037919"/>
  <node id="3762940767" lat="35.6613919" lon="139.8036291"/>
  <node id="4249288731" lat="35.6599558" lon="139.8073532"/>
  <node id="4249288732" lat="35.6610399" lon="139.8067569"/>
  <node id="4290734078" lat="35.6596969" lon="139.8038997"/>
  <node id="4290734079" lat="35.6595518" lon="139.8041487"/>
  <node id="4290734080" lat="35.6608957" lon="139.8037519"/>
  <node id="4290734081" lat="35.6596257" lon="139.8039012"/>
  <node id="4290734082" lat="35.6596474" lon="139.8040757"/>
  <node id="4445013329" lat="35.6605503" lon="139.8039516"/>
  <node id="5325441889" lat="35.6565387" lon="139.8039066"/>
  <node id="6273070643" lat="35.6552756" lon="139.8018555"/>
  <node id="6960277383" lat="35.6595584" lon="139.8038407"/>
  <node id="6960277384" lat="35.6595901" lon="139.8038768"/>
  <node id="6960311285" lat="35.6597150" lon="139.8040874"/>
  <node id="8514439646" lat="35.6597120" lon="139.8070405"/>
  <node id="8514439647" lat="35.6596016" lon="139.8071130"/>
  <node id="8514439648" lat="35.6595083" lon="139.8071738"/>
  <node id="8514439649" lat="35.6597158" lon="139.8072130"/>
  <node id="8514439650" lat="35.6597705" lon="139.8074245"/>
  <node id="8514439652" lat="35.6596600" lon="139.8076240"/>
  <node id="8514439654" lat="35.6592946" lon="139.8079466"/>
  <node id="8514439659" lat="35.6593876" lon="139.8061305"/>
  <node id="8514439660" lat="35.6595272" lon="139.8061457"/>
  <node id="8514439662" lat="35.6593304" lon="139.8062721"/>
  <node id="9459406885" lat="35.6596526" lon="139.8039054"/>
  <node id="9459406886" lat="35.6596733" lon="139.8040871"/>
  <node id="9706241950" lat="35.6594113" lon="139.8076411"/>
  <node id="9706241951" lat="35.6595191" lon="139.8075566"/>
  <node id="11281213242" lat="35.6582356" lon="139.8021512"/>
  <node id="11281213243" lat="35.6583222" lon="139.8020639"/>
  <node id="11281213244" lat="35.6584822" lon="139.8021136"/>
  <node id="11281213245" lat="35.6585030" lon="139.8023298"/>
  <node id="11281213246" lat="35.6584169" lon="139.8024192"/>
  <node id="11281213247" lat="35.6582491" lon="139.8023435"/>
  <node id="11448914802" lat="35.6590632" lon="139.8075940"/>
  <node id="11448938398" lat="35.6590532" lon="139.8074098"/>
  <node id="11448938402" lat="35.6590307" lon="139.8078366"/>
  <node id="11448938404" lat="35.6591028" lon="139.8079361"/>
  <node id="11448977273" lat="35.6596619" lon="139.8069812"/>
  <node id="11464798418" lat="35.6584463" lon="139.8068223"/>
  <node id="11464798430" lat="35.6585815" lon="139.8066917"/>
  <node id="11464811757" lat="35.6578013" lon="139.8059057"/>
  <node id="11464811758" lat="35.6578152" lon="139.8057094"/>
  <node id="11464811759" lat="35.6579609" lon="139.8059291"/>
  <node id="11464811760" lat="35.6579841" lon="139.8057245"/>
  <node id="11464974541" lat="35.6588261" lon="139.8050206"/>
  <node id="11465153913" lat="35.6591090" lon="139.8046020"/>
  <node id="11465155897" lat="35.6570609" lon="139.8067769"/>
  <node id="11612410611" lat="35.6557442" lon="139.8047654"/>
  <node id="11612410612" lat="35.6565204" lon="139.8039933"/>
  <node id="11612410613" lat="35.6549741" lon="139.8055315"/>
  <node id="11612410614" lat="35.6565613" lon="139.8040751"/>
  <node id="11612410615" lat="35.6550177" lon="139.8056146"/>
  <node id="11630185263" lat="35.6557407" lon="139.8048935"/>
  <node id="11630185264" lat="35.6556923" lon="139.8048170"/>
  <node id="11630208369" lat="35.6565359" lon="139.8041004"/>
  <node id="11630208370" lat="35.6564866" lon="139.8040269"/>
  <node id="11630208371" lat="35.6567861" lon="139.8037993"/>
  <node id="11630208384" lat="35.6567245" lon="139.8040601"/>
  <node id="11630224537" lat="35.6572778" lon="139.8047053"/>
  <node id="11630224538" lat="35.6571522" lon="139.8046997"/>
  <node id="11633141226" lat="35.6588353" lon="139.8031535"/>
  <node id="11633598134" lat="35.6587620" lon="139.8032265"/>
  <node id="11633598136" lat="35.6581382" lon="139.8038481"/>
  <node id="11633619252" lat="35.6590187" lon="139.8030663"/>
  <node id="11633671258" lat="35.6577937" lon="139.8041913"/>
  <node id="11655005745" lat="35.6553761" lon="139.8051316"/>
  <node id="11655005747" lat="35.6554262" lon="139.8052072"/>
  <node id="11655005749" lat="35.6558396" lon="139.8046705"/>
  <node id="11655005751" lat="35.6558890" lon="139.8047456"/>
  <node id="11655005755" lat="35.6559781" lon="139.8045328"/>
  <node id="11655005757" lat="35.6560264" lon="139.8046087"/>
  <node id="11655062423" lat="35.6559368" lon="139.8030877"/>
  <node id="11756938900" lat="35.6572929" lon="139.8049111"/>
  <node id="269483481" lat="35.6574502" lon="139.8095760"/>
  <node id="269483940" lat="35.6565136" lon="139.8105632"/>
  <node id="269483941" lat="35.6562545" lon="139.8108053"/>
  <node id="269483943" lat="35.6559490" lon="139.8110277"/>
  <node id="269483944" lat="35.6555135" lon="139.8112055"/>
  <node id="269483945" lat="35.6550080" lon="139.8113155"/>
  <node id="344380884" lat="35.6597577" lon="139.8084908"/>
  <node id="344655545" lat="35.6611297" lon="139.8089925"/>
  <node id="344655546" lat="35.6612061" lon="139.8090291"/>
  <node id="345501203" lat="35.6600986" lon="139.8129509"/>
  <node id="345503390" lat="35.6598275" lon="139.8131856"/>
  <node id="346190438" lat="35.6587181" lon="139.8142940"/>
  <node id="346190559" lat="35.6597590" lon="139.8100164"/>
  <node id="346191041" lat="35.6585767" lon="139.8098514"/>
  <node id="346191136" lat="35.6580011" lon="139.8104170"/>
  <node id="346191379" lat="35.6583343" lon="139.8086989"/>
  <node id="348056965" lat="35.6579713" lon="139.8081450"/>
  <node id="568460520" lat="35.6581472" lon="139.8134418"/>
  <node id="568460522" lat="35.6577546" lon="139.8128507"/>
  <node id="568460524" lat="35.6574244" lon="139.8123489"/>
  <node id="568460529" lat="35.6568936" lon="139.8115325"/>
  <node id="569037388" lat="35.6550483" lon="139.8109984"/>
  <node id="569037390" lat="35.6554205" lon="139.8109302"/>
  <node id="569037392" lat="35.6559543" lon="139.8107047"/>
  <node id="569037394" lat="35.6561432" lon="139.8105803"/>
  <node id="569037396" lat="35.6563698" lon="139.8103889"/>
  <node id="569037398" lat="35.6573896" lon="139.8094844"/>
  <node id="569040203" lat="35.6558600" lon="139.8110746"/>
  <node id="569045287" lat="35.6562181" lon="139.8121646"/>
  <node id="569045288" lat="35.6563047" lon="139.8125480"/>
  <node id="569045289" lat="35.6563411" lon="139.8107330"/>
  <node id="569045291" lat="35.6566252" lon="139.8139363"/>
  <node id="569045293" lat="35.6563756" lon="139.8132937"/>
  <node id="569045295" lat="35.6564730" lon="139.8132595"/>
  <node id="569045311" lat="35.6586641" lon="139.8142113"/>
  <node id="569045313" lat="35.6584547" lon="139.8144207"/>
  <node id="569045323" lat="35.6597765" lon="139.8130971"/>
  <node id="569045325" lat="35.6601579" lon="139.8125283"/>
  <node id="1312684786" lat="35.6564167" lon="139.8080141"/>
  <node id="1312684802" lat="35.6595099" lon="139.8082720"/>
  <node id="1312684805" lat="35.6588879" lon="139.8095357"/>
  <node id="1312684808" lat="35.6598996" lon="139.8099052"/>
  <node id="1312684834" lat="35.6567474" lon="139.8085141"/>
  <node id="1312684835" lat="35.6596352" lon="139.8084542"/>
  <node id="1312684839" lat="35.6601847" lon="139.8128452"/>
  <node id="1312684840" lat="35.6600523" lon="139.8128721"/>
  <node id="1312684846" lat="35.6591072" lon="139.8106665"/>
  <node id="1312684857" lat="35.6573115" lon="139.8079508"/>
  <node id="1312684860" lat="35.6585462" lon="139.8112242"/>
  <node id="1312684867" lat="35.6597751" lon="139.8086524"/>
  <node id="1312684869" lat="35.6586267" lon="139.8091458"/>
  <node id="1667171565" lat="35.6553420" lon="139.8112542"/>
  <node id="1667171571" lat="35.6551776" lon="139.8109815"/>
  <node id="1667171575" lat="35.6555557" lon="139.8108914"/>
  <node id="1667171579" lat="35.6557141" lon="139.8111313"/>
  <node id="1667171581" lat="35.6558112" lon="139.8107827"/>
  <node id="1847701531" lat="35.6565793" lon="139.8101942"/>
  <node id="1847701532" lat="35.6566901" lon="139.8103803"/>
  <node id="1847701533" lat="35.6570139" lon="139.8097925"/>
  <node id="1847701534" lat="35.6571055" lon="139.8099296"/>
  <node id="1847701542" lat="35.6590051" lon="139.8138702"/>
  <node id="1847701543" lat="35.6590550" lon="139.8139506"/>
  <node id="1847701544" lat="35.6594940" lon="139.8133775"/>
  <node id="1847701546" lat="35.6595482" lon="139.8134609"/>
  <node id="1850992437" lat="35.6563419" lon="139.8104124"/>
  <node id="1850992639" lat="35.6565894" lon="139.8142180"/>
  <node id="1947551990" lat="35.6579432" lon="139.8089353"/>
  <node id="1947551991" lat="35.6582755" lon="139.8086097"/>
  <node id="1947551993" lat="35.6585056" lon="139.8085260"/>
  <node id="1947551995" lat="35.6586005" lon="139.8082762"/>
  <node id="1947551996" lat="35.6589136" lon="139.8079549"/>
  <node id="1947552057" lat="35.6600888" lon="139.8128298"/>
  <node id="1947552062" lat="35.6601075" lon="139.8127940"/>
  <node id="1947552063" lat="35.6601284" lon="139.8127364"/>
  <node id="1947552065" lat="35.6601389" lon="139.8126822"/>
  <node id="1947552066" lat="35.6601581" lon="139.8128915"/>
  <node id="1947552068" lat="35.6601983" lon="139.8126525"/>
  <node id="1947552069" lat="35.6602010" lon="139.8127892"/>
  <node id="1947552070" lat="35.6602060" lon="139.8127296"/>
  <node id="1947552106" lat="35.6611356" lon="139.8090124"/>
  <node id="1947552107" lat="35.6611467" lon="139.8090260"/>
  <node id="1947552108" lat="35.6611641" lon="139.8090325"/>
  <node id="6294930381" lat="35.6570301" lon="139.8082318"/>
  <node id="6294930384" lat="35.6570888" lon="139.8090299"/>
  <node id="6788592197" lat="35.6553015" lon="139.8109600"/>
  <node id="6986418845" lat="35.6599318" lon="139.8102004"/>
  <node id="8256227358" lat="35.6551821" lon="139.8112900"/>
  <node id="9480738732" lat="35.6556677" lon="139.8108499"/>
  <node id="11281139672" lat="35.6558930" lon="139.8112165"/>
  <node id="11281139673" lat="35.6559856" lon="139.8111829"/>
  <node id="11281141713" lat="35.6557402" lon="139.8111211"/>
  <node id="11281141717" lat="35.6559702" lon="139.8106942"/>
  <node id="11281141718" lat="35.6560803" lon="139.8109321"/>
  <node id="11281161450" lat="35.6565885" lon="139.8111159"/>
  <node id="11281161451" lat="35.6567294" lon="139.8112817"/>
  <node id="11281196917" lat="35.6575357" lon="139.8097065"/>
  <node id="11281196918" lat="35.6575727" lon="139.8094553"/>
  <node id="11281196919" lat="35.6575113" lon="139.8093645"/>
  <node id="11281196924" lat="35.6572809" lon="139.8093201"/>
  <node id="11448914808" lat="35.6582044" lon="139.8085011"/>
  <node id="11448926928" lat="35.6582353" lon="139.8087972"/>
  <node id="11448926929" lat="35.6584339" lon="139.8085983"/>
  <node id="11448926930" lat="35.6581737" lon="139.8087095"/>
  <node id="11448926931" lat="35.6583750" lon="139.8085076"/>
  <node id="11448926944" lat="35.6583939" lon="139.8087900"/>
  <node id="11464810174" lat="35.6560917" lon="139.8116331"/>
  <node id="11464810175" lat="35.6559987" lon="139.8116714"/>
  <node id="11464810178" lat="35.6561994" lon="139.8108454"/>
  <node id="11465155900" lat="35.6568175" lon="139.8084441"/>
  <node id="11572123927" lat="35.6587503" lon="139.8141250"/>
  <node id="11572123928" lat="35.6588043" lon="139.8142061"/>
  <node id="11572123929" lat="35.6586067" lon="139.8141259"/>
  <node id="11572123930" lat="35.6585727" lon="139.8143027"/>
  <node id="11572123931" lat="35.6586280" lon="139.8143839"/>
  <node id="11572123932" lat="35.6587757" lon="139.8143831"/>
  <node id="11572128082" lat="35.6573759" lon="139.8122743"/>
  <node id="11572128087" lat="35.6564232" lon="139.8108601"/>
  <node id="11572128106" lat="35.6564102" lon="139.8134435"/>
  <node id="11572128107" lat="35.6565073" lon="139.8134120"/>
  <node id="11572128108" lat="35.6563333" lon="139.8131115"/>
  <node id="11572128109" lat="35.6564310" lon="139.8130819"/>
  <node id="31337502" lat="35.6626462" lon="139.8057748"/>
  <node id="343061961" lat="35.6628485" lon="139.8056839"/>
  <node id="343860979" lat="35.6616274" lon="139.8021932"/>
  <node id="343860981" lat="35.6618547" lon="139.8034070"/>
  <node id="1847701556" lat="35.6617737" lon="139.8027560"/>
  <node id="1847701558" lat="35.6618175" lon="139.8031595"/>
  <node id="1847701559" lat="35.6621452" lon="139.8034846"/>
  <node id="1947552131" lat="35.6615008" lon="139.8021206"/>
  <node id="1947552132" lat="35.6615057" lon="139.8023387"/>
  <node id="1947552138" lat="35.6615540" lon="139.8020698"/>
  <node id="1947552140" lat="35.6615701" lon="139.8022371"/>
  <node id="1947552141" lat="35.6615961" lon="139.8022984"/>
  <node id="1947552142" lat="35.6615995" lon="139.8062410"/>
  <node id="1947552144" lat="35.6616411" lon="139.8024042"/>
  <node id="1947552145" lat="35.6616601" lon="139.8022700"/>
  <node id="1947552146" lat="35.6616788" lon="139.8025101"/>
  <node id="1947552147" lat="35.6617025" lon="139.8023697"/>
  <node id="1947552148" lat="35.6617065" lon="139.8026414"/>
  <node id="1947552149" lat="35.6617203" lon="139.8027649"/>
  <node id="1947552150" lat="35.6617407" lon="139.8024897"/>
  <node id="1947552151" lat="35.6617580" lon="139.8031629"/>
  <node id="1947552152" lat="35.6617625" lon="139.8026281"/>
  <node id="1947552153" lat="35.6617896" lon="139.8034695"/>
  <node id="1947552155" lat="35.6618790" lon="139.8037662"/>
  <node id="1947552156" lat="35.6619551" lon="139.8036151"/>
  <node id="1947552159" lat="35.6619685" lon="139.8061638"/>
  <node id="1947552166" lat="35.6620882" lon="139.8058913"/>
  <node id="1947552172" lat="35.6622456" lon="139.8059857"/>
  <node id="1947552175" lat="35.6624038" lon="139.8047569"/>
  <node id="1947552179" lat="35.6626121" lon="139.8055513"/>
  <node id="1947552180" lat="35.6625362" lon="139.8047090"/>
  <node id="1947552187" lat="35.6626838" lon="139.8053217"/>
  <node id="1947552189" lat="35.6627538" lon="139.8054719"/>
  <node id="1947552193" lat="35.6628903" lon="139.8054073"/>
  <node id="3719451229" lat="35.6624052" lon="139.8035141"/>
  <node id="3719451233" lat="35.6629789" lon="139.8033931"/>
  <node id="3719451240" lat="35.6628063" lon="139.8034447"/>
  <node id="3719451243" lat="35.6618009" lon="139.8035621"/>
  <node id="3719451248" lat="35.6618284" lon="139.8036633"/>
  <node id="3719451250" lat="35.6620140" lon="139.8035052"/>
  <node id="3762939654" lat="35.6620406" lon="139.8035783"/>
  <node id="3762939656" lat="35.6628268" lon="139.8033867"/>
  <node id="3762940758" lat="35.6618771" lon="139.8034800"/>
  <node id="3762940761" lat="35.6619077" lon="139.8035400"/>
  <node id="8729016226" lat="35.6620328" lon="139.8037613"/>
  <node id="8729016227" lat="35.6619022" lon="139.8038093"/>
  <node id="10647949076" lat="35.6628194" lon="139.8052674"/>
  <node id="344381067" lat="35.6616340" lon="139.8090030"/>
  <node id="1947552133" lat="35.6615165" lon="139.8089938"/>
  <node id="6986265154" lat="35.6616118" lon="139.8090013"/>
  <node id="6986265156" lat="35.6617436" lon="139.8089906"/>
  <node id="345501204" lat="35.6570713" lon="139.8159025"/>
  <node id="346189781" lat="35.6581692" lon="139.8171031"/>
  <node id="346189782" lat="35.6588434" lon="139.8164320"/>
  <node id="346189902" lat="35.6563526" lon="139.8185241"/>
  <node id="346189903" lat="35.6580332" lon="139.8182536"/>
  <node id="346190008" lat="35.6592632" lon="139.8170721"/>
  <node id="346190434" lat="35.6606282" lon="139.8171877"/>
  <node id="346190436" lat="35.6605962" lon="139.8171552"/>
  <node id="346192017" lat="35.6579340" lon="139.8150761"/>
  <node id="569040187" lat="35.6549787" lon="139.8161384"/>
  <node id="569040188" lat="35.6550738" lon="139.8161485"/>
  <node id="569040189" lat="35.6557203" lon="139.8160876"/>
  <node id="569040196" lat="35.6549768" lon="139.8161898"/>
  <node id="569040197" lat="35.6550767" lon="139.8161938"/>
  <node id="569040199" lat="35.6556310" lon="139.8161209"/>
  <node id="569040204" lat="35.6569801" lon="139.8159121"/>
  <node id="569040762" lat="35.6570513" lon="139.8158022"/>
  <node id="569042895" lat="35.6573592" lon="139.8192256"/>
  <node id="569042897" lat="35.6573815" lon="139.8201880"/>
  <node id="569042902" lat="35.6572637" lon="139.8191388"/>
  <node id="569042913" lat="35.6573055" lon="139.8201833"/>
  <node id="569043890" lat="35.6591875" lon="139.8150198"/>
  <node id="569043891" lat="35.6577466" lon="139.8166272"/>
  <node id="569043892" lat="35.6577996" lon="139.8171990"/>
  <node id="569043893" lat="35.6584181" lon="139.8157919"/>
  <node id="569043894" lat="35.6572104" lon="139.8172882"/>
  <node id="569043895" lat="35.6572152" lon="139.8183969"/>
  <node id="569043896" lat="35.6573096" lon="139.8183845"/>
  <node id="569043897" lat="35.6561221" lon="139.8160308"/>
  <node id="569045296" lat="35.6568093" lon="139.8147406"/>
  <node id="569045307" lat="35.6578821" lon="139.8149988"/>
  <node id="569045314" lat="35.6582749" lon="139.8146072"/>
  <node id="569045315" lat="35.6580820" lon="139.8148013"/>
  <node id="569045316" lat="35.6577109" lon="139.8151728"/>
  <node id="569045318" lat="35.6574075" lon="139.8154831"/>
  <node id="569045319" lat="35.6596096" lon="139.8156568"/>
  <node id="569045321" lat="35.6600311" lon="139.8163027"/>
  <node id="1667171561" lat="35.6548741" lon="139.8161123"/>
  <node id="1667171562" lat="35.6549034" lon="139.8161771"/>
  <node id="1667171573" lat="35.6556271" lon="139.8160811"/>
  <node id="1667171583" lat="35.6562266" lon="139.8172470"/>
  <node id="1667171589" lat="35.6577499" lon="139.8167139"/>
  <node id="1667171591" lat="35.6577704" lon="139.8164940"/>
  <node id="1667171593" lat="35.6578320" lon="139.8183158"/>
  <node id="1667171595" lat="35.6578402" lon="139.8163743"/>
  <node id="1667171596" lat="35.6579382" lon="139.8182942"/>
  <node id="1667171597" lat="35.6580603" lon="139.8171624"/>
  <node id="1667171598" lat="35.6581301" lon="139.8181780"/>
  <node id="1667171599" lat="35.6581450" lon="139.8171248"/>
  <node id="1821213464" lat="35.6584484" lon="139.8168249"/>
  <node id="1821213472" lat="35.6585558" lon="139.8177769"/>
  <node id="1821213481" lat="35.6586243" lon="139.8169800"/>
  <node id="1821213490" lat="35.6586781" lon="139.8170190"/>
  <node id="1821213507" lat="35.6587216" lon="139.8170404"/>
  <node id="1821213508" lat="35.6587562" lon="139.8170487"/>
  <node id="1821213510" lat="35.6587605" lon="139.8175709"/>
  <node id="1821213515" lat="35.6587864" lon="139.8170462"/>
  <node id="1821213518" lat="35.6588130" lon="139.8170345"/>
  <node id="1821213531" lat="35.6589074" lon="139.8169390"/>
  <node id="1821213549" lat="35.6589788" lon="139.8173514"/>
  <node id="1821213553" lat="35.6590564" lon="139.8167472"/>
  <node id="1821213593" lat="35.6594078" lon="139.8169228"/>
  <node id="1821213617" lat="35.6595529" lon="139.8167730"/>
  <node id="1821213697" lat="35.6598056" lon="139.8165277"/>
  <node id="1821213774" lat="35.6603272" lon="139.8167494"/>
  <node id="1821213869" lat="35.6606446" lon="139.8171960"/>
  <node id="1821213874" lat="35.6606858" lon="139.8171991"/>
  <node id="1821213878" lat="35.6607553" lon="139.8172043"/>
  <node id="1847701535" lat="35.6573122" lon="139.8205200"/>
  <node id="1847701536" lat="35.6573246" lon="139.8208791"/>
  <node id="1847701538" lat="35.6574008" lon="139.8208724"/>
  <node id="1850992867" lat="35.6567454" lon="139.8149340"/>
  <node id="6229707226" lat="35.6561310" lon="139.8161305"/>
  <node id="8025623229" lat="35.6583928" lon="139.8168763"/>
  <node id="9706171242" lat="35.6581091" lon="139.8171481"/>
  <node id="9706171255" lat="35.6573720" lon="139.8194951"/>
  <node id="9706171256" lat="35.6572848" lon="139.8194978"/>
  <node id="9706171257" lat="35.6573400" lon="139.8188954"/>
  <node id="9706186393" lat="35.6585550" lon="139.8169189"/>
  <node id="9706241952" lat="35.6577561" lon="139.8165514"/>
  <node id="9706241953" lat="35.6577986" lon="139.8164320"/>
  <node id="9956759279" lat="35.6590059" lon="139.8168123"/>
  <node id="9956759285" lat="35.6589034" lon="139.8165208"/>
  <node id="9956759287" lat="35.6587753" lon="139.8164997"/>
  <node id="9956759290" lat="35.6587891" lon="139.8163503"/>
  <node id="9956759293" lat="35.6589161" lon="139.8163584"/>
  <node id="9956759301" lat="35.6595417" lon="139.8157255"/>
  <node id="9956759316" lat="35.6577898" lon="139.8171033"/>
  <node id="9956759334" lat="35.6591564" lon="139.8171824"/>
  <node id="9956759365" lat="35.6572963" lon="139.8182373"/>
  <node id="9956759366" lat="35.6572016" lon="139.8182499"/>
  <node id="9956759369" lat="35.6586599" lon="139.8176719"/>
  <node id="9956759371" lat="35.6573996" lon="139.8183714"/>
  <node id="10298294405" lat="35.6563417" lon="139.8184193"/>
  <node id="10298294407" lat="35.6564237" lon="139.8185162"/>
  <node id="10298335638" lat="35.6571219" lon="139.8184088"/>
  <node id="10299707584" lat="35.6551542" lon="139.8161899"/>
  <node id="10299707585" lat="35.6551509" lon="139.8161470"/>
  <node id="10302545839" lat="35.6573883" lon="139.8205248"/>
  <node id="10302545873" lat="35.6583350" lon="139.8169349"/>
  <node id="10302545886" lat="35.6585134" lon="139.8168822"/>
  <node id="11572123943" lat="35.6584678" lon="139.8157420"/>
  <node id="11572123944" lat="35.6583787" lon="139.8157336"/>
  <node id="11572123945" lat="35.6584588" lon="139.8158531"/>
  <node id="11572123946" lat="35.6583653" lon="139.8158451"/>
  <node id="11572123949" lat="35.6591279" lon="139.8150796"/>
  <node id="11572123956" lat="35.6579871" lon="139.8151547"/>
  <node id="11572123957" lat="35.6578000" lon="139.8150822"/>
  <node id="11572123958" lat="35.6578509" lon="139.8151581"/>
  <node id="11572128104" lat="35.6569124" lon="139.8156300"/>
  <node id="11572128105" lat="35.6570041" lon="139.8155952"/>
  <node id="11572128113" lat="35.6571466" lon="139.8157169"/>
  <node id="11572128114" lat="35.6571654" lon="139.8158126"/>
  <node id="11572128115" lat="35.6569953" lon="139.8160728"/>
  <node id="11572128116" lat="35.6570872" lon="139.8160614"/>
  <node id="11572128118" lat="35.6572980" lon="139.8172749"/>
  <node id="11572128120" lat="35.6568914" lon="139.8159244"/>
  <node id="11579544469" lat="35.6592204" lon="139.8170050"/>
  <node id="11654786110" lat="35.6600019" lon="139.8162580"/>
  <node id="11654786111" lat="35.6599129" lon="139.8161216"/>
  <node id="569054331" lat="35.6582001" lon="139.8274579"/>
  <node id="570752245" lat="35.6578989" lon="139.8241074"/>
  <node id="1057693038" lat="35.6561076" lon="139.8240832"/>
  <node id="1057693042" lat="35.6559533" lon="139.8242507"/>
  <node id="1847701537" lat="35.6573546" lon="139.8212148"/>
  <node id="1847701540" lat="35.6574318" lon="139.8212107"/>
  <node id="1947061554" lat="35.6575714" lon="139.8227647"/>
  <node id="1947061555" lat="35.6576061" lon="139.8240044"/>
  <node id="1947061559" lat="35.6576692" lon="139.8239992"/>
  <node id="1947061560" lat="35.6576506" lon="139.8241276"/>
  <node id="1947061606" lat="35.6583619" lon="139.8239340"/>
  <node id="6265692093" lat="35.6578877" lon="139.8239777"/>
  <node id="6265692094" lat="35.6574593" lon="139.8241421"/>
  <node id="6265692095" lat="35.6574497" lon="139.8240120"/>
  <node id="6265692096" lat="35.6564154" lon="139.8242103"/>
  <node id="8106113772" lat="35.6609473" lon="139.8237329"/>
  <node id="8106113791" lat="35.6601627" lon="139.8239327"/>
  <node id="10302545844" lat="35.6579748" lon="139.8239697"/>
  <node id="10302545845" lat="35.6579817" lon="139.8241010"/>
  <node id="10302545846" lat="35.6579035" lon="139.8241588"/>
  <node id="10302545847" lat="35.6575121" lon="139.8240089"/>
  <node id="10302545848" lat="35.6575210" lon="139.8241374"/>
  <node id="10302545850" lat="35.6575913" lon="139.8238398"/>
  <node id="10302545851" lat="35.6576562" lon="139.8238348"/>
  <node id="251007843" lat="35.6667121" lon="139.8255988"/>
  <node id="251007844" lat="35.6639722" lon="139.8237049"/>
  <node id="345096522" lat="35.6632330" lon="139.8236762"/>
  <node id="569076938" lat="35.6679494" lon="139.8256311"/>
  <node id="570752221" lat="35.6632574" lon="139.8237812"/>
  <node id="1672792841" lat="35.6622921" lon="139.8237817"/>
  <node id="1672793020" lat="35.6647588" lon="139.8240808"/>
  <node id="1947061661" lat="35.6614459" lon="139.8238336"/>
  <node id="1947061759" lat="35.6622912" lon="139.8236498"/>
  <node id="1947061826" lat="35.6627116" lon="139.8236400"/>
  <node id="1947061990" lat="35.6631396" lon="139.8237794"/>
  <node id="1947062052" lat="35.6633067" lon="139.8236870"/>
  <node id="1947062311" lat="35.6639704" lon="139.8237989"/>
  <node id="1947062333" lat="35.6641001" lon="139.8238053"/>
  <node id="1947062335" lat="35.6641075" lon="139.8237116"/>
  <node id="1947062348" lat="35.6642125" lon="139.8238266"/>
  <node id="1947062350" lat="35.6642284" lon="139.8237345"/>
  <node id="1947062355" lat="35.6643271" lon="139.8238650"/>
  <node id="1947062357" lat="35.6643512" lon="139.8237757"/>
  <node id="1947062361" lat="35.6644425" lon="139.8239212"/>
  <node id="1947062363" lat="35.6644759" lon="139.8238364"/>
  <node id="1947062366" lat="35.6645510" lon="139.8239991"/>
  <node id="1947062368" lat="35.6645941" lon="139.8239212"/>
  <node id="1947062376" lat="35.6647104" lon="139.8241535"/>
  <node id="1947062395" lat="35.6658548" lon="139.8253470"/>
  <node id="1947062396" lat="35.6659005" lon="139.8252727"/>
  <node id="1947062399" lat="35.6659725" lon="139.8254527"/>
  <node id="1947062401" lat="35.6660113" lon="139.8253669"/>
  <node id="1947062403" lat="35.6661668" lon="139.8255785"/>
  <node id="1947062404" lat="35.6661891" lon="139.8254830"/>
  <node id="1947062406" lat="35.6662716" lon="139.8256235"/>
  <node id="1947062408" lat="35.6662842" lon="139.8255254"/>
  <node id="1947062411" lat="35.6664545" lon="139.8256721"/>
  <node id="1947062412" lat="35.6664645" lon="139.8255779"/>
  <node id="1947062414" lat="35.6665515" lon="139.8256846"/>
  <node id="1947062415" lat="35.6665570" lon="139.8255908"/>
  <node id="1947062419" lat="35.6667084" lon="139.8256927"/>
  <node id="6265684385" lat="35.6628796" lon="139.8236400"/>
  <node id="6265684386" lat="35.6627101" lon="139.8237719"/>
  <node id="6265692092" lat="35.6614328" lon="139.8236956"/>
  <node id="6742497708" lat="35.6679516" lon="139.8257203"/>
  <node id="6742516394" lat="35.6652459" lon="139.8247177"/>
  <node id="6742516398" lat="35.6653003" lon="139.8246388"/>
  <node id="8106113787" lat="35.6615881" lon="139.8236849"/>
  <node id="9482722672" lat="35.6630772" lon="139.8236470"/>
  <node id="9482726418" lat="35.6663640" lon="139.8256494"/>
  <node id="9482726419" lat="35.6663836" lon="139.8255582"/>
  <node id="9482726420" lat="35.6660676" lon="139.8255193"/>
  <node id="9482726421" lat="35.6661079" lon="139.8254362"/>
  <node id="11687660501" lat="35.6678597" lon="139.8256289"/>
  <node id="11687660502" lat="35.6678596" lon="139.8257183"/>
  <node id="11687660509" lat="35.6631393" lon="139.8236586"/>
  <node id="569048155" lat="35.6204860" lon="139.8330242"/>
  <node id="569048156" lat="35.6203258" lon="139.8330690"/>
  <node id="569048157" lat="35.6198701" lon="139.8334139"/>
  <node id="569048158" lat="35.6195939" lon="139.8335328"/>
  <node id="569048159" lat="35.6194170" lon="139.8335425"/>
  <node id="569048161" lat="35.6192345" lon="139.8335243"/>
  <node id="569048162" lat="35.6178783" lon="139.8314174"/>
  <node id="1743906936" lat="35.6188153" lon="139.8331432"/>
  <node id="1743906938" lat="35.6188653" lon="139.8332348"/>
  <node id="1743906939" lat="35.6189204" lon="139.8333218"/>
  <node id="1743906941" lat="35.6189877" lon="139.8333955"/>
  <node id="1743906942" lat="35.6190620" lon="139.8334550"/>
  <node id="1743906943" lat="35.6191451" lon="139.8334994"/>
  <node id="1783167339" lat="35.6195049" lon="139.8335437"/>
  <node id="1783167340" lat="35.6197373" lon="139.8334894"/>
  <node id="1783167341" lat="35.6202292" lon="139.8331252"/>
  <node id="1783167342" lat="35.6204059" lon="139.8330457"/>
  <node id="1637371598" lat="35.6190750" lon="139.8349760"/>
  <node id="1637371612" lat="35.6211129" lon="139.8348193"/>
  <node id="1637371620" lat="35.6220274" lon="139.8348657"/>
  <node id="1784227984" lat="35.6188846" lon="139.8347989"/>
  <node id="1784227990" lat="35.6211050" lon="139.8350417"/>
  <node id="3717284601" lat="35.6220421" lon="139.8351951"/>
  <node id="9090084445" lat="35.6214355" lon="139.8351034"/>
  <node id="9090084446" lat="35.6217215" lon="139.8351501"/>
  <node id="9090089433" lat="35.6214174" lon="139.8348257"/>
  <node id="9090089434" lat="35.6216883" lon="139.8348410"/>
  <node id="9090089435" lat="35.6211152" lon="139.8347405"/>
  <node id="9090089436" lat="35.6213647" lon="139.8351738"/>
  <node id="9090089437" lat="35.6207091" lon="139.8347071"/>
  <node id="9090089438" lat="35.6202837" lon="139.8346899"/>
  <node id="9090089439" lat="35.6190906" lon="139.8345948"/>
  <node id="9090089440" lat="35.6189378" lon="139.8349128"/>
  <node id="9090089441" lat="35.6189739" lon="139.8346162"/>
  <node id="9090089442" lat="35.6190002" lon="139.8349562"/>
  <node id="9090089443" lat="35.6189002" lon="139.8348600"/>
  <node id="9090089444" lat="35.6189237" lon="139.8346534"/>
  <node id="9090089445" lat="35.6190377" lon="139.8345995"/>
  <node id="9090089446" lat="35.6188862" lon="139.8347219"/>
  <node id="9482704483" lat="35.6194275" lon="139.8346240"/>
  <node id="569048133" lat="35.6223527" lon="139.8288704"/>
  <node id="569048134" lat="35.6224121" lon="139.8288644"/>
  <node id="569048136" lat="35.6226048" lon="139.8315667"/>
  <node id="569048140" lat="35.6226090" lon="139.8316823"/>
  <node id="569048141" lat="35.6285069" lon="139.8307294"/>
  <node id="569048143" lat="35.6286197" lon="139.8307140"/>
  <node id="569048145" lat="35.6246677" lon="139.8312804"/>
  <node id="569048147" lat="35.6245643" lon="139.8312957"/>
  <node id="569048149" lat="35.6269395" lon="139.8309484"/>
  <node id="569048150" lat="35.6228480" lon="139.8331978"/>
  <node id="569048151" lat="35.6227597" lon="139.8332117"/>
  <node id="569048163" lat="35.6286318" lon="139.8308334"/>
  <node id="569048164" lat="35.6285213" lon="139.8308512"/>
  <node id="569048166" lat="35.6286303" lon="139.8319891"/>
  <node id="569048170" lat="35.6272051" lon="139.8337306"/>
  <node id="569048171" lat="35.6270615" lon="139.8322165"/>
  <node id="569048173" lat="35.6269510" lon="139.8310696"/>
  <node id="569048176" lat="35.6258208" lon="139.8323937"/>
  <node id="569048177" lat="35.6259659" lon="139.8339090"/>
  <node id="569048178" lat="35.6249311" lon="139.8340499"/>
  <node id="569048179" lat="35.6248276" lon="139.8340649"/>
  <node id="569048184" lat="35.6246851" lon="139.8325586"/>
  <node id="569048185" lat="35.6247884" lon="139.8325438"/>
  <node id="569048187" lat="35.6246794" lon="139.8313934"/>
  <node id="569048188" lat="35.6245721" lon="139.8314072"/>
  <node id="569048189" lat="35.6226902" lon="139.8315563"/>
  <node id="569048190" lat="35.6227033" lon="139.8316683"/>
  <node id="6395080305" lat="35.6225697" lon="139.8310904"/>
  <node id="6395080319" lat="35.6224376" lon="139.8290524"/>
  <node id="6395080320" lat="35.6226357" lon="139.8310801"/>
  <node id="6395080321" lat="35.6223699" lon="139.8290581"/>
  <node id="10581961258" lat="35.6229349" lon="139.8341025"/>
  <node id="10581961260" lat="35.6228214" lon="139.8338531"/>
  <node id="10581968133" lat="35.6226935" lon="139.8325273"/>
  <node id="10581968134" lat="35.6226446" lon="139.8321038"/>
  <node id="10581968135" lat="35.6226610" lon="139.8313795"/>
  <node id="10581968136" lat="35.6225967" lon="139.8314039"/>
  <node id="10581968137" lat="35.6225366" lon="139.8300628"/>
  <node id="10581968138" lat="35.6232239" lon="139.8315987"/>
  <node id="10581968139" lat="35.6234965" lon="139.8315581"/>
  <node id="10581968140" lat="35.6231578" lon="139.8315004"/>
  <node id="10581968141" lat="35.6239574" lon="139.8313883"/>
  <node id="10581968142" lat="35.6244788" lon="139.8313084"/>
  <node id="10581968143" lat="35.6254334" lon="139.8311757"/>
  <node id="10581968144" lat="35.6250512" lon="139.8312307"/>
  <node id="10581968145" lat="35.6253679" lon="139.8312935"/>
  <node id="10581968146" lat="35.6249525" lon="139.8313532"/>
  <node id="10581968147" lat="35.6247944" lon="139.8313777"/>
  <node id="10581968148" lat="35.6243258" lon="139.8314457"/>
  <node id="11182618437" lat="35.6254997" lon="139.8339725"/>
  <node id="11182618438" lat="35.6281451" lon="139.8335928"/>
  <node id="1637371617" lat="35.6224588" lon="139.8352272"/>
  <node id="1637371621" lat="35.6229653" lon="139.8352729"/>
  <node id="1637371622" lat="35.6229233" lon="139.8349381"/>
  <node id="1637371624" lat="35.6230142" lon="139.8349449"/>
  <node id="1637371627" lat="35.6235617" lon="139.8350024"/>
  <node id="1637371629" lat="35.6249363" lon="139.8351390"/>
  <node id="1637371630" lat="35.6249849" lon="139.8354057"/>
  <node id="1637371633" lat="35.6250293" lon="139.8351495"/>
  <node id="2216788933" lat="35.6224842" lon="139.8349040"/>
  <node id="2216788934" lat="35.6225673" lon="139.8350394"/>
  <node id="2216788935" lat="35.6225208" lon="139.8349414"/>
  <node id="2216788936" lat="35.6225488" lon="139.8349894"/>
  <node id="3717294842" lat="35.6284947" lon="139.8354481"/>
  <node id="3717294844" lat="35.6279677" lon="139.8356647"/>
  <node id="3717294850" lat="35.6282479" lon="139.8354199"/>
  <node id="3757609829" lat="35.6283739" lon="139.8357040"/>
  <node id="3757609843" lat="35.6225662" lon="139.8350991"/>
  <node id="3757609846" lat="35.6285114" lon="139.8357184"/>
  <node id="9090089461" lat="35.6225170" lon="139.8351882"/>
  <node id="9090089462" lat="35.6225490" lon="139.8351492"/>
  <node id="10254884245" lat="35.6227762" lon="139.8349243"/>
  <node id="10254884246" lat="35.6227554" lon="139.8352512"/>
  <node id="10581961244" lat="35.6286438" lon="139.8357386"/>
  <node id="10581961247" lat="35.6270289" lon="139.8355853"/>
  <node id="10581961248" lat="35.6260874" lon="139.8355062"/>
  <node id="10581961249" lat="35.6254333" lon="139.8354493"/>
  <node id="10581961250" lat="35.6251699" lon="139.8354290"/>
  <node id="10581961251" lat="35.6246099" lon="139.8353806"/>
  <node id="10581961252" lat="35.6240670" lon="139.8353563"/>
  <node id="10581961253" lat="35.6235353" lon="139.8353218"/>
  <node id="10581961254" lat="35.6231621" lon="139.8352873"/>
  <node id="10581961255" lat="35.6227235" lon="139.8349207"/>
  <node id="10581961256" lat="35.6232893" lon="139.8349712"/>
  <node id="10581961257" lat="35.6231342" lon="139.8349565"/>
  <node id="10581961259" lat="35.6229935" lon="139.8347265"/>
  <node id="10581961261" lat="35.6228886" lon="139.8345410"/>
  <node id="10581961262" lat="35.6229107" lon="139.8347841"/>
  <node id="10581961263" lat="35.6242256" lon="139.8350831"/>
  <node id="10581961264" lat="35.6245705" lon="139.8351102"/>
  <node id="10581961265" lat="35.6247394" lon="139.8351229"/>
  <node id="10581961266" lat="35.6249816" lon="139.8346528"/>
  <node id="10581961267" lat="35.6248902" lon="139.8346400"/>
  <node id="10581961268" lat="35.6252873" lon="139.8351713"/>
  <node id="10581961269" lat="35.6251277" lon="139.8351578"/>
  <node id="10581961270" lat="35.6256865" lon="139.8352063"/>
  <node id="10581961271" lat="35.6265027" lon="139.8352720"/>
  <node id="10581961272" lat="35.6271745" lon="139.8353304"/>
  <node id="10581961273" lat="35.6286478" lon="139.8354722"/>
  <node id="10581968038" lat="35.6229133" lon="139.8347990"/>
  <node id="10581968039" lat="35.6230022" lon="139.8348056"/>
  <node id="10581968048" lat="35.6249220" lon="139.8349841"/>
  <node id="10581968049" lat="35.6250176" lon="139.8349890"/>
  <node id="10581968102" lat="35.6231096" lon="139.8352835"/>
  <node id="10581968104" lat="35.6247885" lon="139.8351269"/>
  <node id="10581968105" lat="35.6247752" lon="139.8353917"/>
  <node id="10581968108" lat="35.6251421" lon="139.8351590"/>
  <node id="10581968109" lat="35.6251274" lon="139.8354237"/>
  <node id="569048138" lat="35.6299549" lon="139.8305279"/>
  <node id="569048139" lat="35.6300195" lon="139.8308709"/>
  <node id="569048167" lat="35.6287410" lon="139.8319743"/>
  <node id="569048168" lat="35.6288906" lon="139.8334830"/>
  <node id="569048169" lat="35.6287737" lon="139.8335007"/>
  <node id="1628285424" lat="35.6303125" lon="139.8339229"/>
  <node id="1817876363" lat="35.6329894" lon="139.8288354"/>
  <node id="1817876365" lat="35.6330509" lon="139.8294790"/>
  <node id="1817876386" lat="35.6331881" lon="139.8309150"/>
  <node id="1817876387" lat="35.6333063" lon="139.8321518"/>
  <node id="1817876391" lat="35.6334339" lon="139.8277372"/>
  <node id="1817876393" lat="35.6334615" lon="139.8337766"/>
  <node id="1817876401" lat="35.6337382" lon="139.8320900"/>
  <node id="1817876403" lat="35.6338877" lon="139.8337151"/>
  <node id="1817876404" lat="35.6339793" lon="139.8287009"/>
  <node id="1817876405" lat="35.6340333" lon="139.8293425"/>
  <node id="1817876406" lat="35.6340572" lon="139.8320444"/>
  <node id="1817876407" lat="35.6340811" lon="139.8320470"/>
  <node id="1817876408" lat="35.6341039" lon="139.8320598"/>
  <node id="1817876409" lat="35.6341237" lon="139.8320815"/>
  <node id="1817876410" lat="35.6341351" lon="139.8321109"/>
  <node id="1817876411" lat="35.6341455" lon="139.8321620"/>
  <node id="1817876412" lat="35.6342161" lon="139.8336676"/>
  <node id="1817876413" lat="35.6342390" lon="139.8336574"/>
  <node id="1817876414" lat="35.6342525" lon="139.8336433"/>
  <node id="1817876420" lat="35.6342691" lon="139.8336255"/>
  <node id="1817876422" lat="35.6342774" lon="139.8335692"/>
  <node id="1817876423" lat="35.6342784" lon="139.8335986"/>
  <node id="1817876424" lat="35.6342971" lon="139.8307459"/>
  <node id="1859942069" lat="35.6298800" lon="139.8306464"/>
  <node id="1859942070" lat="35.6298939" lon="139.8305160"/>
  <node id="1859942074" lat="35.6299255" lon="139.8306516"/>
  <node id="1859942075" lat="35.6299579" lon="139.8306745"/>
  <node id="1859942078" lat="35.6299944" lon="139.8305710"/>
  <node id="1859942080" lat="35.6300165" lon="139.8306431"/>
  <node id="1859942084" lat="35.6300262" lon="139.8307475"/>
  <node id="3757609840" lat="35.6302495" lon="139.8332818"/>
  <node id="10581961275" lat="35.6288176" lon="139.8337051"/>
  <node id="11182621625" lat="35.6291715" lon="139.8334414"/>
  <node id="11182621630" lat="35.6301825" lon="139.8325795"/>
  <node id="11182657966" lat="35.6300938" lon="139.8316499"/>
  <node id="11182657967" lat="35.6287279" lon="139.8318377"/>
  <node id="11182657976" lat="35.6294891" lon="139.8305789"/>
  <node id="11182657998" lat="35.6291667" lon="139.8306290"/>
  <node id="305102059" lat="35.6336528" lon="139.8344906"/>
  <node id="305102060" lat="35.6336222" lon="139.8344813"/>
  <node id="305102061" lat="35.6335982" lon="139.8344685"/>
  <node id="305102062" lat="35.6335768" lon="139.8344517"/>
  <node id="305102063" lat="35.6335587" lon="139.8344314"/>
  <node id="305102064" lat="35.6335395" lon="139.8344066"/>
  <node id="305102065" lat="35.6335181" lon="139.8343557"/>
  <node id="569052122" lat="35.6349653" lon="139.8345997"/>
  <node id="1628285464" lat="35.6304495" lon="139.8353511"/>
  <node id="1637371642" lat="35.6289838" lon="139.8355323"/>
  <node id="1637371644" lat="35.6290798" lon="139.8355553"/>
  <node id="1783172107" lat="35.6304952" lon="139.8359082"/>
  <node id="1784227992" lat="35.6348505" lon="139.8365792"/>
  <node id="1784227993" lat="35.6348649" lon="139.8363512"/>
  <node id="1817876354" lat="35.6315032" lon="139.8361296"/>
  <node id="1817876355" lat="35.6315154" lon="139.8362769"/>
  <node id="1817876396" lat="35.6335101" lon="139.8342847"/>
  <node id="1817876398" lat="35.6336918" lon="139.8363711"/>
  <node id="1817876400" lat="35.6336998" lon="139.8365042"/>
  <node id="1846281573" lat="35.6336852" lon="139.8344933"/>
  <node id="1846281642" lat="35.6348927" lon="139.8358278"/>
  <node id="1846281643" lat="35.6349034" lon="139.8356462"/>
  <node id="1846281644" lat="35.6349271" lon="139.8352463"/>
  <node id="1846281645" lat="35.6349332" lon="139.8351429"/>
  <node id="3059797743" lat="35.6304102" lon="139.8349507"/>
  <node id="3059797744" lat="35.6304294" lon="139.8351693"/>
  <node id="3717294847" lat="35.6342780" lon="139.8363755"/>
  <node id="3717294848" lat="35.6307904" lon="139.8359848"/>
  <node id="3717294849" lat="35.6325353" lon="139.8362488"/>
  <node id="3757609830" lat="35.6290651" lon="139.8353153"/>
  <node id="3757609832" lat="35.6289877" lon="139.8358045"/>
  <node id="3757609834" lat="35.6287648" lon="139.8354905"/>
  <node id="3757609835" lat="35.6289549" lon="139.8351474"/>
  <node id="3803530197" lat="35.6306547" lon="139.8361763"/>
  <node id="5839478109" lat="35.6310364" lon="139.8362202"/>
  <node id="6161460391" lat="35.6346592" lon="139.8363587"/>
  <node id="9482704494" lat="35.6310553" lon="139.8360478"/>
  <node id="9482704498" lat="35.6304847" lon="139.8357463"/>
  <node id="9482704514" lat="35.6305050" lon="139.8361546"/>
  <node id="10581961240" lat="35.6308464" lon="139.8361992"/>
  <node id="10581961241" lat="35.6297707" lon="139.8359979"/>
  <node id="10581961242" lat="35.6301701" lon="139.8360941"/>
  <node id="10581961243" lat="35.6291822" lon="139.8358509"/>
  <node id="10581961245" lat="35.6287682" lon="139.8357599"/>
  <node id="10581961246" lat="35.6291363" lon="139.8358396"/>
  <node id="10581961274" lat="35.6288772" lon="139.8343325"/>
  <node id="10581961276" lat="35.6289240" lon="139.8348121"/>
  <node id="10581961277" lat="35.6289708" lon="139.8353573"/>
  <node id="10581961278" lat="35.6292220" lon="139.8355908"/>
  <node id="10581961279" lat="35.6296304" lon="139.8356912"/>
  <node id="10581961280" lat="35.6300531" lon="139.8357988"/>
  <node id="10581961281" lat="35.6306410" lon="139.8359491"/>
  <node id="10581961282" lat="35.6309228" lon="139.8360190"/>
  <node id="10581968078" lat="35.6339968" lon="139.8363752"/>
  <node id="10581968082" lat="35.6350901" lon="139.8365934"/>
  <node id="10581968083" lat="35.6349501" lon="139.8365859"/>
  <node id="10581968084" lat="35.6342751" lon="139.8365497"/>
  <node id="10581968086" lat="35.6350738" lon="139.8363426"/>
  <node id="10581968110" lat="35.6290691" lon="139.8353810"/>
  <node id="10581968113" lat="35.6288059" lon="139.8354984"/>
  <node id="10581968114" lat="35.6287751" lon="139.8357613"/>
  <node id="10581968117" lat="35.6291812" lon="139.8355806"/>
  <node id="10581968121" lat="35.6302988" lon="139.8358596"/>
  <node id="10581968122" lat="35.6302561" lon="139.8361096"/>
  <node id="10581968131" lat="35.6347120" lon="139.8363568"/>
  <node id="10581968132" lat="35.6346974" lon="139.8365714"/>
  <node id="10581968154" lat="35.6348736" lon="139.8361866"/>
  <node id="11182657959" lat="35.6304639" lon="139.8355217"/>
  <node id="1667171198" lat="35.6391326" lon="139.8317680"/>
  <node id="1667171201" lat="35.6392206" lon="139.8317808"/>
  <node id="1817878526" lat="35.6390301" lon="139.8306954"/>
  <node id="1817878634" lat="35.6392140" lon="139.8325215"/>
  <node id="1817878693" lat="35.6392575" lon="139.8322409"/>
  <node id="1817878746" lat="35.6392903" lon="139.8325226"/>
  <node id="12002716116" lat="35.6387413" lon="139.8276746"/>
  <node id="12002716119" lat="35.6389635" lon="139.8290839"/>
  <node id="12002716120" lat="35.6388773" lon="139.8290968"/>
  <node id="569052136" lat="35.6385734" lon="139.8374818"/>
  <node id="570753591" lat="35.6396021" lon="139.8366983"/>
  <node id="598509715" lat="35.6373121" lon="139.8348008"/>
  <node id="598509716" lat="35.6372192" lon="139.8365010"/>
  <node id="598509719" lat="35.6394471" lon="139.8349794"/>
  <node id="1784227995" lat="35.6396394" lon="139.8369728"/>
  <node id="1784227997" lat="35.6417567" lon="139.8371511"/>
  <node id="1817878804" lat="35.6393956" lon="139.8344127"/>
  <node id="1817878844" lat="35.6394720" lon="139.8344151"/>
  <node id="1817878882" lat="35.6395269" lon="139.8349856"/>
  <node id="1817878956" lat="35.6397077" lon="139.8367101"/>
  <node id="1835155086" lat="35.6384176" lon="139.8402546"/>
  <node id="1835155104" lat="35.6384738" lon="139.8392599"/>
  <node id="1835155113" lat="35.6386036" lon="139.8368831"/>
  <node id="1835155719" lat="35.6416809" lon="139.8377578"/>
  <node id="1835155721" lat="35.6417088" lon="139.8373232"/>
  <node id="1835156779" lat="35.6360514" lon="139.8366673"/>
  <node id="1835156782" lat="35.6360550" lon="139.8364007"/>
  <node id="1846281725" lat="35.6359780" lon="139.8363939"/>
  <node id="1846281767" lat="35.6364376" lon="139.8347259"/>
  <node id="1846281794" lat="35.6368783" lon="139.8347636"/>
  <node id="1846281849" lat="35.6372366" lon="139.8360265"/>
  <node id="1846281850" lat="35.6372725" lon="139.8354439"/>
  <node id="1846281896" lat="35.6376028" lon="139.8365327"/>
  <node id="1846281905" lat="35.6376966" lon="139.8348331"/>
  <node id="1846282016" lat="35.6380093" lon="139.8365683"/>
  <node id="1846282032" lat="35.6381055" lon="139.8348674"/>
  <node id="1846282137" lat="35.6384748" lon="139.8366071"/>
  <node id="1846282156" lat="35.6385681" lon="139.8349062"/>
  <node id="1846282202" lat="35.6388093" lon="139.8366386"/>
  <node id="1846282208" lat="35.6389064" lon="139.8349346"/>
  <node id="7248986123" lat="35.6385981" lon="139.8370381"/>
  <node id="10581968081" lat="35.6353253" lon="139.8366085"/>
  <node id="10581968085" lat="35.6353495" lon="139.8363518"/>
  <node id="10581968161" lat="35.6357322" lon="139.8366428"/>
  <node id="10581968162" lat="35.6356634" lon="139.8363697"/>
  <node id="10581968163" lat="35.6358545" lon="139.8363862"/>
  <node id="10581968164" lat="35.6354799" lon="139.8363581"/>
  <node id="10581968173" lat="35.6361916" lon="139.8364110"/>
  <node id="10581968174" lat="35.6361754" lon="139.8366787"/>
  <node id="10581968175" lat="35.6367399" lon="139.8364640"/>
  <node id="10581968176" lat="35.6392615" lon="139.8366748"/>
  <node id="10581968177" lat="35.6394215" lon="139.8366875"/>
  <node id="10581968178" lat="35.6368450" lon="139.8367351"/>
  <node id="10581968179" lat="35.6372585" lon="139.8367716"/>
  <node id="10581968180" lat="35.6376627" lon="139.8368039"/>
  <node id="10581968181" lat="35.6380688" lon="139.8368400"/>
  <node id="10581968182" lat="35.6391422" lon="139.8369319"/>
  <node id="10581968183" lat="35.6393801" lon="139.8369532"/>
  <node id="10581968184" lat="35.6400708" lon="139.8370077"/>
  <node id="10581968185" lat="35.6398428" lon="139.8369895"/>
  <node id="10581968186" lat="35.6406251" lon="139.8370544"/>
  <node id="10581968187" lat="35.6410302" lon="139.8370923"/>
  <node id="10581968188" lat="35.6414238" lon="139.8371234"/>
  <node id="10581968189" lat="35.6415561" lon="139.8371355"/>
  <node id="10581968190" lat="35.6415616" lon="139.8368691"/>
  <node id="10581968191" lat="35.6411830" lon="139.8368367"/>
  <node id="10581968192" lat="35.6405080" lon="139.8367804"/>
  <node id="10581968193" lat="35.6400964" lon="139.8367429"/>
  <node id="31330046" lat="35.6472564" lon="139.8296048"/>
  <node id="31330047" lat="35.6473890" lon="139.8308668"/>
  <node id="31330048" lat="35.6476188" lon="139.8335059"/>
  <node id="31330050" lat="35.6465829" lon="139.8304121"/>
  <node id="31330051" lat="35.6468310" lon="139.8329322"/>
  <node id="305102430" lat="35.6459715" lon="139.8280529"/>
  <node id="569054321" lat="35.6461676" lon="139.8300867"/>
  <node id="569054322" lat="35.6450245" lon="139.8302473"/>
  <node id="569054323" lat="35.6449385" lon="139.8302622"/>
  <node id="569054325" lat="35.6464591" lon="139.8331301"/>
  <node id="569054327" lat="35.6453161" lon="139.8332740"/>
  <node id="569054328" lat="35.6452265" lon="139.8332849"/>
  <node id="1661794694" lat="35.6475442" lon="139.8326870"/>
  <node id="1739073458" lat="35.6459099" lon="139.8276948"/>
  <node id="1965884681" lat="35.6476591" lon="139.8339271"/>
  <node id="3717275425" lat="35.6472391" lon="139.8303488"/>
  <node id="3717275437" lat="35.6467912" lon="139.8316052"/>
  <node id="3717275441" lat="35.6475671" lon="139.8337671"/>
  <node id="3717275449" lat="35.6464775" lon="139.8282824"/>
  <node id="3717275451" lat="35.6470374" lon="139.8282308"/>
  <node id="6014165797" lat="35.6451516" lon="139.8315754"/>
  <node id="6014165798" lat="35.6463005" lon="139.8314154"/>
  <node id="6018202796" lat="35.6451056" lon="139.8302364"/>
  <node id="6021308131" lat="35.6464082" lon="139.8326041"/>
  <node id="6021308132" lat="35.6465021" lon="139.8335760"/>
  <node id="6021308133" lat="35.6453631" lon="139.8337215"/>
  <node id="6024037249" lat="35.6448609" lon="139.8286060"/>
  <node id="6024037252" lat="35.6460914" lon="139.8292961"/>
  <node id="6024037254" lat="35.6449496" lon="139.8294640"/>
  <node id="6024037256" lat="35.6461354" lon="139.8297528"/>
  <node id="6024037259" lat="35.6449912" lon="139.8299116"/>
  <node id="6024037261" lat="35.6447871" lon="139.8277623"/>
  <node id="6024037263" lat="35.6462313" lon="139.8307236"/>
  <node id="6024037265" lat="35.6460083" lon="139.8284346"/>
  <node id="6024037266" lat="35.6450918" lon="139.8309113"/>
  <node id="6120712992" lat="35.6464123" lon="139.8331361"/>
  <node id="6120713002" lat="35.6454005" lon="139.8332604"/>
  <node id="7425607296" lat="35.6465212" lon="139.8289173"/>
  <node id="8320158983" lat="35.6468970" lon="139.8337176"/>
  <node id="11559241926" lat="35.6451793" lon="139.8327479"/>
  <node id="11559241927" lat="35.6449068" lon="139.8299222"/>
  <node id="11559241928" lat="35.6448643" lon="139.8294742"/>
  <node id="11559241929" lat="35.6446976" lon="139.8277710"/>
  <node id="11559241930" lat="35.6447826" lon="139.8286146"/>
  <node id="11559241952" lat="35.6452677" lon="139.8327371"/>
  <node id="11559241953" lat="35.6450692" lon="139.8315892"/>
  <node id="11559241954" lat="35.6450049" lon="139.8309173"/>
  <node id="31330052" lat="35.6471310" lon="139.8360808"/>
  <node id="31330074" lat="35.6477771" lon="139.8350361"/>
  <node id="31330076" lat="35.6479470" lon="139.8374493"/>
  <node id="31330077" lat="35.6479498" lon="139.8376375"/>
  <node id="31330078" lat="35.6479289" lon="139.8387774"/>
  <node id="31330079" lat="35.6478632" lon="139.8398741"/>
  <node id="31330082" lat="35.6472500" lon="139.8375963"/>
  <node id="31330083" lat="35.6471564" lon="139.8394628"/>
  <node id="281657505" lat="35.6456482" lon="139.8375060"/>
  <node id="305102416" lat="35.6467201" lon="139.8358375"/>
  <node id="305102417" lat="35.6466891" lon="139.8359493"/>
  <node id="305102418" lat="35.6466052" lon="139.8360169"/>
  <node id="569052124" lat="35.6472429" lon="139.8373535"/>
  <node id="569052145" lat="35.6431891" lon="139.8382407"/>
  <node id="569052149" lat="35.6456016" lon="139.8384382"/>
  <node id="569054312" lat="35.6455887" lon="139.8371939"/>
  <node id="569054316" lat="35.6456918" lon="139.8372093"/>
  <node id="569054317" lat="35.6455806" lon="139.8361582"/>
  <node id="569054318" lat="35.6454853" lon="139.8361404"/>
  <node id="598509717" lat="35.6418688" lon="139.8351886"/>
  <node id="598509718" lat="35.6417700" lon="139.8368872"/>
  <node id="1661794886" lat="35.6478506" lon="139.8360627"/>
  <node id="1752126216" lat="35.6479066" lon="139.8367507"/>
  <node id="1784227996" lat="35.6417665" lon="139.8377654"/>
  <node id="1784227998" lat="35.6435515" lon="139.8373021"/>
  <node id="1835155734" lat="35.6417906" lon="139.8373297"/>
  <node id="1950766342" lat="35.6420987" lon="139.8369146"/>
  <node id="1950766468" lat="35.6421923" lon="139.8352162"/>
  <node id="1950766617" lat="35.6423632" lon="139.8369371"/>
  <node id="1950766701" lat="35.6424579" lon="139.8352389"/>
  <node id="1950767016" lat="35.6427991" lon="139.8369592"/>
  <node id="1950767075" lat="35.6428938" lon="139.8352703"/>
  <node id="1950767329" lat="35.6435785" lon="139.8370401"/>
  <node id="1950767430" lat="35.6436750" lon="139.8353358"/>
  <node id="1950767715" lat="35.6442851" lon="139.8348665"/>
  <node id="1950767718" lat="35.6443053" lon="139.8356216"/>
  <node id="1950767721" lat="35.6443381" lon="139.8355248"/>
  <node id="1950767983" lat="35.6449433" lon="139.8347710"/>
  <node id="1950768016" lat="35.6450169" lon="139.8359344"/>
  <node id="1950768022" lat="35.6450444" lon="139.8358346"/>
  <node id="1950768095" lat="35.6453558" lon="139.8347111"/>
  <node id="1950768121" lat="35.6454902" lon="139.8403031"/>
  <node id="3285564496" lat="35.6477959" lon="139.8352775"/>
  <node id="3717260617" lat="35.6473052" lon="139.8392481"/>
  <node id="3717260619" lat="35.6477975" lon="139.8393237"/>
  <node id="3717260620" lat="35.6473444" lon="139.8371864"/>
  <node id="3717260621" lat="35.6478170" lon="139.8368105"/>
  <node id="3717260622" lat="35.6472160" lon="139.8369606"/>
  <node id="3717275431" lat="35.6478326" lon="139.8378573"/>
  <node id="3717275438" lat="35.6471988" lon="139.8406390"/>
  <node id="3717275440" lat="35.6471799" lon="139.8355255"/>
  <node id="3717275444" lat="35.6473524" lon="139.8384839"/>
  <node id="3717275454" lat="35.6477721" lon="139.8360411"/>
  <node id="3717284598" lat="35.6473636" lon="139.8377947"/>
  <node id="3717284599" lat="35.6472407" lon="139.8379674"/>
  <node id="3859026257" lat="35.6478272" lon="139.8382419"/>
  <node id="3859026258" lat="35.6478153" lon="139.8387296"/>
  <node id="4749142812" lat="35.6479175" lon="139.8391507"/>
  <node id="4749142818" lat="35.6472958" lon="139.8366381"/>
  <node id="6021303816" lat="35.6454226" lon="139.8361128"/>
  <node id="6021303820" lat="35.6456852" lon="139.8361437"/>
  <node id="6021308134" lat="35.6466471" lon="139.8350805"/>
  <node id="6021308136" lat="35.6466858" lon="139.8354812"/>
  <node id="6120711780" lat="35.6452841" lon="139.8347215"/>
  <node id="6120712989" lat="35.6454005" lon="139.8361031"/>
  <node id="6120712990" lat="35.6454626" lon="139.8358894"/>
  <node id="6120712991" lat="35.6455611" lon="139.8359293"/>
  <node id="6120713008" lat="35.6472359" lon="139.8372260"/>
  <node id="6120713009" lat="35.6479432" lon="139.8373126"/>
  <node id="6138931284" lat="35.6465386" lon="139.8360261"/>
  <node id="6138934787" lat="35.6456359" lon="139.8366813"/>
  <node id="6439922817" lat="35.6478954" lon="139.8395055"/>
  <node id="6439922823" lat="35.6477465" lon="139.8356234"/>
  <node id="6439922840" lat="35.6473609" lon="139.8381353"/>
  <node id="6439922842" lat="35.6479492" lon="139.8377718"/>
  <node id="7248924731" lat="35.6463572" lon="139.8375369"/>
  <node id="7248924738" lat="35.6462777" lon="139.8375315"/>
  <node id="7248924739" lat="35.6468410" lon="139.8375696"/>
  <node id="8189180491" lat="35.6454191" lon="139.8374879"/>
  <node id="8189180493" lat="35.6454401" lon="139.8371946"/>
  <node id="8320158979" lat="35.6477319" lon="139.8403124"/>
  <node id="8320158980" lat="35.6478264" lon="139.8372216"/>
  <node id="8320158981" lat="35.6477985" lon="139.8364126"/>
  <node id="8320158982" lat="35.6477130" lon="139.8352632"/>
  <node id="8320265008" lat="35.6473367" lon="139.8387345"/>
  <node id="8810891638" lat="35.6471012" lon="139.8406269"/>
  <node id="8810891639" lat="35.6471833" lon="139.8365435"/>
  <node id="9156526704" lat="35.6479202" lon="139.8369602"/>
  <node id="9156526705" lat="35.6478800" lon="139.8370303"/>
  <node id="9156526706" lat="35.6477928" lon="139.8370946"/>
  <node id="9156526707" lat="35.6477361" lon="139.8371080"/>
  <node id="9156526708" lat="35.6474353" lon="139.8370920"/>
  <node id="9156526709" lat="35.6473743" lon="139.8370624"/>
  <node id="9156526710" lat="35.6472915" lon="139.8369713"/>
  <node id="10581968194" lat="35.6441898" lon="139.8370919"/>
  <node id="10581968195" lat="35.6447399" lon="139.8371390"/>
  <node id="10581968196" lat="35.6450921" lon="139.8371666"/>
  <node id="10581968197" lat="35.6448960" lon="139.8374438"/>
  <node id="10581968198" lat="35.6451598" lon="139.8374628"/>
  <node id="10581968199" lat="35.6442229" lon="139.8373725"/>
  <node id="10581968200" lat="35.6445041" lon="139.8374000"/>
  <node id="10581968201" lat="35.6439517" lon="139.8373408"/>
  <node id="11559241924" lat="35.6436666" lon="139.8355092"/>
  <node id="11559241925" lat="35.6430911" lon="139.8382263"/>
  <node id="12533774263" lat="35.6456417" lon="139.8376370"/>
  <node id="3717260618" lat="35.6476445" lon="139.8419716"/>
  <node id="3717275426" lat="35.6477162" lon="139.8415915"/>
  <node id="3717275430" lat="35.6476821" lon="139.8410960"/>
  <node id="3717275450" lat="35.6470554" lon="139.8419935"/>
  <node id="3717275453" lat="35.6471160" lon="139.8415804"/>
  <node id="3859032296" lat="35.6470452" lon="139.8416302"/>
  <node id="8320158978" lat="35.6475419" lon="139.8437917"/>
  <node id="8810891636" lat="35.6470487" lon="139.8418344"/>
  <node id="8810891637" lat="35.6470980" lon="139.8418330"/>
  <node id="10212492158" lat="35.6454532" lon="139.8408084"/>
  <node id="6326669012" lat="35.6472143" lon="139.8488825"/>
  <node id="569076890" lat="35.6609275" lon="139.8320852"/>
  <node id="569076907" lat="35.6608179" lon="139.8319644"/>
  <node id="569076908" lat="35.6609317" lon="139.8303534"/>
  <node id="569076909" lat="35.6592430" lon="139.8305403"/>
  <node id="569076910" lat="35.6592597" lon="139.8301618"/>
  <node id="569076911" lat="35.6575633" lon="139.8301282"/>
  <node id="1672743153" lat="35.6608455" lon="139.8320486"/>
  <node id="569076891" lat="35.6628429" lon="139.8322450"/>
  <node id="569076892" lat="35.6630426" lon="139.8323313"/>
  <node id="569076893" lat="35.6631711" lon="139.8325271"/>
  <node id="569076894" lat="35.6631983" lon="139.8328781"/>
  <node id="569076912" lat="35.6632392" lon="139.8336475"/>
  <node id="569076934" lat="35.6632402" lon="139.8331263"/>
  <node id="1350750282" lat="35.6632660" lon="139.8334296"/>
  <node id="1350752447" lat="35.6622185" lon="139.8321817"/>
  <node id="1672743235" lat="35.6626450" lon="139.8322262"/>
  <node id="1770289021" lat="35.6631050" lon="139.8323945"/>
  <node id="1770289022" lat="35.6631912" lon="139.8327002"/>
  <node id="6288432052" lat="35.6629593" lon="139.8322871"/>
  <node id="569076867" lat="35.6659849" lon="139.8379370"/>
  <node id="569076895" lat="35.6631081" lon="139.8346939"/>
  <node id="569076896" lat="35.6630140" lon="139.8359999"/>
  <node id="569076897" lat="35.6630300" lon="139.8361356"/>
  <node id="569076898" lat="35.6630706" lon="139.8362619"/>
  <node id="569076899" lat="35.6631295" lon="139.8363766"/>
  <node id="569076900" lat="35.6632058" lon="139.8364756"/>
  <node id="569076901" lat="35.6633054" lon="139.8365571"/>
  <node id="1957795454" lat="35.6651309" lon="139.8374583"/>
  <node id="1957795467" lat="35.6652288" lon="139.8375132"/>
  <node id="1957795494" lat="35.6658378" lon="139.8378548"/>
  <node id="3906282298" lat="35.6659145" lon="139.8378978"/>
  <node id="6236332676" lat="35.6658843" lon="139.8378809"/>
  <node id="598517878" lat="35.6463321" lon="139.8545830"/>
  <node id="1798899756" lat="35.6698748" lon="139.8257817"/>
  <node id="6176900503" lat="35.6697318" lon="139.8257145"/>
  <node id="9125641388" lat="35.6697299" lon="139.8258278"/>
  <node id="11687660499" lat="35.6680838" lon="139.8256370"/>
  <node id="11687660500" lat="35.6680823" lon="139.8257300"/>

</osm>
