cluster_0,cluster_1,cluster_2,cluster_3,cluster_4,cluster_5,cluster_6,cluster_7,cluster_8,cluster_9
1030671931#0,1120936393,-1028570786#1,1057198633,379075314#2,-450523569,-22736445#0,89881814#0,55423023#0,273211156#5
1033723437,1147401994,1028570790#6,-71367237,27085148#5,368086828#3,168663972#4,683457657#2,-1124642428#2,198900384#4
25868124#0,171300278#2,170624691#6,47111169#0,682703711#2,-90795029,209210746#1,-89828177,643059741,40969576
265010573#0,23350417#0,-1028570785#1,-44886286#1,67027572#0,202903720,174022677#5,956159234,47118452#0,856631371#13
265010590#1,24059844,-1028572143#0,-47113636#14,89423681#1,368086828#10,-168683414#1,254327781#3,47118453#2,1245764631
59254368#1,285454834#0,-46875474,728136201#4,33625073#2,243206484#1,-120525537#6,182236078,-55423023#1,-95274313
968221183#8,311912291,-44884987#0,398675574#2,682699857#0,682261295,22562407#5,-585279933#0,1056405596#0,690601665
-4848912#4,333682042#0,1028573261#5,271934577#1,92204278#1,33625902#3,392940747#0,89825903#10,47118451#1,1055857393#0
1030669188,333682044,-44884665#4,47113630#0,231665609,1244504475#1,315539209#8,90835548#7,-1093327667#3,74314555#1
25868122,353940886,170624691#7,1058036879#1,-263956788#6,273211073#5,50877021#1,395264636#2,871576397#1,-46151739#2
-4848912#0,44837352,1028572152#3,45663908#0,-263936851#3,95396838#3,95396832#0,-89831417#2,-60647195,538982926#6
-177148861#0,721120031#1,170624687,47113642#0,264070491#2,368086842,392088983#3,34605313#1,-55889051#1,622650808
172368557#1,45017436#0,170624688#4,-1056405594#2,-93470027#1,314205670#1,71470206#5,-199311779#20,-47118452#0,97671397#6
-172368556,760588360#1,198929903,47981647#1,90636499#1,265176187#6,76187048#1,89881857#3,55889043,97671376#0
968221183#6,45172803#2,23766689#3,-724540987#1,263881214#0,94094796#5,528899353#1,89934436#0,421328432#0,157292833#7
968221183#7,548903448#2,-23288368#0,-136400684#11,-958539562#1,-254327780#1,392090724#6,156938659#14,55422998#1,240392355#3
-1030669187#0,-680781425#0,-1028570786#5,1058036874#0,139506064#2,95282524#0,168663959#2,145581936#1,-1056405596#0,97671387#1
1030669187#0,680781425#0,1028570786#8,164774173#2,92403802#1,368086832#6,-174022632#2,199311779#8,-47118453#1,157292833#3
-211690608,27241669#2,-368074417#1,796894966#9,408269726#4,156938703#2,30998553,-438132738#2,365706979#2,97671474#3
1030281241#2,257239011#1,-1028573261#4,71367225#1,92403859#0,682261292#0,135704845,533092485#2,-1189786111,-97685672
1093314337,1028619485#0,1028572140#0,44886285#2,93325432,368086828#4,1024125617#0,-89934436#2,-1189786108,-97671331#1
1093314338,257357822#0,172627210#1,71367244,44887720#0,95396825#4,174022679#1,98883477#11,-365706979#1,-46151739#0
-4848912#6,-285664452,170624724#0,-151560757#0,231876387#2,33640827#4,319196849#0,89822308,-55422998#0,1143901792#0
-154083437#0,285664450,-166899880#2,297026346#2,341182777,1031963660,184293865#2,683455644#3,-55881483#3,97671447
154083437#0,-45172805#0,1028574803,23604986#0,-1298032332#3,368086832#5,30929622#1,89934506#1,1057083594#2,74314565#0
-1030669193,-45172807#2,170624685#1,47113620#1,-263865426,94094796#6,-157058385#0,43991629#0,-401190970,97671397#3
1030669193,1028619483,44884829#1,1195136380,145569058#0,94094796#8,-157293029#1,89929109#1,-55889043,355240125#5
4848916#1,1028619497#0,44884829#4,-1056874653#3,-34951755#1,368086830#1,-449602008,-89881836#0,871576397#0,-95274398#0
-1030669189,-266086967,368083794,579777156,254305245,35216007#0,-157058466#2,260425576#3,-1237946798,203572463#0
172368554,266086967,-44884667#0,749803802#12,31624134#0,1055853350,969494639#0,-543019008#1,-59664306#0,69963033#1
265010607#1,-332634091#7,1028573264#0,190527310#1,263935798#1,273211073#1,667865212#2,89881837#4,-1237942415,690601667#5
-154083437#1,-332634091#8,-198929902,151560714#2,51937093#2,157238666#0,151175258#1,812846556#0,47118453#3,1031976632#2
172368557#0,-24372991#1,-44884834#4,47113644#1,92204266#1,35216007#13,151175274#1,583741284#1,189483663,97671392#1
265010607#2,24372991#1,170624710,41529971#1,156643842#4,682261292#1,-157058385#2,89881827,680508514,342481198#0
-4848912#2,-100102319#1,-44884665#0,149986653,27085148#1,401195404,28063951#2,89822282#1,1189786109,198900392#2
-172368557#1,31237856,209210755#5,47981601#6,958539570#2,31047009#4,-151175220#0,89213766#9,55423023#1,264298077#1
4848912#6,31283137#1,-44884834#2,-60185722#2,-93470052#0,254327783#0,-22562407#3,395264607#6,55784009,74314549#3
4848912#0,1029279500,-44884671#0,1229651927#0,572507447,94094796#4,151175223#0,395264622#3,55422971,680782188#6
-211690618#1,-23990057,-44884665#5,-1056408312,41520004#0,32122316#1-AddedOnRampEdge,-368084601#0,54681242#0,-1056405596#3,97671376#5
968221183#3,46149026,32204060#1,136400684#9,139504257,94094793#5,220551731,395264612#6,1237942416,23488888#4
211690618#2,46149024,209210755#3,1058036873#1,264114581#3,680760288#1,168663971#4,618452916,-47118453#3,1284334995#0
-111594584#0,-45172806#1,44884836,1057198632#0,263881205,265176670#0,151175272#1,19922745#3,1093327667#0,97671394#0
-47025712#1,45172806#1,44884835#1,-47113636#10,181579861,-89825913#2,-184314043#0,-89822310#1,60647195,97671376#8
154083433#1,4853039#0,-368074418#0,60185726,958539560#1,265176187#4,133287965#1,-395264639#3,55889051#1,74314560
665904757,486067311,-46875475#0,149852649#0,54690001,368086015#5,174022655,-543018988,-1189786109,24061029#9
642608818,304919602#3,170624718#1,1057215456,34951714#0,156938689,-151175271#2,89213766#3,156791387,95274385#11
642608816,388577162#0,129219187#1,-47981601#9,254304968#3,35216007#6,220549212#2,591738594#2,-47118451#3,97671401#0
1030669189,-46149611#1,1028570783#1,-190521610#4,22730620#3,95396799#0,157058387#2,231524291#0,47118453#0,95274384#0
-1030669190#1,46149607,1028573263#3,47113624#2,-263935797#2,93713546#1,-151175234#1,553054661#0,1189786111,23488887#1
154083437#1,257357802#3,-1028570786#7,136400684#2,181579868#6,95396853#5,184315498,-577159986#1,1189786108,97671343#5
1030671931#2,209215787#0,170624724#1,44886287#0,-537438903#7,1126127669,-157058466#1,31050856#3,871576395,31046486#0
177148862,44955975#0,184580019#0,-1057215458#2,34951880#3,95396793#0,168663974#1,156938659#10,-680508547#1,1245764632#0
154083815,22823721#6,-170624693,462324823#2,139506059#1,95396821#0,76187048#2,579417817#0,365706979#1,-1234173061
265010613#0,388577164#5,170624714,1058027400#2,67027572#1,95396825#5,528899357,199311779#22,-59664306#4,525291476
111594584#1,-680781425#1,-1028573261#5,-302028394#0,-175987706#1,-46151433#0,27727759#1,199311801#9,55422998#0,-95274349#5
4848916#0,680781425#2,44884668#2,149986664#0,408269726#1,667863956,31096712#1,-683457660#1,55881483#0,680782191#0
-154083433#0,31283076#0,172627267#5,136400684#14,89043373#0,667863958,-71470206#1,89934511#0,-1189786107,680782188#7
211690618#1,-319196860#0,-44884671#1,190527312#1,181579915,47418248#7,228090233#5,583258515#1,-365706990#1,97671426#1
-211690618#2,131025957#1,1028570785#1,44886288#1,874155679#1,90636869#0,30998306#1,587119225#2,46771107#0,172598551
1030669190#1,131025957#2,1028570786#7,190898553#2,327402833#1,47418248#6,392090724#8,89825900#1,401190970,-680782188#8
172368556,-24372996#0,129219188,1058027400#4,1245147128#0,1244504475#0,59262034#4,89820772#0,-1124642428#1,97685712#0
172368555,24372996#0,-368074414#0,47113636#15,682703711#0,94094831#2,-184314048#1,-395264626#4,1237946798,378284518#1
4847513,31283064#0,-1028570786#8,72843620#0,-727486837#1,94094868#4,168663962#3,-31050856#15,54928199,23770583#0
1030281241#1,131025929#0,46875474,-199783479,681548220,-95282524#0,-174022677#0,89825899,365706986,23704115
59254368#0,170624716#2,44884987#0,164774174#1,156643284#0,682712370#2,-220549214#0,89881820#0,1189786110#0,-97671479
968221183#1-AddedOnRampEdge,40963331#1,44884834#0,-72843607#1,92403764#0,368086828#5,420083581#1,22720676#0,-365706979#0,95274348#3
265010578,584188121,166899880#0,47114116#2,34951880#1,680762193#1,-220549209#1,683458164#3,59255423#1,492442417#1
-1030669190#0,388577161#2,44884665#4,-164774173#4,90636499#2,851839123,31096752#1,1024849139,365706990#0,95274384#3
47025712#0,44883380#0,172627210#0,-151801165#2,682699851#0,1051315751#4,-157058387#0,89881824#3,193610552,23488891#1
968221183#1,-746064102,1028573260#0,-796894969#2,379075334#0,94094868#3,209210758#3,37672006#2,1056405596#1,48037790#3
4847514#1,746064102,-44884665#1,777680434,92204285#0,94094868#6,95396820#3,89825903#19,421328432#3,74314565#1
-1030669188,-23704726#2,23288368#0,313310947#0,-682699857#0,95396843#2,31857045#1,89934509#0,-1093327667#5,240388169#7
177148861#0,23704726#2,1028570786#5,878626252,34951786#0,35216007#10,-22562407#6,-89881824#1,-1189786110#1,-689924124#3
4848746,-27241669#1,44884669#0,44885597#6,263956788#0,368086828#8,157296628#1,98883477#9,-59664306#1,-24061029#4
4848912#2,682445848#1,170624731#3,47113651#1,379075334#1,1055855103#0,199921334,395264635#0,-59255423#2,1284334995#5
265010590#0,-131025961#0,-170624724#0,149986664#1,145569102#6,94094868#5,157292797,89041314#4,-47118453#6,97685693#2
-25868122,131025961#1,170624690#0,47113644#0,277549012,94094819#0,168663972#1,92034752,1237942418,240392355#0
4848899#0,-23704726#3,1028573261#4,59584804#0,34951694,94094801#2,708004651#1,395264632#2,-365706990#0,1085022611#1
4848899#0-AddedOffRampEdge,-269150824,167023144#0,-749803802#5,128715078#2,667863957,-151175260#0,19922745#0,1189786106,97671476#2
1030669190#0,-31283076#1,-368074418#2,-194569422,537438903#6,438405583#7,133434896#0,-533092485#4,-59338160,74314555#2
265010573#1,-23488562#1,1028572152#0,1124066513#0,108891397#0,31046405,133288858,89825903#7,47118451#3,378279500
154083433#0,23488562#2,1028572138,-47981602#0,203035372,-157238666#0,151175252#0,-89825914#9,55889051#0,74314557#1
4848912#4,45173877,-1028572143#1,-1229890434,874155679#7,199311790,-397642511#4,-199311779#26,-1124642425,178988161#6
265010615,45173874#1,184580019#1,199783481,46983928#0,90795036#0,-172365185#0,-44776183#2,680508514-AddedOnRampEdge,97671424#2
211690628#1,44838406,209210755#6,-231449996,41519621#1,368086834,174022662,89881814#2,680508547#1,95274348#2
-172368557#0,170624721#1,-44884670#2,1056874654#0,264114941#1,438405583#6,-172365184,89929096#1,1189786107,-680781433#1
4848745,-332634091#2,211708156#0,-47981601#4,31090134,839784838#2,-103761129#4,99508337#4,365706990#1,179260411#4
354858486,-332634091#4,170624692#1,1066886860#0,263866527#0,72465206#1,372741502#1,77100166#3,1124642428#1,199152184
1030281241#3,1028619497#1,209210755#1,1066890910#0,-175994174,94094796#1,-31096719#2,-581895213,401190971,273211091#3
968221183#5,-31283137#1,1028573263#1,47113630#4,1051311054#0,273211053#0,1080759180#6,265225085#1,365706979#0,-1279121053
265010607#0,-23488562#4,23288368#1,190533567#1,264017278#2,95396776#0,228090236,395264637#0,146191009#0,95274362#1
-154083816#1,261514198#2,170624725,1058036870#0,-34951700,-31046679,-133288284#3,618273211,-1124642424#0,-680781433#2
-154083433#1,-46148745#0,-170624694,681031181#0,90636499#3,273211103#1,133288286#0,597967644,-59255423#0,69963033#0
154083816#1,46148745#1,44884834#4,41529969,-788084213,265176187#0,331676700,-231439986#1,-55889051#0,517127275#0
1030671931#1,173954130#0,1028570790#5,46876487,537438903#3,368086828#6,-151175272#2,542927920#0,1056393620,196380150#0
154083816#0,23704718#4,170624692#3,271934577#2,874155679#3,90795036#4,367848150,-32358841#1,-55423023#0,198900384#2
-211690618#0,257239013#0,-44884836,303736644#1,33627357#0,95396823#1,228090248#2,89881854#1,653663652,-1055857393#0
4848899#1,810346011#3,44884665#0,1057215462#0,263881203#1,47418248#8,71470206#10,199311796#7,47118451#0,97671327#0
-154083816#0,-171300273#0,-44884835#1,297026357,231779274,90636496#2,151175252#2,92034773#7,-401190971,689924123#1
-1030669187#1,-746064103,172627267#3,-148940705#2,51937090,23443405#0,1028570796#3,89828176#1,1093327667#4,163198815#7
-154083815,45173873,1028573261#1,-47981647#0,-139505519#1,-95396821#0,-151175274#2,89934487,-47118453#2,97685761#3
1030669187#1,584188121-AddedOnRampEdge,44884988#0,386246055#1,958539570#4,156938702#0-AddedOnRampEdge,313606688#3,395264607#7,47118453#4,636502358#2
4848747,-332634094#0,368083795#1,151560793,41818367#2,667863960,397642511#5,-89820776#3,47118451#2,178988162#1
,332634094#0,1028570790#2,46876069#0,-31624134#0,156938702#2,168664002#0,-683457657#3,680508524,97671442
,209215787#1,-184580019#0,-72843607#3,-34951880#0,95396840#1,392090724#1,260425576#14,-47118451#1,157296623#1
,396771661#0,-170624720#1,-224195459#2,874155675#0,-90636869#3,392943665#2,-254327781#6,-47118451#0,198900384#7
,-562113160,44884666#3,-297026345#2,46983928#1,157293003#1,-400705708#0,-182236078,1124642424#1,97671458
,-562112859#1,-170624714,-164774174#0,264017864#0,31046903#0,120525530#1,-198164112,47118452#1,179260411#1
,743545405#0,1108576327,136400684#6,-92206649#0,95282587,-174022677#4,89881837#3,1237946797,215959964#4
,1166015106#2,46875475#0,-313310947#2,174757582#3,-680762193#1,-174022674#4,395264619#9,1124642428#2,97671423#0
,265010588#0,170624681#0,-190898553#4,263881214#3,95396821#1,30955664#0,27916859#1,-55423010,342481196
,266086974#0,638577587,-44886288#0,41818367#1,368086832#8,131633148,89825903#1,-47118451#2,135175652#1
,-44838841#0,1028570790#1,44885597#5,-203035368,94094796#3,-151175244#1,381697487#4,-680508547#0,157296623#2
,-44883380#0,638577586,-47113642#2,376037100,682712369#0,151175245#0,92029879#1,1124642424#0,97671355#0
,1028258366,-170624687,47113636#0,1244284990,95396776#1,22736448#2,92034761#2,59255423#0,1245989824#0
,44883357#1,23766689#5,164774173#5,1057181620#1,273211053#3,-449585989#2,145581936#3,-365706989,179260411#2
,44838405#3,-368074416,136550178#0,139506064#0,35216007#1,420083582,1126142886,,24061029#3
,-577567019,170624726#1,-44886227#0,1040865313#1,38790699#2,50877021#6,395264628#0,,95274372#4
,1165717962,45018838#1,44886286#4,264115338,95396844#1,-199922052#1,-77100175#1,,97685779#1
,257239012#1,-44884834#0,-147297543#0,139506059#0,94094885#0,131633158#1,89881819,,198900396#4
,257239012#2,170624693,44885597#5-AddedOnRampEdge,90636522,314205671#0,228076708#3,438137495#0,,-172598552#1
,-45172804#1,170624726#2,1056874644#2,874155679#6,682699860,-71470206#4,193618810#0,,157292833#15
,-45172806#2,44884665#3,47113636#6,34951902#1,254327780#1,151175252#1,89825900#2,,97671461#2
,-680781428#2,-166899880#0,149986655#0,379075314#0,95396823#2,133287965#0,89934497#1,,48037790#2
,-680781427#2,170624689,71367225#0,42294756#0,-35216239#3,392943690#0,-533092485#2,,97671484
,199152209#2,-368083795#0,-47113636#1,229875718,-31046405,-157058466#0,89934518#1,,74314558#0
,760589787#0,44884985#0,-1229890420,-181579915,-90795036#0,368084601#2,607060797#2,,97671386#2
,760589787#0-AddedOffRampEdge,-172627210#0,1057215448,41969258#1,368086832#4,184315497#5,395264631#4,,178988162#0
,354858485#0,129219189,47981652,587793732,492041982,-31096771,-395264611#3,,525291477
,1265766813#0,376769524#1,796894969#1,537438903#4,1051315753#2,95396764#1,395264626#6,,23488888#1
,680781428#0,-44884669#1,190533567#0,254304956,-157238666#2,-261326133#0,89041314#7,,1105285853
,-680781428#4,376769524#0,579776240#1,90636499#4,438405583#2,184314043#1,722841716#3,,46151739#9
,-168573481#1,44884671#1,-47113636#5,263956790#0,94094802,-133287966#0,-395264617#4,,-92223190#0
,679785216#4,172627212,47981636#0,181579868#10,228056318,372741505,-196947991,,95274345#0
,597045663#1,170624701,149852649#1,1298032331#0,667863953#0,-22562403#2,58683159#0,,680788591
,171300272#1,129219190,1066886864#1,-263956788#1,160732454#0,-449399206#13,37672006#9,,97671338#0
,-350217575#5,368074414#0,-71367240#1,175987706#0,1126340240,184314051#0,503056678#0,,97671387#3
,-429714228,-44884669#0,-1056876862,93325455,273211082#2,22730774#4,91006344#0,,-46151215#0
,23489088#0,-170624690#0,4857837,51937095,265176187#2,95396812,193618810#1,,378279504
,257239020#1,44884667#3,-47114116#0,156643842#4-AddedOffRampEdge,368086828#7,228090243#1,166180319,,199152223#0
,-45172804#4,-167023144#1,-1057198633,229875719#3,1126340241#1,667865216#1,89881824#0,,48037790#0
,45172804#5,44884666#2,47981657#0,54690005#0,264109548#1,-162173400#1,395264639#1,,40969586#3
,257357816,44884665#1,1229890430,128715078#0,-273211103#1,103760979#0,89820772#2,,97671401#1
,44955974,-184580019#1,-47111169#0,-537438903#6,95282530#1,184293857,872286905#1,,97671427#0
,-131025954#3,23766689#1,1056876860#4,93325433#1,95396825#6,-151175271#1,43699315#0,,680782188#1
,597045662,1028573261#2,1056878773#2,54690000,93713546#2,667865207#1,89929096#3,,172598637#3
,257239019#1,44884666#1,462324821#2,93325453#2,993551535#0,-174022677#5,-395264612#7,,97671449#0
,285664494#1,-1028570786#0,-398675574#2,264448295#0,1126340243#2,95396853#6,89881854#2,,680782195
,296689963#0,44884665#2,-47113630#0,51937092#2,35215988,-22562407#5,77100175#0,,-97671337#1
,23488561#4,-1028570786#4,-47981623#1,379075320,94094852#2,1024125617#1,92028366,,69963033#2
,23488561#5,170624731#4,-72843607#0,174757582#2,95396785#4,71470206#2,89881861#0,,-525291476
,30842114#0,368074418#2,302028394#1,264021276#1,-95282587,372741501#0,89823547#0,,1085022610
,102126349#0,-1028570786#3,1058036876#3,93325440,202905133,184315506#0,89825914#10,,196380150#3
,44884664#0,1028573262#0,-47113642#0,-263866527#0,-157214540#1,367848147#3,-231524291#0,,680789275
,199152209#0,44884666#0,-71367221,229875719#2,47418307#0,174022674#3,-683459298#2,,245069170#3
,-265010620#1,44884667#1,382681596,264019966#0,95282524#1,1030678058#1,89041314#15,,97671343#6
,4853038#0,1028572143#1,190521610#0,156643842#1,93713532,-162173400#2,199311779#6,,-680782191#0
,-31237829#2,1028570789#1,796894969#0,92204268#2,-95396821#1,162173421#0,736550490#4,,4848943#0
,-31237829#3,-1241354856,-164774173#2,92204258#0,682712366#1,151175222#8,89823564#0,,24061110#0
,-680781712,-23288368#1,-1058029001#1,263956788#4,46151433#0,319196849#7,395264620#6,,1085022603
,-680781713,170624697,147259695#1,174757591#0,120419639#1,436182375#2,-579417817#0,,-95274349#0
,-680781420,44884670#2,-71367225#1,263936851#2,90636496#0,-30998553,89825910#2,,97671475#0
,45172605#2,129219187#0,1056874653#0,44887721#3,-95396776#1,-174022679#1,579331696,,24061029#8
,46148745#0,1028570786#4,1058036873#3,93470027#1,969494639#1-AddedOffRampEdge,-71470206#3,89828168,,1245764636#2
,-257239012#2,-1028573261#1,47113620#3,229875719#0,1126340244#0,-319196849#0,-395264626#3,,680781435#0
,44883385,368083795#2,44885799#0,-51937090,160732454#5,-22736181#1,543019008#0,,691145247
,-46148742#1,367851534,47113632#0,958539562#0,273211141#3,-152333576#1,681548746#0,,680782191#1
,46148742#1,-44884988#0,47113644#3,-93325431,1051315751#5,-133434827,89825903#23,,1031976632#1
,667959153,170624694,-44886285#4,264448295#3,95396825#0,304727996#1,89825903#11,,1085022605#0
,45018427,-368083795#1,-71367244,-186251728#0,31046903#1,368084608#3,-395264637#3,,97671397#5
,44883381#0,-44884666#3,44885597#2,263866527#1,95396825#1,168663971#2,-89934511#1,,46151742
,4853039#1,-44884834#3,-297026346#3,41519941#0,31047009#1,-151175259#2,-583258515#1,,1177591510
,24821311#2,170624688#1,1229651928,-31624221,273211087#2,-22736181#3,90835548#0,,-492442417#1
,131025939#0,368074417#0,1066890904,-264017864#0,31047009#3,157058379#1,683457657#4,,857738564
,-131025939#1,1028570789#0,44886286#0,874155676#4,94094831#1,71470206#6,89881861#1,,1245147131
,820360602,46875473#1,796894969#3,92204278#2,38790699#3,-151175274#1,579417817#1,,97671445#1
,-24372991#2,1028572154#0,-1195136380,-376037100,-492041982,95396798,722841716#0,,-680782188#2
,24372991#2,170624720#0,462324820#0,874155676#0,368086828#2,-220551731,22720676#8,,95274324
,44883349,170624720#1,149986652,537438903#8,-680760288#0,59262034#5,156938700,,1245989822#0
,44883013#1,-44884670#0,-749803802#13,1298032332#2,95396756#2,220549212#5,-89825899,,652152437
,568498789-AddedOffRampEdge,170624723#0,-1058029001#3,156643842#2,265176187#1,392092819#2,89213766#8,,74314553
,44838841#3,-44884665#3,-47113624#3,263881214#2,21910839#1,22562403#1,-22720676#1,,97671343#0
,44838841#2,-170624689,-149986653,89423682#0,682712367#0,151175229,-89881824#3,,97685779#0
,-44883357#0,-376769524#1,-47981601#7,92204257,368086832#2,151175269#3,89881837#5,,74314562#2
,44883356,1028570786#6,-749803802#1,128715110#0,264109548#1-AddedOffRampEdge,-220549212#2,581537566,,355240125#1
,-23704749#0,44884830#2,-136400684#10,-850032932#1,438405583#5,261326126#2,314205672#4,,1055857394#1
,354858504#0,170624691#4,44886285#5,203035367,157279300,-174022679#0,1024849137,,-60659454#0
,45173875#0,-376769524#0,-60185726,844460384,751045577#1,151175245#1,737611521#0,,-968060908
,44883348,172627211,1056876860#2-AddedOffRampEdge,263865426,-93713541,517046814#3,-199311779#12,,97671475#1
,-22823721#7,1028572142,136400684#1,-263865428#0,47418248#0,667865211#0,91689528#9,,46151426#2
,-22918541#5,44884911#0,-1057198634,-537438903#10,-993551535#1,667865214#0,91686853#2,,273211156#2
,131156049#2,368074416,-47981601#3,42294756#2,203035354#5,157058381,89820753#1,,97671337#3
,131156049#1,-376769524#2,1058036877#0,23579333,94094850#0,-28063954,395264639#0,,24061029#2
,131156057#1,44884667#2,-136400684#13,203035385#1-AddedOnRampEdge,156938702#0,95396795#1,-92034752,,97671436
,46149027#0,170624691#5,1056874646#0,156643284#3,47418327#1,103761129#9,-89822310#2,,97685742#0
,285664452,1028573261#3,516926839#0,-92206649#1,-1031963661,-407109951#0,260425576#16,,97671411#0
,173954118,368083795#0,-1056405594#0,203035369,94094815#0,-120525563#1,581742830#3,,1031976629#4
,-149136359,368074418#1,147297552,93470052#0,35216007#4,174022625,193618808,,178988162#8
,-44838842#1,44884985#2,1056408300#1,-537438903#4,264448651#1,-31857045#1,-265225085#1,,97671486#0
,-46148743#1,-44884667#3,681031183#0,186251728#1,31046679,-120525537#3,89828174#1,,97671394#2
,131156025#0,44884669#1,47113644#4,33637368,94094850#2,151175223#4,591995053#1,,1105285858#0
,257357812#3,-44884666#2,1058036872,-1143901798,95396785#1,50877021#3,23994706#4,,478293894#0
,209210751#0,1028572141,728136201#0,264114583,-368086836,-220552217#0,772804655#0,,1055857394#2
,131156028#1-AddedOnRampEdge,45018813#0,1056408312,264114580,429875583#0,104107445#1,543018993,,-680782193#2
,242897858,44884911#2,-72843620#1,379075344#0,94094868#0,31096719#1,89828151#1,,-97671442
,-580847350#0,-1028573261#2,1058036874#2,175994177#1,264448294,-667865209#0,91689528#11,,-667962682#0
,-580847356,-44884670#1,-47113636#3,263956790#4,38790699#1,449150695,813026176#0,,680782188#3
,220547267#0,45018838#2,190521610#3,-86867130#0,95396844#4,-1024125616#0,145581932#0,,-355240125#0
,101134277#2,184580017,1124642414#0,42294744#3,-47418307#0,436182375#7,587119225#3,,-97685724
,101134277#3,44884668#0,-164774174#1,33637556#1,-95282524#1,168683397#1,89934511#2,,1105285858#1
,679785216#6,-44884666#1,-149986796#2,51937093#0,95396840#2,449396163#3,90835548#5,,273211156#4
,44883353#0,170624681#3,44885796#4,-231879072#2,1013421395#2,95396782,89934450,,95274349#2
,623362978#0,170624691#3,60185717#1,-850032932#0,32122316#0,266525206#1,597398401,,97685742#2
,-350217575#2,-170624690#1,1057215458#0,262051128#2,681547930#0,392943690#3,395264610#0,,1245147141
,350217575#2,-44884665#2,987284423#1,41519941#1,-95396802,162173401#0,27916859#10,,74314562#1
,651677177,170624690#2,-190527310#0,145569058#8,1096310476#0,28063946#1,744419622#1,,-24061029#0
,1123097890,1028570786#2,1237755658,44887720#4,1297669678,169811755#1,91686853#1,,1284334995#1
,44838840,-44884666#0,-1066886864#0,843126657#0,90795019,-174022674#0,-395264639#4,,97671451#2
,304919603#1,-44884667#1,1056874645#1,788084211#0,203035354#4-AddedOffRampEdge,-151175252#2,395264640#7,,97671486#2
,-44838405#2,368074414#1,302028394#0,124081177#0,35216007#7,172365194#1,23994706#6,,4848943#3
,-44838405#3,170624690#1,680701145,-92204268#2,273211082#0,184314051#1,265221586#2,,157292833#6
,265010598#0,1028570786#0,303736644#0,264115339,1297669677,184315497#2,98883477#10,,172598637#1
,265010598#2,-170624725,432603495#0,264019966#2,389636322#0,120525515#1,-683453782#6,,97671424#3
,-45172805#1,-1028570785#2,579779585#0,263881214#4,21910839#0,-168664002#1,265225086,,97671467
,-45172604,198929896#0,681031183#2,-213738419,95396799#1,71470206#12,89934444#1,,97685645#3
,680781425#3,1028570786#3,-47113644#0,48780822#1,33625902#1,319196849#4,236999711#0,,95274385#6
,350217575#5,172627267#1,579779585#1,874155679#2,772804652#3,-22736181#0,91730169#1,,856631371#16
,-746064101,44884838#0,441655820,-51771205#1,31046766#1,1057054850#2,395264624#1,,-46151739#9
,23704718#0,198929904,199783479,41818367#3,265176670#3,151175266#1,586176997#3,,1085022611#2
,23704718#1,-368083795#2,-199783481,-537438903#2,49680676#1,133434896#1,580443868,,-95274345#0
,645224082#0,1108576328,-1066886860#1,-89423681#0,95396790,261328669,1013424772,,680782192#0
,651677178#1,170624692#2,1056876859#1-AddedOnRampEdge,-263866527#1,265176187#5,-30955664#0,260425576#9,,46151739#2
,679785216#1,1241354856,72843607#1,-175994175#0,95396756#0,220548976#2,750083498#0,,269150840#2
,45173868#0,170624691#1,151696093,22730620#2,368086828#1,-151175244#0,89934509#4,,264298077#6
,651637969,198929898#0,151560672#1,682699851#2,47418327#0,1030678059#3,-89881824#0,,97671480#1
,266086999,1028570792#0,-41529969,175994174,47416767#2,1024125607#0,580443871#0,,157292833#0
,-261514199#0,368083796,47113620#2,-175994177#0,1051315751#3,449399206#3,89828177,,95274384#2
,-45172606#0,184580013,-297026342#0,33625073#5,264451390#1,392092817#2,579331698#2,,97685747#3
,209210757#0,23766689#4,-1058027398#1,174757582#0,35216239#1,133434898,585279933#0,,163198815#5
,-680781422,44884668#1,-60185717#0,34951700,368086015#4,157058398,395264640#3,,273211156#3
,-45172605#2,-368074417#0,-297026357,-537438903#9,510157963,667865216#0,89820772#1,,-46151739#7
,-680781424,172627267#2,1296331245#0,376098682#0,368086832#9,-152333600#1,531417291#1,,-46151739#10
,45017437,-46875473#1,1124066512#0,219973542#0,667863954#2,372741506#1,196306518,,273211156#0
,-45172806#0,1028570786#1,194569422,33625073#0,682261299#1,168663974#2,89820763,,-680782188#1
,45172802#1,32204060#0,1070304259#0,35216848#1,-157214540#2,273211100#0,199311779#21,,97671393
,-1268288169,-170624720#0,579779877,228056324#4,157238666#2,888035089#1,89929096#2,,269150842#5
,1268288170#1,1028572143#0,1057215449,51770989,95396833#0,157296628#0,-89881861#0,,680760292#0
,577567024,44884834#3,47981602#0,89423682#1,203035354#4,-133287965#0,-231439988#0,,1031963664#2
,23704726#3,-1028570786#6,-398675574#1,1143901797#1,157279313,304727996#0,89825910#1,,97671331#1
,257357812#2,44884829#3,462324823#4,139505519#0,95396801#0,-151175267#0,199311794#18,,46151739#0
,319195391,45018812,-136400684#8,682420451#0,667863954#1,71470206#7,89041314#10,,691144012
,45172807#1,-1028572142,47113638#1,34951880#0,47418327#2,-368084601#2,-91689528#8,,198900392#0
,45172804#1,-44884911#0,749803802#14,22730620#2-AddedOnRampEdge,1137748894#0,449399206#8,89822302#3,,95274398#0
,-23488561#5,-44884667#2,190533570#0,92206649#0,95396838#2,1080759176#4,89881836#0,,-680789275
,46149023#1,44884670#0,1237755657#0,51937092#4,31046766#0,667865210#0,683455644#4,,-245069170#3
,680781429#0,1028570792#2,151696104#1,-186251728#1,32122316#1,103760979#5,228056312#1,,97671449#1
,680781427#1,170624727#1,-47113651#0,1143901797#0,90795012#0,-184314043#1,-543019008#0,,269150842#0
,-31283076#0,-172627201,-136550178#1,263956790#2,90795036#1,1080759180#2,89934489#1,,97671452#0
,1166015105,-1028573261#3,-44886286#4,537438905#0,368086015#3,220548976#0,-683457657#6,,46151215#1
,45173874#0,-368074418#1,-47981633#1,203035363,1051315749#0,22736448#0,-89881861#1,,1245764640#2
,131252712#1,172627267#4,-151560697,51937092#5,314205670#2-AddedOffRampEdge,-27904494,89822282#0,,1085022602
,355202502,368074417#1,190527311,-175994177#1,1057067192,156290978#1,395264639#3,,95274374#1
,580847350#0,1028570790#3,148940705#2,41818367#0,1126340245#0,151175272#2,1299028152#3,,-680781435#1
,-285677617#3,-1028572141,72843607#2,263955768#1,90795030,184315508#2,543018988,,-680782196
,-285677617#1,1028574804,-47113636#7,-93470052#1,273211141#2,152333600#0,43699315#13,,-680782191#1
,-667867181,1028570783#0,1056405592#1,92204268#1,95396844#3,-157293029#0,-89823533,,95274385#9
,511081976#1,376769524#2,224195459#1,958539560#2,95396833#1,449399206#0,945962606#7,,1245147132
,-131025971#1,-368083794,382680734,682420451#2,-95396849,151175222#6,91686844,,-355240125#4
,131025971#1,-44884911#2,297026345#2,264112784,264448291,-367359810,89825903#22,,-968060906#1
,131025957#4,-184580017,-47981652,174757582#5,90837300#0,22736451#1,-395264617#2,,-680781436
,863546409#0,-44884668#0,46876836,572507450,47416767#0,-22736444#1,586176997#1,,135175652#0
,-863546409#1,-170624690#2,-47111170#1,93325426#2,31046466#0,-667865216#1,199311801#11,,-857738564
,24372990#0,166899880#1,-297026342#1,-93470027#0,94094830#0,151175231,-91686853#2,,760779955#0
,680781423,-1028570786#2,4857840#5,162538295#0,156938702#3,151175274#0,89831415#0,,74314549#0
,-257239012#1,-1028573264#1,386246054#0-AddedOffRampEdge,24461574#3,156938658,-103760979#0,577159986#0,,1245764632#1
,45173871-AddedOffRampEdge,46876504#2,190898553#4,33627357#1,157214540#1,392090724#4,37672006#3,,97671480#0
,584188117,44884830#3,44886288#0,46983934#0,95396825#2,131633158#6,-395264639#0,,97671476#5
,-717183322,44884830#1,1124642416#1,264021276#0,95282567,-273211100#1,91006343#0,,69963041
,-717183325,44884670#1,749803802#9,-124081177#1,156938703#5,449490580#2,579331697#1,,-24061029#5
,171300273#0,-368074414#1,47113632#4,-682699857#2,-680760284,162173391#1,-89046648#6,,680782188#5
,149851229#0,44884667#0,151696104#0,51937091#0,94094852#1,151175267#2,591365961,,-667863963
,257239016,-170624697,44886227#0,90790948,47418307#2,151175253#3,89934506#0,,1139284719#0
,257239010#1,198929902,-1124642416#0,139506064#1,-95282564#1,528899356#0,395264630#3,,95274362#0
,335539638,44884985#3,151801148#0,264448295#6,95396785#3,-103761128#0,683457660#0,,97685747#2
,44883009,441624830,-47113624#1,89043373#2,47418248#5,392088983#4,89046669#6,,1055857395#2
,45173871,170624688#3,-511201795#1,44887720#1,95396838#0,-71470206#2,314054616#2,,-355240125#1
,1027009173,44884834#2,1058297394#0,92204285#3,1137747563,154971367#10,89820767#1,,97671426#2
,363687082#1,1028570785#2,47113636#1,92206679,-47416767#4,-174022674#3,92034761#11,,95274349#5
,257357802#0,-368083796,-1124642414#2,860088218,95282542,-367848147#3,-254327781#9,,1300917096
,597045663#0,-184580013,1229890420,51937092#3,95396843#4,168663988,541057035,,23489017#2
,-173954130#0,44884671#0,-190521610#0,93325450#1,94094853,449585989#2,89934443#0,,1085022611#0
,-44838841#1,-170624724#1,-151801165#0,958539563#0,-157214540#0,392940747#4,77100175#2,,242897856
,-319196860#1,44884665#5,47113636#4,51937093#1,680760288#0,228076702,395264626#4,,27695601#2
,-27241668#1,-44884668#1,-149986796#0,90636499#0,1051315747#0,22730774#3,31050856#12,,97685693#1
,1029279501,209210755#4,-1056874653#1,184577945,265176188,667865207#0,77100164#6,,215959964#1
,170641388#2,368074418#0,149986724,41519891#1,368086839,151175222#0,543019002,,680782188#8
,209210744#1,-44884668#2,47113630#1,-51770989,95396838#4,-31035595,237393906#0,,273211091#4
,304919605#0,,71367240#0,93325431,95396843#3,368084601#1,-89934511#2,,-24061029#2
,332634091#8,,1296331246#1,34951902#0,31047273#6,667865210#1,89213766#12,,97671475#2
,45174138#1,,44885597#3,92403764#1,94094801#1,-746533316,731838356,,-95274349#3
,45177679-AddedOnRampEdge,,1057215464,186251728#0,-31047273#5,-220548970#1,89823568#0,,74314558#2
,45177679,,-44885799#2,174757608,727402396#0,220551730#1,90835548#10,,97671397#2
,-45172807#1,,-47113632#2,31624221,667863954#0,-168683414#3,89881832#0,,1245989820#0
,1126633897,,-47113644#3,41818367#5,94094885#1,-184314051#2,579331694#0,,264298077#0
,1027009174,,44886288#2,41969258#0,94094815#1,71470206#0,89881824#1,,676291216#0
,-285664438,,148940705#3,-263935797#4,-156942563#0,682462419#0,-89881824#2,,667962682#1
,562112859#0,,47981623#2,264112785,31047009#0,-397642511#3,-395264610#4,,24061029#4
,-680781430#2,,189616564,263936851#0,95396843#1,28063951#4,89041314#3,,95274385#2
,23488564#2,,1056878775#2,89043374#1,264114941#2,46151430,254326640#3,,97671474#2
,131156019,,1233716013#0,958539570#0,120419639#0,-156919890#4,89881841#0,,-60659454#1
,388577165#0,,-1056408301,35542051,93713541,-22562407#4,89934497#0,,97671376#7
,257357822#2,,-796894969#4,850032932#1,368086828#0,-162173421#1,395264640#8,,342481198#1
,27241668#3,,-149986652,90636499#5,-90795036#2,708004651#0,1126142879#0,,-95274349#2
,46149611#0,,1066886859#0,-92204268#1,90795012#2,220551730#2,-91686853#1,,1031963663#4
,580847354,,47981623#1,263865428#0,682261299#0,-27904509#2,533092485#4,,95274349#1
,131025941#1,,-151560714#1,537438903#10,273211087#0,1058417656,-265221586#3,,74314551
,-131025941#2,,44885597#0,263941941,95396765#3,22736445#0,89213766#5,,187797932
,-46149189,,72843607#0,-263865429#0,95282564#0,-151175229,89825914#7,,-680781433#0
,45172807#2,,579776871,92206649#1,314205670#2,157058384#5,-89822277,,92223199#0
,45172806#0,,71367221,34951737,94094868#7,50877021#4,395264640#2,,178988162#3
,45172802#2,,-44886285#7,44887721#0,438405583#0,-151175269#3,-89820776#0,,198900396#0
,23488562#4,,1058029001#1,263956789#0,667863959#1,-266525189,581895213,,95274308#0
,1268288172,,-136400684#1,-203035353,1031963661,-319196849#6,314054616#0,,1055857395#0
,-680781714,,1056876860#2,-175994173#1,-31047273#4,-162173424#2,738893122#2,,-172598552#3
,265010604,,-151560714#0,33625073#4,368086836,319196849#5,231439986#1,,97671427#1
,-265010621,,1056874644#1,-181579868#1,-47416767#1,120525537#6,91686849#5,,-355240125#2
,-228633420#1,,151560672#2,263956789#2,156942563#1,-261326126#2,89881837#0,,97671478#1
,24803931#0,,-579799544,874155676#1,95396838#1,136506337#2,32358841#0,,680781433#1
,304727991#0,,1058029001#2,264019962,1051315751#1,151175222#5,750083498#2,,97671397#8
,355202503,,47113624#3,89043374#0,157292823#0,152333598#3,-531417291#2,,152413923#1
,22918541#3,,-1056408300#1,1143901798,95396825#3,172365185#1,27916859#21,,199152219
,22918541#1,,47113636#11,1196926577#3,273211141#4,-151175259#0,395264612#0,,187643891
,257239021#6,,-681031183#0,86867130#0,90636496#4,-397642511#1,759797589#0,,92223188
,-257239012#3,,-47113644#4,92403837,157238666#1,154971367#7,89820776#2,,680781433#2
,27241673,,45663908#3,33637556#0,23443405#0-AddedOffRampEdge,702669087#5,23994706#2,,-680782193#1
,760588360#1-AddedOnRampEdge,,749803802#0,89423678#2,47418248#1,-174022625,198164112,,135175652#2
,680781713,,190898553#5,-51771205#0,583085357,156919890#6,236667129#2,,856631371#6
,-238836842,,-660841900#1,145569102#4,94094885#2,313606688#2,395264624#0,,-680781432#1
,45173876#0,,-1124642414#0,92204266#0,-254327780#0,702669087#6,89820776#1,,1133614450#0
,-350217575#4,,1056876859#1,231879072#0,95396844#2,-168683414#0,-531417291#1,,97671343#4
,353940879#2,,1057198634,51937091#1,33625702,133287968,89929086,,1245764640#1
,45170907,,-60185717#1,92204268#0,682712367#2,-449150695,-196306518,,46151426#3
,46149189,,47981601#2,850032932#0,94094868#1,315539209#4,-200681431,,264298077#4
,355202491#1,,1056874645#0,231876387#0-AddedOffRampEdge,1126127670,1080759181,-89820763,,46151426#5
,-131025959#1,,-1058036871#1,48780823,265176187#3,157058385#0,-199311779#21,,1139252860
,1027009172#0,,136400684#13,-1155226161,95396802,157293029#1,612573410#3,,95274348#0
,257239012#3,,44886286#5,176046283#0,680762193#0,-168663974#0,-199311779#15,,269150842#3
,-44883355#0,,1056405594#0,31887177#0,94094885#4,157058466#2,77100175#1,,172598552#1
,44883354#0,,-303736644#0,181579868#4,94094885#5,-120525569#1,199311779#16,,273211156#7
,-457308034,,-47981623#0,92204277,157292782#2,449598456,89881814#1,,95274384#1
,-23488562#2,,-681031183#2,228056324#2,47418307#1,228076693#1,583741284#5,,-261674288
,285677614#1,,516926840,-184577945,1051315751#2,-162173401#0,91006344#5,,-24061029#7
,-24372990#1,,44886227#5,213738419,368086015#2,151175220#0,89934449#0,,-1245147132
,879498552#5,,-47981604,682703711#1,-273211051,-28063946#1,89881836#2,,680782189#0
,-45172605#0,,-72843607#4,379075311,157214559#0,667865215,43699315#2,,92223190#0
,45172605#0,,271934569,51771205#1,157296638,-449648375,395264611#2,,1031963665#0
,45172806#2,,46876070#2,537438903#2,-31047273#6,1080759180#5,395264617#3,,40969592
,45172805#2,,749803802#10,35216758,95396765#1,184314043#0,-89820745,,215959964#3
,333682052,,47113636#2,92204285#1,751045577#0,-31053660#1,196947991,,46151215#0
,266086974#1,,149986796#2,-254304959,95396765#2,209210746#4,236667129#0,,215959965#0
,257239013#3,,1066886862,33627592,265176670#5,154971171,731838355,,97685711#0
,388577164#1,,462324821#7,89423681#0,94094793#1,162173401#2,-543019008#3,,1245764635#1
,388577159#0,,986505224,264114579#2,243206484#0,151175234#0,-395264610#8,,31046486#2
,680781424,,-151695968#0,174757582#7,381697487#12,-22736451#4,89823539#1,,-680782188#5
,-131025961#1,,-151696093,175994175#0,1126340246,1135574250#3-AddedOffRampEdge,89828155#1,,691145248
,46149194#1,,-151560672#1,-682703707,264448292#1,-151175260#2,199311801#0,,97671337#1
,-46149195,,1057215462#1,156643842#5,95282530#0,-184314051#1,-534412966,,187797935#1
,-609968226,,297026346#0,682420451#5,-89825913#0,-174022681#0,89822302#1,,273211156#9
,-1029279500,,-210903531,181579868#2,-95282564#0,71470206#1,89823555#0,,1085022605#3
,-1029279501,,190527310#0,47982503#0,157214540#2,743671371#0,581742828,,97671366#0
,-22823721#11,,136550113,958539570#3,273211087#1,71470206#9,89881857#1,,40969573
,-680781429#1,,-149986796#1,-175994175#1,273211103#0,71470206#14,542927920#3,,97671343#3
,131025950#0,,1066886864#0,175994177#0,94094815#2,199922052#0,-91686844,,-680781432#2
,23605011,,-1058027400#1,203035385#0,228056321#0,184314048#1,945962606#4,,97685645#1
,131156068,,1056876860#0,175994167,202903722#0,420082429,41972125#0,,95277521
,261514199#0,,-749803802#8,-263941940#0,95396844#0,220549214#0,89822296,,-95274398#3
,-930438154,,-533486486,-263936851#1,228056321#1,-449399206#4,683459298#1,,-95274398#2
,680781420,,1057198635#1,42294756#1,95396840#0,220549209#1,34605308#0,,-492442417#0
,1028619482,,-147297543#1,32122364,-156942563#1,1024125616#1,89822284,,-95274334#0
,319196856#0,,986505223,229875719#1,264451390#0,-667865216#0,89213766#7,,97671424#0
,261514198#0,,1237754025#0,228056328#0,368086828#11,184315502#0,182236082#0,,-92223190#1
,-285664427,,1056876859#0,145569058#2,-153190946,28063951#0,772804655#2,,95274334#1
,285664447,,-47113638#1,92204275,228056321#3,-120528221#1,199311796#3,,1284334995#4
,-149136361#0,,239698986,263865429#1,94094793#0,31336390#4,48390839#0,,-667867164
,-149136361#1,,-749803802#15,254304963#1,1126340245#2,28063951#1,-591365961,,97671451#0
,657938694,,-151696104#1,89423682#2,94094796#2,184293855#7,-89934506#0,,856631371#7
,680781425#1,,151560672#0,92204258#3,-157238666#1,-168663974#2,607060797#1,,680782188#2
,-24372991#4,,1066890910#1,-263881209,46151433#1,151175260#0,91006344#3,,240388169#5
,680781421,,224195459#3,42294744#2,-31047273#1,315539209#7,91686849#4,,-1055857397#0
,1028619480#0,,-44886227#3,874155679#8,265176187#7,152333575#2,395264626#2,,97671474#1
,-24372978#5,,1058027398#0,44887721#2,-583085357,220551734,-89934449#2,,97685645#2
,-24372978#3,,60185717#0,-92204249,1137748894#2,131633159,395264637#2,,97671376#3
,-46149605,,-44886286#2,145569102#8,667863951,-888035089#1,40189499,,-95274349#1
,-46149609,,-190898553#1,263935797#5,35216007#3,1060039307#0,89823567#2,,97671342#0
,44883382,,-1066886863,92204285#2,1051315751#0,172365185#0,-89934443#0,,97685761#0
,44883381#2,,1058297390,341182776,95396849,-397642511#0,-77100175#2,,60659454#0
,46149194#0,,-72843607#2,93325450#2,-680762193#0,209210758#0,395264612#2,,-187797932
,46149196,,568498782,-92403837,368086843,-304727996#0,156938659#12,,-95274349#7
,319196860#1,,533486486,-89423678#2,202903724#0,261326126#0,89825903#8,,196380150#4
,986165964,,-1056405592#1,93470052#1,95396793#1,-517046027#0,34605311#0,,968060908
,810346011#1,,462324821#4,108891397#1,35216007#12,103761129#4,89823568#1,,680788596
,1028619486#0,,-1058027399,874155681#2,160732454#3,-103761129#8,89825903#13,,97685757
,131025971#0,,511201795#0,-92204268#0,-47418307#1,28063947#1,199311801#17,,245069170#1
,46149028#2,,398675574#1,-48780823,368085648#2,-103760979#5,-585279933#1,,4848945#2
,387312971#0,,164774173#0,1244284993,35216007#14,157292846#2,199311796#1,,-1055853354
,269150822,,1057198635#0,682420451#4,438405583#1,172365186,583741284#3,,-229878534
,44955976#4,,-1124642416#1,93470027#0,264109975,156290978#2,199311779#11,,856631371#1
,44955970#2,,-749803802#9,34951691,156938693,367842333#1,395264617#5,,157292833#4
,-332634091#0,,1237755124#1,156643284#5,1051315756#0,151175274#2,-254326640#3,,-680781437#1
,332634091#0,,47113651#0,264114581#0,680760284,-151175274#0,328531813#0,,273211091#2
,-846333253,,47981633#0,22989309#0,682699859,-120528221#0,89822310#0,,23489017#0
,846333253,,-47113632#5,1244284991,1096310481#0,368086015#0,395264622#1,,680782193#2
,170624692#4,,-151696104#0,35216114#2,438405583#3,436182375#0,89822363,,680782193#4
,46148743#1,,47981633#1,-181579868#4,95282564#1,227454631#1,-254326640#2,,968060906#0
,-332634091#1,,151560697,51937091#2,1096310475#0,174022674#4,89822310#2,,-1133614450#1
,199152231,,1237754031,33625073#1,368086844#1,392943665#4,175252040#2,,1085022607
,22823721#10,,681031183#1,-92204277,429875583#1,-449490580#3,89881820#2,,667962682#0
,-22823721#9,,728136201#2,93325433#0,667863953#1,-220549209#0,32358841#4,,355240125#0
,238836842,,-149986654,379075282,368086832#7,-162173391#1,44776176#0,,-119569977
,1029277426,,1057215447,682699857#2,1055855103#1,396771658,683459397#0,,92223190#2
,-24372991#0,,47113650,-682699857#8,47418248#4,449602006,89823558,,968060912#0
,23488564#1,,199783476,181579922,94094796#7,-103760987,-31050856#11,,273211096#0
,131156057#2,,47111170#0,51937094#0,157214540#0,153792687,-89828180,,97671376#1
,44838841#1,,297026342#1,264070491#1,368086832#3,-22562396#1,231439977#1,,-245069170#4
,1241966322,,796894966#1,874155679#4,273211128#0,168663958#0,89934445#4,,-245069170#6
,24053248#0,,-149986724,408269726#3,21910839#2,199922052#1,89825903#0,,1284334995#3
,-24372990#0,,-47113630#1,47982503#1,1196930229,-184315507#1,89934489#0,,97671387#0
,-46149604#1,,-398675574#0,874155681#0,-401195404,-220552213,-683458162#5,,24061029#0
,-930964332#1,,-1057215464,231876387#0,-395264611#1,151175223#1,-231524291#1,,968060905#2
,135195085#2,,1066890912#1,263881207,-273211103#0,-667865207#0,577500018#2,,240392355#2
,39629447#2,,-44886288#2,-181579868#3,31047273#5,-31046060#1,-395264612#1,,97671474#0
,36688988#0,,-148940705#3,42294744#4,157292823#3,-368084601#1,89213766#0,,-492442417#2
,396771661#2,,-190898553#0,89043373#5,273211141#0,71470206#4,-89939071,,968060905#0
,350217575#1,,-224195459#0,23260750,1244504475#2,368084608#1,199311779#2,,178988161#7
,-171300272#1,,-47981626,264017278#0,-680762194,133434897,-89820776#1,,74314562#3
,131156025#2,,136400684#12,262051128#1,156942563#0,184314056#1,89041314#1,,54786433#0
,-682459916,,1056405592#0,263955768#0,95396756#1,184315505#0,-199311779#18,,856631371#9
,304727992,,1124642416#0,93325450#0,727402397#0,1024125612,227968022#0,,40969574
,-45172800,,44885611#2,92403802#0,35216007#8,313606688#1,89881857#0,,69963033#3
,44883380#2,,1296331246#0,-175994167,682712370#0,31096771,395264639#4,,40969591#1
,44883383,,47113624#1,41818364#2,1126340243#0,-22562407#9,89822307#2,,1031963663#6
,1028258371,,-1066886859#0,44887720#3,90636496#3,261326133#0,89934458#0,,97671423#1
,45172804#4,,511201795#1,47982496#1,49680676#0,365814436#0,-89934449#0,,95274307#0
,46149604#2,,-579776871,203035385#1,94094852#0,436182375#8,-89881836#2,,23488890#1
,44883381#3,,151801148#1,874155676#2,667863961,392090724#2,89828176#3,,1031963663#5
,131025954#3,,1124642414#1,-263865429#2,682712366#0,22562403#2,683453782#0,,98247389
,1028689293,,-749803802#3,92204258#2,-46151433#1,120525547#0,395264623#3,,97671441
,717183322,,151801165#0,-89423678#1,95396765#4,449399206#13,-254326640#1,,97671397#4
,-1028619482,,149986796#0,-93470047,33625902#2,615528182#1,89213766#2,,92223213#2
,22823721#0,,47113636#12,263941940#1,368086844#0,162173400#0,1047436418#0,,69963030
,-1028258371,,151695968#1,93325426#1,1031963659,392092819#3,77100164#3,,1284334995#6
,-46149196,,1058036877#1,327521905,265176189,151175271#1,-597169249,,46151739#7
,46149028#0,,-164774173#1,682703711#3,31047273#2,304727995#0,561014429,,46151739#10
,39629447#0,,-151560672#2,254304965,492041977#1,-672919572,231439988#2,,74314557#2
,680781717,,-151560757#1,176046423,314205670#3,392940747#3,33549841#0,,273211156#8
,131025950#1,,136400683#0,145569058#5,368086832#10,304727916#0,395264621#0,,-187797935#1
,-131025954#2,,47113642#3,682699856,265176676,392943690#8,738893122#3,,97671339#2
,-23704735,,44885989,-175994173#0,95396823#0,367848147#4,27916859#25,,355240125#3
,-131025963#0,,-44886285#1,41520004#1,90636496#6,162173421#2,89046669#4,,40969575
,44838841#0,,136400684#15,181579868#8,368086832#1,-367842334#0,22720676#2,,157296623#0
,-46149604#2,,151560714#1,682703711#4,-667863958,-319196849#5,595117873#0,,680782196
,44955796#1,,-47113636#11,47982503#2,156938703#4,-387345131#0,683459297,,-46151739#4
,220547267#2,,1058036878#2,263935797#3,667863959#0,1135574250#1,89929074#3,,95274349#9
,220547267#1,,-190898553#5,537438903#0,33621329,678687042#1,-89825914#6,,355240125#4
,-257240781,,462324820#2,156643842#0,156938703#1,-157058385#1,-231439988#1,,968060906#1
,257240781,,462324823#0,-263935797#6,1096310485#0,-227454631#0,-608531036,,69963040#0
,149851229#2,,151560714#0,682699858#0,682712369#2,157058382#0,-22720676#10,,240392347#1
,31283076#1,,-44886287#1,-31624134#3,264109976,-261326133#1,311890257,,-95274334#1
,257239021#1,,136400684#0,263865429#0,95396785#2,-152333598#3,-683458162#2,,264298077#3
,1015165917,,796894966#4,-34951880#2,450523569,-172365185#1,91006341#3,,680782194
,1015165917-AddedOffRampEdge,,-44886227#1,-263956788#3,-851839123,162173400#2,533092484,,-1245147133
,680781430#0,,41529971#0,958539560#0,90795029,151175222#9,683457657#0,,157292833#11
,-44883384#1,,-44886286#6,-22989309#1,273211048#2,1028570796#1,-89939069,,97671397#0
,44883384#1,,190527312#0,657500679,228056324#7,151175222#3,231439988#0,,97671428
,23488560#0,,462324820#4,51937092#0,33640827#3,312195000#4,542927920#2,,1031976629#6
,24372978#1,,148940705#0,-34951866,90636496#1,174022632#3,-395264612#5,,857738561
,-44838840,,579799544,175994173#1,94094830#1,151175223#3,395264640#0,,97671342#1
,1028241263,,1058036876#0,-93325433#0,89825912#0,313606688#6,89929074#0,,196380148#0
,131025931#1,,1066890912#0,181579868#0,94094801#0,157058384#0,395264628#4,,24061029#5
,-350217575#1,,-44886227#6,228056324#0,681548222,-156919890#7,91689528#0,,4848945#1
,355202492#1,,44885597#2-AddedOnRampEdge,254304969#0,94094793#2,184315497#4,91689528#2,,92223213#4
,304727991#1,,1057215461,51771205#0,-94094819#1,71470206#3,683458164#5,,538982924#0
,31237829#0,,47111169#1,-89423681#1,682261294,22730774#2,736550490#3,,46151739#3
,27241669#1,,46876069#2,93325450#0-AddedOffRampEdge,772804652#0,22736181#1,395264607#0,,46151739#1
,171300274,,1058029001#0,41818365,368086832#0,667865217#1,91689528#6,,95274349#3
,-1027009172#1,,190521610#1,264021277#0,157293003#2,22736446#0,89823567#4,,46151426#4
,131156067#1,,-749803802#10,682420451#3,38790699#0,-151175242#0,-34605308#0,,97685639
,257357824,,660841900#0,264017276#1,-273211128#1,152333576#1,-89822284,,-245069170#1
,31237872,,365706946#1,-231665609,95282554,136506337#6,744419622#2,,820180323
,100102320,,-386246056,23260642#0,264448292#3,1057054850#3,98883477#0,,856631371#10
,173954117,,297026345#0,1155226161,157292793,133434827,89823567#3,,-680782188#0
,173954130#1,,47981601#0,41519621#0,94094885#3,-133288284#7,-48390839#0,,-74314563
,-332634094#2,,-986505224,874155679#0,33625902#0,151175259#2,265221586#0,,97671431
,1166015104#0-AddedOnRampEdge,,72843608,90636489,1051315753#0,22736181#3,-89934432,,179260411#0
,285454834#1-AddedOnRampEdge,,-1056876861,682699851#1,31046910,31096712#2,89934489#2,,1245989823
,45173876#1,,644730737,-379075316,95396785#0,-449598456,89041314#9,,1055857397#1
,24372991#0,,-1057215462#1,93325426#0,-95396776#0,-228076693#1,772804654#0,,74314555#0
,31283064#1,,-297026346#1,34951786#1,95396756#3,372741506#0,89825903#20,,95274385#0
,1268288171,,-136550113,231876388#0,35216007#5,372741501#1,-231439973,,273211057#0
,45177385#0,,1058297391,-92403802#1,314205670#0,-162173388,199311785,,273211091#7
,-863546409#0,,149986655#1,51937092#1,492041977#0,168663959#1,579331697#0,,-680782193#4
,297648255#1,,47113630#3,-92403802#0,43100779#0,184314048#0,23994706#7,,-689924124#4
,779874419#1,,47981623#0,-219973540#1,839784838#1,-162173401#2,89934445#2,,-968060906#0
,-45172606#1,,1056876859#3,24989806#0,1051315756#1,-120525586,-395264612#3,,24061029#10
,-44883353#1,,-47114116#1,993372630,-90795036#4,517046027#2,182234686#27,,-968060907#2
,100226635,,149986797#0,34951714#1,667863952,-22736450#0,89820753#0,,856631371#15
,209224915,,72843607#4,33640827#1,264448651#2,-71470206#9,89823533,,680788589#0
,-44884664#0,,-1057198635#1,35216114#3,157293040,-162173401#3,395264617#0,,97685693#3
,304919605#2,,-986505223,55063538,-265176189,-199922052#0,-196947998,,60659454#1
,-24372978#0,,1056408300#0,682699858#1,817790410,-71470206#14,89828166,,97685712#3
,24372978#0,,462324821#0,-263941940#1,35216007#9,702669087#3,175252040#4,,97671461#1
,820360609#1,,151801157#0,35216848#3,157293003#0,120525525#1,-395264617#6,,74314549#1
,805227609,,35956071,682703707,-667863960,154971367#4,-89822310#0,,23488886#2
,257357821#3,,-151560672#0,145569102#2,94094793#4,-22375367,90835548#3,,135175652#3
,257357821#4,,151695968#0,-327521905,-265176676,151175267#3,581742830#2,,-97685741
,-44883381#2,,-47981602#1,92403859#1,95396843#0,220548975#0,89881836#1,,680781433#0
,44883381#1,,1056405591,958539563#3,94094793#3,168664008#2,89046648#0,,172598552#2
,680781422,,-44886289,-682699856,89825913#1,-220548969#1,89825903#16,,355240125#2
,-1029277426,,-47113632#3,-181579868#9,368086828#9,95396810,577500018#1,,538982926#1
,387312970#1,,1124642416#2,175994175#1,153190946,420083581#3,-32358841#6,,893375978#0
,743545404#0,,-47113657,44887721#1,438405583#4,28063954,27916859#14,,-40969574
,46149611#1,,-224195459#3,33637414,368086830#0,1287664259,-89823558,,240392355#1
,548903448#1,,796894968,-263935798#3,31047009#2,-157238663,89822302#2,,-820178850
,44956025#1,,1110807852,264021277#2,273211073#6,154971367#3,585469371#0,,-97671331#0
,-22823721#1,,149986796#1,-537438903#1,31047273#0,667865208,254327781#8,,179260411#6
,101134277#1,,-189790242#1,263941940#0,95396765#0,407109951#0,-231439977#1,,680782193#1
,257357822#4,,1058027400#0,264021710,,120525563#1,89934460#2,,69963040#1
,429714228,,1066886859#1,264017864#1,,120525537#3,577500018#0,,680781432#1
,-297648255#1,,749803802#7,228056330#0,,-31096752#2,89934445#0,,636502358#3
,149851229#3,,-151561487,327402833#0,,397642511#6,34605313#0,,97671452#1
,46149190#2,,1057198632#1,-181579868#6,,220552217#0,-89828187,,-46151739#8
,335539645#1,,44885796#1,86867130#1,,-174022665,586176997#0,,1245764639
,-131025950#3,,462324823#1,41519891#0,,315539209#2,-231439977#0,,97671397#7
,131025950#3,,-511201795#0,-34951880#3,,1135574250#3,48390839#1,,690601667#2
,131156051#1,,41529971#0-AddedOffRampEdge,254306532,,667865207#2,587259249#0,,23488891#0
,319196852,,147297543#1,682703706,,1024125616#0,-89934511#4,,23488888#2
,173954134,,4857840#0,1137751238,,1057054851,-199311779#2,,97671339#1
,1028244193,,47111169#3,32122466,,-184315507#2,89934428#1,,667962678#1
,209210749#1,,-164774173#0,31887177#2,,-261326126#1,587119225#1,,97685742#4
,44883355#0,,-1057198635#0,1244284992,,151175266#0,89881824#2,,97671387#6
,-44883354#0,,-47981633#0,42294745#0,,50877021#5,587259249#1,,269150811#3
,24060330,,46876070#0,128715173,,436182375#4,236667144,,893375978#4
,44838405#2,,44886227#2,31050815#1,,152333593,34605308#1,,97685761#1
,149136361#0,,44886286#2,-34951880#1,,-367842333#1,77100164#0,,157292833#10
,-44883384#0,,190898553#1,46983934#1,,-162173400#3,199311779#4,,95274372#2
,-45172605#1,,47113638#0,145569058#6,,-133288284#1,89822277,,97671476#4
,30842114#1,,1237754027#0,51771534,,-162173401#1,89820776#0,,-355240125#3
,-22823722#1,,72843613#1,27085148#0,,168663984,37672006#12,,178988161#4
,-22823721#4,,-681031183#1,31050815#0,,172365194#0,395264626#8,,240388168#3
,-562112859#0,,164774171,264069678,,-120525537#2,-231439988#2,,97671376#6
,1028258372,,148940706#0,-34951786#0,,162173387#1,89934460#0,,48037790#1
,388577163#0,,579776240#0,263865427,,22736181#0,-22720676#3,,95274385#10
,-31237829#1,,44886286#3,753523080#0,,-397642511#9,531417291#2,,97671394#1
,680781718,,-47113650,145569102#0,,517046814#5,-595117873#1,,95274385#7
,355202500,,-199783476,264448295#4,,-220549214#1,89929074#1,,24061029#7
,670065088#1,,1058027399,139506059#2,,-449602006,-683459297,,95274397#0
,257357822#3,,-47981647#1,-128715078#2,,151175244#0,-89934443#1,,-95274339#0
,170624721#2,,386246054#0,355080033,,392943690#2,89820774#1,,240388168#0
,391633688#1,,1056878773#0,-34951786#1,,-22562407#11,-311890257,,1245764637
,391633688#0,,-1066890912#1,128715160,,152333600#1,37672006#8,,97671327#1
,-131025971#0,,-136400684#12,24989745#1,,209210758#2,34605309#0,,245069170#5
,46149185,,71367237,682699857#4,,-22736451#2,-91006341#3,,97671355#1
,548903448#0,,-1056405592#0,92204258#1,,-392091746,-533092484,,968060909
,23704735,,59584804#2,203035364,,449585989#0,-683457657#1,,269150842#1
,44956025#0,,151801157#1,263881203#0,,517046814#7,89881854#4,,-680782188#9
,743545404#2,,44885597#7,228056329#0,,-220548976#1,597967648,,-378284518#0
,198900395#0,,47113636#14,139506059#7,,368084608#2,395264619#0,,92223213#0
,-36688988#1,,-190527310#1,-993372630,,-151175253#0,77100166#2,,23489017#1
,45172804#0,,-151560714#2,-537438903#3,,315539209#0,200681431,,342481198#2
,-257239012#0,,-47113644#1,35216848#0,,-133434897,-796186459,,178988162#7
,257239012#0,,1058036878#1,-231779274,,-184315508#0,89934445#1,,60659451
,131156059#0,,149986654,22730620#1,,-184314056#1,199311779#14,,198900384#3
,-44838842#0,,-189790242#0,33625073#3,,151175267#0,-89831417#0,,1031976632#0
,457308034,,-1229651927#1,41818364#0,,22736449#2,89823539#0,,97671476#0
,257239021#3,,1056405594#2,32122426#0,,95396809#1,89041314#5,,690601667#0
,23488560#1,,-1057198632#0,264019964,,199152198#0,-91689528#0,,1031976632#3
,23488561#3,,724540987#0,-264017864#1,,31336390#3,98883477#7,,680781432#2
,-44883382,,136400684#11,264448295#7,,136506337#4,254327781#0,,92223210
,-173954130#1,,47114118,254304963#0,,27904494,89825900#0,,-46151739#3
,667867185,,-47113636#12,42294744#1,,172365189#0,-91689528#4,,95274398#3
,-466032171,,-151695968#1,145569102#1,,-120525547#0,-736550490#3,,-46151739#1
,-1027009174,,398675574#0,51933193#0,,157293029#0,89934434#1,,525293040
,-149136360#1,,1057215452,34951863,,95396820#2,-583258515#0,,-97685639
,-44883354#1,,-47113624#2,41818367#4,,367359810,-581537565,,492442417#0
,667959152#0,,-136400684#4,139504332#3,,103761129#1,99508337#0,,95274398#2
,-131025950#2,,-44886287#0,379075338#0,,22736449#1,-265221586#1,,97671449#2
,-296690015,,224195459#0,89423678#0,,22730774#6,199311801#19,,95274349#4
,-131025941#3,,151560757#0,93470047,,184293855#0,581742830#0,,95274334#0
,269150833#0,,-136400683#1,27085148#3,,273211100#1,48390814,,92223190#1
,131025957#3,,-47113642#4,34951755#0,,174022633#0,332630470,,97671451#1
,332634091#6,,44885797#0,175994173#0,,-304727916#0,89820745,,97671455#1
,350217575#4,,-1058027400#3,41818364#1,,-367848147#4,591738594#1,,-355238450#0
,242897859,,680260861,-682703706,,-162173421#2,543019008#3,,95274308#2
,580847356,,-136400684#16,56255801,,103761128#0,395264610#8,,152413923#3
,24372978#5,,1056874653#2,93325453#0,,54786435,534412966,,95274345#1
,46149193#1,,-136400684#14,92204278#0,,367848146,182236082#2,,4848943#1
,355202490#1,,-190527312#2,33625073#6,,168663958#1,182236082#1,,-1055857397#1
,930964332#2,,-44886288#1,263935794#1,,-1024125608#0,92034773#0,,245069170#0
,1028619481#0,,-190898553#3,44887720#2,,152333575#3,395264612#8,,-273211057#0
,332634091#1,,749803802#2,35216114#1,,-387345131#1,438137502#0,,23488888#3
,170624716#1,,60185722#0,682712369#5,,30955568#0,-89828166,,97671486#1
,682462417,,-297026350,24989745#0,,220551730#0,89881845#1,,178899418#2
,170624721#0,,-47113636#15,31624134#1,,209210760#1,-1024849140,,-24061029#10
,332634092#0,,47113636#9,93325429,,95396760,77100164#8,,636502358#1
,548938581#2,,-136400684#0,34951880#2,,31035595,395264627,,269150837#0
,285677617#2,,47981601#8,-263935798#0,,-174022632#3,-91686853#0,,97671372
,46149025,,164774173#1,263956788#2,,120525515#2,89934509#2,,680782189#1
,261514199#1,,47113620#0,263935797#0,,184293865#3,89831417#3,,1113105796#0
,-680781425#3,,-47114116#3,-263865427,,1057052866#1,-89881836#1,,-23488886#4
,4853035#3,,-190527312#0,93325453#1,,392090724#9,89934518#0,,23488886#0
,-23488560#0,,151560757#1,-1298032332#0,,746533316,37672006#14,,97671387#2
,209210748,,-148940705#1,537438903#7,,-220548969#0,796186458,,95274349#7
,19922760,,44885598#0,-175987706#0,,168663971#1,254327781#7,,-95274380
,-23704733#0,,44886285#0,34951866,,157058384#2,683455644#1,,269150813#1
,562112859#1,,-1066890912#0,175987706#1,,168683414#3,91006341#4,,-46151739#6
,-220547267#2,,-313310947#1,139506059#5,,184314051#2,683457667#0,,1055853354
,-45172805#2,,-47113651#1,-128715078#1,,397642511#3,89934449#2,,229878534
,682476161,,-47111169#2,-355080033,,-28063946#0,89934518#2,,1031963663#2
,220547267#3,,-1058029001#0,-93325433#1,,103761129#0,37672006#11,,157292833#5
,-285664431#1,,-190521610#2,262051128#0,,103760983#0,503056678#1,,273211096#1
,-131110319#0,,44886287#1,41818366,,156919890#4,579331694#1,,1069975920#0
,-131110355,,-297026345#1,1057181619#0,,162173421#1,34605311#1,,178988161#5
,332634092#1,,-47981601#1,33640827#2,,22562407#4,595262922#0,,97685621#0
,319196856#1,,-72843608,264448295#8,,-969494638#1,89881837#2,,856631371#4
,131110319#0,,-644730737,408104677#0,,27904509#2,395264620#3,,680781437#0
,257357818#1,,44886227#1,-161966885,,-31050180#0,98883477#3,,95274397#1
,173954139,,-47113630#4,-503056675,,392940747#2,395264636#0,,-187797933
,388577166#2,,1296331245#3,254326654#2,,228090233#1,92034773#5,,178988162#9
,-332634094#1,,164774173#3,89219856#0,,372741502#2,89823567#0,,97671338#1
,131025959#0,,151801165#1,24024043#0,,151175223#2,196306517,,157292833#1
,23488564#0,,4857841,254326632#6,,-184314048#0,260425576#1,,157292833#8
,46149610#1,,-1057215462#0,-264459821#1,,266525189,585279933#1,,178989944#0
,-131025931#1,,-47113630#3,866351232#2,,319196849#6,23994704#0,,95274354#1
,131156023#1,,796894969#2,280266451#4,,220549212#3,589240680,,264298077#5
,-22918541#4,,1058036879#8,34950844#1,,449399206#5,89831415#1,,1245764640#0
,23488568#0,,-149986797#1,956159245#0,,667865205#6,90835548#1,,58704022#1
,257357818#0,,749803802#4,33118878,,76187048#0,-48390839#1,,198900392#1
,680781715,,-1056408300#0,89418354#3,,-151175266#2,89041314#11,,119569977
,46149187,,-147259688,24024042#1,,151175259#0,-543019008#2,,97671476#3
,388577166#6,,1124642414#4,32812356#2,,-133288284#6,955942947,,245069170#4
,-350217576#0,,1194311027#0,-24060958#2,,397642511#1,89831415#2,,-288444984
,350217576#0,,462324820#7,23260462#0,,-151175267#3,-34605308#1,,97685693#4
,-131025941#1,,231449996,572864358#1,,-220548975#0,254326640#2,,245069170#6
,131025950#4,,47981601#4,149415581#0,,168683423#1,89820774#0,,1245764636#4
,1126633898,,1056876861,-89418364#1,,372741506#3,175252040#0,,1031976629#1
,45172805#1,,-1056405591,-162324884,,-168664008#2,-533092485#0,,4848927
,1166015104#2,,681031181#1,-89430672,,667865213,-199311779#5,,97671424#1
,-680781421,,-47113636#0,46982284#1,,151175254#1,-533092495,,-97671353
,-100102319#2,,-164774173#5,181579907,,969494639#1,33549841#1,,492442417#2
,100102319#2,,-1066886859#1,77100164#10,,-667865208,265225085#2,,97671339#0
,285664494#0,,47114116#1,-75259451#12,,-397642511#7,-395264610#6,,1245989824#1
,44838405#1,,-1057198632#1,89419994,,174022652,381697487#1,,1245989818#1
,-220547267#0,,432603494#0,89420432#1,,-667865207#2,37672006#0,,1105285859#0
,257357802#1,,47981647#0,544270675#1,,151175272#0,22720676#6,,74314549#2
,-131025950#1,,-71367225#0,254326644#1,,30955568#3,89828180,,31046486#1
,131025954#2,,-47111169#4,570457257#1,,168664005#1,31050856#7,,97671461#4
,1028241264,,72843607#3,254326652#1,,407109951#1,-395264626#9,,95274307#1
,333682045,,72843611#0,89419990#4,,-220549213,156938659#7,,-245069170#5
,209210739#0,,164774174#0,32812366#1,,-319196849#2,683458162#3,,-355239976#1
,-23488561#0,,-796894969#1,24060958#13,,-22736450#1,231524291#1,,1279121054#0-AddedOnRampEdge
,238836841,,46876069#4,178757958#1,,-151175266#0,835269971,,97685747#0
,24372978#2,,313310947#2,-469105032,,436182375#9,395264620#4,,680781434#0
,1123711307,,-47981636#1,33549498#3,,154971367#1,872286905#2,,-60659451
,645224082#1,,-1066886864#1,34950728#2,,228090241,-395264626#1,,-97685670
,-680781430#0,,47981602#1,552131809#0,,133434896#2,193618810#2,,273211091#1
,-1028258366,,44886289,34949380#3,,157058447,23994706#1,,46151426#0
,209210756#0,,47113632#3,75259453#2,,174022712#1,91686849#2,,95274362#2
,-23488560#1,,47113657,-264459846,,151175261,-91689528#1,,215959965#1
,376499341#0,,47113642#1,1177605680#2,,-184314056#0,199311779#13,,95274385#1
,-238836841,,-47981657#1,277789325#5,,449648375,381697487#6,,538982926#3
,-580847350#1,,-120456303,34951010#0,,157292846#5,89939071,,97685612
,-1029279502#0,,-47113638#0,437261899,,95396820#1,925874568#1,,-680782197#1
,-261514199#1,,147297543#0,34949380#0,,31053660#1,-265225082,,1055857393#1
,267301957#0,,-164774171,199311797#3,,103760989#2,582894155#0,,157292833#9
,267301957#1,,151561487,682693826,,22736451#4,44776176#14,,273211042#0
,-680781715,,-148940706#1,463284094#3,,-168663984,-705001281,,46151739#4
,-680781716,,-302028394#1,-265221588,,-152333598#0,1013426567,,-95274349#4
,149136360#1,,-44886286#3,446324983,,27727759#2,89881820#1,,-97671411#2
,131110319#1,,-680260860,543054885#3,,151175260#2,89825903#12,,157292833#13
,820360604,,-796894969#0,-89417153,,436182375#6,156938659#8,,680781439
,4848752,,72843619,653297991,,30998350#1,89828151#0,,178988161#3
,44838842#0,,1056876862,55686081#0,,228090248#0,-231439986#0,,198900392#3
,-46148744,,47114116#0,458842531#3,,-157058387#1,-254327781#2,,97671376#4
,27242540,,196629668#1,580672559#0,,392092819#0,89046669#7,,1245764633#3
,998621641,,680497649,89420431#0,,22736446#4,533092485#1,,-1177591509
,-45172807#0,,296443891#0,-47127860#1,,-151175266#3,579331698#1,,1279121054#0
,44884105#2,,208649512#0,199311794#2,,1080759180#4,-89881836#3,,1245147133
,131025961#0,,1021561144#0,458283475#8,,392943665#3,231211075,,1069975921
,24803926#1,,-59525014,254326632#3,,31336390#1,254326640#0,,-245069170#0
,746064104#1,,-46655820#1,43550983#1,,-228076708#0,683458161#0,,601322290
,44955970#3,,57478195#0,141597714,,-120528162,23363176#0,,636502357#2
,45172804#2,,-401190982,55686195#2,,-133434826,-314205672#7,,1055857395#1
,23488562#1,,46655809#0,591488198#0,,133287965#3,438137502#3,,97671397#1
,131156053#1,,680508518#0,75259453#3,,315539210#3,89820771,,680760292#1
,820214409,,-46655815#1,33050418#1,,-71488894,597169249,,680782193#0
,486067307,,261324420,1133878589#3,,392088983#0,-89939060,,-23488886#1
,46149609,,-46655814,89430684#0,,95396795#0,-23995046,,1070720653#3
,388577160,,46655816,-89430681#0,,95396764#0,89041314#13,,342481197#0
,44883354#1,,46655813#5,-91848892,,-184250112#1,91730193,,97671461#3
,1268288169,,1021561409,89240073#3,,30954498#1,89825914#5,,1105285856
,269150824,,1021555392,32812349#1,,209210746#3,231439988#1,,-95274398#1
,-131025954#0,,154458448#4,-91854853#1,,682462419#1,608531036,,97685712#1
,131025969#0,,744698554#6,41519033#1,,-449585989#0,43699315#5,,97685696
,332634091#2,,59584806#0,24024045#8,,667865207#3,22720676#9,,680782188#0
,930964332#0,,72157141,459618758,,220552212#0,683458162#1,,97685711#1
,-46149615#1,,1021561146,85568120#3,,517046027#0,553054644#0,,97671376#10
,23990056#1,,-680497679#1,264459819#0,,-103760979#1,156938659#13,,74314563
,46149605,,-71500770,-95399107#1,,103761129#7,89831417#1,,1031976626#0
,-23704726#0,,1024102265#0,32812345#1,,154971367#5,-199311779#1,,135175650
,-44838841#2,,185216953,47072152#0,,151175222#7,89939069,,378279497
,23488561#2,,-401190994,580672560,,-365818022,925874568#3,,-355238450#1
,46149022#1,,792190865#3,265271590#3,,174022682#1,-92034773#4,,95277522#0
,987136270,,46655813#6,-47072155,,156919890#2,-231524291#3,,97671455#2
,987135428,,1063455943#2,-24060958#1,,-367848147#1,260425576#11,,1245764633#1
,-1165717964#0,,-71502410#0,175403789,,-22736444#0,-561014433,,196380131
,-297648257#0,,-1024100274,665999473,,-162173391#0,-395264612#10,,97685645#0
,987135431,,46655813#2,545973314,,31096719#0,395264612#4,,178988161#0
,746064104#0,,72002813#1,89219857,,168663972#3,145581936#2,,4848945#0
,131156093,,-157366923#3,328531825#0,,-103761129#1,89934458#1,,689924124#4
,174022683#1-AddedOffRampEdge,,46655808,587067865#0,,-184315508#1,228056331,,968060907#0
,174022683#2,,296443882,-89419986#0,,392940747#1,-231524291#2,,680782193#3
,131156025#1,,45701220#0,584343267#3,,419753739#1,199311801#7,,273211091#9
,-36688988#2,,-56016102#1,365354843,,168683423#4,-89831417#3,,856631371#3
,-45172803#0,,70330617#0,72463458#2,,220549209#0,89823564#2,,273211091#8
,149136359,,-185216958,24024045#11,,-120525537#7,77100164#5,,198900396#2
,45174083#0,,-871138580#0,91017767#0,,103760987,32358841#2,,95274378
,45174083#1,,262334436#0,-24024046#0,,436182375#1,395264608,,97671386#0
,24821259#0,,46655820#2,301494972#1,,120528204#1,89934432,,97685741
,388577164#0,,99702590,220470668#2,,-30955568#2,-254327781#7,,240388168#2
,-220547267#3,,196629668#0,89419987#1,,-220551730#0,1024849141,,27695601#0
,23350417#1,,185217013#0,24989774#2,,-151175260#1,-91006341#4,,97671366#1
,-45172803#2,,1057083595#2,26322270#0,,184315507#1,743780246#1,,198900384#1
,1117138479#0-AddedOffRampEdge,,1021555391,254326654#5,,168663974#3,156938659#0,,198900384#8
,1268123631,,-57362799#1,-328531782#2,,220552213,-503056678#1,,-1105285859#1
,27241672,,196629586#1,190730289#4,,136506337#5,166180318,,273211113
,680781428#3,,-46655816,328531802#2,,31046060#1,231439973,,97671331#0
,31283064#3,,-46655813#3,75259451#2,,168663972#2,89828174#0,,856631371#5
,577567019,,-46655813#5,32812321,,228090251#1,89934460#1,,-355240125#5
,492432411#1,,-46655490#0,91854817,,-22736451#0,872286905#0,,178988162#4
,22823718#0,,71500768,-264459825#2,,184293866#2,38790522,,538982925#2
,680781430#1,,210903524#0,581953131#0,,22562407#8,27916859#18,,680760292#2
,131156049#3,,-45701220#2,75259451#4,,969494640,-91006341#2,,95274372#1
,335539644#0,,46771119#3,463284093#0,,103760989#0,395264607#2,,46151739#8
,1028619480#2,,680497677,41519033#3,,-220548975#1,-22720676#5,,1139284719#1
,44883357#0,,59585493#2-AddedOnRampEdge,517921702#0,,1080759176#9,395264629#0,,95274385#5
,-44883381#1,,46771119#0,254326637#2,,-367842332,-92034773#6,,676291217#0
,-23704726#1,,71500772,1021405848,,-103761129#0,89825903#25,,187797935#0
,23704726#0,,-46655813#6,562912001#2,,168664008#3,395264640#5,,1245764638#1
,22823722#0,,-56016112#3,265271589,,517046027#1,-395264626#5,,-680782188#6
,680781712,,46655813#1,86867128#0,,-120525530#0,196947998,,74314558#1
,36688988#1,,56016110#0,34951246,,103760979#7,89929074#2,,198900384#5
,36688988#2,,-46655813#2,170598722#1,,392090724#10,237393906#0-AddedOnRampEdge,,-680781434#0
,-44883380#2,,792190864,-89417144#0,,-31053667,89881815#0,,-24061029#9
,45173867,,-46655808,-1133878592#1,,-151175269#0,587119225#0,,97685761#2
,45172606#0,,1057080943,72463512#1,,-151175242#1,89881837#1,,-23488887#1
,46149022#0,,680497644#0,81606324#3,,-195531443#2,-314205672#3,,97685747#1
,24372978#3,,-296443882,34949380#1,,-22562396#0,260425576#6,,203301442
,297648257#0,,-45701220#1,89206670,,672919572,89213766#10,,40969591#0
,-297648257#1,,1021555395,-34950844#1,,-228076693#0,34605309#1,,46151427#0
,24372990#1,,-1196019587#1,34951010#2,,-220549212#3,-583258514,,1031963665#1
,-44883380#1,,-57015985#3,516537246,,368085648#0,-265225085#2,,820180321
,44883380#1,,-1196019588,89430682#2,,387345131#0,89823547#1,,-1055857393#1
,131025929#2,,-1021561140,24024043#3,,-449399206#7,145581936#0,,1245764635#0
,304919603#0,,56016110#5,328531802#8,,-103760979#6,580443871#2,,97671426#3
,333682042#2,,72374661,-33118878,,157058385#1,92028365#0,,97671343#2
,-46149194#0,,56016125#3,149415593#2,,667865216#2,-89934511#3,,273211041
,-23704749#1,,208649503#2,531013210#0,,261326133#1,27916859#19,,97671385
,135195086,,154522201,280266451#1,,22736448#1,89825910#3,,95274354#0
,39629447#4,,388577154#0,-23260462#0,,157058379#3,-91689533,,264298077#2
,171300278#1,,750339758#4,89828152#1,,151175247#1,-22720676#7,,198900396#3
,1265766814#0,,793657045#1,570457257#2,,133230931#2,199311801#3,,240392347#2
,209215786#2,,162521831#1,62361251,,220551732,89825903#6,,97671387#5
,22823716#0,,46655817,217860244,,-449490580#1,236667129#11,,-680782188#7
,31283064#2,,-185217013#0,89418356#1,,-31096752#0,89934514,,97671376#9
,332634092#2,,46771116#1,81606325#0,,1024125607#2,32389616#0,,157292833#14
,1028244194,,1057083594#0,-866351232#0,,-31053515#0,89881857#2,,97671461#0
,682462418,,-56016125#1,55686075#0,,133287965#2,543019007#1,,-172598552#0
,387312971#1,,59525014,-89420432#1,,120525525#0,395264631#0,,680782188#9
,23704726#1,,46655820#1,-776857042,,30955660#0,47416766,,378284518#0
,22918541#5,,-1021551457,33627869,,95396813,89828187,,97671376#11
,1165717964#0,,-1024102263#1,543023530#1,,220552212#1,-199311779#13,,-601322290
,266086958,,401190983,33640794#10,,157296628#3,724402164#3,,178989944#3
,405795839,,-679653112,-570457257#1,,-151175272#0,91006344#2,,178988162#6
,1268288167,,680497679#0,228056327#0,,425640363,231439977#0,,58704022#4
,44884663#0,,208649499#2,190730289#0,,-162173424#1,683455643#1,,-680782193#0
,568498789,,72002813#2-AddedOnRampEdge,32812366#4,,-407109951#1,89934511#4,,240388169#2
,511081977#0,,208649503#1,32130055#0,,154971367#8,-198164114,,97671386#1
,24821259#1,,46655812#2-AddedOnRampEdge,460851984#6,,151175242#0,182234686#10,,95274374#0
,-24372996#1,,-46655813#1,33050410#0,,31050180#1,182234686#17,,97685711#3
,-667867184,,145988606#2,33118881#1,,95396831,591738594#0,,95274348#1
,46149610#2,,46655819#2,1104675206,,-151175237,89934428#0,,97685742#3
,-1028619483,,1063455941,562912001#1,,168664005#0,-618273211,,242897855
,1028619496#2,,57741626,254326626#1,,199297129,738893122#0,,97671396#0
,22823721#2,,-56016157,464000322#1,,31047306#1,-533092485#1,,95274385#4
,171300277#1,,46771119#4,48391175#0,,168664005#2,89881831#0,,23488890#0
,257239011#0,,-1024100297#0,181579920,,-392092815,23994706#0,,269150842#4
,24372991#4,,680497679#1,170598719#0,,-228090241,531417291#0,,157292833#12
,-930964332#2,,71500770,264459825#0,,59262034#2,395264623#0,,355238450#0
,746064101,,-1021555395,264459843#8,,76187048#3,-89820771,,97685761#4
,-24060330,,46655812#1,-543054885#4,,-133434896#2,89825912#1,,538982925#0
,1029279502#0,,45701220#3,-24060958#6,,199922055,92034761#14,,1055857394#0
,400830346,,-55886805#1,-367360995,,-157058447,-89934436#0,,1031963663#1
,265010616#0,,72157146#1,458089581,,162173388,89046669#0,,-680782193#3
,257357812#4,,145988603,264459819#3,,28063950#0,-199311779#9,,163198815#2
,335539644#1,,1057083594#1,91854868,,367848148,772804653#0,,215959964#0
,45177678,,-56016125#3,89240073#2,,151175254#2,89934445#3,,97671476#1
,1165717963#1,,43097007,-682693826,,-71470206#11,199311797#1,,95274380
,45017540,,59585493#3,-463284093#1,,-103760989#3,89825903#27,,97685742#1
,297648261,,1024102264#0,89418357,,-157058463#1,-89934506#1,,97685687
,44838842#1,,157366923#1,41519038#4,,120525586,89934443#1,,46151739#6
,388577161#0,,46771119#6,81606324#8,,-152333598#2,231204850,,-97671458
,584188113,,1021555393,23260462#4,,1080759176#11,585469371#1,,172598637#4
,584188115,,46655464#7,512044960,,682462419#0-AddedOnRampEdge,145581932#1,,1245764634
,-46149185,,56016102#1,46982301#3,,392092817#1,-89831417#1,,163198815#6
,265010588#2,,46655812#2,-43550255,,22736450#0,682261291#0,,54786433#1
,27241671#0,,185216958,33050419#2,,220548972#0,796186459,,27695601#1
,680781714,,871138580#0,34998006#5,,162173401#3,89823541,,273211091#6
,-36688988#0,,-750339758#3,55686275,,372741501#2,89831417#0,,97671478#0
,131156087#1,,1056881227#1,24024045#0,,372741506#5,89825914#1,,95274372#0
,-426816157,,71500760,-264459842#3,,22375367,265221586#4,,636502357#1
,1028258364,,-1021561138,254326646#0,,-133287965#3,592386073#0,,97671480#3
,209366310#0,,-401190983,509241395#4,,-133288284#0,89881832#2,,-24061029#3
,-171300262,,146937564,199311794#6,,220548969#1,89934452,,187797933
,-45172804#5,,-680497679#0,463284095#3,,22562407#1,-54681242#0,,74314562#0
,645224085#1,,57362799#0,89420432#0,,157238663,89825903#2,,97685693#0
,645224085#0,,386246055#1-AddedOnRampEdge,26322270#2,,-220548970#2-AddedOffRampEdge,89823549,,23770583#3
,24053246,,46655813#3,-541902883,,517046814#2,583258515#0,,58704022#2
,548903448#4,,59584806#2,46982270#0,,-969494638#2,89825903#21,,4848943#2
,391633685#0,,46655493#1,543209655#5,,162173387#0,581537565,,95277522#1
,-46148745#1,,-1064731222,-89419986#1,,31096752#2,-32358841#3,,1245764636#3
,-44883356,,71686368,-91854884,,168683423#6,99510470#0,,273211091#5
,45174138#0,,-1021561139,464558883#0,,184314030,395264620#0,,286434746
,44955970#4,,-46655819#2,958537535#2,,172365189#2,260425576#0,,97671427#2
,45172604,,1063455939#1,85568120#2,,449399206#11,31050856#0,,-525291477
,-45174083#0,,45701220#2,-75259451#7,,-168664008#0,89825903#18,,-187797935#0
,-335539638,,145719422,217858092,,95396807,587259249#2,,97685630
,46149188,,1063455939#0,89213772#0,,103760983#2,-89828174#0,,97671426#0
,491027863,,-157044177,584343268,,30998306#0,750083498#4,,893375978#2
,304919602#3-AddedOnRampEdge,,-57207543,-459618758,,184315507#2,-31050856#6,,95274313
,131156057#0,,208649499#0,-91854870#1,,-220548970#0,92034761#4,,74314557#0
,743545405#1,,793657045#0,46982708,,228076708#1,591995053#0,,269150811#0
,-45172804#2,,208649508#0,557375051#2,,154971368#1,381697486#2,,97671353
,-44838407,,208649503#3,89419992#1,,1297669676,-199311779#23,,240388169#8
,694540174,,1056779402,544812705#0,,-174022682#1,395264623#6,,-378279504
,951326912,,145988606#1,1177605680#3,,184293866#3,89822286,,1031976626#1
,951326913#0,,-46655493#0,31610667#0,,-156919890#3,89820767#0,,97685672
,-45017437,,1196019587#1,24989774#4,,22730774#5,395264637#1,,-355239976#0
,269150818#1,,680497644#1,509241395#2,,162173400#3,90835548#4,,1085022605#1
,44955971#0,,57015985#3,386286309#0,,-220549212#1,395264639#2,,1085022609
,46149023#0,,154458522,72463458#1,,367848145,89934434#0,,97685621#1
,296689963#2,,208649499#3,89418355#1,,168664008#4,582894155#2,,95274372#3
,680781431#0,,72002813#2,581953131#2,,22730778#0,1024849140,,355239976#1
,44838407,,59585493#7,24024042#2,,174022712#2,89823567#5,,1245764636#0
,-355202500,,-154458448#3,89430678#3,,-22736181#2,587259249#4,,97671459
,-198900393,,-71652104,254326654#0,,392091747,92034761#9,,-24061029#8
,-27241669#3,,386246054#1,552131805,,-31096719#0,395264636#3,,240388168#4
,23704749#0,,1021561410#0,193618812#3,,95396809#2,737611521#1,,58704022#0
,-131025941#0,,56016110#4,91854875#1,,-156919890#5,91686853#0,,97685776
,-44884663#1,,-146937564,544812705#3,,162173401#1,89934509#5,,1085022605#4
,44884663#1,,59584806#1,43550983#2,,-103760979#2,182234686#23,,-46151742
,682445842#0,,750339758#3,-301494972#1,,120525537#2,607060797#0,,97685670
,682445842#1-AddedOnRampEdge,,56016125#1,220470667#1,,392092817#0,512189144,,97671386#3
,-173954118,,262334436#1,277789325#2,,228090243#0,27916859#23,,95274385#8
,36688988#3,,1021551457,543209655#0,,397642511#9,48390906,,240392347#0
,131110355,,388577154#1,162324885,,420082433,1299028152#0,,97671396#1
,1028241262,,1024102263#0,1025830855#0,,174022674#1,89822307#0,,97671366#2
,388577163#1,,46771117#1,193618812#13,,220549214#1,89823555#3,,478293893#0
,-44883381#0,,46771114#1,543055421#0,,304727708,19922745#6,,97671480#2
,609968226,,1021551461,503056674,,313606688#5,945962606#0,,1245147140#1
,466032165,,70794981#9,89430686#0,,315539210#1,34605310,,690984489
,682445842#1,,46655490#1,23260462#2,,136506337#1,19922745#9,,97671472
,209210744#0,,56016110#6,501179305,,131633150,89831418#0,,1245989818#0
,24372996#1,,56016157,149415593#1,,-133434783,89881843,,97685712#2
,198900394#1,,-1024100300,254325085,,528899353#2,-47416766,,680782197#0
,-354858504#1,,156575056#1,89430683#0,,133230931#0,683464858#1,,1234173061
,-22918541#2,,1024100297#0,-91854817,,22562407#10,438137502#1,,1284334995#2
,-131110319#1,,-56016102#2,588307664#1,,392943690#4,-395264637#0,,97671411#2
,23489088#1,,154475500,228056312#0,,1030678059#0,544170376,,680782192#1
,45173866#1,,146901451,682712374#1,,151175269#1,77100166#0,,1177591509
,131025969#2,,1021561410#1,-170598722#1,,22736451#2,543019008#2,,1245147140#0
,131025969#3,,-157366923#4,89206668,,-220548970#2,582894155#1,,-97671337#3
,45172605#1,,1024102265#2,89240079,,-168663974#3,292495147,,1245764638#0
,-44883385,,210903524#1,-265271565,,152333575#5,-92034773#10,,97685779#2
,354858508#0,,197666540#1,24060958#9,,220548976#1,583741284#7,,-97671411#1
,-285664431#0,,1057083595#1,682262110#2,,151175253#0,89881831#1,,97671445#0
,-24372978#2,,208649499#5,199311798#6,,151175220#1,533092485#0,,97671479
,25824086,,46655464#0,314210315#4,,151175254#0,533092495,,178988161#2
,173954137,,998681826,-199311782#3,,436182375#3,34605313#2,,157292893
,-680781427#0,,59585493#1,86867128#1,,-103760989#1,395264610#5,,198900384#6
,746064103,,46655806,1144431724,,365814433,772804653#2,,69963039#0
,-45172803#1,,208649510,89420433#3,,-168664008#3,89822295,,689924124#1
,304727919#1,,1021561138,89213766#14,,-517046027#1,182234686#3,,342481201#13
,-680781425#2,,46655464#4,170598719#1,,28063951#3,-92029879#2,,95274398#1
,131025957#0,,680497647,-866351232#12,,-103760979#7,89825903#4,,97671392#0
,-220547267#1,,196629587#0,24024043#2,,-157292942#0,98883477#5,,-680782188#3
,102519003,,46771114#0,-546952811,,151175230,89881854#0,,378279498
,396771661#2-AddedOnRampEdge,,-1024102261#1,89420431#3,,261326133#2,-531417291#0,,97671452#2
,466032171,,-750339758#2,72463851#2,,-449396163#2,199311794#16,,97671455#0
,670065088#0,,185216941#0,544812705#4,,-454877730#1,-89881819,,46151427#1
,492432409,,146191009#1,543023530#0,,1024125608#0,43991629#1,,23488890#2
,-350217576#1,,-46655490#1,1177605680#1,,92377217,89831418#1,,760760235#1
,131025946,,1064731222,636894188#0,,387345131#1,395264631#2,,355238450#1
,670065088#2,,1021561139,89240073#1,,392090724#7,759797589#1,,215959964#2
,1147401996,,208649503#4,-264459843#12,,228090233#3,395264626#0,,97671480#4
,-102519007#0,,-1024100297#1,89430686#2,,1184567002#0,89881845#0,,667962678#0
,353940879#0,,145988608,149415590,,-151175247#1,91689528#1,,342481200
,46149195,,154082986#4,33050419#0,,-157292953,-395264626#6,,97671356
,879498552#1,,-154475500,89420436#0,,184314046#1,89823562#1,,97685711#2
,102126349#1,,72002813#0,517927340#0,,-103761129#6,592386073#1,,
,31237829#2,,46655464#6,-33050410#1,,-133287965#2,30931326,,
,269150818#0,,-154458448#0,41260712#1,,-30955660#1,265225082,,
,-1120579613,,70794981#10,-264459825#4,,528899354#1,-89823541,,
,100102319#1,,-46655805#0,161966885,,-103761129#2,705001281,,
,-23488562#0,,70936552#5,264459837,,220548969#0,199311794#15,,
,987049868,,410104678,918334710#3,,-174022677#1,23363176#1,,
,667867184,,72157144,-23260461#1,,28063950#1,-503056678#0,,
,332634094#2,,46655819#1,-170598719#0,,-169811760,89929096#0,,
,-44883357#1,,-46655813#0,-264459825#0,,-199297129,99510466#2,,
,131025950#2,,-46655464#3,-264459843#9,,969494638#1,-89825914#4,,
,-45172804#3,,-998681826,32812356#3,,151175247#0,-166180319,,
,-131025950#4,,-46771112#1,-1039905091#1,,31050180#0,-265221586#4,,
,46149190#1,,99702517#0,301494974#0,,-199922055,27916859#7,,
,45172803#0,,70794981#8,517820536#1,,95396832#1,92034761#0,,
,23704718#2,,154458448#2,237528239#1,,152333575#1,-395264639#1,,
,391633685#1,,46771119#2,264459826#0,,-969494638#0,89823562#0,,
,354858508#1-AddedOnRampEdge,,-46655464#5,-91854868,,-133288286#1,89828176#0,,
,354858508#1,,71652104,89430680#0,,-151175269#2,231439986#0,,
,-23704733#1,,-46771113#1,89418359,,392943665#1,586176997#2,,
,45172805#0,,792190865#0,33050418#0,,103761129#3,89881854#3,,
,354858485#2,,-1024100299#1,34951200,,-162173424#0,89881836#3,,
,154125462,,116439672#0,-89420431#1,,315539209#5,89823555#2,,
,-131025946,,46771117#0,517921702#2,,151175266#2,589240682,,
,23704733#0,,792190865#2,958537535#4,,-22736451#3,237393909#1,,
,46149604#1,,59584797#1,681548654#0,,174022632#1,43699315#11,,
,265010616#1,,-46655464#6,258303757#0,,-22562403#3,543019007#0,,
,-44838405#1,,-71502410#1,-254326623#3,,400705708#2,-77100175#0,,
,-131156400#0,,-1021551458,41519045#1,,-168683414#4,89831417#2,,
,-131025954#1,,197666540#0,162324884,,-22562407#1,314205672#6,,
,-285677614#2,,1024100300,543054882,,1024125608#1,89881841#1,,
,388577161#1,,-70936552#5,75259451#11,,-151175271#0,-683459298#0,,
,651677176,,314279960#3,460851984#4,,120525537#4,89939060,,
,45172803#1,,56016102#2,-89419986#4,,969494643,89823564#1,,
,-667959153,,-46655819#1,48788423#2,,-449399206#12,199311779#19,,
,24821261,,-99702517#0,-463284095#3,,30954471,945962606#2,,
,388577158,,-56016125#2,32812356#4,,184314035,23995046,,
,257239019#0,,680508518#2,542264756#1,,220549213,-89825914#20,,
,332634091#3,,59584797#0,52517547#2,,-30998306#0,-31050856#2,,
,266086965,,56016102#0,193618812#10,,319196849#1,438132738#0,,
,266086964,,-792190865#2,32130055#1,,22736450#1,89934436#1,,
,198900394#0,,157366923#4,81606325#2,,152333575#4,-199311779#7,,
,1117138480#1,,208649512#3,682262115#5,,-228076708#1,-736550490#5,,
,102519007#0,,59584806#0-AddedOffRampEdge,292495150#0,,368085651#1,-591995053#0,,
,243799234,,154088882#0,332390573#0,,319196849#8,-579331696,,
,548903448#3,,-262334435#3,48391175#4,,22736449#0,-89828168,,
,1166015108,,296443891#1,328531827#4,,-174022682#0,381697486#4,,
,580847350#1,,-46655809#1,314210315#2,,184314056#0,199311779#0,,
,131110375,,46771111,89418356#0,,-397642511#8,-395264637#1,,
,-27241668#3,,168683388#1,173022744#0,,888035089#2,543019008#1,,
,-44884663#0,,59585493#6,-46982708,,152333598#0,89881845#2,,
,257239009#1,,-261324420,395264630#1,,-1024125611,395264623#5,,
,332634094#1,,-792190865#1,-89419992#1,,157058387#1,37672006#6,,
,171300262,,157366923#0,178757958#0,,-22562407#0,231524291#3,,
,257239015#1,,-116439672#1,264459845#2,,368083806#1,19922745#11,,
,173954128#0,,1024102261#0,364080011#1,,-133288284#5,561014433,,
,173954124,,-154458448#4,24060958#7,,31053660#2,-395264639#2,,
,-131025939#0,,196629586#2,1177605681#2,,392092817#4,89825910#0,,
,265010585#0,,1275740416,237528239#3,,368086015#1,579331698#0,,
,396771661#4,,56016125#0,-34951210,,151175266#3,589249428#0,,
,-44838841#3,,1024102264#2,265221588,,157292846#6,156938659#5,,
,170624721#4,,-792190865#3,314210315#0,,-174022674#1,-579417817#1,,
,131025929#1,,1024100297#1,-89418358,,392943690#7,91686849#3,,
,-23488568#0,,59585493#5,264459853#2,,420083581#0,438137485#0,,
,23488568#1,,46771119#5,220470667#0,,228076708#0,-22720676#8,,
,296690015,,215290851,89430684#3,,174022677#3,231524291#2,,
,388577162#1,,46655813#4,-301494970#1,,157058463#2,89046669#8,,
,23704733#1,,154458448#0,199311795,,120528162,772804657#0,,
,131025963#0,,1024100285,89418354#2,,133434826,89822310#1,,
,332634092#3,,1063455940#1,-162324885,,184315497#1,27916859#12,,
,-304727992,,-56016102#0,264459842#3,,103760983#1,-512189144,,
,1117138480#0,,314279960#2,-23260462#2,,1135574250#2,-581537566,,
,396771661#3,,46655813#0,-52518334#0,,392088983#1,-314205672#5,,
,171300263#0,,46771112#1,-501179305,,492041972,-1024849137,,
,24803931#1,,59585493#4,-130453217#3,,-454877732#1,89822307#1,,
,24821311#1,,57015985#0,190730289#2,,71488894,542927921#0,,
,-44883381#3,,-46771111,47127860#0,,702669087#1,-91689528#10,,
,209366310#1,,-1021555391,648175929,,-151175269#1,27916859#16,,
,680781716,,1060235877#1,190730289#1,,220548972#1,395264620#8,,
,45177681,,-157366923#0,89430681#0,,184250112#0,91006341#1,,
,-23488561#3,,215298730#0,52924701#1,,184315506#1,89934444#0,,
,863546409#1,,46771113#1,55686236#2,,59262034#1,22720676#4,,
,391633685#3,,59585493#2,91854853#1,,-151175253#2,89828155#0,,
,59254385,,401190982,24024045#13,,168683396,91006343#1,,
,131025954#0,,210903489#1,-588307664#1,,103760979#1,91730169#2,,
,998621643#1,,-680497677,-89828152#0,,372741506#4,395264626#5,,
,1268288170#0,,-56016125#0,33640794#0,,-151175267#1,395264632#0,,
,1117138479#1,,46655815#1,89182753,,1024125613,-89828174#1,,
,1166015104#0,,46655814,89430676#0,,174022681#1,99510466#0,,
,-1027009172#2,,680508518#1,258303757#2,,-22736451#5,381697488#0,,
,4853035#0,,1024100299#0,33118881#0,,-162173400#4,-591995053#1,,
,257357820,,-215290851,72463458#4,,365818022,314205672#1,,
,355202491#2,,208649501,24060958#0,,419753739#0,395264628#5,,
,285664431#1,,157044175#0,264459819#2,,367848147#0,-292495147,,
,285664431#0,,-46655813#4,24024045#5,,120525547#1,23994706#8,,
,36689410,,71502410#1,244317039#6,,220551733#0,-91689528#12,,
,396771661#1,,1021551458,91705267#0,,162173391#0,583258514,,
,269150833#1,,-1024100285,89430678#6,,157058379#2,89934509#3,,
,-23488561#2,,401190994,89419986#0,,449490580#4,314054616#1,,
,46149193#3,,154088882#2,72463458#0,,-151175253#1,381697487#3,,
,-131025950#0,,46655809#2,24024046#0,,-151175230,89929109#0,,
,355202491#0,,196629587#2,-91216434#0,,184315508#1,-89822295,,
,-46149604#0,,-750339758#4,-546231958,,22730774#0,587259249#3,,
,717183325,,71500780,24989774#0,,454877730#0,89934511#3,,
,257233100,,57601580,-170598719#1,,-22562409,-597398401,,
,149851229#2-AddedOffRampEdge,,145988606#0,-1039905092#2,,22736445#1,395264607#4,,
,149136361#1,,-57015985#2,46982301#5,,315539209#3,89881832#1,,
,511081977#1,,56016125#2,328531828#3,,-261326133#2,436048944#0,,
,319196853,,-46655817,328531782#2,,615528182#0,89823547#2,,
,-23488568#1,,162521831#1-AddedOnRampEdge,89206666,,120525537#7,166276326,,
,44955971#1,,55886811#2,1177605680#4,,103760979#3,89823552#0,,
,-285677614#1,,46771115,-89420431#3,,-120525537#5,772804655#3,,
,149136360#0,,174022717,-164586351,,168663974#4,1126144531#0,,
,45172800,,31133895#1,82624905#1,,-449399214,683458164#0,,
,46149027#1,,209210741#0,574761506,,-92377217,199311779#24,,
,1027009172#2,,991009315,89419202#1,,23298952#1,44776183#1,,
,46149604#0,,174022680#1,33640794#3,,-184314046#1,395264606#0,,
,23990057,,44884380#7,458283474#0,,392092819#1,-265221590,,
,209215786#0,,1253807732#1,89430680#1,,151175260#1,89881815#1,,
,257239010#0,,44884353#0,72463603#0,,392092817#3,395264619#3,,
,-269150818#0,,24804076#0,796186460#0,,184293866#1,198164114,,
,-269150818#1,,-30998616,264459825#2,,1024125608#2,89825903#9,,
,680781426,,304727809#3,-34951053#2,,1080759176#0,44776176#8,,
,46148744,,1253807732#0,89419990#1,,30929622#3,236667129#7,,
,44884105#4,,429870959#3,254326637#3,,22736451#0,182234686#0,,
,-1027009173,,673085464#1,32122517#2,,95396837,-54680197,,
,30177142#1,,673085464#3,34950844#0,,220548975#1,-54680194#2,,
,-45172804#0,,46876504#3,264459842#6,,133230931#1,173185148#6,,
,171300263#1,,648435893#1,89420435#1,,425464569,-58686903#6,,
,131025941#0,,-31283330#0,41519038#0,,261326126#3,-91008672#12,,
,285664427,,-304727997#2,-89420436#0,,120525530#0,682270676,,
,27241668#2,,24804076#8,543054881,,151175259#3,683457664#0,,
,-211740191,,30969218#0,328531825#3,,-71470206#5,238153162#0,,
,-614989353,,1056328010,33640794#5,,22730778#1,34996350#1,,
,131025954#1,,46876504#8,682262113,,151175269#0,160733175#0,,
,651677178#0,,368083811#1,-23260462#1,,31053667,1126144529,,
,1165717968,,-1056328003,32812366#2,,1056330394,126855578#0,,
,-44838406,,-368083792#1,-459037937#2,,-151175247#0,-32837821#3,,
,265010617#0,,31133842#0,264459819#4,,-135704845,32837821#0,,
,45172606#1,,-24804076#4,46982270#2,,151175242#1,58686905#0,,
,31237889,,209366286#1,52928549#0,,156942470#0,54680197,,
,-23488561#4,,-31133855#0,72463851#3,,228076693#0,54680194#0,,
,44883384#0,,-44884346#1,34950710,,220551733#1,34996350#0,,
,24053276#1,,171018750,-918334710#3,,184293863#1,23443532#0,,
,23704749#1,,209210739#2,89417144#0,,151175267#4,587870652,,
,285664437,,-31238049#1,1133878592#0,,151175222#2,58686903#0,,
,319196860#0,,425464570#2,89234087#0,,667865212#0,91008672#11,,
,46149193#2,,1056330401,1156068079,,103760979#6,381697489#0,,
,131025969#1,,101134266#0,161966884,,-103761129#3,-126855578#0,,
,157345942#1-AddedOnRampEdge,,-31133881#0,89240072,,-184315507#0,1126151010#1,,
,810758264,,44884379#0,-301494974#1,,157292942#1,-32837821#1,,
,297648257#1,,-44884353#0,-34950844#3,,-174022632#1,-34996350#0,,
,265010575#1,,-24804076#1,-264459826#1,,174022674#6,-23443532#2,,
,651637968,,-31258035#1,1019987802#0,,372741504,-587870652,,
,-149136360#0,,61184936,-55686195#1,,31096752#0,236999710,,
,548938581#3,,-429870959#3,-588307664#0,,-400705708#2,160733175#4,,
,131156400#0,,648435891#1,-463284095#2,,31053515#0,683457663#0,,
,174022683#0,,174405496#1,55686236#4,,-1024125608#1,-91008672#15,,
,257233100-AddedOffRampEdge,,46876504#3-AddedOnRampEdge,328531802#14,,-151175272#1,32837821#2,,
,355202496,,648435894,334085546,,-133287965#1,91008672#4,,
,131025939#1,,101134275#2,27695695#0,,156290978#0,173185148#0,,
,174022673,,648408839#2,26603888,,151175223#6,193267476#0,,
,1028619496#0,,1249368539#0,543023529#1,,-266525211#1,91008672#0,,
,131025969#4,,31133881#2,-458673382#2,,-120525537#4,193267476#14,,
,170641388#1,,116436260,89240074#1,,136506337#0,173185153#4,,
,24803926#0,,31133842#1,48391239#1,,-168663974#1,-91008672#7,,
,170641388#4,,-131633149,254326637#1,,-30998306#1,173185148#3,,
,1165717969,,174022686#0,75259451#8,,228076708#2,173185152#1,,
,131156028#1,,-31133855#1,-264459842#12,,174022674#5,126855578#1,,
,-746064104#0,,-24804076#7,-1133878589#2,,-30954471,-91008672#2,,
,23704718#3,,1056330398#2,190730289#3,,168683414#2,1126151010#0,,
,46149193#0,,174022680#5,33625005#2,,392943665#0,91008672#13,,
,682445838-AddedOffRampEdge,,174022686#2,-89430683#1,,372741506#2,91008672#9,,
,682445838,,648435889#3,34951236#2,,151175237,682272135#0,,
,-45174083#1,,24804076#3,89430675,,168663971#3,173185153#1,,
,170641388#3,,-648435893#3,199311798#4,,517046814#4,1061617399#0,,
,24821288,,-1056330401,-89418356#0,,152333576#0,-126855578#3,,
,44883013#2,,44884348,543054885#4,,-31096752#1,-91899428,,
,44955796#2,,174022675#1,544270674#2,,162173413,724813381,,
,-466032168,,682476163#1,-46982284#0,,120528204#0,193267476#10,,
,131025941#2,,1056330392,24060958#5,,-319196849#8,-91008672#10,,
,-46149611#0,,174022720#1,-91854872,,-199921334,682270675,,
,45172804#3,,174022720#7-AddedOnRampEdge,367360994#0,,1057054850#1,58686905#3,,
,-511081976#0,,367851538#1,-549451720,,392088983#2,1126151009,,
,-44883383,,382681595,-1021351340#1,,71470206#11,26457335#0,,
,23488561#0,,30998616,328531827#2,,-888035089#2,-34996350#1,,
,23488562#0,,209366286#0,-364080011#2,,-133434896#0,238153162#6,,
,228633420#0,,-31133930#0,-24060958#7,,184314046#0,91899428,,
,22823721#8,,648435889#2,149415594#0,,-151175252#0,-148642772#1,,
,23990056#0,,-31133881#2,-24024046#1,,157058463#1,157058382#1,,
,-46149194#1,,-161392517,26322270#1,,152333598#2,-43097008#7,,
,44838404,,-31133842#1,463284093#1,,28063946#2,135838552#8,,
,-746064104#1,,-25822382#2,-513567595,,-31053660#2,136228820#5,,
,820214408,,-1056328000,463284094#0,,667865211#2,-43100782#1,,
,131025963#1,,31283330#0,160745254#0,,184315497#6,304727835#1,,
,22823716#2,,44884381#1,-264459853#3,,30998306#2,30952224#6,,
,1028258369#0,,1056328003,43550255,,-133288286#0,196629583#0,,
,173954121,,368083792#0,-89418364#0,,-174022677#3,43322798#8,,
,810346011#2,,-648435893#0,23443416#1,,-266525170,135838552#4,,
,-27241671#0,,-1056330402,52928549#1,,1051315753#4,135838553#5,,
,22823718#1,,-44884348,89420433#1,,-331676700,1062056472#3,,
,22823718#1-AddedOffRampEdge,,31133855#0,34951010#1,,-104107445#0,31047306#3,,
,849983642,,648435889#0,264459839#0,,-71470206#10,98593790#0,,
,849983642-AddedOffRampEdge,,44884346#0,89419990#2,,969494638#2,436042882#2,,
,-171300268,,31133850#1,458673382#0,,104107450,1024102271,,
,1166015104#3,,1056330398#0,173022744#3,,-397642511#5,319196848#0,,
,-44838405#4,,-31133923,541902883,,372741501#3,-154722999,,
,44838405#4,,31238049#1,458673380,,-120525530#1,136228820#0,,
,466032168,,367851541#1,89430678#4,,228511415,436042879#0,,
,-23704729,,-31283330#2,-47127860#0,,392943690#6,-706102496#3,,
,45172807#0,,31258035#0,32122515#1,,1102474289,-99702521#2,,
,171300266,,44884379#1,258303760#1,,-133288284#2,1024120792#0,,
,-24372978#1,,31133895#0,89419986#1,,-174022681#1,148642793#1,,
,548938581#1,,1028570793#0,91854884,,157058379#6,70610410#1,,
,265010601,,648435887#1,33050414#0,,1028570796#2,53542680#5,,
,426816157,,1056328496,-328531782#1,,-120525547#1,114496998#1,,
,198900387#1,,184580011,32812366#0,,-449585989#1,154819659,,
,355202494,,429870959#0,75259451#6,,220549212#1,312195000#0,,
,760589787#1,,304727918#0,460851984#2,,151175259#1,706096498#0,,
,335539645#0,,-44884381#2,89430678#5,,372741502#3,70324971#2,,
,-46149607,,61184933#1,91854870#1,,449399206#1,196629589#2,,
,285677614#2,,209210745#1,48391008#0,,1030683394#1,-810145521,,
,27241668#0,,-44884446#0,72463851#0,,22736181#2,706096498#1,,
,-27242140,,31133855#1,-89182753,,-120525537#0,-154723062#1,,
,131025941#3,,24804076#6,-228056313,,-228076708#3,196629589#3,,
,209210742,,388577168#1,-33118881#0,,156919890#5,1009087387,,
,171300268,,174022720#8,-72463458#4,,162173387#3,-1284307159#1,,
,46149190#0,,174022649,-458283475#2,,103760979#2,157366892#2,,
,267301946#0,,44884380#0,918334710#2,,-151175252#1,70509855#2,,
,198900395#1,,44884105#0,254326646#1,,-454877730#0,-91899427#5,,
,1165717966#1,,61184931#0,199311794#8,,-22736445#1,154819636#2,,
,355202503-AddedOnRampEdge,,-31133850#1,-72463458#0,,168663962#9,51843919#9,,
,1120579615#0,,-1056330398#1,82624902,,228090233#0,98593775#2,,
,679785216#3,,648408839#0,41260920,,22736446#3,-148642793#0,,
,879498552#3,,46876504#4,264459828,,95396820#0,-154819598#0,,
,533909177,,131633157#1,463284093#2,,-103760979#3,148642780,,
,131025931#0,,174022635#0,-536082140,,-168663974#4,-319196848#11,,
,131025959#1,,648435893#2,544340291#3,,1056781891#4,-42305099#0,,
,157296567,,1056328004,89213772#3,,-27904509#0,-27727791#12,,
,209215786#1,,304919608,33640794#14,,227454633,436042882#1,,
,44955976#0,,1056328493,-264459830,,392090724#5,31047303#5,,
,1029301769,,184293861#0,-23260460#1,,-184314051#0,148642784#1,,
,354858508#1-AddedOffRampEdge,,-102126347#3,-89419202#1,,209210750,157050773#0,,
,-36688988#3,,425464570#0,-91854877#2,,168664002#2,-150349479,,
,45172802#0,,1056328002#0,-72463603#0,,-667865207#1,70509858#1,,
,36688988#4,,174022630#2,328531802#3,,184293865#1,-31297782#2,,
,1165717970,,-44884381#0,-33626801,,-1024125608#2,319196855#3,,
,350217576#1,,-31133895#0,91854839#0,,1030683393#1,-43322798#7,,
,1117138479#0,,44884103,89418354#1,,209210758#4,-98593790#2,,
,355202492#2,,-1056328496,89430682#1,,154971367#0,256511169#1,,
,614989353,,209210741#1,-34950844#0,,220552211#0,429967547,,
,-31237889,,209210741#2,-264459842#10,,-261326126#3,878619654,,
,46149615#0,,648435891#1-AddedOnRampEdge,264459849,,95396826,-148642794#0,,
,44956024,,-1122405187,264459843#5,,-162173421#0,127518238,,
,30177142#0,,174022716,46982423#2,,157292942#0,-98593794#1,,
,853378613#2,,154125442,46982301#8,,-151175259#3,31297682#5,,
,171300277#0,,31133930#0,31887171#0,,392940747#5,-152185714,,
,27242140,,-101134275#1,463284095#4,,1056781891#2,-1024120799#1,,
,173954122,,161392517,-52928549#0,,-319196849#7,1023908217#1,,
,45170904,,-429870959#1,301494973#3,,449396163#1,436042880#10,,
,22823719,,648435888,-91854875#0,,1057052863#0,-30919189#1,,
,44955975#3,,25822382#1,584343267#4,,454877730#1,-1055857400,,
,31237829#3,,916714465#0,89219849,,-304727996#1,956136645#4,,
,174022683#1,,1056328000,-301494971#2,,436182375#5,817841031#1,,
,24372991#3,,154125452#0,-89234087#0,,-151175267#4,154971172#0,,
,209366310#0-AddedOnRampEdge,,-31133881#4,91017767#1,,95396818#1,98593790#1,,
,209210754#0,,44884104,89881818,,162173391#2,-199311778#8,,
,987049867,,1056328009,-364080011#4,,157058384#7,43051364#2,,
,62066585,,45018632#2,-43550256,,1030683394#2,-155035368,,
,548938581#0,,44884551#0,258303757#4,,-71470206#6,96828486#6,,
,199152209#3,,1056328001,683454880,,157292953,312195003#3,,
,-31237872,,31283330#1,-161966884,,133287966#1,-156942465#4,,
,44883010#2,,-648408839#1,89234350#0,,-157292942#1,-436048954#1,,
,257239021#5,,-1056328004,33625005#0,,-220549212#5,-70610406#2,,
,157345942#1,,648435893#0,46982270#3,,103761129#6,71281737,,
,584188123,,1056330402,199311782#2,,-22562403#1,-56240930#1,,
,267301946#1,,1056330400#0,-1019987802#2,,133230931#3,-43680742#0,,
,354858488#1,,45018632#3,264459843#3,,168683414#1,1258451873#1,,
,-285664450,,-1056328493,244317039#12,,103761129#2,960810620#0,,
,-1028689293,,46876504#10-AddedOnRampEdge,546604219,,174022677#1,51843919#7,,
,46149610#0,,131633156#0,866351232#4,,184293866#0,-126859160#0,,
,265010620#0,,304727761#1,546952811,,1030683394#3,319185011#1,,
,23704729,,174022720#0,46982274#0,,368085648#1,193809619,,
,1165717963#0,,174022720#7,-334085546,,667865212#3,1024128479,,
,44883011#1,,-31238049#0,-264459853#1,,-228076708#2,58686258#0,,
,174022636,,367851541#0,-89240074#1,,-174022674#5,-30949704#2,,
,173954134-AddedOnRampEdge,,174022719#1,544270674#1,,-168683414#2,55886812#2,,
,198900395#2,,31133923,458673383#0,,157058384#1,157058468#1,,
,44955973,,31283330#2,264459843#11,,162173387#2,-30949704#1,,
,-44838405#0,,209210745#0,-75259451#10,,-152333576#0,148642782#2,,
,265010616#0-AddedOffRampEdge,,174022711#4,89420433#2,,-103761129#9,312195002#0,,
,987135427,,174022720#10,89828152#2,,174022632#2,31047306#2,,
,173954135,,44884551#1,41519038#1,,-157058463#0,492041970#3,,
,257357821#0,,154125441,-570457257#0,,-31096719#1,31047303#8,,
,257357821#2,,-44884347#5,41519052,,517046814#1,319185011#2,,
,44955976#3,,-31133931,43991628#2,,969494638#0,1024120796#1,,
,101134273,,24804076#9,264459825#4,,184315502#1,-98593814#1,,
,391633685#2,,648435887#0,958537535#0,,71470180,-30952224#5,,
,27241663,,-44884446#1,170598722#0,,-184314046#0,-153792698#1,,
,171300278#0,,31133930#1,23260461#0,,199152198#1,103751347#6,,
,100226632,,4857047,-89430681#1,,133288286#1,-55886807,,
,100226632-AddedOffRampEdge,,44884352#0,134668783#1,,449602008,-57889595#2,,
,46149606-AddedOnRampEdge,,-304727997#1,89430682#0,,151175269#2,70330617#4,,
,46149606,,174022667#1,85568120#4,,365814435,46655805#1,,
,-24372991#3,,368083811#0,1039905091#0,,-22562403#0,70330617#1,,
,-131025959#0,,-31283330#1,328531827#0,,1024125607#1,-158177940#5,,
,44955972,,44884446#0,-91854885#1,,315539210#2,312195005#3,,
,651677235,,367851538#3,46982301#4,,-449396163#0,70509860#2,,
,285454834#1,,-1056330400#1,-149415594#1,,22736451#3,127518234,,
,23681347,,-648435888,958537535#1,,30876642,1055855908,,
,4848754-AddedOffRampEdge,,648435892#0,-1127706328#0,,28063947#2,-152185736#0,,
,582338491,,61184933#3,682262112#0,,157058385#2,157058455#7,,
,131156055,,174022711#0,89420431#1,,22562407#3,648488816#4,,
,131156052,,-25822382#3,-47072157#1,,368084601#0,-43051364#5,,
,168573481#1,,102126347#2,173022744#2,,22562403#3,464084177#0,,
,44955796#0,,368083792#2,89418363,,168683414#4,669098840#1,,
,853378613#0,,1056330396#1,24024045#6,,151175271#0,156575070#0,,
,4848887,,102126347#4,46982301#0,,151175271#2,290874174#6,,
,405795843#2,,44884381#0,33640794#12,,-104107450,70324971#1,,
,44838405#0,,-24804076#9,-160745254#2,,157058466#1,43322798#6,,
,-27241668#2,,-31133930#2,254326623#2,,61185358#0,157058457#0,,
,46151436#1,,44884347#0,280266451#2,,-71470206#12,43097008#11,,
,405795843#1,,44884350,89210821#0,,-319196849#4,-31297682#7,,
,44883013#2-AddedOnRampEdge,,209210741#4,-23443416#1,,-174022632#0,43100783#0,,
,265010595,,-44884349#0,-52928549#1,,-151175266#1,-158177940#6,,
,171300269,,154125452#1,-264459842#5,,151175222#4,156942446,,
,623362974,,101134275#0,89206671#0,,-133434896#1,-136228820#6,,
,651677225,,304727809#0,32812349#0,,-449294638,492041970#1,,
,582230759,,1028570792#3,89419986#4,,-220548976#2,-43322798#2,,
,100226630,,174022711#1,89219861#1,,-133288284#4,1055857401#1,,
,44955975#2,,-429870959#4,-458673382#1,,151175277,56240964#0,,
,44955970#0,,184250108,91854886#0,,22736446#2,1257133852#1,,
,4853035#1,,388577152,-89418360,,-133434898,312195005#7,,
,4848754,,1056330397#0,24024045#10,,-157058398,-98593749#1,,
,1015165917-AddedOnRampEdge,,31133881#4,32812356#0,,22562407#6,114496998#0,,
,27241664,,304727772#0,328531790#0,,-151175259#1,135838552#7,,
,44955977,,-31133895#1,427171555,,154971367#9,156942465#7,,
,131156051#0,,304727990#0,328531802#0,,-449399206#2,98320321,,
,759397447,,1056330399#0,89419990#3,,152333597,-43322798#8,,
,339397020,,31238049#0,254326632#5,,28063947#0,-135838553#5,,
,-131025931#0,,44884346#2,-866351232#1,,397642511#8,70610406#0,,
,131156051#0-AddedOnRampEdge,,91096670#3,91854814,,-273211100#0,71359525#0,,
,97685638#1,,304727781#0,52517547#0,,397642511#4,-30948680#4,,
,-139718208,,-368083792#3,89419197,,172365184,-1024102271,,
,813418915,,209366292#5,280266451#5,,103760989#5,1024115417,,
,883261846,,-102126347#4,682262619#0,,-71470206#7,98593741#0,,
,4848932#7,,174022635#1,-72463458#6,,-449399206#10,-319196848#1,,
,459561639#0,,31133881#1,1021351340#3,,228090248#3,-136228820#2,,
,1181162212,,-44884347#2,-543054885#2,,528899359#1,98593757,,
,44049166#0,,44884344#0,557375051#1,,22562407#0,43680741#1,,
,904911912,,24804076#2,518843396,,31096719#2,-148642793#1,,
,726941894#0,,-648435893#1,-89419986#2,,1058417654,1284307157,,
,172598640#1,,174022680#0,-918334710#2,,172365189#1,-114496998#1,,
,69963032#3,,44884347#4,89196126#1,,-220548976#0,157058455#1,,
,4848930#1,,174022635#4,548970510,,151175274#3,319197093#2,,
,580847357#3,,31133931,89418358,,-184315508#2,-154819659,,
,151481858,,-24804076#8,34950625#1,,151175223#5,31047303#0,,
,150868751#2,,304919602#1,544342030#0,,-152333600#0,956136645#0,,
,538982927#2,,44884446#1,543209655#3,,-227454633,-70324971#3,,
,669790924#1,,174022726,-47072156,,-449399206#0,-31297782#1,,
,-139718219#0,,-31133842#0,178757945#2,,392090724#0,43051364#0,,
,69963044#4,,-1056330397#1,89420431#2,,168683423#2,-196629130,,
,240595362#1,,304727809#6,89240082#2,,157296628#2,878619659#0-AddedOnRampEdge,,
,1245147126#2,,304727997#0,-82624902,,-22736451#1,98593789#1,,
,39629578#1,,368083811#2,301494970#0,,1255617398#7,1024128477#0,,
,139718225#0,,743671372#0,34951236#0,,-151175231,51843919#1,,
,97685728#0,,-304727990#2,32122518#0,,-168664002#3,156942465#5,,
,539237085#1,,44884349#1,-463284093#3,,157292846#7,-31297682#0,,
,211732702,,1056330391,52518334#0,,392090724#3,1024128472#0,,
,-88690557#4,,44884352#1,130453217#0,,228090248#1,-98593775#2,,
,929013758#0,,648435891#0,277789325#7,,120525546#1,135838553#1,,
,240595364#2,,174022720#5,264459819#1,,174022677#4,-150349482#1,,
,40969582,,-44884346#3,-736550490#1,,169811755#0,-148642780,,
,548908713,,45018632#0,543054885#0,,151175253#2,-41527657#0,,
,257233103#0,,44883352#1,682262110#0,,-151175267#2,156938653,,
,139718218#1,,25822382#3,32122515#2,,-151175253#3,98593775#1,,
,59263148#1,,-31133881#1,31958280#0,,184315505#1,55886806#0,,
,33847144#9,,209366292#0,512747171,,151175267#1,152185706#0,,
,609929519#1,,174405496#0,-91854839#0,,151175244#1,-135838553#0,,
,27695604#1,,1056328005,-264459849,,209210753#0,817841031#0,,
,24487306#0,,-648435894,89419196#1,,22736451#5,-157050773#1,,
,759284949,,-102126347#1,-264459845#1,,162173400#4,1284303462#1,,
,539237084#2,,154125460,-1021351340#2,,-168663981,-70509858#1,,
,33847142#1,,-24804076#2,-264459843#5,,449585989#1,1024125610#0,,
,879780895#0-AddedOnRampEdge,,44884351,544270675#2,,-174022661,436048947#10,,
,883261847#0,,-1253807732#0,89828152#0,,184293855#3,148642782#0,,
,759379782#3,,-648408839#3,-463284095#4,,151175253#1,98320323,,
,1026056857#6,,-116436260,-576811475#0,,168683423#3,127518236#0,,
,39168852#0,,154125453,-686373007,,-220551730#1,70509855#0,,
,271720710,,44884349#0,89430677#1,,392943690#5,70509861#0,,
,1070720649,,304727997#2,46982301#2,,95396853#7,-127518238,,
,97685754#4,,-1056330398#4,517820536#0,,-71470206#0,-31297682#6,,
,319196850#5,,174022680#7,-458673382#5,,168663962#1,148642797#1,,
,269150837#2,,-743671372#1,544270675#0,,133287966#0,148642782#3,,
,-88690557#0,,44884354#1,46982270#1,,-22736444#2,43051364#6,,
,47025799#6,,429870959#4,48391239#0,,120525537#5,-31297551#1,,
,95277526#11,,-44884349#1,81606324#0,,27904509#3,-150349482#2,,
,39629578#6,,46876504#10,-683454880,,-162173391#2,-43051364#2,,
,151329169#2,,156919888#1,464000322#0,,23298952#0,70610410#0,,
,319195388#2,,208649513#8,-23260460#2,,-133287966#1,135838438#1,,
,240595360#2,,-31035836#1,-89234350#1,,-708004651#0,-43101595#0,,
,660972503#0,,-208649513#7,580672561,,-220551730#2,126859159#1,,
,-968060910#3,,71470190#12,546231958,,492041976#0,-71281733#0,,
,929013755#0,,1028619489#0,173022744#1,,,-30949727,,
,319196850#3,,349459713#1,-264459843#3,,,156942465#8,,
,69963044#1,,-190552056#0,34951153#1,,,103751347#13,,
,539237086#1,,744266431#0,1039905092#1,,,154027639,,
,568498791#6,,-24294874#1,89213772#5,,,464084177#11,,
,172665597#2,,-161392518#3,164586351,,,-319185011#1,,
,-651701877#1,,-1057054858#3,-91854839#1,,,127518258,,
,151329188,,-228076698#2,-91216434#3,,,-98593737#1,,
,269150840#1,,749829569#9,33050417,,,-148642782#2,,
,667962674#0,,1057527741#2,301494971#0,,,464084172#7,,
,680788592#5,,-71470213#0,-264459825#5,,,-98593749#2,,
,46869642#1,,154253453,796186460#1,,,-319185011#3,,
,43988828#0,,88956628#2,-458673383#0,,,-30952224#0,,
,667962674#1,,185216947#1,328531828#4,,,154027661#1,,
,942581082,,-103945938#6,199311757#3,,,-58686246,,
,680788593#0,,-161392626#1,34951053#1,,,-31297682#4,,
,240392370#1,,70794980#1,-89828152#2,,,30950818#0,,
,39629431#1,,-230293774#3,328531802#5,,,-71281733#2,,
,319196850#1,,-161392586#0,58706164#1,,,98593764#3,,
,147812381#0,,44886562#3,33549498#2,,,-148642781#0,,
,39629550#2,,-1237936909#1,178757944#1,,,58686258#3,,
,-191324188,,88937129#2,178757953,,,-43099711#0,,
,265068934#1,,-749869679#1,458283475#0,,,-1273185318#1,,
,151329179#0,,304727895#2,543023529#0,,,156575077#6,,
,240392370#0,,161392519#1,328531790#8,,,1024115418,,
,33847146,,23288386,-41519052,,,-1024102270#1,,
,-1181162212,,-228514822#2,91854877#0,,,53542680#1,,
,1025991802,,-23217864#1,23260462#1,,,-518647368,,
,759379782#0,,31303247#2,33549498#0,,,-30948680#2,,
,964307336,,30842030#1,459037937#0,,,174653382#1,,
,922026090#0,,-154253462#0,258303757#3,,,-70324971#1,,
,-22730603#2,,545585643#1,-170598722#0,,,1023908217#2,,
,33847143#0,,228511424#0,89430677#0,,,31047303#12,,
,342481201#10,,-185216948,-24024046#3,,,-43322798#6,,
,751229842,,71470185#9,41519038#3,,,1256858472#1,,
,265068939#2,,70936552#0,149415578,,,312195005#5,,
,40969585#1,,258044916,134668783#0,,,759086770#3,,
,-1245147127#0,,148642786#6,34951236#1,,,154971175#0,,
,261065061#0,,228514822#7,89430682#3,,,31047306#4,,
,139718218#0,,-120469241#1,34950844#2,,,243206488#0,,
,922026091,,120469239#1,53208159#0,,,148642782#1,,
,-240595359#0,,-58672755#2,55686195#0,,,91689539,,
,44049166#2,,161392513#0,89430685#0,,,-156942465#0,,
,894991905,,1255617398#5,-89419992#0,,,-158808588,,
,-734897654,,-161392519#2,463284095#2,,,1023912412,,
,172665593#0,,443243639,-458673382#6,,,156575077#2,,
,676291217#4,,-116436239,-89418363,,,-91689534,,
,151329171#0,,-148642786#5,544442193,,,1056397447,,
,46869642#2,,-88561227,199311794#10,,,-114496998#0,,
,580847357#2,,304727895#0,32122518#2,,,-436048957#1,,
,45171692,,-174022595#2,33625005#3,,,-436048951#2,,
,879780891#1,,744777945#6,544340291#0,,,314088440#6,,
,23705307#0,,45018631#5,280266451#0,,,70509858#0,,
,158180857,,-104353087#4,34950728#3,,,126855548,,
,-33847142#3,,88083336#2,-91854811,,,-1258453171#1,,
,-22730603#1,,-185216944,32122518#1,,,174653382#0,,
,139718226#1,,161392513#1,33627771#0,,,772804660#0,,
,139718226#0,,70364448#1,244317039#0,,,304727821#0,,
,676291217#3,,120588503#3,458673382#2,,,1023908217#0,,
,46869642#3,,161392603,-264459822,,,436042880#14,,
,265068937#1,,24294870#1,264459842#11,,,27727758#4,,
,95274316#1,,1144401621,-265271575#1,,,173185144#1,,
,854239334#0,,-1060235884,32130422#0,,,98593799#1,,
,4848928#2,,-616560955#1,1127706328#1,,,-43680733,,
,33847144#2,,1057050907#0,1133878589#2,,,-98593789#2,,
,894991909#1,,-154253470#1,-1021407861#1,,,319196848#2,,
,47025799#1,,44884989#1,636894188#1,,,154971188,,
,879780891#3,,168663960#6,178757956#1,,,-98593757,,
,45242995#5,,1057527743#5,-23443416#4,,,-43680741#2,,
,-147812381#10,,-88561232#1,1042122376#0,,,99702562#3,,
,1026056857#0,,-161392543,89418354#0,,,126859160#1,,
,69963044#2,,-154253434#1,-85568111#1,,,-27727791#8,,
,-616100136,,154253460#1,89430683#1,,,70324974#1,,
,-172665593#1,,1057050910#2,-91854814,,,-30952224#9,,
,95274316#0,,44886560#1-AddedOnRampEdge,-89419197,,,157058468#2,,
,-968060910#2,,-1057054858#7,86867128#3,,,148642768,,
,147812381#4,,30841649#7,-682262619#1,,,126859160#2,,
,968218278#6,,-154253457#1,89240073#4,,,43699319#0,,
,95274341#1,,1057054858#0,544342030#1,,,314088440#4,,
,760734685#0,,23217864#4,1177605681#3,,,30950818#5,,
,40969586#2,,88954527#0,-1021351340#4,,,157360310,,
,-97685613#0,,1057527743#3,-91854885#2,,,70509858#3,,
,319195388#4,,44886564#0,46982284#0,,,70330619#2,,
,207104337#0,,-174022668,-518843396,,,153792698#0,,
,25824166#2,,228056325#3,91854872,,,1024128476#0,,
,968218278#4-AddedOffRampEdge,,-1057054858#6,549451720,,,31297738#2,,
,1103812306,,161392635#0,1021351340#0,,,43322645#1,,
,39521608,,70350396#2,328531828#0,,,1257133852#0,,
,240595359#1,,-1060224075#0,24024046#1,,,436042880#2,,
,-968060910#4,,261321460#1,89234087#1,,,312195000#3,,
,932390016#0,,1144401620,193618812#15,,,148642772#1,,
,139085562#0,,58209119#2,72463466#0,,,156575080#1,,
,-690198421,,71470195#3,513567595,,,1056781891#1,,
,669790924#0,,70794984#1,46982423#0,,,1257133853,,
,27695604#2,,31035836#2,228766720#0,,,43100782#0,,
,240595364#0,,1057054855#1,46982423#1,,,156575068#3,,
,4848928#9,,-261368286#3,543209655#1,,,-30949704#0,,
,-145402277,,70944770#1,89418364#0,,,-706102508,,
,1158715735,,1261366105#3,34998006#2,,,-158177940#2,,
,4848911,,70794981#0,-89420431#2,,,-30919469#1,,
,342481201#8,,1057050910#3,-89240082#2,,,-436048949#3,,
,203301448,,365706961#1,1177605681#0,,,-98593775#1,,
,-172665593#0,,-44886562#0,228766720#1,,,-304727814#2,,
,968060910#5,,88083347#4,89420435#0,,,-152185706#0,,
,315233373#1,,-156938647,58706164#0,,,-98593737#2,,
,884274229#2,,161392518#0,-47072157#0,,,158177939,,
,25824165#1,,671522408#3,301494973#2,,,-1284303462#1,,
,44049166#3,,156919937#2,-55686075#4,,,-30948214#3,,
,40969594#0,,-156919888#5,31887176,,,43322798#1,,
,548908719,,746884464#0,46982301#7,,,-91899427#1,,
,548908717,,-88083349#5,584343267#2,,,152185720,,
,-139718226#0,,-208649513#10,-543054885#0,,,648488815#4,,
,240388169#0,,156919888#7,328531782#0,,,304727835#0,,
,-69963032#2,,-154253469#2,-91854875#2,,,71366316#1,,
,525276670,,156919937#1,536520674,,,706102496#3,,
,33847144#3,,71470190#3,-89240074#0,,,960810619#0,,
,856631371#20,,168663961#3,34951154,,,1024120793#0,,
,39520581#0,,749829569#7,-571930272,,,-127518236#0,,
,660988514#1,,70610417#0,89430685#1,,,-43051364#1,,
,139718209,,-262334435#2,-89419196#1,,,260425589,,
,342481201#12,,313849721#1,72463851#1,,,-31297682#3,,
,47025799#4,,792462092#2,178757945#0,,,23243743#3,,
,271720622#1,,71470195#1,460851984#7,,,810145521,,
,568498791#0,,148642786#3,89185075#0,,,51843919#5,,
,319196850#2,,70794980#0,85568120#7,,,154723062#1,,
,4848932#6,,-1057050913#1,48788423#3,,,157050775,,
,759287234#0-AddedOnRampEdge,,161392595#1,460851984#3,,,-148642770,,
,856631371#18,,261368286#4,228056313,,,669098840#2,,
,-147812381#5,,-261324434,458283475#2,,,-314088440#2,,
,271720637#0,,-120588503#0,458283475#5,,,1284307159#0,,
,1009766031,,744892450#1,328531828#2,,,70509860#0,,
,97685754#2,,-23243740,544340291#2,,,-56241383,,
,798844785,,71488888#2,81606324#1,,,31047303#1,,
,24487306#1,,-31303247#0,543054883,,,-70610410#0,,
,856631371#21,,116436279#0,149415593#0,,,154027538,,
,39521349#0,,228056325#0,463284094#4,,,148642793#0,,
,968060910#6,,190433608,89420434,,,-154971175#3,,
,39629578#8,,208649513#6,55686236#1,,,43100782#5,,
,760591655#0,,-23288386,-91854866,,,-126859159#2,,
,568498791#4,,304727900#0,52518334#1,,,154819598#0,,
,854239336#0,,23288277#2,-34951153#1,,,51843919#0,,
,651701877#1,,-70936554#1,91854874,,,-30948680#3,,
,191318898,,1257441179,220470668#1,,,156575077#1,,
,879780891#6,,23243742,536082140,,,319196848#11,,
,139085552,,104353087#0,89430684#2,,,-157366896#4,,
,150868751#0,,23243736#0,517927340#1,,,157058457#1,,
,538982927#0,,156919938#0,33050420,,,-127518258,,
,139718197,,24294873#0,-89234350#3,,,464084177#7,,
,667962675#0,,154800540,23260460#0,,,42305097#0,,
,342481201#6,,-70936552#0,264459843#7,,,156942442#0,,
,97685780,,103945938#0,181579860,,,436042880#12,,
,139718220,,34078512#2,91854877#2,,,150349479,,
,191324188,,88083336#0,-264459842#1,,,156575066#1,,
,4848928#10,,-228514822#7,-301494971#0,,,-70509859#0,,
,539237085#4,,23288277#3,33626782,,,31297782#2,,
,667962677,,-71488888#0,89213772#7,,,-57889595#0,,
,-968060910#5,,-24294871,48391175#1,,,312195002#3,,
,151329182#4,,-120469239#1,52517547#1,,,-114496998#2,,
,22730603#2,,-154253449#0,55686081#1,,,1284307158,,
,39520581#1,,228514822#6,41519033#2,,,312195005#0,,
,240595364#3,,1060226507#0,89206669,,,31297738#0,,
,39629578#12,,34078512#1,237528239#0,,,148642794#0,,
,-151313103#1,,88083349#3,-91216434#1,,,319185011#0,,
,-690198420#1,,154253456#1,1042122375#5,,,98593794#0,,
,1245147127#0,,161392507#1,-458283475#1,,,152185714,,
,240595361#1,,120588459#4,193618812#4,,,154458450#0,,
,44049166#1,,70936551#0,89430685#2,,,1024120799#0,,
,39168852#1,,71502569#0,-91854877#0,,,436048947#0,,
,151329184#1,,88956620#0,682712374#4,,,1055855909,,
,539237085#6,,1060235882,-91854885#0,,,154819743#1,,
,240595359#0,,228090234#1,-364080011#0,,,30919189#1,,
,43988828#2,,185216946,91854875#0,,,70324971#5,,
,151329182#2,,-30841649#1,89219852#0,,,-99702562#1,,
,-147812381#12,,-23288277#0,301494971#2,,,51843919#11,,
,734897654,,163816326#0,24060958#15,,,464084172#9,,
,-319196859,,-679653135#1,43991628#1,,,312194996#1,,
,839784837,,-1144401621,43550256,,,1055857400,,
,539237084#5,,46655426#0,364080011#3,,,59262037#5,,
,46869642#0,,89477498,-89419986#3,,,55943333#1,,
,97685619#0,,-44884989#1,-141597712,,,198929895#2,,
,172665597#1,,70350393#2,458842531#0,,,156575077#4,,
,760933236,,261321460#0,24024045#14,,,878619666#0,,
,895804511,,120469241#1,91854865#0,,,199311778#8,,
,-660988514#1,,-208649513#5,682262115#6,,,-154971175#1,,
,-139718209,,-1057054858#0,199311794#19,,,1011347580#2,,
,27695604#0,,-70350388,89216424#0,,,70610406#2,,
,942581084,,59262035#0,1042122375#8,,,436042880#8,,
,22730603#0,,749869680#1,-89420436#1,,,436042884,,
,97685613#3,,-44886564#1,509241395#0,,,1024120796#2,,
,1025991803#0,,266525174,-1039902221#2,,,154819713,,
,139085561#0,,266525183#1,32122590,,,114496980#0,,
,39629578#9,,-161392598#1,-154093154,,,126859160#0,,
,-1245147127#2,,185216943,34998006#0,,,30919524,,
,39168795,,154253470#2,43550983#0,,,155046189,,
,151313103#0,,261368286#5,24024042#0,,,30949704#2,,
,879780891#5,,71470190#0,1301094954#1,,,30949704#1,,
,1165717957#1,,-155035371,509241395#3,,,154082984#4,,
,1112063970#1,,-1144401620,199311794#13,,,148642793#3,,
,27695604#3,,161392555,-35777909#5,,,43100782#3,,
,-665702983,,365706946#0,264459843#0,,,148642796#5,,
,27695604#10,,120588503#6,-463284095#1,,,154082986#1,,
,39629578#7,,161392551,193618812#6,,,98593814#1,,
,-1070720648,,208649499#6,1119110193#0,,,372443876#4,,
,147812381#1,,31280557#3,89418355#0,,,-70509858#0,,
,69963036,,70794984#6,32812356#5,,,30952224#5,,
,459561641#0,,161392586#1,264459853#0,,,153792698#1,,
,240595361#4,,-70936554#0,1042122374,,,43051364#3,,
,1026056857#2,,-31035836#4,41519045#2,,,286703485,,
,147812381#10,,201348370,-89419196#0,,,-1023908217#0,,
,97685754#5,,744266431#3,89206671#1,,,98593807,,
,240595362#0,,-261324433#2,-33627771#1,,,-173185144#1,,
,4848930#0,,88561232#6,41519038#2,,,158177940#5,,
,261065064#0,,742072643,1054774756#0,,,-1258451874#2,,
,139718225#1,,-161392626#0,91686849#0,,,1023908216#0,,
,172665593#1,,792462092#3,-95399107#0,,,1056779413#0,,
,-191318898,,-161392518#0,-683454879#2,,,152185736#0,,
,27695604#4,,-671522408#3,-314210314#1,,,62332141#1,,
,4848928#7,,-71470213#3,89240082#0,,,-126859160#1,,
,904911911,,148642786#2,570457257#0,,,43051364#5,,
,968060910#0,,-156919888#7,1042122375#0,,,30950818#2,,
,196380141#6,,-871138585#3,53156654#0,,,1024128478#1,,
,151329185#2,,-70610417#0,254326632#1,,,156938673#1,,
,151329185#0,,228514822#4,52517546#1,,,-148642787#2,,
,319196861,,88083349#2,89430681#1,,,23243743#1-AddedOnRampEdge,,
,-139718220,,682712378,178757944#0,,,-126859160#3,,
,95277526#8,,88561232#5,199311757#1,,,156575056#4,,
,282055760#1,,154800507,172011556,,,30952224#1,,
,95277523#0,,-148642786#3,-264459843#10,,,-157360310,,
,97685763#0,,-58209110#1,58706164#3,,,-70509858#3,,
,97685613#0,,120588896#6,89419202#0,,,153792684#0,,
,139718215,,986505886#2,-89417144#1,,,-43322645#2,,
,45170509,,156919887#1,199311798#0,,,158177940#6,,
,726941894#1,,-161392595#1,91854885#1,,,-120531314#2,,
,968060910#4,,154253459,587067865#1,,,464084177#1,,
,-690198419,,70794984#4,-23260462#3,,,960810632,,
,690198421,,679937858,32130055#2,,,98593764#5,,
,45242995#2,,744892450#0,265271590#0,,,-156575080#1,,
,-139718219#1,,154253452#1,-89234087#1,,,158808588,,
,736973905#0,,-154253469#1,-170598717#0,,,43322798#2,,
,151329169#1,,-116436279#0,75259453#0,,,30948214#1,,
,145402277,,24294874#0,34950625#4,,,1024125610#2,,
,33847142#0,,88083355,314210316#0,,,98593749#1,,
,95277526#9,,88956620#2,1127706328#0,,,960810622,,
,185937183#2,,-304727900#1,24989774#1,,,526781973#0,,
,1123082510,,-23288277#2,-72463466#1,,,153792689#2,,
,97685638#0,,23288278#1,47072157#1,,,148642781#1,,
,39520581#5,,-104353087#0,-156642443#1,,,-30948214#0,,
,-271720662#2,,185217008,43991628#0,,,-126859161#1,,
,240392370#2,,1057054858#1,89430684#1,,,30948680#4,,
,-44492913#0,,1229917617,264459842#4,,,-43322798#1,,
,271720622#0,,669100015#2,86867128#2,,,-1024128471#1,,
,879780895#1,,154253443,33625005#5,,,23243743#1,,
,151329182#1,,1261366105#0,531013210#1,,,-152185720,,
,172598650#4,,-154253470#5,580672559#3,,,319196854#0,,
,95274326#2,,-34078512#2,-23443416#0,,,-43097008#8,,
,342481201#3,,1057527743#2,1039902220#0,,,199311767#3,,
,97685619#1,,-88083336#0,41519045#0,,,-152185736#1,,
,-1026056858#1,,58209119#4,-34950844#5,,,-150349482#0,,
,45242995#7,,24294874#1,89418360,,,51843919#12,,
,-97685613#3,,1057054858#3,328531802#15,,,103751347#12,,
,27695604#9,,228076698#1,193618812#0,,,98593741#1,,
,440392835#3,,157296587#1,58706164#2,,,31297782#0,,
,139718224,,-228514822#6,34950728#0,,,464084172#8,,
,43988828#1,,304727900#2,866351232#1,,,-43097008#9,,
,-151313103#0,,-34078512#1,-536520674,,,154971175#4,,
,240595358,,-161392519#3,33549498#1,,,196629130,,
,894991906,,-71470213#6,75259451#0,,,312195005#6,,
,69963032#2,,-154253456#1,72463458#6,,,42305097#4,,
,1103811024,,103945938#4,89430678#2,,,103751347#5,,
,879780895#0,,-161392507#1,543054885#2,,,31297682#0,,
,47025799#0,,685193060#0,91730169#0,,,120531314#4,,
,151329169#4,,749829569#5,753544147#1,,,156575070#5,,
,240595364#1,,669100015#3,33640794#6,,,-43100782#7,,
,-147812381#2,,70364449#10,301494971#1,,,150349482#1,,
,660972501#1,,-120588459#4,46982301#1,,,41527657#0,,
,40969594#1,,161392586#0,33627853#0,,,43724391#0,,
,-1025991805,,-31280270#0,89419986#2,,,27727758#0,,
,-151313102,,34078513#1,-458283475#7,,,648488815#0-AddedOnRampEdge,,
,879780891#2,,693896095,-543054883,,,157366896#0,,
,39169198,,185217013#1,178757956#0,,,71366317#0,,
,139718227,,-1229917614#9,328531802#10,,,-70509857#1,,
,319196850#0,,-1080435559,-89420434,,,-157058457#1,,
,139085558,,1057054856#1,47072156,,,-135838552#0,,
,265068939#1,,228514822#2,-52518334#2,,,157366892#3,,
,97685638#2,,23217864#1,34951229#0,,,-156942442#2,,
,1165717958,,-1056779405,-91854874,,,1258453170,,
,856631371#19,,749869680#0,34949380#4,,,1257133855#0,,
,459561639#1,,-185216947#0,89430676#1,,,98593737#3,,
,69962700#0,,88083347#2,-1039905092#0,,,-55886805#4,,
,95277528#1,,-23288277#1,-264459843#7,,,156938654#4,,
,257233103#2,,31280557#1,682712374#3,,,-126855563#1,,
,441654722,,185216948,33118876#0,,,-1284307158,,
,69963044#3,,671522408#2,736550490#0,,,156575077#8,,
,271720666#0,,-616560955#3,220470666#1,,,-154819598#1,,
,760752371#3-AddedOffRampEdge,,70936546#3,220470668#0,,,-31297738#0,,
,95274326#0,,-261321460#0,91854853#2,,,1257133851#0,,
,95274326#1,,744266431#5,85568120#0,,,-319185011#0,,
,33847144#7,,-120588503#5,264459845#0,,,878619655#1,,
,39629578#5,,-139116576,1021351340#2,,,154458450#4,,
,440392835#5,,120469239#0,-55686195#4,,,120531314#1,,
,929013754#2,,115591852#3,-91854870#0,,,126859159#0,,
,185937183#2-AddedOnRampEdge,,261480762,41260712#2,,,158177940#7,,
,-690198420#0,,58672755#2,576811475#0,,,43724405,,
,856631371#17,,168663960#4,552744245,,,154458450#3,,
,95274326#3,,163816326#2,254326632#7,,,154084101#0,,
,97685642#0,,71470226,593986983,,,-1258451874#1,,
,240595361#2,,116436239,89419987#0,,,31297551#1,,
,-33847142#0,,23298951#0,686373007,,,150349482#2,,
,69963046,,1057527743#4,31887159,,,-156942465#2,,
,97685754#1,,88561227,-24060958#17,,,-1284303462#0,,
,98855704,,-266525183#1,458673382#4,,,43101595#0,,
,39520581#3,,71470210#1,41260712#0,,,98593749#3,,
,862139022#1,,70350393#4,-1144431725,,,-126859163#1,,
,196380141#2,,45018631#3,-458842531#2,,,304727921,,
,342481201#2,,104353087#4,23260460#2,,,30949727,,
,139085562#2,,-154253470#2,-254326644#0,,,-1024120796#3,,
,172598640#2,,70936552#2,562912001#4,,,154082984#0,,
,46869645#1,,70350396#4,572864358#0,,,-154819713,,
,837311012#0,,-161392555,254326649,,,-30919524,,
,147812381#6,,-174022637,254326654#4,,,154082984#4-AddedOffRampEdge,,
,269150840#0,,185216944,-264459843#1,,,98593737#0,,
,319195388#0,,197530527#2,91854839#1,,,-43100782#4,,
,265068934#0,,-70794984#7,-89418355#0,,,-148642793#3,,
,723855277#1,,-88561232#6,918334710#0,,,-126855579,,
,151313103#1,,156575055#6,91216434#2,,,1055855907,,
,690198420#1,,1060235884,48391239#2,,,98593749#2,,
,269150813#4,,-1144401619,254326623#0,,,-148642796#6,,
,97685763#1,,616560955#1,264459825#5,,,58070987,,
,150868751#5,,616560955#2,-866351232#3,,,30952224#0,,
,240392412,,-648082983#1,544812705#2,,,148642777#0,,
,95277528#0,,154253470#1,48788423#1,,,58686246,,
,185937183#0,,190552057#1,23260460#3,,,31297682#4,,
,147812381#11,,-197665252#1,-89240082#1,,,-43051364#3,,
,95277526#1,,88561232#1,81606324#4,,,71281733#1,,
,319196859,,161392543,1177605681#4,,,1023600527#0,,
,196380141#0,,154253434#1,328531828#5,,,148642781#0,,
,151329169#7,,1057527741#4,48391175#3,,,1273185319,,
,922026090#2,,-148642786#2,-46982284#1,,,-1023908216#0,,
,929013754#0,,24294873#1,-181579907,,,31297738#3,,
,-1245147127#1,,-154253469#3,33656107#0,,,1273185318#2,,
,-39169198,,-88083336#1,91854880,,,1024102270#1,,
,342481201#0,,-1060235883,460851984#5,,,156942465#1,,
,-139718227,,671522408#4,24024046#2,,,148642769,,
,1245147127#2,,-88083349#2,544340290,,,518647368,,
,45242995#0,,685193060#2,24060958#4,,,30948680#2,,
,275430765,,-679653135#0,-172011556,,,55949732#1,,
,319195388#5,,88083348,170598717#1,,,43100782#2,,
,47025799#3,,-154800507,254326632#4,,,1056397449,,
,342481199#0,,1057054858#6,-254326644#2,,,-135838552#3,,
,665702983,,-986505886#2,653717627#0,,,1237946796#1,,
,1132178318#3,,669100015#0,-89419202#0,,,-43101595#2,,
,895804510#1,,-154253459,-254326631#1,,,135838552#5,,
,879780891#0,,-70794984#4,542264756#2,,,42305097#2,,
,151329182#0,,-185216966,956159236,,,148642796#2,,
,240595360#1,,-746533317,-24060958#14,,,-30952224#1,,
,-883261858,,71470177#4,89419992#0,,,98320320,,
,203179926#0,,154253438,277789325#3,,,154458437,,
,69963031,,-30841649#3,458673382#6,,,-153792684#2,,
,172665586,,-88083355,580672559#2,,,-1023912413#1,,
,1170978440,,1279886348,581953131#1,,,312194999#3,,
,-97685613#2,,44886562#0,89430674,,,30946041,,
,-97685613#1,,30841649#9,254325082,,,1186502809#0,,
,69963039#3,,545585643#0,682262115#3,,,-41527657#3,,
,4848928#5,,154253444,91854811,,,1067778049,,
,734696705,,156919888#5,-1039902220#2,,,158806764,,
,151329185#1,,88083349#5,265271575#0,,,135838438#2,,
,1245147126#0,,-154253443,-82624905#0,,,-30948214#1,,
,798844784#0,,103945938#2,254326637#4,,,30947123#2,,
,95277526#4,,-88083349#8,682262114#0,,,648488816#6,,
,319196850#4,,154253469#2,-543054885#3,,,436048957#0,,
,759508060,,88956628#0,23443416#2,,,70330618,,
,568498791#2,,1057050905#1,-458842531#8,,,436048951#0,,
,539237084#3,,156919888#6,648175930,,,99702521#0,,
,240595360#0,,154253434#2,-89420431#0,,,1258453171#1,,
,282055763#0,,-46655387#0,33118881#2,,,-526781973#0,,
,22730601#0,,120588459#2,254326626#0,,,-153792689#2,,
,665702982#0,,-746533321#3,72463457,,,-148642781#1,,
,151329169#0,,1057050913#1,-75259451#1,,,-319196848#13,,
,261065065,,679937856,265271590#2,,,198929893#3,,
,97685661,,31280557#6,228766720#2,,,55886812#0,,
,-147812381#9,,-685193060#0,-458283475#9,,,381697485#0,,
,27695604#7,,261324434,91534582,,,-70610406#1,,
,27695605#1,,88956627,91854864,,,43680733,,
,240595361#5,,-156919888#0,85568120#8,,,62332142#1,,
,242897862#1,,120588503#0,552131809#1,,,98593789#2,,
,97685728#2,,365706946#0-AddedOffRampEdge,264459842#2,,,198929895#0,,
,690198419,,-693896095,91848828,,,76187053#1,,
,39521349#1,,23243740,199311782#0,,,-1024102266,,
,33847144#1,,31303247#0,-55686195#2,,,157366892#0,,
,680788592#0,,-261324433#3,91854885#2,,,71366317#9,,
,139718219#1,,-154253463#0,-301494971#1,,,27727791#7,,
,1070720653#0,,1057054855#0,-1133878589#4,,,956136645#1,,
,-139082447,,45664134#3,81606325#1,,,-31297738#7,,
,440392834#0,,-161392518#8,48391166#1,,,30952224#8,,
,723856284,,1060226506#0,33118876#1,,,312195005#9,,
,759379782#7,,70936554#1,-254325089#1,,,648488815#0,,
,39629550#4,,-115591840,199311798#5,,,-43680741#0,,
,271720662#0,,88561232#7,89419740,,,-319196848#8,,
,44492913#0,,-88561232#3,199311782#4,,,-154971175#5,,
,680788592#1,,161392615#0,41937512#1,,,-99702521#3,,
,342481201#9,,-671522408#2,-665999473,,,1186502809#2,,
,4848928#8,,-70794980#5,-545973314,,,71281735#2,,
,69963044#0,,743631281#3,47072157#0,,,156575077#3,,
,203572466#0,,46655427#1,55686075#3,,,-41527657#2,,
,139085561#1,,24294870#10,-365354843,,,436048947#9,,
,4848928#1,,-286703477#0,-72463458#2,,,-120531314#4,,
,-69963032#0,,120469241#0,91854831,,,-1024115416,,
,548908718,,71488888#0,301494972#0,,,-31297682#9,,
,-275430765,,24294871,-91854853#2,,,-199311778#2,,
,580847357#4,,-154253449#1,447922896,,,-157366896#1,,
,39521243,,-261480762,91854875#2,,,27727791#4,,
,43988828#3,,120588896#4,542264756#3,,,199311765#6,,
,139718199,,71470195#2,89240074#0,,,98593764#0,,
,139085562#4,,154253449#0,32812345#0,,,30949704#0,,
,271720704,,-746533321#4,571930272,,,154458468,,
,1245989819,,156575055#8,34951053#0,,,706102508,,
,25824161#0,,148642786#0,542264756#0,,,158177940#2,,
,151313102,,1237936906#1,584343267#0,,,43097008#1,,
,39169192#0,,24294870#6,254325084#0,,,30919469#0,,
,97685754#3,,-1260445648#0,53156654#1,,,436048949#2,,
,894991909#3,,31280557#5,517921702#1,,,304727814#1,,
,265068937#0,,1259423448,91854853#0,,,-154824101#0,,
,-734696705,,-70936552#2,41519033#4,,,-1258453170,,
,718432414,,-746533321#2,-75259451#3,,,98593737#2,,
,46869645#2,,30841649#0,265271584#0,,,154819636#0,,
,929013756#1-AddedOnRampEdge,,197530515#1,34998006#9,,,103751347#10,,
,97685728#1,,679653135#1,1042122375#1,,,-57889595#3,,
,39629431#2,,1057527740#2,-32812321,,,-55670063#0,,
,151329169#3,,-616560955#2,-75259451#5,,,30948214#3,,
,606147470#1,,960810633,-463284093#0,,,1284308176,,
,4849049,,197530515#2,237528239#4,,,126855545,,
,1026056857#4,,685193060#1,91854866,,,319196855#2,,
,95277526#10,,-702450016,91017767#2,,,154027557#1,,
,760752371#3,,184314060#0,258303760#0,,,43051364#1,,
,33847144#8,,-71502569#4,-254326649,,,706102496#2,,
,1132178318#0,,88956624#1,-265271589,,,31297682#1,,
,40969585#0,,-70794984#0,81606324#5,,,319197093#0,,
,139085562#1,,-671522408#5,-34951246,,,260425575#1,,
,46869645#3,,71470185#1,91854859,,,98593789#0,,
,47025799#2,,986505886#3,46982274#2,,,156575077#5,,
,315233373#2,,208649513#4,280266451#3,,,-56240930#0,,
,690198420#0,,1057054856#0,196314946,,,-120531314#1,,
,-904911912,,156575055#9,149415584,,,-126859159#0,,
,4848928#3,,91096669#6,89234350#2,,,-158177940#7,,
,-69963032#3,,-671522408#4,-918334710#1,,,1055857388,,
,99591224,,1057050910#1,264459842#0,,,148642770,,
,680788592#2,,-685193060#2,89419198,,,154458464,,
,315233373#0,,156919888#3,-254326623#0,,,314088440#2,,
,538982927#4,,-88083348,81606324#2,,,56241383,,
,196380141#4,,-70794984#5,543209655#2,,,98593775#0,,
,39629578#13,,266525183#0,-516537246,,,1023600527#2,,
,4848932#4,,161392598#1,199311794#4,,,154971175#2,,
,879780889,,-148642786#4,-23260460#3,,,-1024100296,,
,240388169#1,,-23217864#0,254325088,,,-98593749#3,,
,69963039#1,,-161392513#4,332390573#1,,,43680742#3,,
,319196850#6,,-120588896#1,91216434#1,,,30948680#3,,
,895804510#2,,45664134#0,-89828152#1,,,312195005#8,,
,879780891#4,,-1237936908#1,-570457257#2,,,1257133851#2,,
,539237086#2,,154253448,32812366#3,,,157366896#2,,
,759379782#4,,208649513#3,91854885#0,,,-43099711#3,,
,929013758#2,,-88083349#7,-217860244,,,-43680742#2,,
,660988514#2,,261324433#2,254326637#0,,,1011347576#0,,
,39629550#1,,-154253438,22720674#0,,,-1055857401#0,,
,440392835#2,,70350396#3,-89418356#1,,,-58070987,,
,47025799#5,,161392626#0,32122515#3,,,96828486#1,,
,459561640#0,,71470210#0,-55686075#2,,,198929893#2,,
,-139718199,,-154253444,277789325#6,,,-148642777#0,,
,895804510#0,,71470213#2,-24060958#4,,,70353937#2,,
,-1070720646#1,,-103945938#3,-170598717#1,,,-148642796#0,,
,257233099#0,,742072642,52517546#0,,,148642771#1,,
,33847144#4,,871138585#2,89419986#3,,,-58686248#1,,
,538982927#6,,-156919888#6,91854885#4,,,70509859#0,,
,139085562#3,,115591852#0,-653717627#1,,,156575070#3,,
,1245147127#1,,-154253434#2,141597712,,,199311764#0,,
,27695605#2,,71502569#9,199311794#0,,,57889595#0,,
,342481201#7,,-120588459#2,328531790#3,,,198929895#1,,
,319195387#2,,58209110#1,23753878#0,,,44308179,,
,59263148#0,,103945933#0,1133878589#0,,,114496998#2,,
,440392835#0,,-679937857,89420436#1,,,-43101595#5,,
,319195388#3,,70794980#4,89419989,,,-960810617,,
,879780893,,669100015#4,89206672#2,,,-31297738#5,,
,172598650#3,,154253469#1,34949380#6,,,198929893#4,,
,942581083,,-88083360,1039902221#0,,,-1273185318#3,,
,651701877#0,,-70936554#2,292495150#1,,,55670063#1,,
,160074527,,-887406167,-33118881#1,,,1024125610#1,,
,4848932#8,,-161392620#0,154093154,,,71359525#2,,
,172665597#0,,-88937127#0,89185075#5,,,-156942465#1,,
,39520581#2,,116436274#1,-1104675206,,,312194999#1,,
,33847143#1,,-88561232#8,540722039,,,1258451875#0,,
,-147812381#0,,-161392615#0,33050418#2,,,-148642769,,
,44049166#5,,31280557#0,89419990#0,,,-135838552#1,,
,97685642#1,,-154253456#0,503056675,,,99702562#0,,
,539237085#0,,-120588503#4,35777909#1,,,-1024120794#1,,
,718432415#0,,190433604#1,958537535#6,,,58686258#4,,
,97685613#2,,154253470#5,-89430674,,,154458450#1,,
,680788592#4,,161392595#3,463284095#0,,,-43100782#2,,
,97685613#1,,1257221457,328531790#7,,,-135838552#5,,
,580847357#1,,116436274#0,264459821#0,,,199311767#0,,
,459561641#0-AddedOnRampEdge,,-120469241#0,89419196#0,,,-148642796#3,,
,95274341#0,,-34078514,89213772#6,,,31047303#6,,
,151313104#1,,-871138585#4,33640794#8,,,956136646#1,,
,319195387#9,,71470177#0,254326637#5,,,436048947#2,,
,39520581#4,,70944770#0,683454879#0,,,154027637#0,,
,539237084#4,,45664134#2,542264756#4,,,-157366894,,
,59266960#3,,71470190#18,24060958#2,,,-43322650#2,,
,929013756#0,,-88083349#4,1019987802#3,,,372443876#7,,
,139718208,,-120588896#5,89430685#3,,,30956014#0,,
,883261848#0,,-44886562#2,34950625#3,,,1257133857,,
,929013755#1,,161392519#3,89418364#1,,,436048949#0,,
,39169192#1,,-148642786#0,-23260462#4,,,436042882#0,,
,240595361#3,,71470213#6,-33118881#2,,,148642787#0,,
,151313104#0,,-70794980#7,682262118#0,,,43097008#4,,
,39629550#3,,70936546#4,471186044,,,-99702521#0,,
,39629550#0,,31280270#0,34950625#2,,,103751347#9,,
,760933235,,1229917614#3,47072152#1,,,154027637#1,,
,95277526#12,,154253462#2,89430672,,,96828486#5,,
,319195387#4,,-58209110#3,446301624,,,1258451874#3,,
,95277526#3,,-749995746#0,23753878#1,,,120531314#3,,
,-660988514#2,,951228305,-55686275,,,-381697485#0,,
,680788593#1,,1056779405,-91854864,,,1258451874#2,,
,1103811023,,-71470213#4,-91534582,,,-1055855910,,
,342481197#1,,566057084,89430680#2,,,-43097008#3,,
,139082447,,185216947#0,-141597714,,,-76187053#1,,
,-158180857,,23288277#1,89430678#0,,,960810628,,
,39629578#0,,168663960#0,264459843#10,,,304727814#3,,
,39629431#0,,1080759180#9,-264459842#2,,,-290874174#5,,
,33847144#0,,71470185#0,-199311782#1,,,199311765#0,,
,282055760#0,,669103389,-89420432#0,,,436042880#5,,
,203572499,,749829569#8,89417144#1,,,135838552#6,,
,139718219#0,,-70639085#4,328531828#6,,,772804658#0,,
,760752371#0,,190552057#4,23260462#3,,,436042879#1,,
,884274229#4,,-88083349#1,438080424#0,,,1023600527#3,,
,1025991803#1,,-685193060#1,301494973#0,,,-706102496#0,,
,-139718226#1,,-266525191#2,170598717#0,,,312195003#4,,
,1158715738#1,,616560955#3,469105035#0,,,-148642777#1,,
,759379782#2,,1057054858#4,89430678#1,,,-43097008#6,,
,88690557#1,,-161392518#2,156642443#0,,,1011347575,,
,894991909#4,,120588503#5,-217858092,,,148642787#2,,
,69963039#2,,139116576,517921702#3,,,759086770#0,,
,929013763,,-228076698#0,471186043#0,,,464084177#8,,
,95277526#5,,286703487#1,682262115#0,,,-71281735#3,,
,606147470#0,,-230293774#1,328531825#2,,,70330619#1,,
,651701877#2,,1028619488,23443416#0,,,58064598#0,,
,1245147126#1,,31280557#9,956154645#0,,,59262037#0,,
,139085561#2,,45018631#0,-1133878590,,,120531314#2,,
,69962700#1,,-44886562#1,199311798#2,,,43322798#3,,
,760734685#3,,-749995746#1,34950844#4,,,-156942465#3,,
,4848928#4,,1057050907#2,-72463458#1,,,878619655#0,,
,172598650#1,,-104353087#3,-89418355#1,,,154082984#1,,
,736973905#1,,-156919888#4,49683444,,,-27727791#6,,
,932390016#1,,154083062,89417153,,,154458459,,
,676291217#2,,190552056#2,-301494972#0,,,464084172#6,,
,4848932#0,,-266525183#0,-447922896,,,199311778#6,,
,-651701877#0,,91096669#4,-91854875#1,,,-43097008#1,,
,539237084#1,,24294870#5,47127860#1,,,154027661#0,,
,929013756#1,,-208649513#3,543209655#4,,,-120531314#0,,
,282055760#3,,871138585#0,-85568111#0,,,464084172#4,,
,243268914#0,,744698554#2,-34951053#0,,,-154819636#1,,
,139718225#2,,-201348372,89216424#1,,,-173185145#5,,
,539237085#2,,1144401619,-1025830855#1,,,-148642787#1,,
,44049166#4,,44886564#3,32812356#1,,,30948214#0,,
,97685735,,648082983#1,-543055421#1,,,-30919189#0,,
,968060910#3,,349459713#2,-254326652#0,,,126859161#1,,
,-240595359#1,,197665252#1,-91854853#0,,,-30952224#2,,
,879780894,,103945933#2,52924701#0,,,70509860#1,,
,4848928#0,,161392595#2,-254325085,,,1024128471#0,,
,883261847#4,,-71470210#0,-265271584#0,,,30919189#2,,
,667962675#1,,30841649#4,48391166#0,,,173185147#1,,
,151329184#3,,-261324433#1,32122517#1,,,1062056472#2,,
,97671348#1,,156344565,-89430683#0,,,126859151,,
,95282572#5,,-88561232#0,91848892,,,43097008#8,,
,178899419#1,,-174022595#0,89185075#3,,,114496981#0,,
,95396808#2,,154253469#3,1042122375#3,,,286703476#0,,
,257357807#1,,88083336#1,682262110#3,,,-706102496#2,,
,-95274339#1,,-161392557,460851984#1,,,152185736#1,,
,335539639#2,,1060235883,277789325#0,,,150349482#0,,
,-97671375#1,,-71488888#1,95399107#1,,,-319197093#1,,
,97671348#2,,58672755#0,47072155,,,-57872683#0,,
,46151431#4,,-71502569#12,-91854859,,,-98593789#0,,
,178899418#0,,227968024#1,517927340#2,,,199311765#3,,
,273211078#2,,71470190#17,-24060958#12,,,158177940#1,,
,157296589#1,,-70794980#4,1039905092#0,,,43097008#9,,
,46151431#0,,986505887,701150074,,,31047303#2,,
,95396794#1,,-228090234#0,-196314946,,,43097008#0,,
,257357819#3,,116436279#1,89430686#1,,,157058468#3,,
,-97672287#2,,-88937127#1,-254325088,,,148642784#3,,
,-95282572#7,,-161392595#0,55686195#4,,,155035384,,
,97671336#0,,70794980#3,681548654#1,,,55886812#1,,
,-95396805#0,,185216975#0,91854870#0,,,-98593775#0,,
,257357819#0,,185216966,254326646#2,,,878619659#0,,
,95282572#6,,746533317,220470666#0,,,-1024100281,,
,335539639#3,,156919887#0,23260460#4,,,30948214#2,,
,46151425#1,,30841649#2,-91854885#4,,,-43680742#3,,
,368086015#6,,154253434#3,562912001#3,,,70509857#1,,
,95282584#2,,-70936552#1,48391175#2,,,148642784#2,,
,368086014,,23313775,85568120#6,,,-154723062#0,,
,97672288#2,,161392564,193618812#7,,,135838551,,
,-97672287#1,,-44886563,-1133878589#1,,,-127518255,,
,178899417#4,,120588459#1,254326644#0,,,148642797#0,,
,97671481,,702450013,574761079,,,956136645#5,,
,-97672291#1,,120588691#0,48788423#0,,,43680742#1,,
,95396808#1,,88083349#8,264459839#1,,,-148642771#1,,
,178899417#1,,-190433604#1,85568120#5,,,126855563#0,,
,97672294#1,,-161392595#3,149415589,,,199311778#3,,
,22562788#0,,-1257221457,531013210#2,,,-1126340239#2,,
,-46151425#0,,1060226511,41519033#0,,,-70509858#2,,
,95282584#0,,960810636,,,,43724393#0,,
,257357807#0,,1256063070#1,,,,55886808,,
,97672287#0,,31280270#1,,,,464084177#3,,
,-273211103#5,,46655387#0,,,,157058455#11,,
,178899417#2,,70364449#3,,,,98593793#0,,
,95396808#0,,-161392610,,,,-31297738#1,,
,46151435#3,,746533321#3,,,,154819598#1,,
,95396830#0,,-70794984#2,,,,70509855#3,,
,95396794#2,,-190552056#1,,,,464084177#6,,
,46151432#0,,157296585#0,,,,-71284538,,
,97671352,,744698554#0,,,,648488815#1,,
,97672285#1,,-23288278#0,,,,648488815#2,,
,-46151431#2,,154253457#0,,,,114496980#8,,
,-178899417#0,,154800556#1,,,,464084181#3,,
,46151435#8,,103761128#1,,,,436048957#2,,
,-95282572#6,,-70936554#5,,,,436042880#3,,
,97672292#0,,-23288277#5,,,,-43322645#3,,
,97672283#2,,-154253462#2,,,,1023908212#0,,
,-178899417#4,,261324433#3,,,,-436042881#2,,
,-97672283#1,,154253463#0,,,,156942465#2,,
,97671381#0,,70936552#4,,,,156575075#1,,
,-97672286#1,,-951228305,,,,1284303462#0,,
,97672293#1,,161392615#2,,,,98593753,,
,178899417#5,,-616560955#0,,,,126859163#1,,
,168663972#5,,161392518#7,,,,1011347581,,
,178899421#0,,1060226507#1,,,,-154027637#0,,
,-178899417#3,,-46655425,,,,98593820,,
,178899419#2,,-161392507#0,,,,43099711#3,,
,95396769#0,,24294870#3,,,,-152185706#1,,
,-335539639#4,,115591840,,,,98593775#3,,
,199152211#3,,88561232#2,,,,-793145062,,
,97671395#4,,154253469#4,,,,-148642788#1,,
,-97672287#0,,-669103389,,,,31297551#2,,
,-97671473#2,,266525226#1,,,,-436048949#0,,
,-95396805#1,,70794980#5,,,,126855579,,
,95396827#0,,744266431#2,,,,-148642787#0,,
,97671410#2,,-71502569#6,,,,-43097008#5,,
,97671336#1,,-1057054858#4,,,,156575070#2,,
,97672281#0,,24294873#2,,,,-43321686#1,,
,95396794#0,,1028619490,,,,-148642793#2,,
,97671381#1,,-161392616#0,,,,114496980#4,,
,179260409#3,,744698554#1,,,,-878619657,,
,95396769#1,,-28063955#2,,,,103751347#4,,
,-273211103#6,,751972892#1,,,,-154027637#1,,
,-95282572#3,,154253449#1,,,,-1258451874#3,,
,95396853#4,,156919938#2,,,,-120531314#3,,
,-97671352,,1057054858#2,,,,70509855#4,,
,97671375#1,,1229917616,,,,154082984#5,,
,178898388,,746533321#4,,,,70330619#3,,
,-97671473#1,,45018631#7,,,,-304727814#4,,
,46151435#6,,-742072640,,,,1010964742,,
,97671336#3,,161392508,,,,30948680#1,,
,-97672288#3,,986505885,,,,-148642771#3,,
,97671336#2,,1261366106#0,,,,59262037#4,,
,-97672283#2,,-154083062,,,,759086770#4,,
,-178899417#5,,-190552056#2,,,,156575105#0,,
,179260409#2,,749829569#6,,,,198929894#0,,
,97672287#2,,47120880,,,,-135838552#6,,
,97671471#3,,-228076698#5,,,,135838552#3,,
,95282572#7,,746533321#1,,,,1257133850#0,,
,95282584#3,,-31277568,,,,43101595#1,,
,97672292#1,,1237936904,,,,98593775#4,,
,97672281#1,,-46655387#2,,,,43322798#5,,
,257357819#2,,-871138585#1,,,,-71361922,,
,-46151431#6,,1256063071#1,,,,-58064598#1,,
,604041501,,-44886564#4,,,,1023912413#0,,
,97672291#1,,197530527#0,,,,55887208,,
,97672290#0,,70350401,,,,-43322798#3,,
,-157279305,,-161392595#2,,,,41527657#3,,
,-97671410#2,,70364449#0,,,,126859148#0,,
,-273211103#2,,702450016,,,,1265530081#0,,
,273211103#5,,24294873#4,,,,312195003#2,,
,97672294#0,,-30841649#6,,,,31047303#3,,
,46151435#5,,-986505886#0,,,,-43097008#2,,
,-97671375#0,,746884464#2,,,,-199311778#7,,
,97685751#0,,71502569#4,,,,27727791#1,,
,97671395#1,,70794984#0,,,,-1024102268,,
,95396830#1,,71470185#6,,,,-154027661#0,,
,95396848#0,,671522408#5,,,,96828486#2,,
,58704022#5,,70350393#3,,,,-98593736#3,,
,335539639#1,,669100015#1,,,,114496980#7,,
,97672288#1,,-58672755#0,,,,319196848#12,,
,46151431#2,,313849721#0,,,,156938673#0,,
,178899417#0,,104353087#2,,,,99702562#2,,
,97672294#2,,70794984#5,,,,-31297738#9,,
,97671460,,148642786#4,,,,397645478,,
,-97672292#1,,23217864#0,,,,878619655#2,,
,97671390#3,,1060224075#1,,,,120531314#5,,
,46151435#4,,-116436279#1,,,,70610406#1,,
,95396846#1,,161392513#4,,,,1024102266,,
,-95396805#2,,120588896#1,,,,-1024102269,,
,-604041501,,-70794980#3,,,,1062056471#0,,
,97672285#0,,-185216975#0,,,,-126859163#0,,
,97672283#1,,23298949,,,,156575070#6,,
,97672286#1,,88083349#7,,,,-91899427#4,,
,178899417#3,,208649513#0,,,,31297738#6,,
,335539639#4,,-228090234#2,,,,-71359527#3,,
,46151435#10,,-154253434#3,,,,-1024120796#0,,
,97672290#1,,792462092#1,,,,98593799#0,,
,95396781#3,,1060235885,,,,-158177940#1,,
,97671473#2,,-161392564,,,,-30952224#3,,
,95396805#1,,1229917612#0,,,,56240964#2,,
,257357805#1,,-120588459#1,,,,319196848#8,,
,97671471#1,,-88956622,,,,-148642772#0,,
,95396853#1,,1261366104#1,,,,99702521#3,,
,95396853#3,,1060226510,,,,-304727814#0,,
,273211103#7,,1057527743#1,,,,98593803#1,,
,97671395#7,,-71502569#3,,,,-43097008#0,,
,95396757#0,,227968024#3,,,,-28050206,,
,273211103#6,,749869682,,,,41527657#2,,
,95282572#3,,-648082983#0,,,,-266525226#0,,
,-335539639#1,,-208649513#14,,,,41184057,,
,-97672288#1,,88937129#0,,,,-30948214#2,,
,97672290#3,,185216971,,,,1024120795#0,,
,97671473#1,,-28063955#1,,,,31297682#8,,
,-273211078#4,,208649513#12,,,,199311778#0,,
,199152211#1,,951228304,,,,-148642784#2,,
,179260409#1,,70364448#0,,,,-173185144#0,,
,199152211#4,,-228514822#1,,,,47036733,,
,178899419#0,,70936546#1,,,,-71281735#1,,
,46151432#5,,744698554#4,,,,-148642797#0,,
,97685717#1,,58209114#0,,,,154824101#0,,
,95396853#2,,154253462#3,,,,53542680#3,,
,97672288#3,,-154253457#0,,,,57889595#3,,
,97671440,,-154800556#1,,,,55670063#0,,
,-95282572#1,,-154253470#3,,,,-43680742#1,,
,257357819#1,,23243736#1,,,,-126859161#0,,
,-95282572#8,,23313778,,,,-199311778#5,,
,97671395#2,,70936554#2,,,,70509855#1,,
,97671395#6,,88083360,,,,260425575#0,,
,97671346,,-70936552#4,,,,-43724393#0,,
,97685717#0,,887406167,,,,157058455#0,,
,97671390#0,,-161392615#2,,,,148642794#1,,
,46151431#6,,-228056325#2,,,,59262037#2,,
,97671395#3,,156919887#2,,,,683464859#1,,
,95396781#1,,161392635#1,,,,372443876#6,,
,157279305,,-746203451,,,,312195005#4,,
,-335539651#0,,88956628#1,,,,1023908216#1,,
,97672286#0,,88937127#0,,,,312195002#2,,
,273211103#2,,1259700450#0,,,,-706102496#1,,
,-95282572#0,,161392620#2,,,,157058371,,
,-46151431#5,,-161392518#6,,,,156575077#7,,
,97671375#0,,-154253469#4,,,,-1023908212#1,,
,-95282545#2,,154253456#0,,,,464084177#10,,
,-276139664,,-266525226#2,,,,1056781891#0,,
,97672290#2,,120588503#4,,,,464084181#1,,
,95282545#1,,190433614,,,,55886812#4,,
,95396781#2,,-58672755#1,,,,43724391#1,,
,178899421#1,,1261366105#2,,,,-98593775#3,,
,-97672293#0,,-154253461#1,,,,381697485#2,,
,-97671410#1,,792462092#4,,,,154819743#0,,
,-95282545#0,,227968024#2,,,,-319196848#9,,
,46151431#3,,230293774#2,,,,43680742#2,,
,97671348#0,,34078514,,,,-31297551#2,,
,97671395#5,,-120588896#3,,,,70324971#4,,
,97671381#2,,-1229917614#2,,,,436042880#16,,
,-97671473#0,,871138585#4,,,,148642796#0,,
,95396839,,88083349#4,,,,58686248#0,,
,95396827#2,,-1057054858#2,,,,312194995#1,,
,178899421#2,,-1229917616,,,,-43099711#2,,
,95396757#3,,-58209110#2,,,,314088440#0,,
,95396805#2,,44886562#2,,,,156575056#7,,
,335539639#0,,-70936552#3,,,,196629589#1,,
,-157279302,,154253460#0,,,,43101595#3,,
,199152211#2,,-161392508,,,,960810617,,
,95396848#2,,70794980#7,,,,-153792680#6,,
,-97672286#0,,-71470184,,,,98593801,,
,22562788#1,,-161392598#0,,,,1055857399,,
,95396853#0,,58209110#3,,,,157058455#10,,
,178899418#1,,749995746#0,,,,-30948680#1,,
,46151432#3,,1057527744#1,,,,135838552#1,,
,-97672291#0,,70364449#2,,,,669098840#4,,
,95396848#1,,1057527744#3,,,,173185147#2,,
,-95282545#1,,71470213#4,,,,1024120794#0,,
,97672282,,286703487#3,,,,-156575105#1,,
,-46151431#3,,671522408#1,,,,-30947123#0,,
,-273211078#3,,70639085#0,,,,-43322798#4,,
,273211078#4,,349459713#0,,,,157058374,,
,-97672288#0,,88083349#1,,,,42305097#1,,
,-95396827#2,,-228514822#0,,,,-70509862,,
,97671390#2,,156575055#11,,,,-772804659,,
,-335539639#0,,266525191#0,,,,157058455#3,,
,95282572#1,,161392518#2,,,,103751347#3,,
,-273211078#0,,24294870#2,,,,-43322798#5,,
,95282572#8,,749995745#1,,,,492041969,,
,257357805#0,,-228056323,,,,243206488#2,,
,46151435#1,,71470194,,,,154458450#2,,
,46151432#2,,-154253462#1,,,,43322650#0,,
,-22562788#1,,230293774#1,,,,-126859163#2,,
,46151435#9,,-154253461#0,,,,157058468#0,,
,46151435#0,,184250113#3,,,,96828486#0,,
,95396846#2,,1057527744#0,,,,-27727791#3,,
,46151432#4,,-120588896#0,,,,-319196848#7,,
,-95282572#5,,261324433#0,,,,-99702562#2,,
,-335539639#2,,44886562#1,,,,153792689#1,,
,46151436#0,,749995746#1,,,,1011347580#1,,
,46151431#5,,-120588503#1,,,,-120531314#5,,
,-46151431#4,,-313849721#0,,,,114496980#5,,
,97672281#2,,467596342,,,,-135838552#8,,
,95282545#2,,-104353087#2,,,,43097008#3,,
,-273211078#2,,104353087#3,,,,1055855910,,
,335539651#1,,-120588459#3,,,,53542680#0,,
,-46151431#0,,792462092#0,,,,290874174#3,,
,273211078#1,,-1060224075#1,,,,42305097#3,,
,276139664,,161392507#2,,,,1024125610#3,,
,95396781#0,,228076698#10,,,,43680715,,
,97671471#0,,-261368286#0,,,,669098840#3,,
,95396830#2,,-208649513#11,,,,314088440#3,,
,97672293#0,,-185216975#1,,,,70509859#1,,
,97671410#1,,120469241#2,,,,-30952224#7,,
,178899419#5,,-88083349#6,,,,-135838552#4,,
,22562788#2,,-116436279#2,,,,42305099#2,,
,97671432,,31280557#2,,,,436048947#4,,
,-335539639#3,,-70936554#4,,,,492215761,,
,-46151425#1,,-208649513#1,,,,706102496#0,,
,95396846#0,,161392519#0,,,,148642777#1,,
,-257357805#0,,201348372,,,,43097008#6,,
,157249375,,-261368286#1,,,,-98593799#0,,
,611278104#1,,-71502569#8,,,,30949764#1,,
,-97672288#2,,-1060235885,,,,-98593790#0,,
,-178899417#1,,88954527#2,,,,464084177#4,,
,-22562788#0,,261324433#1,,,,148642790,,
,243800062,,156575055#10,,,,960810626,,
,97671390#1,,-262334435#0,,,,156942465#3,,
,157279302,,1060226508,,,,-70610410#1,,
,-178899417#2,,88561232#0,,,,23243743#6,,
,97685751#1,,-156919890#1,,,,42137610,,
,199152211#0,,286703477#1,,,,100599688#1,,
,46151435#2,,24294873#6,,,,314088440#7,,
,368086013,,1056779401,,,,157058455#5,,
,97672291#0,,161392557,,,,-47036733,,
,-335539651#1,,71488888#1,,,,114496981#3,,
,-273211078#1,,70364449#1,,,,120531314#0,,
,97671381#3,,154800556#0,,,,-1009087387,,
,95274339#1,,59262038#0,,,,98593803#0,,
,95396757#1,,234268630#1,,,,135838553#3,,
,157292774,,-208649513#2,,,,154664728,,
,273211078#3,,-116436279#3,,,,173185145#0,,
,-97672292#0,,-1301304519#2,,,,148642787#1,,
,97672288#0,,71470219,,,,30919189#0,,
,97671471#2,,-951228306,,,,290874174#0,,
,-97672293#1,,-208649513#13,,,,30952224#2,,
,157296589#2,,228090234#0,,,,-154819636#2,,
,95396757#2,,-154253465,,,,31297551#0,,
,95396805#0,,197665252#0,,,,154458472,,
,611278105,,-70364448#0,,,,1056397448,,
,273211078#0,,88937127#1,,,,154084101#1,,
,-95396827#0,,161392595#0,,,,-1256474316,,
,97672287#1,,-156919888#2,,,,70324974#0,,
,46151432#1,,156575055#5,,,,27727791#9,,
,178899419#3,,-58209114#0,,,,57872683#0,,
,199152211#5,,-154253462#3,,,,96828486#3,,
,257357807#2,,71470185#3,,,,154458434,,
,97671395#0,,190552057#3,,,,156575063#1,,
,178899419#4,,154253454#0,,,,71366317#6,,
,46151425#0,,-23313778,,,,-148642784#1,,
,968221178,,743631281#4,,,,1010971912#0,,
,-413095251#2,,-154253453,,,,136228820#3,,
,854239336#2,,70936552#1,,,,-256511169#2,,
,-159625689#0,,103945933#1,,,,-429967547,,
,891285334,,-185216947#1,,,,960810629#0,,
,-154824596#1,,-70794980#1,,,,154723062#0,,
,47905475#11,,-161392620#2,,,,27727791#13,,
,-146744473#0,,44886563,,,,-1023908217#1,,
,134192154#0,,-44886562#3,,,,127518255,,
,-891285338#1,,103945938#1,,,,-381697485#3,,
,-146744473#3,,46655387#1,,,,55886809,,
,47905475#9,,154253452#0,,,,1265530082#0,,
,-134923821#0,,24294870#9,,,,156575070#1,,
,146744472#0,,-190433614,,,,-70324971#4,,
,759287234#1,,-230293774#2,,,,126859148#1,,
,-1278542561,,266525183#2,,,,-98593790#1,,
,208646345,,-161392519#1,,,,312195003#0,,
,253812419#0,,566057086,,,,30954993#0,,
,208646342,,28063955#3,,,,156942465#6,,
,598962880,,58209114#1,,,,55887660,,
,134923801#2,,-31303247#2,,,,198929894#1,,
,-159625689#1,,184250113#1,,,,1126340239#0,,
,47905475#2,,161392610,,,,70509858#2,,
,47905475#10,,741687375,,,,-314088440#1,,
,-968221178,,70794984#2,,,,648488815#5,,
,759287234#0-AddedOffRampEdge,,190552056#1,,,,31297738#1,,
,134923802#2,,44886560#1,,,,312194996#5,,
,47905475#5,,23288278#0,,,,-98593801,,
,968218279#0,,31280557#9-AddedOnRampEdge,,,,114496980#2,,
,-47905475#11,,-154253460#0,,,,-1024120796#1,,
,59254369#1,,24294870#4,,,,1024128475#1,,
,186846963#0,,88956623#1,,,,436048947#7,,
,154824596#0,,156919937#0,,,,43322645#3,,
,-146744472#0,,70350396#5,,,,436048952#0,,
,-208646342,,-258044916,,,,103751347#0,,
,354858501,,23298951#2,,,,-127518234,,
,139085555,,70936554#5,,,,23243743#2,,
,134923819#0,,23288277#5,,,,152185706#1,,
,-47905475#10,,-148642786#6,,,,793145062,,
,69962703#1,,161392518#1,,,,148642788#1,,
,139082412#1,,-120469239#0,,,,196629589#4,,
,45174351#0,,-161392513#0,,,,464084172#2,,
,-186846963#1,,1057054855#2,,,,51843919#3,,
,413095251#2,,116436279#4,,,,-290874175#0,,
,134923812#1,,1057527740#1,,,,-157058457#0,,
,-146744473#2,,161392507#0,,,,43724393#1,,
,151329169#9,,792462092#5,,,,793094546#0,,
,1278542562,,1279886347#0,,,,55886812#3,,
,-968218276,,-671522408#1,,,,158177940#8,,
,891285338#0,,120588691#1,,,,43321686#0,,
,146744473#1,,154253470#6,,,,-43097008#11,,
,759287234#2,,-88083336#2,,,,148642793#2,,
,-139085555,,71502569#5,,,,878619657,,
,854239336#6,,-161392513#1,,,,-153792689#1,,
,150868759#0,,31280557#8,,,,-1055857401#1,,
,134923821#0,,161392616#0,,,,-56240964#1,,
,431519956#1,,-120588503#3,,,,-43680715,,
,-150868759#1,,-161392603,,,,148642771#3,,
,-47905475#1,,70936551#4,,,,-135838552#7,,
,159625689#1,,28063955#2,,,,55943333#0,,
,134923802#5,,70936551#2,,,,-70509859#1,,
,968218275#0,,190552056#3,,,,-314088440#3,,
,208646339,,-261324433#0,,,,-156942465#7,,
,-211240835#2,,91096669#0,,,,-42305099#2,,
,-47025795,,58209112,,,,156575075#2,,
,134923819#2,,185216952,,,,158177940#3,,
,-45242991#2,,1028573258,,,,71281733#3,,
,-47905475#8,,742072640,,,,148642788#0,,
,25868299,,71470223,,,,956136646#3,,
,-1108009356,,-154253460#1,,,,243206488#3,,
,134923802#3,,88083341,,,,-70610406#0,,
,-146744473#1,,1057527741#1,,,,98593816,,
,-150868759#0,,157058384#3,,,,-1024115417,,
,-1030288624#0,,161392620#1,,,,71361922,,
,253812419#2,,-161392507#2,,,,156575070#4,,
,-47905475#0,,23217864#2,,,,91689530#1,,
,-146744467,,-228076698#11,,,,-148642790,,
,-186846961#3,,228076698#3,,,,1021568757,,
,-146744471#0,,1057050907#1,,,,42305099#1,,
,134923812#0,,31277568,,,,-1284307157,,
,-208646339,,-30841649#8,,,,-100599688#1,,
,-1030281993#3,,-120469241#2,,,,-30919579,,
,-598962877,,46655387#2,,,,135838552#2,,
,968218274#0,,70794980#6,,,,-319197093#2,,
,413095251#0,,71470190#15,,,,43097008#2,,
,1030281243,,-161392519#0,,,,148642776,,
,-134923810,,88956624#0,,,,1024102268,,
,134923812#2,,-228056325#4,,,,98593736#1,,
,968218278#2,,-161392635#0,,,,-43051364#0,,
,282055767#1,,88083347#3,,,,31297738#8,,
,-25868299,,227968024#0,,,,-98593789#1,,
,354858481#0,,-70794984#1,,,,-135838553#4,,
,186846961#0,,156919887#3,,,,-154664728,,
,968218278#3,,986505886#0,,,,98593799#2,,
,134923819#1,,71470190#9,,,,-290874174#2,,
,134923821#1,,-1060226508,,,,-156942465#5,,
,146744473#2,,154253434#0,,,,43097008#7,,
,59254378#4,,161392513#3,,,,-1024128472#2,,
,968218276,,1057050911,,,,-31297551#0,,
,59254369#0,,-1056779406#0,,,,-135838553#2,,
,69962703#0,,960810631#0,,,,319185014#0,,
,150868759#1,,23288277#4,,,,314085053#0,,
,47905475#1,,-154800556#0,,,,91899427#2,,
,134923801#0,,-234268630#1,,,,51843919#10,,
,-413095251#0,,98593792#1,,,,-27727791#10,,
,211240835#2,,154253469#0,,,,71359527#0,,
,47025795,,-197665252#0,,,,43322798#9,,
,-186846961#0,,184314060#2,,,,1067777042#0,,
,-134923821#1,,365706952,,,,114496981#4,,
,45242991#2,,1028619491,,,,-154458434,,
,47905475#8,,148642786#1,,,,30952224#3,,
,45242995#8,,154253470#4,,,,148642772#0,,
,-146744471#1,,749829569#4,,,,304727814#0,,
,134192154#3,,-154253454#0,,,,28050206,,
,854239336#5,,-313849721#1,,,,154722999,,
,1108009356,,154253454#1,,,,436042880#1,,
,282055767#2,,228090234#2,,,,-148642782#0,,
,1030288624#0,,71470213#5,,,,99702521#2,,
,854239336#3,,-70794980#0,,,,-136228820#4,,
,47905475#0,,-261368286#4,,,,372443876#3,,
,146744467,,-103945938#1,,,,-98320323,,
,186846961#1,,-46655387#1,,,,157058455#9,,
,25824165#0,,-71488888#3,,,,154971162#1,,
,59254378#1,,-154253452#0,,,,173185144#0,,
,-431524249,,88956622,,,,55886810,,
,146744471#0,,960810634#0,,,,-148642797#1,,
,186846962#0,,1057050913#0,,,,-27727791#14,,
,1030281993#0,,161392616#1,,,,71281735#0,,
,598962877,,71502569#3,,,,-148642782#3,,
,-59254370#2,,-190433608,,,,464084177#2,,
,134923810,,-228056325#1,,,,-43051364#6,,
,968218277#0,,228076698#6,,,,59262036,,
,-211240835#0,,-266525183#3,,,,648488816#2,,
,134923801#3,,-208649513#6,,,,135838438#3,,
,642608817#2,,1237936906#0,,,,91899427#5,,
,-1278542560,,-28063955#3,,,,-30954993#2,,
,134923819#3,,-58209114#2,,,,-156942465#6,,
,968218278#4,,208649513#14,,,,126859161#0,,
,968218277#2,,234268630#0,,,,683464859#2,,
,134923802#4,,-262334435#1,,,,-156942465#8,,
,431519955#0,,-1257441179,,,,372443876#0,,
,45174351#1,,-23243742,,,,42305099#0,,
,642608819,,70936546#0,,,,70353937#5,,
,146744466,,28063955#1,,,,27727791#11,,
,151474633,,228514822#1,,,,706102496#1,,
,150868759#2,,31035836#1,,,,55886806#1,,
,-186846962#1,,208649513#7,,,,312195005#2,,
,59254378#3,,-154800540,,,,-154027661#1,,
,45242992#1,,46655427#0,,,,1062056472#0,,
,69962703#2,,70364449#6,,,,70509861#1,,
,134923802#0,,-103945938#0,,,,43322798#7,,
,759287234#3,,58209119#0,,,,156575068#1,,
,139082412#0,,174022633#2,,,,1024120795#1,,
,146744472#1,,154253470#3,,,,98593790#2,,
,59254370#3,,190552056#0,,,,312194996#4,,
,208646346,,-161392518#1,,,,-706096493,,
,134923801#4,,-23288277#3,,,,154082984#3,,
,968218278#0,,161392518#3,,,,70353937#6,,
,146744471#1,,1060226506#1,,,,319196848#9,,
,45242993,,-88083349#3,,,,30949764#0,,
,-47905475#9,,228056325#2,,,,793094546#1,,
,-146744466,,749995746#2,,,,304727850,,
,282055767#0,,103945933#3,,,,-1023908217#2,,
,1030288624#1,,161392626#1,,,,-70509857#0,,
,45242991#0,,161392518#5,,,,-43724393#1,,
,-208646345,,230293774#3,,,,157366912#0,,
,134923802#1,,-71502569#2,,,,1257133856,,
,759287234#0,,-154253470#6,,,,156942465#4,,
,-150868759#2,,58672755#1,,,,-158177940#8,,
,-47905475#4,,749869679#1,,,,1257133854,,
,431524249,,154253461#1,,,,43099711#1,,
,186846962#2,,-228090234#1,,,,290874175#1,,
,134923821#3,,120588896#2,,,,56240930#1,,
,-47905475#7,,1229917614#0,,,,-148642782#1,,
,-146744472#1,,24294873#5,,,,174653382#2,,
,-968218279#4,,-190552056#3,,,,878619658,,
,59254370#0,,185217007,,,,153792680#0,,
,-59254370#6,,154253463#1,,,,-1023912412,,
,-208646346,,58209110#2,,,,-314088440#6,,
,211240823,,-46655426#1,,,,319196855#0,,
,159625689#0,,70936552#3,,,,30947123#0,,
,-154824596#0,,-671522408#0,,,,-158177940#3,,
,-139085551,,34078513#2,,,,43322798#4,,
,154824596#1,,-88083341,,,,55886807,,
,-1030288624#2,,-23217864#3,,,,-256511169#0,,
,-45242991#1,,-161392620#1,,,,-148642788#0,,
,642608817#5,,88937129#1,,,,1011347580#0,,
,891285336#0,,161392598#0,,,,57889595#2,,
,642608817#0,,168663961#1,,,,156938654#2,,
,146744473#3,,71470177#2,,,,70509862,,
,45242996#0,,161392519#2,,,,772804659,,
,-354858501,,-70794980#6,,,,-98593799#1,,
,431519954,,148642786#5,,,,-319196848#6,,
,146744473#4,,174022595#2,,,,-42305099#1,,
,-186846962#2,,91096669#1,,,,126859163#2,,
,-134923821#3,,-679941679,,,,-99702562#3,,
,23260765#1,,-261368286#5,,,,103751347#8,,
,690601674,,88083347#0,,,,-135838552#2,,
,174757575,,-161392551,,,,-148642768,,
,21957625#1,,228056323,,,,154027557#0,,
,263956787#0,,-161392586#1,,,,-43699319#1,,
,203035366#0,,88083347#1,,,,-314088440#4,,
,27085151#7,,-154253434#0,,,,319196848#7,,
,23260765#0,,-201348370,,,,198929893#1,,
,993526140,,-161392513#3,,,,-153792698#0,,
,139504332#1,,743631281#1,,,,31297682#7,,
,1105155924,,154253462#1,,,,956136646#2,,
,436862683#0,,154253461#0,,,,-31297738#2,,
,147801987#0,,120588458#1,,,,-98593799#2,,
,72465971#4,,120588503#1,,,,,,
,269039964,,-23288277#4,,,,,,
,-203035387#3,,120588459#3,,,,,,
,59266960#1,,196629589#5,,,,,,
,203133457#0,,24294873#7,,,,,,
,89043372,,-154253469#0,,,,,,
,1196926578,,261368286#0,,,,,,
,436042878,,-365706952,,,,,,
,72465971#1,,208649513#11,,,,,,
,232802296#3,,185216975#1,,,,,,
,-1254262172#2,,1057527740#3,,,,,,
,227081759,,1057054858#7,,,,,,
,647930457#0,,88083349#6,,,,,,
,257233105#3,,116436279#2,,,,,,
,174758265#0,,154253457#1,,,,,,
,550689175#2,,-148642786#1,,,,,,
,196380156,,-154253470#4,,,,,,
,-371560393#2,,31280557#7,,,,,,
,203035351#0,,70936554#4,,,,,,
,24461574#0,,-228514822#5,,,,,,
,90795016,,1057050908,,,,,,
,196380149#0,,-154253454#1,,,,,,
,23874647,,-88561232#5,,,,,,
,23815145#0,,744777945#0,,,,,,
,1105155927,,228514822#8,,,,,,
,31046191#0,,-120588896#6,,,,,,
,40969565#0,,261368286#1,,,,,,
,92219075#2,,71502569#7,,,,,,
,-263956787#0,,-71470213#5,,,,,,
,1065038799#0,,70350393#1,,,,,,
,23579065#1,,365706961#0,,,,,,
,517127275#0-AddedOnRampEdge,,88956623#0,,,,,,
,196380137#0,,156919938#1,,,,,,
,1254563378#0,,1060224075#0,,,,,,
,203035379#0,,-679937858,,,,,,
,51933184#4,,-154253452#1,,,,,,
,23261468#0,,28063955#4,,,,,,
,92403874#0,,-1057050913#0,,,,,,
,1254262177#0,,88956620#1,,,,,,
,263956787#1,,-161392616#1,,,,,,
,274503992#1,,-228076698#8,,,,,,
,42294745#2,,-24294874#0,,,,,,
,269039975#0,,261368286#3,,,,,,
,152413934#3,,-234268630#0,,,,,,
,145397104#1,,71470177#3,,,,,,
,145405916,,-23288278#1,,,,,,
,-436042878,,208649513#2,,,,,,
,-286703474#2,,116436279#3,,,,,,
,27085151#5,,88561230,,,,,,
,51933186#2,,-1057054858#1,,,,,,
,-227081759,,-1229917617,,,,,,
,174757564#2,,1057527744#2,,,,,,
,92243929,,154253465,,,,,,
,-550689175#3,,,,,,,,
,517127276#0,,,,,,,,
,72465972,,,,,,,,
,-1031963654#1,,,,,,,,
,958539573#0,,,,,,,,
,24461574#2,,,,,,,,
,1031963656#2,,,,,,,,
,174758259#0,,,,,,,,
,51933186#1,,,,,,,,
,342448077#3,,,,,,,,
,631239772#0,,,,,,,,
,1104965190,,,,,,,,
,1254563376,,,,,,,,
,232802296#1,,,,,,,,
,152413934#5,,,,,,,,
,286703470#0,,,,,,,,
,-145405917#1,,,,,,,,
,387312965#0,,,,,,,,
,174758259#2,,,,,,,,
,27085151#0,,,,,,,,
,-174757564#1,,,,,,,,
,51933184#0,,,,,,,,
,286703486#0,,,,,,,,
,1196926577#1,,,,,,,,
,23260464#0,,,,,,,,
,23579065#0,,,,,,,,
,239796983#0,,,,,,,,
,158180858,,,,,,,,
,254328041,,,,,,,,
,51933184#2,,,,,,,,
,23579065#2,,,,,,,,
,174758265#2,,,,,,,,
,691015446#1,,,,,,,,
,203035387#3,,,,,,,,
,51933184#3,,,,,,,,
,550689174,,,,,,,,
,-72465972,,,,,,,,
,174757576,,,,,,,,
,1254563377,,,,,,,,
,-1031963656#3,,,,,,,,
,22730601#1,,,,,,,,
,269039960,,,,,,,,
,92219075#0,,,,,,,,
,196380152#2,,,,,,,,
,38790699#4,,,,,,,,
,23579065#8,,,,,,,,
,152413934#0,,,,,,,,
,-153190951#2,,,,,,,,
,-1031963656#2,,,,,,,,
,33847140,,,,,,,,
,371560393#0,,,,,,,,
,196380133,,,,,,,,
,92403812#0-AddedOffRampEdge,,,,,,,,
,-1254563376,,,,,,,,
,538982921#0,,,,,,,,
,254711096#0,,,,,,,,
,92219077#0,,,,,,,,
,-147801989,,,,,,,,
,257233098#3,,,,,,,,
,92403812#3,,,,,,,,
,538982923#1,,,,,,,,
,23261468#1,,,,,,,,
,-265068932,,,,,,,,
,1105155921#0,,,,,,,,
,263956786,,,,,,,,
,-1254563377,,,,,,,,
,145405910#1,,,,,,,,
,286703474#2,,,,,,,,
,203035354#3,,,,,,,,
,163198807#0,,,,,,,,
,1126405651,,,,,,,,
,274503992#0,,,,,,,,
,538982923#3,,,,,,,,
,1031963654#0,,,,,,,,
,392936653#0,,,,,,,,
,31046191#2,,,,,,,,
,92403812#0,,,,,,,,
,-23578870#1,,,,,,,,
,203035348#0,,,,,,,,
,537438905#1,,,,,,,,
,-389357542#3,,,,,,,,
,40969570#0,,,,,,,,
,-257233098#5,,,,,,,,
,128703671#0,,,,,,,,
,39520757#0,,,,,,,,
,-257233105#1,,,,,,,,
,287006578#0,,,,,,,,
,145405917#0,,,,,,,,
,-174757567#1,,,,,,,,
,174757564#0,,,,,,,,
,657589863#0,,,,,,,,
,1245149971,,,,,,,,
,273211040,,,,,,,,
,-23260465,,,,,,,,
,-1031963656#0,,,,,,,,
,-263956786,,,,,,,,
,-257233105#0,,,,,,,,
,1031963656#4,,,,,,,,
,257357817#0,,,,,,,,
,1031963656#3,,,,,,,,
,993526142#0,,,,,,,,
,203035346,,,,,,,,
,196380145,,,,,,,,
,203035387#0,,,,,,,,
,-286703474#1,,,,,,,,
,254711100#3,,,,,,,,
,153190951#0,,,,,,,,
,-40969570#1,,,,,,,,
,265068939#0,,,,,,,,
,1105155925#0,,,,,,,,
,145405914#0,,,,,,,,
,-203035386,,,,,,,,
,647930456#2-AddedOnRampEdge,,,,,,,,
,92219072,,,,,,,,
,257233098#0,,,,,,,,
,691011135,,,,,,,,
,436862684,,,,,,,,
,691011141,,,,,,,,
,862139022#0,,,,,,,,
,147801989,,,,,,,,
,51933184#1,,,,,,,,
,144508549#0,,,,,,,,
,-1031963656#5,,,,,,,,
,-196380138#2,,,,,,,,
,196380139#0,,,,,,,,
,203035357,,,,,,,,
,-227081771,,,,,,,,
,196380152#0,,,,,,,,
,287006577,,,,,,,,
,265068932,,,,,,,,
,-257233105#2,,,,,,,,
,-203035387#2,,,,,,,,
,152413923#0,,,,,,,,
,691011143,,,,,,,,
,1254563378#2,,,,,,,,
,269150825#0,,,,,,,,
,1196926577#0,,,,,,,,
,691015446#0,,,,,,,,
,-92219086,,,,,,,,
,196380147#0,,,,,,,,
,1031963658#0,,,,,,,,
,39520757#1,,,,,,,,
,23578870#1,,,,,,,,
,1254563380#0,,,,,,,,
,1031963657#0,,,,,,,,
,-257233098#2,,,,,,,,
,27085151#8,,,,,,,,
,163198815#0,,,,,,,,
,174757591#1,,,,,,,,
,389357542#0,,,,,,,,
,-550689175#1,,,,,,,,
,-23578870#2,,,,,,,,
,92219075#1,,,,,,,,
,862139022#0-AddedOffRampEdge,,,,,,,,
,257233105#1,,,,,,,,
,174757567#0,,,,,,,,
,445409146,,,,,,,,
,-24061006#2,,,,,,,,
,-287006577,,,,,,,,
,884082444,,,,,,,,
,-59262030,,,,,,,,
,1254262171#0,,,,,,,,
,1031963656#0,,,,,,,,
,203035379#7,,,,,,,,
,257233105#0,,,,,,,,
,23260765#5,,,,,,,,
,51933192,,,,,,,,
,203035347,,,,,,,,
,51933186#0,,,,,,,,
,178989940#0,,,,,,,,
,-550689175#6,,,,,,,,
,203301447,,,,,,,,
,538982923#4,,,,,,,,
,263956785,,,,,,,,
,-1031963658#4,,,,,,,,
,286703474#0,,,,,,,,
,23260765#7,,,,,,,,
,40969565#1,,,,,,,,
,152413934#2,,,,,,,,
,203035354#2,,,,,,,,
,254711100#0,,,,,,,,
,59266960#0,,,,,,,,
,387312973#1,,,,,,,,
,39520757#2,,,,,,,,
,-147801987#2,,,,,,,,
,-72465971#6,,,,,,,,
,174758263,,,,,,,,
,203035379#3,,,,,,,,
,22730601#1-AddedOnRampEdge,,,,,,,,
,-203133457#1,,,,,,,,
,196380138#0,,,,,,,,
,-89043372,,,,,,,,
,145405919#0,,,,,,,,
,42294745#3,,,,,,,,
,227081771,,,,,,,,
,-72465971#3,,,,,,,,
,273211149#0,,,,,,,,
,-257233105#5,,,,,,,,
,1004202301#0,,,,,,,,
,257233105#2,,,,,,,,
,286703492#0,,,,,,,,
,152413934#4,,,,,,,,
,691011140,,,,,,,,
,92206657,,,,,,,,
,-23874647,,,,,,,,
,1196926577#2,,,,,,,,
,92219086,,,,,,,,
,647930456#2,,,,,,,,
,92403739,,,,,,,,
,21957625#0,,,,,,,,
,387312967#1,,,,,,,,
,203035355,,,,,,,,
,538982925#3,,,,,,,,
,667863965#3,,,,,,,,
,203035354#1,,,,,,,,
,-92403874#0,,,,,,,,
,550689175#0,,,,,,,,
,23578870#2,,,,,,,,
,-263956787#1,,,,,,,,
,-145397104#1,,,,,,,,
,59266960#2,,,,,,,,
,-216895901,,,,,,,,
,690601673#0,,,,,,,,
,24061006#0,,,,,,,,
,1105155926,,,,,,,,
,436862683#1,,,,,,,,
,884082446,,,,,,,,
,59262030,,,,,,,,
,-174757564#4,,,,,,,,
,691015447#1,,,,,,,,
,647930456#1,,,,,,,,
,342448077#0,,,,,,,,
,974064479#0,,,,,,,,
,1105524769#0,,,,,,,,
,387312972#1,,,,,,,,
,257228938#0,,,,,,,,
,550689175#4,,,,,,,,
,958539572#0,,,,,,,,
,1254262172#0,,,,,,,,
,174758265#1,,,,,,,,
,203035379#2,,,,,,,,
,23579065#6,,,,,,,,
,667863965#1,,,,,,,,
,254711100#2,,,,,,,,
