cluster_0,cluster_1,cluster_2,cluster_3,cluster_4,cluster_5,cluster_6
1030671931#0,1120936393,-1028570786#1,379075314#2,-450523569,55423023#0,273211156#5
1033723437,1147401994,1028570790#6,27085148#5,368086828#3,-1124642428#2,198900384#4
25868124#0,171300278#2,170624691#6,682703711#2,-90795029,643059741,40969576
265010573#0,23350417#0,-1028570785#1,67027572#0,202903720,47118452#0,856631371#13
265010590#1,24059844,-1028572143#0,89423681#1,368086828#10,47118453#2,1245764631
59254368#1,285454834#0,-46875474,33625073#2,243206484#1,-55423023#1,-95274313
968221183#8,311912291,-44884987#0,682699857#0,682261295,1056405596#0,690601665
-4848912#4,333682042#0,1028573261#5,92204278#1,33625902#3,47118451#1,1055857393#0
1030669188,333682044,-44884665#4,231665609,1244504475#1,-1093327667#3,74314555#1
25868122,353940886,170624691#7,-263956788#6,273211073#5,871576397#1,-46151739#2
-4848912#0,44837352,1028572152#3,-263936851#3,95396838#3,-60647195,538982926#6
-177148861#0,721120031#1,170624687,264070491#2,368086842,-55889051#1,622650808
172368557#1,45017436#0,170624688#4,-93470027#1,314205670#1,-47118452#0,97671397#6
-172368556,760588360#1,198929903,90636499#1,265176187#6,55889043,97671376#0
968221183#6,45172803#2,23766689#3,263881214#0,94094796#5,421328432#0,157292833#7
968221183#7,548903448#2,-23288368#0,-958539562#1,-254327780#1,55422998#1,240392355#3
-1030669187#0,-680781425#0,-1028570786#5,139506064#2,95282524#0,-1056405596#0,97671387#1
1030669187#0,680781425#0,1028570786#8,92403802#1,368086832#6,-47118453#1,157292833#3
-211690608,27241669#2,-368074417#1,408269726#4,156938703#2,365706979#2,97671474#3
1030281241#2,257239011#1,-1028573261#4,92403859#0,682261292#0,-1189786111,-97685672
1093314337,1028619485#0,1028572140#0,93325432,368086828#4,-1189786108,-97671331#1
1093314338,257357822#0,172627210#1,44887720#0,95396825#4,-365706979#1,-46151739#0
-4848912#6,-285664452,170624724#0,231876387#2,33640827#4,-55422998#0,1143901792#0
-154083437#0,285664450,-166899880#2,341182777,1031963660,-55881483#3,97671447
154083437#0,-45172805#0,1028574803,-1298032332#3,368086832#5,1057083594#2,74314565#0
-1030669193,-45172807#2,170624685#1,-263865426,94094796#6,-401190970,97671397#3
1030669193,1028619483,44884829#1,145569058#0,94094796#8,-55889043,355240125#5
4848916#1,1028619497#0,44884829#4,-34951755#1,368086830#1,871576397#0,-95274398#0
-1030669189,-266086967,368083794,254305245,35216007#0,-1237946798,203572463#0
172368554,266086967,-44884667#0,31624134#0,1055853350,-59664306#0,69963033#1
265010607#1,-332634091#7,1028573264#0,263935798#1,273211073#1,-1237942415,690601667#5
-154083437#1,-332634091#8,-198929902,51937093#2,157238666#0,47118453#3,1031976632#2
172368557#0,-24372991#1,-44884834#4,92204266#1,35216007#13,189483663,97671392#1
265010607#2,24372991#1,170624710,156643842#4,682261292#1,680508514,342481198#0
-4848912#2,-100102319#1,-44884665#0,27085148#1,401195404,1189786109,198900392#2
-172368557#1,31237856,209210755#5,958539570#2,31047009#4,55423023#1,264298077#1
4848912#6,31283137#1,-44884834#2,-93470052#0,254327783#0,55784009,74314549#3
4848912#0,1029279500,-44884671#0,572507447,94094796#4,55422971,680782188#6
-211690618#1,-23990057,-44884665#5,41520004#0,32122316#1-AddedOnRampEdge,-1056405596#3,97671376#5
968221183#3,46149026,32204060#1,139504257,94094793#5,1237942416,23488888#4
211690618#2,46149024,209210755#3,264114581#3,680760288#1,-47118453#3,1284334995#0
-111594584#0,-45172806#1,44884836,263881205,265176670#0,1093327667#0,97671394#0
-47025712#1,45172806#1,44884835#1,181579861,-89825913#2,60647195,97671376#8
154083433#1,4853039#0,-368074418#0,958539560#1,265176187#4,55889051#1,74314560
665904757,486067311,-46875475#0,54690001,368086015#5,-1189786109,24061029#9
642608818,304919602#3,170624718#1,34951714#0,156938689,156791387,95274385#11
642608816,388577162#0,129219187#1,254304968#3,35216007#6,-47118451#3,97671401#0
1030669189,-46149611#1,1028570783#1,22730620#3,95396799#0,47118453#0,95274384#0
-1030669190#1,46149607,1028573263#3,-263935797#2,93713546#1,1189786111,23488887#1
154083437#1,257357802#3,-1028570786#7,181579868#6,95396853#5,1189786108,97671343#5
1030671931#2,209215787#0,170624724#1,-537438903#7,1126127669,871576395,31046486#0
177148862,44955975#0,184580019#0,34951880#3,95396793#0,-680508547#1,1245764632#0
154083815,22823721#6,-170624693,139506059#1,95396821#0,365706979#1,-1234173061
265010613#0,388577164#5,170624714,67027572#1,95396825#5,-59664306#4,525291476
111594584#1,-680781425#1,-1028573261#5,-175987706#1,-46151433#0,55422998#0,-95274349#5
4848916#0,680781425#2,44884668#2,408269726#1,667863956,55881483#0,680782191#0
-154083433#0,31283076#0,172627267#5,89043373#0,667863958,-1189786107,680782188#7
211690618#1,-319196860#0,-44884671#1,181579915,47418248#7,-365706990#1,97671426#1
-211690618#2,131025957#1,1028570785#1,874155679#1,90636869#0,46771107#0,172598551
1030669190#1,131025957#2,1028570786#7,327402833#1,47418248#6,401190970,-680782188#8
172368556,-24372996#0,129219188,1245147128#0,1244504475#0,-1124642428#1,97685712#0
172368555,24372996#0,-368074414#0,682703711#0,94094831#2,1237946798,378284518#1
4847513,31283064#0,-1028570786#8,-727486837#1,94094868#4,54928199,23770583#0
1030281241#1,131025929#0,46875474,681548220,-95282524#0,365706986,23704115
59254368#0,170624716#2,44884987#0,156643284#0,682712370#2,1189786110#0,-97671479
968221183#1-AddedOnRampEdge,40963331#1,44884834#0,92403764#0,368086828#5,-365706979#0,95274348#3
265010578,584188121,166899880#0,34951880#1,680762193#1,59255423#1,492442417#1
-1030669190#0,388577161#2,44884665#4,90636499#2,851839123,365706990#0,95274384#3
47025712#0,44883380#0,172627210#0,682699851#0,1051315751#4,193610552,23488891#1
968221183#1,-746064102,1028573260#0,379075334#0,94094868#3,1056405596#1,48037790#3
4847514#1,746064102,-44884665#1,92204285#0,94094868#6,421328432#3,74314565#1
-1030669188,-23704726#2,23288368#0,-682699857#0,95396843#2,-1093327667#5,240388169#7
177148861#0,23704726#2,1028570786#5,34951786#0,35216007#10,-1189786110#1,-689924124#3
4848746,-27241669#1,44884669#0,263956788#0,368086828#8,-59664306#1,-24061029#4
4848912#2,682445848#1,170624731#3,379075334#1,1055855103#0,-59255423#2,1284334995#5
265010590#0,-131025961#0,-170624724#0,145569102#6,94094868#5,-47118453#6,97685693#2
-25868122,131025961#1,170624690#0,277549012,94094819#0,1237942418,240392355#0
4848899#0,-23704726#3,1028573261#4,34951694,94094801#2,-365706990#0,1085022611#1
4848899#0-AddedOffRampEdge,-269150824,167023144#0,128715078#2,667863957,1189786106,97671476#2
1030669190#0,-31283076#1,-368074418#2,537438903#6,438405583#7,-59338160,74314555#2
265010573#1,-23488562#1,1028572152#0,108891397#0,31046405,47118451#3,378279500
154083433#0,23488562#2,1028572138,203035372,-157238666#0,55889051#0,74314557#1
4848912#4,45173877,-1028572143#1,874155679#7,199311790,-1124642425,178988161#6
265010615,45173874#1,184580019#1,46983928#0,90795036#0,680508514-AddedOnRampEdge,97671424#2
211690628#1,44838406,209210755#6,41519621#1,368086834,680508547#1,95274348#2
-172368557#0,170624721#1,-44884670#2,264114941#1,438405583#6,1189786107,-680781433#1
4848745,-332634091#2,211708156#0,31090134,839784838#2,365706990#1,179260411#4
354858486,-332634091#4,170624692#1,263866527#0,72465206#1,1124642428#1,199152184
1030281241#3,1028619497#1,209210755#1,-175994174,94094796#1,401190971,273211091#3
968221183#5,-31283137#1,1028573263#1,1051311054#0,273211053#0,365706979#0,-1279121053
265010607#0,-23488562#4,23288368#1,264017278#2,95396776#0,146191009#0,95274362#1
-154083816#1,261514198#2,170624725,-34951700,-31046679,-1124642424#0,-680781433#2
-154083433#1,-46148745#0,-170624694,90636499#3,273211103#1,-59255423#0,69963033#0
154083816#1,46148745#1,44884834#4,-788084213,265176187#0,-55889051#0,517127275#0
1030671931#1,173954130#0,1028570790#5,537438903#3,368086828#6,1056393620,196380150#0
154083816#0,23704718#4,170624692#3,874155679#3,90795036#4,-55423023#0,198900384#2
-211690618#0,257239013#0,-44884836,33627357#0,95396823#1,653663652,-1055857393#0
4848899#1,810346011#3,44884665#0,263881203#1,47418248#8,47118451#0,97671327#0
-154083816#0,-171300273#0,-44884835#1,231779274,90636496#2,-401190971,689924123#1
-1030669187#1,-746064103,172627267#3,51937090,23443405#0,1093327667#4,163198815#7
-154083815,45173873,1028573261#1,-139505519#1,-95396821#0,-47118453#2,97685761#3
1030669187#1,584188121-AddedOnRampEdge,44884988#0,958539570#4,156938702#0-AddedOnRampEdge,47118453#4,636502358#2
4848747,-332634094#0,368083795#1,41818367#2,667863960,47118451#2,178988162#1
,332634094#0,1028570790#2,-31624134#0,156938702#2,680508524,97671442
,209215787#1,-184580019#0,-34951880#0,95396840#1,-47118451#1,157296623#1
,396771661#0,-170624720#1,874155675#0,-90636869#3,-47118451#0,198900384#7
,-562113160,44884666#3,46983928#1,157293003#1,1124642424#1,97671458
,-562112859#1,-170624714,264017864#0,31046903#0,47118452#1,179260411#1
,743545405#0,1108576327,-92206649#0,95282587,1237946797,215959964#4
,1166015106#2,46875475#0,174757582#3,-680762193#1,1124642428#2,97671423#0
,265010588#0,170624681#0,263881214#3,95396821#1,-55423010,342481196
,266086974#0,638577587,41818367#1,368086832#8,-47118451#2,135175652#1
,-44838841#0,1028570790#1,-203035368,94094796#3,-680508547#0,157296623#2
,-44883380#0,638577586,376037100,682712369#0,1124642424#0,97671355#0
,1028258366,-170624687,1244284990,95396776#1,59255423#0,1245989824#0
,44883357#1,23766689#5,1057181620#1,273211053#3,-365706989,179260411#2
,44838405#3,-368074416,139506064#0,35216007#1,,24061029#3
,-577567019,170624726#1,1040865313#1,38790699#2,,95274372#4
,1165717962,45018838#1,264115338,95396844#1,,97685779#1
,257239012#1,-44884834#0,139506059#0,94094885#0,,198900396#4
,257239012#2,170624693,90636522,314205671#0,,-172598552#1
,-45172804#1,170624726#2,874155679#6,682699860,,157292833#15
,-45172806#2,44884665#3,34951902#1,254327780#1,,97671461#2
,-680781428#2,-166899880#0,379075314#0,95396823#2,,48037790#2
,-680781427#2,170624689,42294756#0,-35216239#3,,97671484
,199152209#2,-368083795#0,229875718,-31046405,,74314558#0
,760589787#0,44884985#0,-181579915,-90795036#0,,97671386#2
,760589787#0-AddedOffRampEdge,-172627210#0,41969258#1,368086832#4,,178988162#0
,354858485#0,129219189,587793732,492041982,,525291477
,1265766813#0,376769524#1,537438903#4,1051315753#2,,23488888#1
,680781428#0,-44884669#1,254304956,-157238666#2,,1105285853
,-680781428#4,376769524#0,90636499#4,438405583#2,,46151739#9
,-168573481#1,44884671#1,263956790#0,94094802,,-92223190#0
,679785216#4,172627212,181579868#10,228056318,,95274345#0
,597045663#1,170624701,1298032331#0,667863953#0,,680788591
,171300272#1,129219190,-263956788#1,160732454#0,,97671338#0
,-350217575#5,368074414#0,175987706#0,1126340240,,97671387#3
,-429714228,-44884669#0,93325455,273211082#2,,-46151215#0
,23489088#0,-170624690#0,51937095,265176187#2,,378279504
,257239020#1,44884667#3,156643842#4-AddedOffRampEdge,368086828#7,,199152223#0
,-45172804#4,-167023144#1,229875719#3,1126340241#1,,48037790#0
,45172804#5,44884666#2,54690005#0,264109548#1,,40969586#3
,257357816,44884665#1,128715078#0,-273211103#1,,97671401#1
,44955974,-184580019#1,-537438903#6,95282530#1,,97671427#0
,-131025954#3,23766689#1,93325433#1,95396825#6,,680782188#1
,597045662,1028573261#2,54690000,93713546#2,,172598637#3
,257239019#1,44884666#1,93325453#2,993551535#0,,97671449#0
,285664494#1,-1028570786#0,264448295#0,1126340243#2,,680782195
,296689963#0,44884665#2,51937092#2,35215988,,-97671337#1
,23488561#4,-1028570786#4,379075320,94094852#2,,69963033#2
,23488561#5,170624731#4,174757582#2,95396785#4,,-525291476
,30842114#0,368074418#2,264021276#1,-95282587,,1085022610
,102126349#0,-1028570786#3,93325440,202905133,,196380150#3
,44884664#0,1028573262#0,-263866527#0,-157214540#1,,680789275
,199152209#0,44884666#0,229875719#2,47418307#0,,245069170#3
,-265010620#1,44884667#1,264019966#0,95282524#1,,97671343#6
,4853038#0,1028572143#1,156643842#1,93713532,,-680782191#0
,-31237829#2,1028570789#1,92204268#2,-95396821#1,,4848943#0
,-31237829#3,-1241354856,92204258#0,682712366#1,,24061110#0
,-680781712,-23288368#1,263956788#4,46151433#0,,1085022603
,-680781713,170624697,174757591#0,120419639#1,,-95274349#0
,-680781420,44884670#2,263936851#2,90636496#0,,97671475#0
,45172605#2,129219187#0,44887721#3,-95396776#1,,24061029#8
,46148745#0,1028570786#4,93470027#1,969494639#1-AddedOffRampEdge,,1245764636#2
,-257239012#2,-1028573261#1,229875719#0,1126340244#0,,680781435#0
,44883385,368083795#2,-51937090,160732454#5,,691145247
,-46148742#1,367851534,958539562#0,273211141#3,,680782191#1
,46148742#1,-44884988#0,-93325431,1051315751#5,,1031976632#1
,667959153,170624694,264448295#3,95396825#0,,1085022605#0
,45018427,-368083795#1,-186251728#0,31046903#1,,97671397#5
,44883381#0,-44884666#3,263866527#1,95396825#1,,46151742
,4853039#1,-44884834#3,41519941#0,31047009#1,,1177591510
,24821311#2,170624688#1,-31624221,273211087#2,,-492442417#1
,131025939#0,368074417#0,-264017864#0,31047009#3,,857738564
,-131025939#1,1028570789#0,874155676#4,94094831#1,,1245147131
,820360602,46875473#1,92204278#2,38790699#3,,97671445#1
,-24372991#2,1028572154#0,-376037100,-492041982,,-680782188#2
,24372991#2,170624720#0,874155676#0,368086828#2,,95274324
,44883349,170624720#1,537438903#8,-680760288#0,,1245989822#0
,44883013#1,-44884670#0,1298032332#2,95396756#2,,652152437
,568498789-AddedOffRampEdge,170624723#0,156643842#2,265176187#1,,74314553
,44838841#3,-44884665#3,263881214#2,21910839#1,,97671343#0
,44838841#2,-170624689,89423682#0,682712367#0,,97685779#0
,-44883357#0,-376769524#1,92204257,368086832#2,,74314562#2
,44883356,1028570786#6,128715110#0,264109548#1-AddedOffRampEdge,,355240125#1
,-23704749#0,44884830#2,-850032932#1,438405583#5,,1055857394#1
,354858504#0,170624691#4,203035367,157279300,,-60659454#0
,45173875#0,-376769524#0,844460384,751045577#1,,-968060908
,44883348,172627211,263865426,-93713541,,97671475#1
,-22823721#7,1028572142,-263865428#0,47418248#0,,46151426#2
,-22918541#5,44884911#0,-537438903#10,-993551535#1,,273211156#2
,131156049#2,368074416,42294756#2,203035354#5,,97671337#3
,131156049#1,-376769524#2,23579333,94094850#0,,24061029#2
,131156057#1,44884667#2,203035385#1-AddedOnRampEdge,156938702#0,,97671436
,46149027#0,170624691#5,156643284#3,47418327#1,,97685742#0
,285664452,1028573261#3,-92206649#1,-1031963661,,97671411#0
,173954118,368083795#0,203035369,94094815#0,,1031976629#4
,-149136359,368074418#1,93470052#0,35216007#4,,178988162#8
,-44838842#1,44884985#2,-537438903#4,264448651#1,,97671486#0
,-46148743#1,-44884667#3,186251728#1,31046679,,97671394#2
,131156025#0,44884669#1,33637368,94094850#2,,1105285858#0
,257357812#3,-44884666#2,-1143901798,95396785#1,,478293894#0
,209210751#0,1028572141,264114583,-368086836,,1055857394#2
,131156028#1-AddedOnRampEdge,45018813#0,264114580,429875583#0,,-680782193#2
,242897858,44884911#2,379075344#0,94094868#0,,-97671442
,-580847350#0,-1028573261#2,175994177#1,264448294,,-667962682#0
,-580847356,-44884670#1,263956790#4,38790699#1,,680782188#3
,220547267#0,45018838#2,-86867130#0,95396844#4,,-355240125#0
,101134277#2,184580017,42294744#3,-47418307#0,,-97685724
,101134277#3,44884668#0,33637556#1,-95282524#1,,1105285858#1
,679785216#6,-44884666#1,51937093#0,95396840#2,,273211156#4
,44883353#0,170624681#3,-231879072#2,1013421395#2,,95274349#2
,623362978#0,170624691#3,-850032932#0,32122316#0,,97685742#2
,-350217575#2,-170624690#1,262051128#2,681547930#0,,1245147141
,350217575#2,-44884665#2,41519941#1,-95396802,,74314562#1
,651677177,170624690#2,145569058#8,1096310476#0,,-24061029#0
,1123097890,1028570786#2,44887720#4,1297669678,,1284334995#1
,44838840,-44884666#0,843126657#0,90795019,,97671451#2
,304919603#1,-44884667#1,788084211#0,203035354#4-AddedOffRampEdge,,97671486#2
,-44838405#2,368074414#1,124081177#0,35216007#7,,4848943#3
,-44838405#3,170624690#1,-92204268#2,273211082#0,,157292833#6
,265010598#0,1028570786#0,264115339,1297669677,,172598637#1
,265010598#2,-170624725,264019966#2,389636322#0,,97671424#3
,-45172805#1,-1028570785#2,263881214#4,21910839#0,,97671467
,-45172604,198929896#0,-213738419,95396799#1,,97685645#3
,680781425#3,1028570786#3,48780822#1,33625902#1,,95274385#6
,350217575#5,172627267#1,874155679#2,772804652#3,,856631371#16
,-746064101,44884838#0,-51771205#1,31046766#1,,-46151739#9
,23704718#0,198929904,41818367#3,265176670#3,,1085022611#2
,23704718#1,-368083795#2,-537438903#2,49680676#1,,-95274345#0
,645224082#0,1108576328,-89423681#0,95396790,,680782192#0
,651677178#1,170624692#2,-263866527#1,265176187#5,,46151739#2
,679785216#1,1241354856,-175994175#0,95396756#0,,269150840#2
,45173868#0,170624691#1,22730620#2,368086828#1,,264298077#6
,651637969,198929898#0,682699851#2,47418327#0,,97671480#1
,266086999,1028570792#0,175994174,47416767#2,,157292833#0
,-261514199#0,368083796,-175994177#0,1051315751#3,,95274384#2
,-45172606#0,184580013,33625073#5,264451390#1,,97685747#3
,209210757#0,23766689#4,174757582#0,35216239#1,,163198815#5
,-680781422,44884668#1,34951700,368086015#4,,273211156#3
,-45172605#2,-368074417#0,-537438903#9,510157963,,-46151739#7
,-680781424,172627267#2,376098682#0,368086832#9,,-46151739#10
,45017437,-46875473#1,219973542#0,667863954#2,,273211156#0
,-45172806#0,1028570786#1,33625073#0,682261299#1,,-680782188#1
,45172802#1,32204060#0,35216848#1,-157214540#2,,97671393
,-1268288169,-170624720#0,228056324#4,157238666#2,,269150842#5
,1268288170#1,1028572143#0,51770989,95396833#0,,680760292#0
,577567024,44884834#3,89423682#1,203035354#4,,1031963664#2
,23704726#3,-1028570786#6,1143901797#1,157279313,,97671331#1
,257357812#2,44884829#3,139505519#0,95396801#0,,46151739#0
,319195391,45018812,682420451#0,667863954#1,,691144012
,45172807#1,-1028572142,34951880#0,47418327#2,,198900392#0
,45172804#1,-44884911#0,22730620#2-AddedOnRampEdge,1137748894#0,,95274398#0
,-23488561#5,-44884667#2,92206649#0,95396838#2,,-680789275
,46149023#1,44884670#0,51937092#4,31046766#0,,-245069170#3
,680781429#0,1028570792#2,-186251728#1,32122316#1,,97671449#1
,680781427#1,170624727#1,1143901797#0,90795012#0,,269150842#0
,-31283076#0,-172627201,263956790#2,90795036#1,,97671452#0
,1166015105,-1028573261#3,537438905#0,368086015#3,,46151215#1
,45173874#0,-368074418#1,203035363,1051315749#0,,1245764640#2
,131252712#1,172627267#4,51937092#5,314205670#2-AddedOffRampEdge,,1085022602
,355202502,368074417#1,-175994177#1,1057067192,,95274374#1
,580847350#0,1028570790#3,41818367#0,1126340245#0,,-680781435#1
,-285677617#3,-1028572141,263955768#1,90795030,,-680782196
,-285677617#1,1028574804,-93470052#1,273211141#2,,-680782191#1
,-667867181,1028570783#0,92204268#1,95396844#3,,95274385#9
,511081976#1,376769524#2,958539560#2,95396833#1,,1245147132
,-131025971#1,-368083794,682420451#2,-95396849,,-355240125#4
,131025971#1,-44884911#2,264112784,264448291,,-968060906#1
,131025957#4,-184580017,174757582#5,90837300#0,,-680781436
,863546409#0,-44884668#0,572507450,47416767#0,,135175652#0
,-863546409#1,-170624690#2,93325426#2,31046466#0,,-857738564
,24372990#0,166899880#1,-93470027#0,94094830#0,,760779955#0
,680781423,-1028570786#2,162538295#0,156938702#3,,74314549#0
,-257239012#1,-1028573264#1,24461574#3,156938658,,1245764632#1
,45173871-AddedOffRampEdge,46876504#2,33627357#1,157214540#1,,97671480#0
,584188117,44884830#3,46983934#0,95396825#2,,97671476#5
,-717183322,44884830#1,264021276#0,95282567,,69963041
,-717183325,44884670#1,-124081177#1,156938703#5,,-24061029#5
,171300273#0,-368074414#1,-682699857#2,-680760284,,680782188#5
,149851229#0,44884667#0,51937091#0,94094852#1,,-667863963
,257239016,-170624697,90790948,47418307#2,,1139284719#0
,257239010#1,198929902,139506064#1,-95282564#1,,95274362#0
,335539638,44884985#3,264448295#6,95396785#3,,97685747#2
,44883009,441624830,89043373#2,47418248#5,,1055857395#2
,45173871,170624688#3,44887720#1,95396838#0,,-355240125#1
,1027009173,44884834#2,92204285#3,1137747563,,97671426#2
,363687082#1,1028570785#2,92206679,-47416767#4,,95274349#5
,257357802#0,-368083796,860088218,95282542,,1300917096
,597045663#0,-184580013,51937092#3,95396843#4,,23489017#2
,-173954130#0,44884671#0,93325450#1,94094853,,1085022611#0
,-44838841#1,-170624724#1,958539563#0,-157214540#0,,242897856
,-319196860#1,44884665#5,51937093#1,680760288#0,,27695601#2
,-27241668#1,-44884668#1,90636499#0,1051315747#0,,97685693#1
,1029279501,209210755#4,184577945,265176188,,215959964#1
,170641388#2,368074418#0,41519891#1,368086839,,680782188#8
,209210744#1,-44884668#2,-51770989,95396838#4,,273211091#4
,304919605#0,,93325431,95396843#3,,-24061029#2
,332634091#8,,34951902#0,31047273#6,,97671475#2
,45174138#1,,92403764#1,94094801#1,,-95274349#3
,45177679-AddedOnRampEdge,,186251728#0,-31047273#5,,74314558#2
,45177679,,174757608,727402396#0,,97671397#2
,-45172807#1,,31624221,667863954#0,,1245989820#0
,1126633897,,41818367#5,94094885#1,,264298077#0
,1027009174,,41969258#0,94094815#1,,676291216#0
,-285664438,,-263935797#4,-156942563#0,,667962682#1
,562112859#0,,264112785,31047009#0,,24061029#4
,-680781430#2,,263936851#0,95396843#1,,95274385#2
,23488564#2,,89043374#1,264114941#2,,97671474#2
,131156019,,958539570#0,120419639#0,,-60659454#1
,388577165#0,,35542051,93713541,,97671376#7
,257357822#2,,850032932#1,368086828#0,,342481198#1
,27241668#3,,90636499#5,-90795036#2,,-95274349#2
,46149611#0,,-92204268#1,90795012#2,,1031963663#4
,580847354,,263865428#0,682261299#0,,95274349#1
,131025941#1,,537438903#10,273211087#0,,74314551
,-131025941#2,,263941941,95396765#3,,187797932
,-46149189,,-263865429#0,95282564#0,,-680781433#0
,45172807#2,,92206649#1,314205670#2,,92223199#0
,45172806#0,,34951737,94094868#7,,178988162#3
,45172802#2,,44887721#0,438405583#0,,198900396#0
,23488562#4,,263956789#0,667863959#1,,95274308#0
,1268288172,,-203035353,1031963661,,1055857395#0
,-680781714,,-175994173#1,-31047273#4,,-172598552#3
,265010604,,33625073#4,368086836,,97671427#1
,-265010621,,-181579868#1,-47416767#1,,-355240125#2
,-228633420#1,,263956789#2,156942563#1,,97671478#1
,24803931#0,,874155676#1,95396838#1,,680781433#1
,304727991#0,,264019962,1051315751#1,,97671397#8
,355202503,,89043374#0,157292823#0,,152413923#1
,22918541#3,,1143901798,95396825#3,,199152219
,22918541#1,,1196926577#3,273211141#4,,187643891
,257239021#6,,86867130#0,90636496#4,,92223188
,-257239012#3,,92403837,157238666#1,,680781433#2
,27241673,,33637556#0,23443405#0-AddedOffRampEdge,,-680782193#1
,760588360#1-AddedOnRampEdge,,89423678#2,47418248#1,,135175652#2
,680781713,,-51771205#0,583085357,,856631371#6
,-238836842,,145569102#4,94094885#2,,-680781432#1
,45173876#0,,92204266#0,-254327780#0,,1133614450#0
,-350217575#4,,231879072#0,95396844#2,,97671343#4
,353940879#2,,51937091#1,33625702,,1245764640#1
,45170907,,92204268#0,682712367#2,,46151426#3
,46149189,,850032932#0,94094868#1,,264298077#4
,355202491#1,,231876387#0-AddedOffRampEdge,1126127670,,46151426#5
,-131025959#1,,48780823,265176187#3,,1139252860
,1027009172#0,,-1155226161,95396802,,95274348#0
,257239012#3,,176046283#0,680762193#0,,269150842#3
,-44883355#0,,31887177#0,94094885#4,,172598552#1
,44883354#0,,181579868#4,94094885#5,,273211156#7
,-457308034,,92204277,157292782#2,,95274384#1
,-23488562#2,,228056324#2,47418307#1,,-261674288
,285677614#1,,-184577945,1051315751#2,,-24061029#7
,-24372990#1,,213738419,368086015#2,,-1245147132
,879498552#5,,682703711#1,-273211051,,680782189#0
,-45172605#0,,379075311,157214559#0,,92223190#0
,45172605#0,,51771205#1,157296638,,1031963665#0
,45172806#2,,537438903#2,-31047273#6,,40969592
,45172805#2,,35216758,95396765#1,,215959964#3
,333682052,,92204285#1,751045577#0,,46151215#0
,266086974#1,,-254304959,95396765#2,,215959965#0
,257239013#3,,33627592,265176670#5,,97685711#0
,388577164#1,,89423681#0,94094793#1,,1245764635#1
,388577159#0,,264114579#2,243206484#0,,31046486#2
,680781424,,174757582#7,381697487#12,,-680782188#5
,-131025961#1,,175994175#0,1126340246,,691145248
,46149194#1,,-682703707,264448292#1,,97671337#1
,-46149195,,156643842#5,95282530#0,,187797935#1
,-609968226,,682420451#5,-89825913#0,,273211156#9
,-1029279500,,181579868#2,-95282564#0,,1085022605#3
,-1029279501,,47982503#0,157214540#2,,97671366#0
,-22823721#11,,958539570#3,273211087#1,,40969573
,-680781429#1,,-175994175#1,273211103#0,,97671343#3
,131025950#0,,175994177#0,94094815#2,,-680781432#2
,23605011,,203035385#0,228056321#0,,97685645#1
,131156068,,175994167,202903722#0,,95277521
,261514199#0,,-263941940#0,95396844#0,,-95274398#3
,-930438154,,-263936851#1,228056321#1,,-95274398#2
,680781420,,42294756#1,95396840#0,,-492442417#0
,1028619482,,32122364,-156942563#1,,-95274334#0
,319196856#0,,229875719#1,264451390#0,,97671424#0
,261514198#0,,228056328#0,368086828#11,,-92223190#1
,-285664427,,145569058#2,-153190946,,95274334#1
,285664447,,92204275,228056321#3,,1284334995#4
,-149136361#0,,263865429#1,94094793#0,,-667867164
,-149136361#1,,254304963#1,1126340245#2,,97671451#0
,657938694,,89423682#2,94094796#2,,856631371#7
,680781425#1,,92204258#3,-157238666#1,,680782188#2
,-24372991#4,,-263881209,46151433#1,,240388169#5
,680781421,,42294744#2,-31047273#1,,-1055857397#0
,1028619480#0,,874155679#8,265176187#7,,97671474#1
,-24372978#5,,44887721#2,-583085357,,97685645#2
,-24372978#3,,-92204249,1137748894#2,,97671376#3
,-46149605,,145569102#8,667863951,,-95274349#1
,-46149609,,263935797#5,35216007#3,,97671342#0
,44883382,,92204285#2,1051315751#0,,97685761#0
,44883381#2,,341182776,95396849,,60659454#0
,46149194#0,,93325450#2,-680762193#0,,-187797932
,46149196,,-92403837,368086843,,-95274349#7
,319196860#1,,-89423678#2,202903724#0,,196380150#4
,986165964,,93470052#1,95396793#1,,968060908
,810346011#1,,108891397#1,35216007#12,,680788596
,1028619486#0,,874155681#2,160732454#3,,97685757
,131025971#0,,-92204268#0,-47418307#1,,245069170#1
,46149028#2,,-48780823,368085648#2,,4848945#2
,387312971#0,,1244284993,35216007#14,,-1055853354
,269150822,,682420451#4,438405583#1,,-229878534
,44955976#4,,93470027#0,264109975,,856631371#1
,44955970#2,,34951691,156938693,,157292833#4
,-332634091#0,,156643284#5,1051315756#0,,-680781437#1
,332634091#0,,264114581#0,680760284,,273211091#2
,-846333253,,22989309#0,682699859,,23489017#0
,846333253,,1244284991,1096310481#0,,680782193#2
,170624692#4,,35216114#2,438405583#3,,680782193#4
,46148743#1,,-181579868#4,95282564#1,,968060906#0
,-332634091#1,,51937091#2,1096310475#0,,-1133614450#1
,199152231,,33625073#1,368086844#1,,1085022607
,22823721#10,,-92204277,429875583#1,,667962682#0
,-22823721#9,,93325433#0,667863953#1,,355240125#0
,238836842,,379075282,368086832#7,,-119569977
,1029277426,,682699857#2,1055855103#1,,92223190#2
,-24372991#0,,-682699857#8,47418248#4,,968060912#0
,23488564#1,,181579922,94094796#7,,273211096#0
,131156057#2,,51937094#0,157214540#0,,97671376#1
,44838841#1,,264070491#1,368086832#3,,-245069170#4
,1241966322,,874155679#4,273211128#0,,-245069170#6
,24053248#0,,408269726#3,21910839#2,,1284334995#3
,-24372990#0,,47982503#1,1196930229,,97671387#0
,-46149604#1,,874155681#0,-401195404,,24061029#0
,-930964332#1,,231876387#0,-395264611#1,,968060905#2
,135195085#2,,263881207,-273211103#0,,240392355#2
,39629447#2,,-181579868#3,31047273#5,,97671474#0
,36688988#0,,42294744#4,157292823#3,,-492442417#2
,396771661#2,,89043373#5,273211141#0,,968060905#0
,350217575#1,,23260750,1244504475#2,,178988161#7
,-171300272#1,,264017278#0,-680762194,,74314562#3
,131156025#2,,262051128#1,156942563#0,,54786433#0
,-682459916,,263955768#0,95396756#1,,856631371#9
,304727992,,93325450#0,727402397#0,,40969574
,-45172800,,92403802#0,35216007#8,,69963033#3
,44883380#2,,-175994167,682712370#0,,40969591#1
,44883383,,41818364#2,1126340243#0,,1031963663#6
,1028258371,,44887720#3,90636496#3,,97671423#1
,45172804#4,,47982496#1,49680676#0,,95274307#0
,46149604#2,,203035385#1,94094852#0,,23488890#1
,44883381#3,,874155676#2,667863961,,1031963663#5
,131025954#3,,-263865429#2,682712366#0,,98247389
,1028689293,,92204258#2,-46151433#1,,97671441
,717183322,,-89423678#1,95396765#4,,97671397#4
,-1028619482,,-93470047,33625902#2,,92223213#2
,22823721#0,,263941940#1,368086844#0,,69963030
,-1028258371,,93325426#1,1031963659,,1284334995#6
,-46149196,,327521905,265176189,,46151739#7
,46149028#0,,682703711#3,31047273#2,,46151739#10
,39629447#0,,254304965,492041977#1,,74314557#2
,680781717,,176046423,314205670#3,,273211156#8
,131025950#1,,145569058#5,368086832#10,,-187797935#1
,-131025954#2,,682699856,265176676,,97671339#2
,-23704735,,-175994173#0,95396823#0,,355240125#3
,-131025963#0,,41520004#1,90636496#6,,40969575
,44838841#0,,181579868#8,368086832#1,,157296623#0
,-46149604#2,,682703711#4,-667863958,,680782196
,44955796#1,,47982503#2,156938703#4,,-46151739#4
,220547267#2,,263935797#3,667863959#0,,95274349#9
,220547267#1,,537438903#0,33621329,,355240125#4
,-257240781,,156643842#0,156938703#1,,968060906#1
,257240781,,-263935797#6,1096310485#0,,69963040#0
,149851229#2,,682699858#0,682712369#2,,240392347#1
,31283076#1,,-31624134#3,264109976,,-95274334#1
,257239021#1,,263865429#0,95396785#2,,264298077#3
,1015165917,,-34951880#2,450523569,,680782194
,1015165917-AddedOffRampEdge,,-263956788#3,-851839123,,-1245147133
,680781430#0,,958539560#0,90795029,,157292833#11
,-44883384#1,,-22989309#1,273211048#2,,97671397#0
,44883384#1,,657500679,228056324#7,,97671428
,23488560#0,,51937092#0,33640827#3,,1031976629#6
,24372978#1,,-34951866,90636496#1,,857738561
,-44838840,,175994173#1,94094830#1,,97671342#1
,1028241263,,-93325433#0,89825912#0,,196380148#0
,131025931#1,,181579868#0,94094801#0,,24061029#5
,-350217575#1,,228056324#0,681548222,,4848945#1
,355202492#1,,254304969#0,94094793#2,,92223213#4
,304727991#1,,51771205#0,-94094819#1,,538982924#0
,31237829#0,,-89423681#1,682261294,,46151739#3
,27241669#1,,93325450#0-AddedOffRampEdge,772804652#0,,46151739#1
,171300274,,41818365,368086832#0,,95274349#3
,-1027009172#1,,264021277#0,157293003#2,,46151426#4
,131156067#1,,682420451#3,38790699#0,,97685639
,257357824,,264017276#1,-273211128#1,,-245069170#1
,31237872,,-231665609,95282554,,820180323
,100102320,,23260642#0,264448292#3,,856631371#10
,173954117,,1155226161,157292793,,-680782188#0
,173954130#1,,41519621#0,94094885#3,,-74314563
,-332634094#2,,874155679#0,33625902#0,,97671431
,1166015104#0-AddedOnRampEdge,,90636489,1051315753#0,,179260411#0
,285454834#1-AddedOnRampEdge,,682699851#1,31046910,,1245989823
,45173876#1,,-379075316,95396785#0,,1055857397#1
,24372991#0,,93325426#0,-95396776#0,,74314555#0
,31283064#1,,34951786#1,95396756#3,,95274385#0
,1268288171,,231876388#0,35216007#5,,273211057#0
,45177385#0,,-92403802#1,314205670#0,,273211091#7
,-863546409#0,,51937092#1,492041977#0,,-680782193#4
,297648255#1,,-92403802#0,43100779#0,,-689924124#4
,779874419#1,,-219973540#1,839784838#1,,-968060906#0
,-45172606#1,,24989806#0,1051315756#1,,24061029#10
,-44883353#1,,993372630,-90795036#4,,-968060907#2
,100226635,,34951714#1,667863952,,856631371#15
,209224915,,33640827#1,264448651#2,,680788589#0
,-44884664#0,,35216114#3,157293040,,97685693#3
,304919605#2,,55063538,-265176189,,60659454#1
,-24372978#0,,682699858#1,817790410,,97685712#3
,24372978#0,,-263941940#1,35216007#9,,97671461#1
,820360609#1,,35216848#3,157293003#0,,74314549#1
,805227609,,682703707,-667863960,,23488886#2
,257357821#3,,145569102#2,94094793#4,,135175652#3
,257357821#4,,-327521905,-265176676,,-97685741
,-44883381#2,,92403859#1,95396843#0,,680781433#0
,44883381#1,,958539563#3,94094793#3,,172598552#2
,680781422,,-682699856,89825913#1,,355240125#2
,-1029277426,,-181579868#9,368086828#9,,538982926#1
,387312970#1,,175994175#1,153190946,,893375978#0
,743545404#0,,44887721#1,438405583#4,,-40969574
,46149611#1,,33637414,368086830#0,,240392355#1
,548903448#1,,-263935798#3,31047009#2,,-820178850
,44956025#1,,264021277#2,273211073#6,,-97671331#0
,-22823721#1,,-537438903#1,31047273#0,,179260411#6
,101134277#1,,263941940#0,95396765#0,,680782193#1
,257357822#4,,264021710,,,69963040#1
,429714228,,264017864#1,,,680781432#1
,-297648255#1,,228056330#0,,,636502358#3
,149851229#3,,327402833#0,,,97671452#1
,46149190#2,,-181579868#6,,,-46151739#8
,335539645#1,,86867130#1,,,1245764639
,-131025950#3,,41519891#0,,,97671397#7
,131025950#3,,-34951880#3,,,690601667#2
,131156051#1,,254306532,,,23488891#0
,319196852,,682703706,,,23488888#2
,173954134,,1137751238,,,97671339#1
,1028244193,,32122466,,,667962678#1
,209210749#1,,31887177#2,,,97685742#4
,44883355#0,,1244284992,,,97671387#6
,-44883354#0,,42294745#0,,,269150811#3
,24060330,,128715173,,,893375978#4
,44838405#2,,31050815#1,,,97685761#1
,149136361#0,,-34951880#1,,,157292833#10
,-44883384#0,,46983934#1,,,95274372#2
,-45172605#1,,145569058#6,,,97671476#4
,30842114#1,,51771534,,,-355240125#3
,-22823722#1,,27085148#0,,,178988161#4
,-22823721#4,,31050815#0,,,240388168#3
,-562112859#0,,264069678,,,97671376#6
,1028258372,,-34951786#0,,,48037790#1
,388577163#0,,263865427,,,95274385#10
,-31237829#1,,753523080#0,,,97671394#1
,680781718,,145569102#0,,,95274385#7
,355202500,,264448295#4,,,24061029#7
,670065088#1,,139506059#2,,,95274397#0
,257357822#3,,-128715078#2,,,-95274339#0
,170624721#2,,355080033,,,240388168#0
,391633688#1,,-34951786#1,,,1245764637
,391633688#0,,128715160,,,97671327#1
,-131025971#0,,24989745#1,,,245069170#5
,46149185,,682699857#4,,,97671355#1
,548903448#0,,92204258#1,,,968060909
,23704735,,203035364,,,269150842#1
,44956025#0,,263881203#0,,,-680782188#9
,743545404#2,,228056329#0,,,-378284518#0
,198900395#0,,139506059#7,,,92223213#0
,-36688988#1,,-993372630,,,23489017#1
,45172804#0,,-537438903#3,,,342481198#2
,-257239012#0,,35216848#0,,,178988162#7
,257239012#0,,-231779274,,,60659451
,131156059#0,,22730620#1,,,198900384#3
,-44838842#0,,33625073#3,,,1031976632#0
,457308034,,41818364#0,,,97671476#0
,257239021#3,,32122426#0,,,690601667#0
,23488560#1,,264019964,,,1031976632#3
,23488561#3,,-264017864#1,,,680781432#2
,-44883382,,264448295#7,,,92223210
,-173954130#1,,254304963#0,,,-46151739#3
,667867185,,42294744#1,,,95274398#3
,-466032171,,145569102#1,,,-46151739#1
,-1027009174,,51933193#0,,,525293040
,-149136360#1,,34951863,,,-97685639
,-44883354#1,,41818367#4,,,492442417#0
,667959152#0,,139504332#3,,,95274398#2
,-131025950#2,,379075338#0,,,97671449#2
,-296690015,,89423678#0,,,95274349#4
,-131025941#3,,93470047,,,95274334#0
,269150833#0,,27085148#3,,,92223190#1
,131025957#3,,34951755#0,,,97671451#1
,332634091#6,,175994173#0,,,97671455#1
,350217575#4,,41818364#1,,,-355238450#0
,242897859,,-682703706,,,95274308#2
,580847356,,56255801,,,152413923#3
,24372978#5,,93325453#0,,,95274345#1
,46149193#1,,92204278#0,,,4848943#1
,355202490#1,,33625073#6,,,-1055857397#1
,930964332#2,,263935794#1,,,245069170#0
,1028619481#0,,44887720#2,,,-273211057#0
,332634091#1,,35216114#1,,,23488888#3
,170624716#1,,682712369#5,,,97671486#1
,682462417,,24989745#0,,,178899418#2
,170624721#0,,31624134#1,,,-24061029#10
,332634092#0,,93325429,,,636502358#1
,548938581#2,,34951880#2,,,269150837#0
,285677617#2,,-263935798#0,,,97671372
,46149025,,263956788#2,,,680782189#1
,261514199#1,,263935797#0,,,1113105796#0
,-680781425#3,,-263865427,,,-23488886#4
,4853035#3,,93325453#1,,,23488886#0
,-23488560#0,,-1298032332#0,,,97671387#2
,209210748,,537438903#7,,,95274349#7
,19922760,,-175987706#0,,,-95274380
,-23704733#0,,34951866,,,269150813#1
,562112859#1,,175987706#1,,,-46151739#6
,-220547267#2,,139506059#5,,,1055853354
,-45172805#2,,-128715078#1,,,229878534
,682476161,,-355080033,,,1031963663#2
,220547267#3,,-93325433#1,,,157292833#5
,-285664431#1,,262051128#0,,,273211096#1
,-131110319#0,,41818366,,,1069975920#0
,-131110355,,1057181619#0,,,178988161#5
,332634092#1,,33640827#2,,,97685621#0
,319196856#1,,264448295#8,,,856631371#4
,131110319#0,,408104677#0,,,680781437#0
,257357818#1,,-161966885,,,95274397#1
,173954139,,-503056675,,,-187797933
,388577166#2,,254326654#2,,,178988162#9
,-332634094#1,,89219856#0,,,97671338#1
,131025959#0,,24024043#0,,,157292833#1
,23488564#0,,254326632#6,,,157292833#8
,46149610#1,,-264459821#1,,,178989944#0
,-131025931#1,,866351232#2,,,95274354#1
,131156023#1,,280266451#4,,,264298077#5
,-22918541#4,,34950844#1,,,1245764640#0
,23488568#0,,956159245#0,,,58704022#1
,257357818#0,,33118878,,,198900392#1
,680781715,,89418354#3,,,119569977
,46149187,,24024042#1,,,97671476#3
,388577166#6,,32812356#2,,,245069170#4
,-350217576#0,,-24060958#2,,,-288444984
,350217576#0,,23260462#0,,,97685693#4
,-131025941#1,,572864358#1,,,245069170#6
,131025950#4,,149415581#0,,,1245764636#4
,1126633898,,-89418364#1,,,1031976629#1
,45172805#1,,-162324884,,,4848927
,1166015104#2,,-89430672,,,97671424#1
,-680781421,,46982284#1,,,-97671353
,-100102319#2,,181579907,,,492442417#2
,100102319#2,,77100164#10,,,97671339#0
,285664494#0,,-75259451#12,,,1245989824#1
,44838405#1,,89419994,,,1245989818#1
,-220547267#0,,89420432#1,,,1105285859#0
,257357802#1,,544270675#1,,,74314549#2
,-131025950#1,,254326644#1,,,31046486#1
,131025954#2,,570457257#1,,,97671461#4
,1028241264,,254326652#1,,,95274307#1
,333682045,,89419990#4,,,-245069170#5
,209210739#0,,32812366#1,,,-355239976#1
,-23488561#0,,24060958#13,,,1279121054#0-AddedOnRampEdge
,238836841,,178757958#1,,,97685747#0
,24372978#2,,-469105032,,,680781434#0
,1123711307,,33549498#3,,,-60659451
,645224082#1,,34950728#2,,,-97685670
,-680781430#0,,552131809#0,,,273211091#1
,-1028258366,,34949380#3,,,46151426#0
,209210756#0,,75259453#2,,,95274362#2
,-23488560#1,,-264459846,,,215959965#1
,376499341#0,,1177605680#2,,,95274385#1
,-238836841,,277789325#5,,,538982926#3
,-580847350#1,,34951010#0,,,97685612
,-1029279502#0,,437261899,,,-680782197#1
,-261514199#1,,34949380#0,,,1055857393#1
,267301957#0,,199311797#3,,,157292833#9
,267301957#1,,682693826,,,273211042#0
,-680781715,,463284094#3,,,46151739#4
,-680781716,,-265221588,,,-95274349#4
,149136360#1,,446324983,,,-97671411#2
,131110319#1,,543054885#3,,,157292833#13
,820360604,,-89417153,,,680781439
,4848752,,653297991,,,178988161#3
,44838842#0,,55686081#0,,,198900392#3
,-46148744,,458842531#3,,,97671376#4
,27242540,,580672559#0,,,1245764633#3
,998621641,,89420431#0,,,-1177591509
,-45172807#0,,-47127860#1,,,1279121054#0
,44884105#2,,199311794#2,,,1245147133
,131025961#0,,458283475#8,,,1069975921
,24803926#1,,254326632#3,,,-245069170#0
,746064104#1,,43550983#1,,,601322290
,44955970#3,,141597714,,,636502357#2
,45172804#2,,55686195#2,,,1055857395#1
,23488562#1,,591488198#0,,,97671397#1
,131156053#1,,75259453#3,,,680760292#1
,820214409,,33050418#1,,,680782193#0
,486067307,,1133878589#3,,,-23488886#1
,46149609,,89430684#0,,,1070720653#3
,388577160,,-89430681#0,,,342481197#0
,44883354#1,,-91848892,,,97671461#3
,1268288169,,89240073#3,,,1105285856
,269150824,,32812349#1,,,-95274398#1
,-131025954#0,,-91854853#1,,,97685712#1
,131025969#0,,41519033#1,,,97685696
,332634091#2,,24024045#8,,,680782188#0
,930964332#0,,459618758,,,97685711#1
,-46149615#1,,85568120#3,,,97671376#10
,23990056#1,,264459819#0,,,74314563
,46149605,,-95399107#1,,,1031976626#0
,-23704726#0,,32812345#1,,,135175650
,-44838841#2,,47072152#0,,,378279497
,23488561#2,,580672560,,,-355238450#1
,46149022#1,,265271590#3,,,95277522#0
,987136270,,-47072155,,,97671455#2
,987135428,,-24060958#1,,,1245764633#1
,-1165717964#0,,175403789,,,196380131
,-297648257#0,,665999473,,,97685645#0
,987135431,,545973314,,,178988161#0
,746064104#0,,89219857,,,4848945#0
,131156093,,328531825#0,,,689924124#4
,174022683#1-AddedOffRampEdge,,587067865#0,,,968060907#0
,174022683#2,,-89419986#0,,,680782193#3
,131156025#1,,584343267#3,,,273211091#9
,-36688988#2,,365354843,,,856631371#3
,-45172803#0,,72463458#2,,,273211091#8
,149136359,,24024045#11,,,198900396#2
,45174083#0,,91017767#0,,,95274378
,45174083#1,,-24024046#0,,,97671386#0
,24821259#0,,301494972#1,,,97685741
,388577164#0,,220470668#2,,,240388168#2
,-220547267#3,,89419987#1,,,27695601#0
,23350417#1,,24989774#2,,,97671366#1
,-45172803#2,,26322270#0,,,198900384#1
,1117138479#0-AddedOffRampEdge,,254326654#5,,,198900384#8
,1268123631,,-328531782#2,,,-1105285859#1
,27241672,,190730289#4,,,273211113
,680781428#3,,328531802#2,,,97671331#0
,31283064#3,,75259451#2,,,856631371#5
,577567019,,32812321,,,-355240125#5
,492432411#1,,91854817,,,178988162#4
,22823718#0,,-264459825#2,,,538982925#2
,680781430#1,,581953131#0,,,680760292#2
,131156049#3,,75259451#4,,,95274372#1
,335539644#0,,463284093#0,,,46151739#8
,1028619480#2,,41519033#3,,,1139284719#1
,44883357#0,,517921702#0,,,95274385#5
,-44883381#1,,254326637#2,,,676291217#0
,-23704726#1,,1021405848,,,187797935#0
,23704726#0,,562912001#2,,,1245764638#1
,22823722#0,,265271589,,,-680782188#6
,680781712,,86867128#0,,,74314558#1
,36688988#1,,34951246,,,198900384#5
,36688988#2,,170598722#1,,,-680781434#0
,-44883380#2,,-89417144#0,,,-24061029#9
,45173867,,-1133878592#1,,,97685761#2
,45172606#0,,72463512#1,,,-23488887#1
,46149022#0,,81606324#3,,,97685747#1
,24372978#3,,34949380#1,,,203301442
,297648257#0,,89206670,,,40969591#0
,-297648257#1,,-34950844#1,,,46151427#0
,24372990#1,,34951010#2,,,1031963665#1
,-44883380#1,,516537246,,,820180321
,44883380#1,,89430682#2,,,-1055857393#1
,131025929#2,,24024043#3,,,1245764635#0
,304919603#0,,328531802#8,,,97671426#3
,333682042#2,,-33118878,,,97671343#2
,-46149194#0,,149415593#2,,,273211041
,-23704749#1,,531013210#0,,,97671385
,135195086,,280266451#1,,,95274354#0
,39629447#4,,-23260462#0,,,264298077#2
,171300278#1,,89828152#1,,,198900396#3
,1265766814#0,,570457257#2,,,240392347#2
,209215786#2,,62361251,,,97671387#5
,22823716#0,,217860244,,,-680782188#7
,31283064#2,,89418356#1,,,97671376#9
,332634092#2,,81606325#0,,,157292833#14
,1028244194,,-866351232#0,,,97671461#0
,682462418,,55686075#0,,,-172598552#0
,387312971#1,,-89420432#1,,,680782188#9
,23704726#1,,-776857042,,,378284518#0
,22918541#5,,33627869,,,97671376#11
,1165717964#0,,543023530#1,,,-601322290
,266086958,,33640794#10,,,178989944#3
,405795839,,-570457257#1,,,178988162#6
,1268288167,,228056327#0,,,58704022#4
,44884663#0,,190730289#0,,,-680782193#0
,568498789,,32812366#4,,,240388169#2
,511081977#0,,32130055#0,,,97671386#1
,24821259#1,,460851984#6,,,95274374#0
,-24372996#1,,33050410#0,,,97685711#3
,-667867184,,33118881#1,,,95274348#1
,46149610#2,,1104675206,,,97685742#3
,-1028619483,,562912001#1,,,242897855
,1028619496#2,,254326626#1,,,97671396#0
,22823721#2,,464000322#1,,,95274385#4
,171300277#1,,48391175#0,,,23488890#0
,257239011#0,,181579920,,,269150842#4
,24372991#4,,170598719#0,,,157292833#12
,-930964332#2,,264459825#0,,,355238450#0
,746064101,,264459843#8,,,97685761#4
,-24060330,,-543054885#4,,,538982925#0
,1029279502#0,,-24060958#6,,,1055857394#0
,400830346,,-367360995,,,1031963663#1
,265010616#0,,458089581,,,-680782193#3
,257357812#4,,264459819#3,,,163198815#2
,335539644#1,,91854868,,,215959964#0
,45177678,,89240073#2,,,97671476#1
,1165717963#1,,-682693826,,,95274380
,45017540,,-463284093#1,,,97685742#1
,297648261,,89418357,,,97685687
,44838842#1,,41519038#4,,,46151739#6
,388577161#0,,81606324#8,,,-97671458
,584188113,,23260462#4,,,172598637#4
,584188115,,512044960,,,1245764634
,-46149185,,46982301#3,,,163198815#6
,265010588#2,,-43550255,,,54786433#1
,27241671#0,,33050419#2,,,27695601#1
,680781714,,34998006#5,,,273211091#6
,-36688988#0,,55686275,,,97671478#0
,131156087#1,,24024045#0,,,95274372#0
,-426816157,,-264459842#3,,,636502357#1
,1028258364,,254326646#0,,,97671480#3
,209366310#0,,509241395#4,,,-24061029#3
,-171300262,,199311794#6,,,187797933
,-45172804#5,,463284095#3,,,74314562#0
,645224085#1,,89420432#0,,,97685693#0
,645224085#0,,26322270#2,,,23770583#3
,24053246,,-541902883,,,58704022#2
,548903448#4,,46982270#0,,,4848943#2
,391633685#0,,543209655#5,,,95277522#1
,-46148745#1,,-89419986#1,,,1245764636#3
,-44883356,,-91854884,,,273211091#5
,45174138#0,,464558883#0,,,286434746
,44955970#4,,958537535#2,,,97671427#2
,45172604,,85568120#2,,,-525291477
,-45174083#0,,-75259451#7,,,-187797935#0
,-335539638,,217858092,,,97685630
,46149188,,89213772#0,,,97671426#0
,491027863,,584343268,,,893375978#2
,304919602#3-AddedOnRampEdge,,-459618758,,,95274313
,131156057#0,,-91854870#1,,,74314557#0
,743545405#1,,46982708,,,269150811#0
,-45172804#2,,557375051#2,,,97671353
,-44838407,,89419992#1,,,240388169#8
,694540174,,544812705#0,,,-378279504
,951326912,,1177605680#3,,,1031976626#1
,951326913#0,,31610667#0,,,97685672
,-45017437,,24989774#4,,,-355239976#0
,269150818#1,,509241395#2,,,1085022605#1
,44955971#0,,386286309#0,,,1085022609
,46149023#0,,72463458#1,,,97685621#1
,296689963#2,,89418355#1,,,95274372#3
,680781431#0,,581953131#2,,,355239976#1
,44838407,,24024042#2,,,1245764636#0
,-355202500,,89430678#3,,,97671459
,-198900393,,254326654#0,,,-24061029#8
,-27241669#3,,552131805,,,240388168#4
,23704749#0,,193618812#3,,,58704022#0
,-131025941#0,,91854875#1,,,97685776
,-44884663#1,,544812705#3,,,1085022605#4
,44884663#1,,43550983#2,,,-46151742
,682445842#0,,-301494972#1,,,97685670
,682445842#1-AddedOnRampEdge,,220470667#1,,,97671386#3
,-173954118,,277789325#2,,,95274385#8
,36688988#3,,543209655#0,,,240392347#0
,131110355,,162324885,,,97671396#1
,1028241262,,1025830855#0,,,97671366#2
,388577163#1,,193618812#13,,,478293893#0
,-44883381#0,,543055421#0,,,97671480#2
,609968226,,503056674,,,1245147140#1
,466032165,,89430686#0,,,690984489
,682445842#1,,23260462#2,,,97671472
,209210744#0,,501179305,,,1245989818#0
,24372996#1,,149415593#1,,,97685712#2
,198900394#1,,254325085,,,680782197#0
,-354858504#1,,89430683#0,,,1234173061
,-22918541#2,,-91854817,,,1284334995#2
,-131110319#1,,588307664#1,,,97671411#2
,23489088#1,,228056312#0,,,680782192#1
,45173866#1,,682712374#1,,,1177591509
,131025969#2,,-170598722#1,,,1245147140#0
,131025969#3,,89206668,,,-97671337#3
,45172605#1,,89240079,,,1245764638#0
,-44883385,,-265271565,,,97685779#2
,354858508#0,,24060958#9,,,-97671411#1
,-285664431#0,,682262110#2,,,97671445#0
,-24372978#2,,199311798#6,,,97671479
,25824086,,314210315#4,,,178988161#2
,173954137,,-199311782#3,,,157292893
,-680781427#0,,86867128#1,,,198900384#6
,746064103,,1144431724,,,69963039#0
,-45172803#1,,89420433#3,,,689924124#1
,304727919#1,,89213766#14,,,342481201#13
,-680781425#2,,170598719#1,,,95274398#1
,131025957#0,,-866351232#12,,,97671392#0
,-220547267#1,,24024043#2,,,-680782188#3
,102519003,,-546952811,,,378279498
,396771661#2-AddedOnRampEdge,,89420431#3,,,97671452#2
,466032171,,72463851#2,,,97671455#0
,670065088#0,,544812705#4,,,46151427#1
,492432409,,543023530#0,,,23488890#2
,-350217576#1,,1177605680#1,,,760760235#1
,131025946,,636894188#0,,,355238450#1
,670065088#2,,89240073#1,,,215959964#2
,1147401996,,-264459843#12,,,97671480#4
,-102519007#0,,89430686#2,,,667962678#0
,353940879#0,,149415590,,,342481200
,46149195,,33050419#0,,,97671356
,879498552#1,,89420436#0,,,97685711#2
,102126349#1,,517927340#0,,,
,31237829#2,,-33050410#1,,,
,269150818#0,,41260712#1,,,
,-1120579613,,-264459825#4,,,
,100102319#1,,161966885,,,
,-23488562#0,,264459837,,,
,987049868,,918334710#3,,,
,667867184,,-23260461#1,,,
,332634094#2,,-170598719#0,,,
,-44883357#1,,-264459825#0,,,
,131025950#2,,-264459843#9,,,
,-45172804#3,,32812356#3,,,
,-131025950#4,,-1039905091#1,,,
,46149190#1,,301494974#0,,,
,45172803#0,,517820536#1,,,
,23704718#2,,237528239#1,,,
,391633685#1,,264459826#0,,,
,354858508#1-AddedOnRampEdge,,-91854868,,,
,354858508#1,,89430680#0,,,
,-23704733#1,,89418359,,,
,45172805#0,,33050418#0,,,
,354858485#2,,34951200,,,
,154125462,,-89420431#1,,,
,-131025946,,517921702#2,,,
,23704733#0,,958537535#4,,,
,46149604#1,,681548654#0,,,
,265010616#1,,258303757#0,,,
,-44838405#1,,-254326623#3,,,
,-131156400#0,,41519045#1,,,
,-131025954#1,,162324884,,,
,-285677614#2,,543054882,,,
,388577161#1,,75259451#11,,,
,651677176,,460851984#4,,,
,45172803#1,,-89419986#4,,,
,-667959153,,48788423#2,,,
,24821261,,-463284095#3,,,
,388577158,,32812356#4,,,
,257239019#0,,542264756#1,,,
,332634091#3,,52517547#2,,,
,266086965,,193618812#10,,,
,266086964,,32130055#1,,,
,198900394#0,,81606325#2,,,
,1117138480#1,,682262115#5,,,
,102519007#0,,292495150#0,,,
,243799234,,332390573#0,,,
,548903448#3,,48391175#4,,,
,1166015108,,328531827#4,,,
,580847350#1,,314210315#2,,,
,131110375,,89418356#0,,,
,-27241668#3,,173022744#0,,,
,-44884663#0,,-46982708,,,
,257239009#1,,395264630#1,,,
,332634094#1,,-89419992#1,,,
,171300262,,178757958#0,,,
,257239015#1,,264459845#2,,,
,173954128#0,,364080011#1,,,
,173954124,,24060958#7,,,
,-131025939#0,,1177605681#2,,,
,265010585#0,,237528239#3,,,
,396771661#4,,-34951210,,,
,-44838841#3,,265221588,,,
,170624721#4,,314210315#0,,,
,131025929#1,,-89418358,,,
,-23488568#0,,264459853#2,,,
,23488568#1,,220470667#0,,,
,296690015,,89430684#3,,,
,388577162#1,,-301494970#1,,,
,23704733#1,,199311795,,,
,131025963#0,,89418354#2,,,
,332634092#3,,-162324885,,,
,-304727992,,264459842#3,,,
,1117138480#0,,-23260462#2,,,
,396771661#3,,-52518334#0,,,
,171300263#0,,-501179305,,,
,24803931#1,,-130453217#3,,,
,24821311#1,,190730289#2,,,
,-44883381#3,,47127860#0,,,
,209366310#1,,648175929,,,
,680781716,,190730289#1,,,
,45177681,,89430681#0,,,
,-23488561#3,,52924701#1,,,
,863546409#1,,55686236#2,,,
,391633685#3,,91854853#1,,,
,59254385,,24024045#13,,,
,131025954#0,,-588307664#1,,,
,998621643#1,,-89828152#0,,,
,1268288170#0,,33640794#0,,,
,1117138479#1,,89182753,,,
,1166015104#0,,89430676#0,,,
,-1027009172#2,,258303757#2,,,
,4853035#0,,33118881#0,,,
,257357820,,72463458#4,,,
,355202491#2,,24060958#0,,,
,285664431#1,,264459819#2,,,
,285664431#0,,24024045#5,,,
,36689410,,244317039#6,,,
,396771661#1,,91705267#0,,,
,269150833#1,,89430678#6,,,
,-23488561#2,,89419986#0,,,
,46149193#3,,72463458#0,,,
,-131025950#0,,24024046#0,,,
,355202491#0,,-91216434#0,,,
,-46149604#0,,-546231958,,,
,717183325,,24989774#0,,,
,257233100,,-170598719#1,,,
,149851229#2-AddedOffRampEdge,,-1039905092#2,,,
,149136361#1,,46982301#5,,,
,511081977#1,,328531828#3,,,
,319196853,,328531782#2,,,
,-23488568#1,,89206666,,,
,44955971#1,,1177605680#4,,,
,-285677614#1,,-89420431#3,,,
,149136360#0,,-164586351,,,
,45172800,,82624905#1,,,
,46149027#1,,574761506,,,
,1027009172#2,,89419202#1,,,
,46149604#0,,33640794#3,,,
,23990057,,458283474#0,,,
,209215786#0,,89430680#1,,,
,257239010#0,,72463603#0,,,
,-269150818#0,,796186460#0,,,
,-269150818#1,,264459825#2,,,
,680781426,,-34951053#2,,,
,46148744,,89419990#1,,,
,44884105#4,,254326637#3,,,
,-1027009173,,32122517#2,,,
,30177142#1,,34950844#0,,,
,-45172804#0,,264459842#6,,,
,171300263#1,,89420435#1,,,
,131025941#0,,41519038#0,,,
,285664427,,-89420436#0,,,
,27241668#2,,543054881,,,
,-211740191,,328531825#3,,,
,-614989353,,33640794#5,,,
,131025954#1,,682262113,,,
,651677178#0,,-23260462#1,,,
,1165717968,,32812366#2,,,
,-44838406,,-459037937#2,,,
,265010617#0,,264459819#4,,,
,45172606#1,,46982270#2,,,
,31237889,,52928549#0,,,
,-23488561#4,,72463851#3,,,
,44883384#0,,34950710,,,
,24053276#1,,-918334710#3,,,
,23704749#1,,89417144#0,,,
,285664437,,1133878592#0,,,
,319196860#0,,89234087#0,,,
,46149193#2,,1156068079,,,
,131025969#1,,161966884,,,
,157345942#1-AddedOnRampEdge,,89240072,,,
,810758264,,-301494974#1,,,
,297648257#1,,-34950844#3,,,
,265010575#1,,-264459826#1,,,
,651637968,,1019987802#0,,,
,-149136360#0,,-55686195#1,,,
,548938581#3,,-588307664#0,,,
,131156400#0,,-463284095#2,,,
,174022683#0,,55686236#4,,,
,257233100-AddedOffRampEdge,,328531802#14,,,
,355202496,,334085546,,,
,131025939#1,,27695695#0,,,
,174022673,,26603888,,,
,1028619496#0,,543023529#1,,,
,131025969#4,,-458673382#2,,,
,170641388#1,,89240074#1,,,
,24803926#0,,48391239#1,,,
,170641388#4,,254326637#1,,,
,1165717969,,75259451#8,,,
,131156028#1,,-264459842#12,,,
,-746064104#0,,-1133878589#2,,,
,23704718#3,,190730289#3,,,
,46149193#0,,33625005#2,,,
,682445838-AddedOffRampEdge,,-89430683#1,,,
,682445838,,34951236#2,,,
,-45174083#1,,89430675,,,
,170641388#3,,199311798#4,,,
,24821288,,-89418356#0,,,
,44883013#2,,543054885#4,,,
,44955796#2,,544270674#2,,,
,-466032168,,-46982284#0,,,
,131025941#2,,24060958#5,,,
,-46149611#0,,-91854872,,,
,45172804#3,,367360994#0,,,
,-511081976#0,,-549451720,,,
,-44883383,,-1021351340#1,,,
,23488561#0,,328531827#2,,,
,23488562#0,,-364080011#2,,,
,228633420#0,,-24060958#7,,,
,22823721#8,,149415594#0,,,
,23990056#0,,-24024046#1,,,
,-46149194#1,,26322270#1,,,
,44838404,,463284093#1,,,
,-746064104#1,,-513567595,,,
,820214408,,463284094#0,,,
,131025963#1,,160745254#0,,,
,22823716#2,,-264459853#3,,,
,1028258369#0,,43550255,,,
,173954121,,-89418364#0,,,
,810346011#2,,23443416#1,,,
,-27241671#0,,52928549#1,,,
,22823718#1,,89420433#1,,,
,22823718#1-AddedOffRampEdge,,34951010#1,,,
,849983642,,264459839#0,,,
,849983642-AddedOffRampEdge,,89419990#2,,,
,-171300268,,458673382#0,,,
,1166015104#3,,173022744#3,,,
,-44838405#4,,541902883,,,
,44838405#4,,458673380,,,
,466032168,,89430678#4,,,
,-23704729,,-47127860#0,,,
,45172807#0,,32122515#1,,,
,171300266,,258303760#1,,,
,-24372978#1,,89419986#1,,,
,548938581#1,,91854884,,,
,265010601,,33050414#0,,,
,426816157,,-328531782#1,,,
,198900387#1,,32812366#0,,,
,355202494,,75259451#6,,,
,760589787#1,,460851984#2,,,
,335539645#0,,89430678#5,,,
,-46149607,,91854870#1,,,
,285677614#2,,48391008#0,,,
,27241668#0,,72463851#0,,,
,-27242140,,-89182753,,,
,131025941#3,,-228056313,,,
,209210742,,-33118881#0,,,
,171300268,,-72463458#4,,,
,46149190#0,,-458283475#2,,,
,267301946#0,,918334710#2,,,
,198900395#1,,254326646#1,,,
,1165717966#1,,199311794#8,,,
,355202503-AddedOnRampEdge,,-72463458#0,,,
,1120579615#0,,82624902,,,
,679785216#3,,41260920,,,
,879498552#3,,264459828,,,
,533909177,,463284093#2,,,
,131025931#0,,-536082140,,,
,131025959#1,,544340291#3,,,
,157296567,,89213772#3,,,
,209215786#1,,33640794#14,,,
,44955976#0,,-264459830,,,
,1029301769,,-23260460#1,,,
,354858508#1-AddedOffRampEdge,,-89419202#1,,,
,-36688988#3,,-91854877#2,,,
,45172802#0,,-72463603#0,,,
,36688988#4,,328531802#3,,,
,1165717970,,-33626801,,,
,350217576#1,,91854839#0,,,
,1117138479#0,,89418354#1,,,
,355202492#2,,89430682#1,,,
,614989353,,-34950844#0,,,
,-31237889,,-264459842#10,,,
,46149615#0,,264459849,,,
,44956024,,264459843#5,,,
,30177142#0,,46982423#2,,,
,853378613#2,,46982301#8,,,
,171300277#0,,31887171#0,,,
,27242140,,463284095#4,,,
,173954122,,-52928549#0,,,
,45170904,,301494973#3,,,
,22823719,,-91854875#0,,,
,44955975#3,,584343267#4,,,
,31237829#3,,89219849,,,
,174022683#1,,-301494971#2,,,
,24372991#3,,-89234087#0,,,
,209366310#0-AddedOnRampEdge,,91017767#1,,,
,209210754#0,,89881818,,,
,987049867,,-364080011#4,,,
,62066585,,-43550256,,,
,548938581#0,,258303757#4,,,
,199152209#3,,683454880,,,
,-31237872,,-161966884,,,
,44883010#2,,89234350#0,,,
,257239021#5,,33625005#0,,,
,157345942#1,,46982270#3,,,
,584188123,,199311782#2,,,
,267301946#1,,-1019987802#2,,,
,354858488#1,,264459843#3,,,
,-285664450,,244317039#12,,,
,-1028689293,,546604219,,,
,46149610#0,,866351232#4,,,
,265010620#0,,546952811,,,
,23704729,,46982274#0,,,
,1165717963#0,,-334085546,,,
,44883011#1,,-264459853#1,,,
,174022636,,-89240074#1,,,
,173954134-AddedOnRampEdge,,544270674#1,,,
,198900395#2,,458673383#0,,,
,44955973,,264459843#11,,,
,-44838405#0,,-75259451#10,,,
,265010616#0-AddedOffRampEdge,,89420433#2,,,
,987135427,,89828152#2,,,
,173954135,,41519038#1,,,
,257357821#0,,-570457257#0,,,
,257357821#2,,41519052,,,
,44955976#3,,43991628#2,,,
,101134273,,264459825#4,,,
,391633685#2,,958537535#0,,,
,27241663,,170598722#0,,,
,171300278#0,,23260461#0,,,
,100226632,,-89430681#1,,,
,100226632-AddedOffRampEdge,,134668783#1,,,
,46149606-AddedOnRampEdge,,89430682#0,,,
,46149606,,85568120#4,,,
,-24372991#3,,1039905091#0,,,
,-131025959#0,,328531827#0,,,
,44955972,,-91854885#1,,,
,651677235,,46982301#4,,,
,285454834#1,,-149415594#1,,,
,23681347,,958537535#1,,,
,4848754-AddedOffRampEdge,,-1127706328#0,,,
,582338491,,682262112#0,,,
,131156055,,89420431#1,,,
,131156052,,-47072157#1,,,
,168573481#1,,173022744#2,,,
,44955796#0,,89418363,,,
,853378613#0,,24024045#6,,,
,4848887,,46982301#0,,,
,405795843#2,,33640794#12,,,
,44838405#0,,-160745254#2,,,
,-27241668#2,,254326623#2,,,
,46151436#1,,280266451#2,,,
,405795843#1,,89210821#0,,,
,44883013#2-AddedOnRampEdge,,-23443416#1,,,
,265010595,,-52928549#1,,,
,171300269,,-264459842#5,,,
,623362974,,89206671#0,,,
,651677225,,32812349#0,,,
,582230759,,89419986#4,,,
,100226630,,89219861#1,,,
,44955975#2,,-458673382#1,,,
,44955970#0,,91854886#0,,,
,4853035#1,,-89418360,,,
,4848754,,24024045#10,,,
,1015165917-AddedOnRampEdge,,32812356#0,,,
,27241664,,328531790#0,,,
,44955977,,427171555,,,
,131156051#0,,328531802#0,,,
,759397447,,89419990#3,,,
,339397020,,254326632#5,,,
,-131025931#0,,-866351232#1,,,
,131156051#0-AddedOnRampEdge,,91854814,,,
,97685638#1,,52517547#0,,,
,-139718208,,89419197,,,
,813418915,,280266451#5,,,
,883261846,,682262619#0,,,
,4848932#7,,-72463458#6,,,
,459561639#0,,1021351340#3,,,
,1181162212,,-543054885#2,,,
,44049166#0,,557375051#1,,,
,904911912,,518843396,,,
,726941894#0,,-89419986#2,,,
,172598640#1,,-918334710#2,,,
,69963032#3,,89196126#1,,,
,4848930#1,,548970510,,,
,580847357#3,,89418358,,,
,151481858,,34950625#1,,,
,150868751#2,,544342030#0,,,
,538982927#2,,543209655#3,,,
,669790924#1,,-47072156,,,
,-139718219#0,,178757945#2,,,
,69963044#4,,89420431#2,,,
,240595362#1,,89240082#2,,,
,1245147126#2,,-82624902,,,
,39629578#1,,301494970#0,,,
,139718225#0,,34951236#0,,,
,97685728#0,,32122518#0,,,
,539237085#1,,-463284093#3,,,
,211732702,,52518334#0,,,
,-88690557#4,,130453217#0,,,
,929013758#0,,277789325#7,,,
,240595364#2,,264459819#1,,,
,40969582,,-736550490#1,,,
,548908713,,543054885#0,,,
,257233103#0,,682262110#0,,,
,139718218#1,,32122515#2,,,
,59263148#1,,31958280#0,,,
,33847144#9,,512747171,,,
,609929519#1,,-91854839#0,,,
,27695604#1,,-264459849,,,
,24487306#0,,89419196#1,,,
,759284949,,-264459845#1,,,
,539237084#2,,-1021351340#2,,,
,33847142#1,,-264459843#5,,,
,879780895#0-AddedOnRampEdge,,544270675#2,,,
,883261847#0,,89828152#0,,,
,759379782#3,,-463284095#4,,,
,1026056857#6,,-576811475#0,,,
,39168852#0,,-686373007,,,
,271720710,,89430677#1,,,
,1070720649,,46982301#2,,,
,97685754#4,,517820536#0,,,
,319196850#5,,-458673382#5,,,
,269150837#2,,544270675#0,,,
,-88690557#0,,46982270#1,,,
,47025799#6,,48391239#0,,,
,95277526#11,,81606324#0,,,
,39629578#6,,-683454880,,,
,151329169#2,,464000322#0,,,
,319195388#2,,-23260460#2,,,
,240595360#2,,-89234350#1,,,
,660972503#0,,580672561,,,
,-968060910#3,,546231958,,,
,929013755#0,,173022744#1,,,
,319196850#3,,-264459843#3,,,
,69963044#1,,34951153#1,,,
,539237086#1,,1039905092#1,,,
,568498791#6,,89213772#5,,,
,172665597#2,,164586351,,,
,-651701877#1,,-91854839#1,,,
,151329188,,-91216434#3,,,
,269150840#1,,33050417,,,
,667962674#0,,301494971#0,,,
,680788592#5,,-264459825#5,,,
,46869642#1,,796186460#1,,,
,43988828#0,,-458673383#0,,,
,667962674#1,,328531828#4,,,
,942581082,,199311757#3,,,
,680788593#0,,34951053#1,,,
,240392370#1,,-89828152#2,,,
,39629431#1,,328531802#5,,,
,319196850#1,,58706164#1,,,
,147812381#0,,33549498#2,,,
,39629550#2,,178757944#1,,,
,-191324188,,178757953,,,
,265068934#1,,458283475#0,,,
,151329179#0,,543023529#0,,,
,240392370#0,,328531790#8,,,
,33847146,,-41519052,,,
,-1181162212,,91854877#0,,,
,1025991802,,23260462#1,,,
,759379782#0,,33549498#0,,,
,964307336,,459037937#0,,,
,922026090#0,,258303757#3,,,
,-22730603#2,,-170598722#0,,,
,33847143#0,,89430677#0,,,
,342481201#10,,-24024046#3,,,
,751229842,,41519038#3,,,
,265068939#2,,149415578,,,
,40969585#1,,134668783#0,,,
,-1245147127#0,,34951236#1,,,
,261065061#0,,89430682#3,,,
,139718218#0,,34950844#2,,,
,922026091,,53208159#0,,,
,-240595359#0,,55686195#0,,,
,44049166#2,,89430685#0,,,
,894991905,,-89419992#0,,,
,-734897654,,463284095#2,,,
,172665593#0,,-458673382#6,,,
,676291217#4,,-89418363,,,
,151329171#0,,544442193,,,
,46869642#2,,199311794#10,,,
,580847357#2,,32122518#2,,,
,45171692,,33625005#3,,,
,879780891#1,,544340291#0,,,
,23705307#0,,280266451#0,,,
,158180857,,34950728#3,,,
,-33847142#3,,-91854811,,,
,-22730603#1,,32122518#1,,,
,139718226#1,,33627771#0,,,
,139718226#0,,244317039#0,,,
,676291217#3,,458673382#2,,,
,46869642#3,,-264459822,,,
,265068937#1,,264459842#11,,,
,95274316#1,,-265271575#1,,,
,854239334#0,,32130422#0,,,
,4848928#2,,1127706328#1,,,
,33847144#2,,1133878589#2,,,
,894991909#1,,-1021407861#1,,,
,47025799#1,,636894188#1,,,
,879780891#3,,178757956#1,,,
,45242995#5,,-23443416#4,,,
,-147812381#10,,1042122376#0,,,
,1026056857#0,,89418354#0,,,
,69963044#2,,-85568111#1,,,
,-616100136,,89430683#1,,,
,-172665593#1,,-91854814,,,
,95274316#0,,-89419197,,,
,-968060910#2,,86867128#3,,,
,147812381#4,,-682262619#1,,,
,968218278#6,,89240073#4,,,
,95274341#1,,544342030#1,,,
,760734685#0,,1177605681#3,,,
,40969586#2,,-1021351340#4,,,
,-97685613#0,,-91854885#2,,,
,319195388#4,,46982284#0,,,
,207104337#0,,-518843396,,,
,25824166#2,,91854872,,,
,968218278#4-AddedOffRampEdge,,549451720,,,
,1103812306,,1021351340#0,,,
,39521608,,328531828#0,,,
,240595359#1,,24024046#1,,,
,-968060910#4,,89234087#1,,,
,932390016#0,,193618812#15,,,
,139085562#0,,72463466#0,,,
,-690198421,,513567595,,,
,669790924#0,,46982423#0,,,
,27695604#2,,228766720#0,,,
,240595364#0,,46982423#1,,,
,4848928#9,,543209655#1,,,
,-145402277,,89418364#0,,,
,1158715735,,34998006#2,,,
,4848911,,-89420431#2,,,
,342481201#8,,-89240082#2,,,
,203301448,,1177605681#0,,,
,-172665593#0,,228766720#1,,,
,968060910#5,,89420435#0,,,
,315233373#1,,58706164#0,,,
,884274229#2,,-47072157#0,,,
,25824165#1,,301494973#2,,,
,44049166#3,,-55686075#4,,,
,40969594#0,,31887176,,,
,548908719,,46982301#7,,,
,548908717,,584343267#2,,,
,-139718226#0,,-543054885#0,,,
,240388169#0,,328531782#0,,,
,-69963032#2,,-91854875#2,,,
,525276670,,536520674,,,
,33847144#3,,-89240074#0,,,
,856631371#20,,34951154,,,
,39520581#0,,-571930272,,,
,660988514#1,,89430685#1,,,
,139718209,,-89419196#1,,,
,342481201#12,,72463851#1,,,
,47025799#4,,178757945#0,,,
,271720622#1,,460851984#7,,,
,568498791#0,,89185075#0,,,
,319196850#2,,85568120#7,,,
,4848932#6,,48788423#3,,,
,759287234#0-AddedOnRampEdge,,460851984#3,,,
,856631371#18,,228056313,,,
,-147812381#5,,458283475#2,,,
,271720637#0,,458283475#5,,,
,1009766031,,328531828#2,,,
,97685754#2,,544340291#2,,,
,798844785,,81606324#1,,,
,24487306#1,,543054883,,,
,856631371#21,,149415593#0,,,
,39521349#0,,463284094#4,,,
,968060910#6,,89420434,,,
,39629578#8,,55686236#1,,,
,760591655#0,,-91854866,,,
,568498791#4,,52518334#1,,,
,854239336#0,,-34951153#1,,,
,651701877#1,,91854874,,,
,191318898,,220470668#1,,,
,879780891#6,,536082140,,,
,139085552,,89430684#2,,,
,150868751#0,,517927340#1,,,
,538982927#0,,33050420,,,
,139718197,,-89234350#3,,,
,667962675#0,,23260460#0,,,
,342481201#6,,264459843#7,,,
,97685780,,181579860,,,
,139718220,,91854877#2,,,
,191324188,,-264459842#1,,,
,4848928#10,,-301494971#0,,,
,539237085#4,,33626782,,,
,667962677,,89213772#7,,,
,-968060910#5,,48391175#1,,,
,151329182#4,,52517547#1,,,
,22730603#2,,55686081#1,,,
,39520581#1,,41519033#2,,,
,240595364#3,,89206669,,,
,39629578#12,,237528239#0,,,
,-151313103#1,,-91216434#1,,,
,-690198420#1,,1042122375#5,,,
,1245147127#0,,-458283475#1,,,
,240595361#1,,193618812#4,,,
,44049166#1,,89430685#2,,,
,39168852#1,,-91854877#0,,,
,151329184#1,,682712374#4,,,
,539237085#6,,-91854885#0,,,
,240595359#0,,-364080011#0,,,
,43988828#2,,91854875#0,,,
,151329182#2,,89219852#0,,,
,-147812381#12,,301494971#2,,,
,734897654,,24060958#15,,,
,-319196859,,43991628#1,,,
,839784837,,43550256,,,
,539237084#5,,364080011#3,,,
,46869642#0,,-89419986#3,,,
,97685619#0,,-141597712,,,
,172665597#1,,458842531#0,,,
,760933236,,24024045#14,,,
,895804511,,91854865#0,,,
,-660988514#1,,682262115#6,,,
,-139718209,,199311794#19,,,
,27695604#0,,89216424#0,,,
,942581084,,1042122375#8,,,
,22730603#0,,-89420436#1,,,
,97685613#3,,509241395#0,,,
,1025991803#0,,-1039902221#2,,,
,139085561#0,,32122590,,,
,39629578#9,,-154093154,,,
,-1245147127#2,,34998006#0,,,
,39168795,,43550983#0,,,
,151313103#0,,24024042#0,,,
,879780891#5,,1301094954#1,,,
,1165717957#1,,509241395#3,,,
,1112063970#1,,199311794#13,,,
,27695604#3,,-35777909#5,,,
,-665702983,,264459843#0,,,
,27695604#10,,-463284095#1,,,
,39629578#7,,193618812#6,,,
,-1070720648,,1119110193#0,,,
,147812381#1,,89418355#0,,,
,69963036,,32812356#5,,,
,459561641#0,,264459853#0,,,
,240595361#4,,1042122374,,,
,1026056857#2,,41519045#2,,,
,147812381#10,,-89419196#0,,,
,97685754#5,,89206671#1,,,
,240595362#0,,-33627771#1,,,
,4848930#0,,41519038#2,,,
,261065064#0,,1054774756#0,,,
,139718225#1,,91686849#0,,,
,172665593#1,,-95399107#0,,,
,-191318898,,-683454879#2,,,
,27695604#4,,-314210314#1,,,
,4848928#7,,89240082#0,,,
,904911911,,570457257#0,,,
,968060910#0,,1042122375#0,,,
,196380141#6,,53156654#0,,,
,151329185#2,,254326632#1,,,
,151329185#0,,52517546#1,,,
,319196861,,89430681#1,,,
,-139718220,,178757944#0,,,
,95277526#8,,199311757#1,,,
,282055760#1,,172011556,,,
,95277523#0,,-264459843#10,,,
,97685763#0,,58706164#3,,,
,97685613#0,,89419202#0,,,
,139718215,,-89417144#1,,,
,45170509,,199311798#0,,,
,726941894#1,,91854885#1,,,
,968060910#4,,587067865#1,,,
,-690198419,,-23260462#3,,,
,690198421,,32130055#2,,,
,45242995#2,,265271590#0,,,
,-139718219#1,,-89234087#1,,,
,736973905#0,,-170598717#0,,,
,151329169#1,,75259453#0,,,
,145402277,,34950625#4,,,
,33847142#0,,314210316#0,,,
,95277526#9,,1127706328#0,,,
,185937183#2,,24989774#1,,,
,1123082510,,-72463466#1,,,
,97685638#0,,47072157#1,,,
,39520581#5,,-156642443#1,,,
,-271720662#2,,43991628#0,,,
,240392370#2,,89430684#1,,,
,-44492913#0,,264459842#4,,,
,271720622#0,,86867128#2,,,
,879780895#1,,33625005#5,,,
,151329182#1,,531013210#1,,,
,172598650#4,,580672559#3,,,
,95274326#2,,-23443416#0,,,
,342481201#3,,1039902220#0,,,
,97685619#1,,41519045#0,,,
,-1026056858#1,,-34950844#5,,,
,45242995#7,,89418360,,,
,-97685613#3,,328531802#15,,,
,27695604#9,,193618812#0,,,
,440392835#3,,58706164#2,,,
,139718224,,34950728#0,,,
,43988828#1,,866351232#1,,,
,-151313103#0,,-536520674,,,
,240595358,,33549498#1,,,
,894991906,,75259451#0,,,
,69963032#2,,72463458#6,,,
,1103811024,,89430678#2,,,
,879780895#0,,543054885#2,,,
,47025799#0,,91730169#0,,,
,151329169#4,,753544147#1,,,
,240595364#1,,33640794#6,,,
,-147812381#2,,301494971#1,,,
,660972501#1,,46982301#1,,,
,40969594#1,,33627853#0,,,
,-1025991805,,89419986#2,,,
,-151313102,,-458283475#7,,,
,879780891#2,,-543054883,,,
,39169198,,178757956#0,,,
,139718227,,328531802#10,,,
,319196850#0,,-89420434,,,
,139085558,,47072156,,,
,265068939#1,,-52518334#2,,,
,97685638#2,,34951229#0,,,
,1165717958,,-91854874,,,
,856631371#19,,34949380#4,,,
,459561639#1,,89430676#1,,,
,69962700#0,,-1039905092#0,,,
,95277528#1,,-264459843#7,,,
,257233103#2,,682712374#3,,,
,441654722,,33118876#0,,,
,69963044#3,,736550490#0,,,
,271720666#0,,220470666#1,,,
,760752371#3-AddedOffRampEdge,,220470668#0,,,
,95274326#0,,91854853#2,,,
,95274326#1,,85568120#0,,,
,33847144#7,,264459845#0,,,
,39629578#5,,1021351340#2,,,
,440392835#5,,-55686195#4,,,
,929013754#2,,-91854870#0,,,
,185937183#2-AddedOnRampEdge,,41260712#2,,,
,-690198420#0,,576811475#0,,,
,856631371#17,,552744245,,,
,95274326#3,,254326632#7,,,
,97685642#0,,593986983,,,
,240595361#2,,89419987#0,,,
,-33847142#0,,686373007,,,
,69963046,,31887159,,,
,97685754#1,,-24060958#17,,,
,98855704,,458673382#4,,,
,39520581#3,,41260712#0,,,
,862139022#1,,-1144431725,,,
,196380141#2,,-458842531#2,,,
,342481201#2,,23260460#2,,,
,139085562#2,,-254326644#0,,,
,172598640#2,,562912001#4,,,
,46869645#1,,572864358#0,,,
,837311012#0,,254326649,,,
,147812381#6,,254326654#4,,,
,269150840#0,,-264459843#1,,,
,319195388#0,,91854839#1,,,
,265068934#0,,-89418355#0,,,
,723855277#1,,918334710#0,,,
,151313103#1,,91216434#2,,,
,690198420#1,,48391239#2,,,
,269150813#4,,254326623#0,,,
,97685763#1,,264459825#5,,,
,150868751#5,,-866351232#3,,,
,240392412,,544812705#2,,,
,95277528#0,,48788423#1,,,
,185937183#0,,23260460#3,,,
,147812381#11,,-89240082#1,,,
,95277526#1,,81606324#4,,,
,319196859,,1177605681#4,,,
,196380141#0,,328531828#5,,,
,151329169#7,,48391175#3,,,
,922026090#2,,-46982284#1,,,
,929013754#0,,-181579907,,,
,-1245147127#1,,33656107#0,,,
,-39169198,,91854880,,,
,342481201#0,,460851984#5,,,
,-139718227,,24024046#2,,,
,1245147127#2,,544340290,,,
,45242995#0,,24060958#4,,,
,275430765,,-172011556,,,
,319195388#5,,170598717#1,,,
,47025799#3,,254326632#4,,,
,342481199#0,,-254326644#2,,,
,665702983,,653717627#0,,,
,1132178318#3,,-89419202#0,,,
,895804510#1,,-254326631#1,,,
,879780891#0,,542264756#2,,,
,151329182#0,,956159236,,,
,240595360#1,,-24060958#14,,,
,-883261858,,89419992#0,,,
,203179926#0,,277789325#3,,,
,69963031,,458673382#6,,,
,172665586,,580672559#2,,,
,1170978440,,581953131#1,,,
,-97685613#2,,89430674,,,
,-97685613#1,,254325082,,,
,69963039#3,,682262115#3,,,
,4848928#5,,91854811,,,
,734696705,,-1039902220#2,,,
,151329185#1,,265271575#0,,,
,1245147126#0,,-82624905#0,,,
,798844784#0,,254326637#4,,,
,95277526#4,,682262114#0,,,
,319196850#4,,-543054885#3,,,
,759508060,,23443416#2,,,
,568498791#2,,-458842531#8,,,
,539237084#3,,648175930,,,
,240595360#0,,-89420431#0,,,
,282055763#0,,33118881#2,,,
,22730601#0,,254326626#0,,,
,665702982#0,,72463457,,,
,151329169#0,,-75259451#1,,,
,261065065,,265271590#2,,,
,97685661,,228766720#2,,,
,-147812381#9,,-458283475#9,,,
,27695604#7,,91534582,,,
,27695605#1,,91854864,,,
,240595361#5,,85568120#8,,,
,242897862#1,,552131809#1,,,
,97685728#2,,264459842#2,,,
,690198419,,91848828,,,
,39521349#1,,199311782#0,,,
,33847144#1,,-55686195#2,,,
,680788592#0,,91854885#2,,,
,139718219#1,,-301494971#1,,,
,1070720653#0,,-1133878589#4,,,
,-139082447,,81606325#1,,,
,440392834#0,,48391166#1,,,
,723856284,,33118876#1,,,
,759379782#7,,-254325089#1,,,
,39629550#4,,199311798#5,,,
,271720662#0,,89419740,,,
,44492913#0,,199311782#4,,,
,680788592#1,,41937512#1,,,
,342481201#9,,-665999473,,,
,4848928#8,,-545973314,,,
,69963044#0,,47072157#0,,,
,203572466#0,,55686075#3,,,
,139085561#1,,-365354843,,,
,4848928#1,,-72463458#2,,,
,-69963032#0,,91854831,,,
,548908718,,301494972#0,,,
,-275430765,,-91854853#2,,,
,580847357#4,,447922896,,,
,39521243,,91854875#2,,,
,43988828#3,,542264756#3,,,
,139718199,,89240074#0,,,
,139085562#4,,32812345#0,,,
,271720704,,571930272,,,
,1245989819,,34951053#0,,,
,25824161#0,,542264756#0,,,
,151313102,,584343267#0,,,
,39169192#0,,254325084#0,,,
,97685754#3,,53156654#1,,,
,894991909#3,,517921702#1,,,
,265068937#0,,91854853#0,,,
,-734696705,,41519033#4,,,
,718432414,,-75259451#3,,,
,46869645#2,,265271584#0,,,
,929013756#1-AddedOnRampEdge,,34998006#9,,,
,97685728#1,,1042122375#1,,,
,39629431#2,,-32812321,,,
,151329169#3,,-75259451#5,,,
,606147470#1,,-463284093#0,,,
,4849049,,237528239#4,,,
,1026056857#4,,91854866,,,
,95277526#10,,91017767#2,,,
,760752371#3,,258303760#0,,,
,33847144#8,,-254326649,,,
,1132178318#0,,-265271589,,,
,40969585#0,,81606324#5,,,
,139085562#1,,-34951246,,,
,46869645#3,,91854859,,,
,47025799#2,,46982274#2,,,
,315233373#2,,280266451#3,,,
,690198420#0,,196314946,,,
,-904911912,,149415584,,,
,4848928#3,,89234350#2,,,
,-69963032#3,,-918334710#1,,,
,99591224,,264459842#0,,,
,680788592#2,,89419198,,,
,315233373#0,,-254326623#0,,,
,538982927#4,,81606324#2,,,
,196380141#4,,543209655#2,,,
,39629578#13,,-516537246,,,
,4848932#4,,199311794#4,,,
,879780889,,-23260460#3,,,
,240388169#1,,254325088,,,
,69963039#1,,332390573#1,,,
,319196850#6,,91216434#1,,,
,895804510#2,,-89828152#1,,,
,879780891#4,,-570457257#2,,,
,539237086#2,,32812366#3,,,
,759379782#4,,91854885#0,,,
,929013758#2,,-217860244,,,
,660988514#2,,254326637#0,,,
,39629550#1,,22720674#0,,,
,440392835#2,,-89418356#1,,,
,47025799#5,,32122515#3,,,
,459561640#0,,-55686075#2,,,
,-139718199,,277789325#6,,,
,895804510#0,,-24060958#4,,,
,-1070720646#1,,-170598717#1,,,
,257233099#0,,52517546#0,,,
,33847144#4,,89419986#3,,,
,538982927#6,,91854885#4,,,
,139085562#3,,-653717627#1,,,
,1245147127#1,,141597712,,,
,27695605#2,,199311794#0,,,
,342481201#7,,328531790#3,,,
,319195387#2,,23753878#0,,,
,59263148#0,,1133878589#0,,,
,440392835#0,,89420436#1,,,
,319195388#3,,89419989,,,
,879780893,,89206672#2,,,
,172598650#3,,34949380#6,,,
,942581083,,1039902221#0,,,
,651701877#0,,292495150#1,,,
,160074527,,-33118881#1,,,
,4848932#8,,154093154,,,
,172665597#0,,89185075#5,,,
,39520581#2,,-1104675206,,,
,33847143#1,,540722039,,,
,-147812381#0,,33050418#2,,,
,44049166#5,,89419990#0,,,
,97685642#1,,503056675,,,
,539237085#0,,35777909#1,,,
,718432415#0,,958537535#6,,,
,97685613#2,,-89430674,,,
,680788592#4,,463284095#0,,,
,97685613#1,,328531790#7,,,
,580847357#1,,264459821#0,,,
,459561641#0-AddedOnRampEdge,,89419196#0,,,
,95274341#0,,89213772#6,,,
,151313104#1,,33640794#8,,,
,319195387#9,,254326637#5,,,
,39520581#4,,683454879#0,,,
,539237084#4,,542264756#4,,,
,59266960#3,,24060958#2,,,
,929013756#0,,1019987802#3,,,
,139718208,,89430685#3,,,
,883261848#0,,34950625#3,,,
,929013755#1,,89418364#1,,,
,39169192#1,,-23260462#4,,,
,240595361#3,,-33118881#2,,,
,151313104#0,,682262118#0,,,
,39629550#3,,471186044,,,
,39629550#0,,34950625#2,,,
,760933235,,47072152#1,,,
,95277526#12,,89430672,,,
,319195387#4,,446301624,,,
,95277526#3,,23753878#1,,,
,-660988514#2,,-55686275,,,
,680788593#1,,-91854864,,,
,1103811023,,-91534582,,,
,342481197#1,,89430680#2,,,
,139082447,,-141597714,,,
,-158180857,,89430678#0,,,
,39629578#0,,264459843#10,,,
,39629431#0,,-264459842#2,,,
,33847144#0,,-199311782#1,,,
,282055760#0,,-89420432#0,,,
,203572499,,89417144#1,,,
,139718219#0,,328531828#6,,,
,760752371#0,,23260462#3,,,
,884274229#4,,438080424#0,,,
,1025991803#1,,301494973#0,,,
,-139718226#1,,170598717#0,,,
,1158715738#1,,469105035#0,,,
,759379782#2,,89430678#1,,,
,88690557#1,,156642443#0,,,
,894991909#4,,-217858092,,,
,69963039#2,,517921702#3,,,
,929013763,,471186043#0,,,
,95277526#5,,682262115#0,,,
,606147470#0,,328531825#2,,,
,651701877#2,,23443416#0,,,
,1245147126#1,,956154645#0,,,
,139085561#2,,-1133878590,,,
,69962700#1,,199311798#2,,,
,760734685#3,,34950844#4,,,
,4848928#4,,-72463458#1,,,
,172598650#1,,-89418355#1,,,
,736973905#1,,49683444,,,
,932390016#1,,89417153,,,
,676291217#2,,-301494972#0,,,
,4848932#0,,-447922896,,,
,-651701877#0,,-91854875#1,,,
,539237084#1,,47127860#1,,,
,929013756#1,,543209655#4,,,
,282055760#3,,-85568111#0,,,
,243268914#0,,-34951053#0,,,
,139718225#2,,89216424#1,,,
,539237085#2,,-1025830855#1,,,
,44049166#4,,32812356#1,,,
,97685735,,-543055421#1,,,
,968060910#3,,-254326652#0,,,
,-240595359#1,,-91854853#0,,,
,879780894,,52924701#0,,,
,4848928#0,,-254325085,,,
,883261847#4,,-265271584#0,,,
,667962675#1,,48391166#0,,,
,151329184#3,,32122517#1,,,
,97671348#1,,-89430683#0,,,
,95282572#5,,91848892,,,
,178899419#1,,89185075#3,,,
,95396808#2,,1042122375#3,,,
,257357807#1,,682262110#3,,,
,-95274339#1,,460851984#1,,,
,335539639#2,,277789325#0,,,
,-97671375#1,,95399107#1,,,
,97671348#2,,47072155,,,
,46151431#4,,-91854859,,,
,178899418#0,,517927340#2,,,
,273211078#2,,-24060958#12,,,
,157296589#1,,1039905092#0,,,
,46151431#0,,701150074,,,
,95396794#1,,-196314946,,,
,257357819#3,,89430686#1,,,
,-97672287#2,,-254325088,,,
,-95282572#7,,55686195#4,,,
,97671336#0,,681548654#1,,,
,-95396805#0,,91854870#0,,,
,257357819#0,,254326646#2,,,
,95282572#6,,220470666#0,,,
,335539639#3,,23260460#4,,,
,46151425#1,,-91854885#4,,,
,368086015#6,,562912001#3,,,
,95282584#2,,48391175#2,,,
,368086014,,85568120#6,,,
,97672288#2,,193618812#7,,,
,-97672287#1,,-1133878589#1,,,
,178899417#4,,254326644#0,,,
,97671481,,574761079,,,
,-97672291#1,,48788423#0,,,
,95396808#1,,264459839#1,,,
,178899417#1,,85568120#5,,,
,97672294#1,,149415589,,,
,22562788#0,,531013210#2,,,
,-46151425#0,,41519033#0,,,
,95282584#0,,,,,
,257357807#0,,,,,
,97672287#0,,,,,
,-273211103#5,,,,,
,178899417#2,,,,,
,95396808#0,,,,,
,46151435#3,,,,,
,95396830#0,,,,,
,95396794#2,,,,,
,46151432#0,,,,,
,97671352,,,,,
,97672285#1,,,,,
,-46151431#2,,,,,
,-178899417#0,,,,,
,46151435#8,,,,,
,-95282572#6,,,,,
,97672292#0,,,,,
,97672283#2,,,,,
,-178899417#4,,,,,
,-97672283#1,,,,,
,97671381#0,,,,,
,-97672286#1,,,,,
,97672293#1,,,,,
,178899417#5,,,,,
,168663972#5,,,,,
,178899421#0,,,,,
,-178899417#3,,,,,
,178899419#2,,,,,
,95396769#0,,,,,
,-335539639#4,,,,,
,199152211#3,,,,,
,97671395#4,,,,,
,-97672287#0,,,,,
,-97671473#2,,,,,
,-95396805#1,,,,,
,95396827#0,,,,,
,97671410#2,,,,,
,97671336#1,,,,,
,97672281#0,,,,,
,95396794#0,,,,,
,97671381#1,,,,,
,179260409#3,,,,,
,95396769#1,,,,,
,-273211103#6,,,,,
,-95282572#3,,,,,
,95396853#4,,,,,
,-97671352,,,,,
,97671375#1,,,,,
,178898388,,,,,
,-97671473#1,,,,,
,46151435#6,,,,,
,97671336#3,,,,,
,-97672288#3,,,,,
,97671336#2,,,,,
,-97672283#2,,,,,
,-178899417#5,,,,,
,179260409#2,,,,,
,97672287#2,,,,,
,97671471#3,,,,,
,95282572#7,,,,,
,95282584#3,,,,,
,97672292#1,,,,,
,97672281#1,,,,,
,257357819#2,,,,,
,-46151431#6,,,,,
,604041501,,,,,
,97672291#1,,,,,
,97672290#0,,,,,
,-157279305,,,,,
,-97671410#2,,,,,
,-273211103#2,,,,,
,273211103#5,,,,,
,97672294#0,,,,,
,46151435#5,,,,,
,-97671375#0,,,,,
,97685751#0,,,,,
,97671395#1,,,,,
,95396830#1,,,,,
,95396848#0,,,,,
,58704022#5,,,,,
,335539639#1,,,,,
,97672288#1,,,,,
,46151431#2,,,,,
,178899417#0,,,,,
,97672294#2,,,,,
,97671460,,,,,
,-97672292#1,,,,,
,97671390#3,,,,,
,46151435#4,,,,,
,95396846#1,,,,,
,-95396805#2,,,,,
,-604041501,,,,,
,97672285#0,,,,,
,97672283#1,,,,,
,97672286#1,,,,,
,178899417#3,,,,,
,335539639#4,,,,,
,46151435#10,,,,,
,97672290#1,,,,,
,95396781#3,,,,,
,97671473#2,,,,,
,95396805#1,,,,,
,257357805#1,,,,,
,97671471#1,,,,,
,95396853#1,,,,,
,95396853#3,,,,,
,273211103#7,,,,,
,97671395#7,,,,,
,95396757#0,,,,,
,273211103#6,,,,,
,95282572#3,,,,,
,-335539639#1,,,,,
,-97672288#1,,,,,
,97672290#3,,,,,
,97671473#1,,,,,
,-273211078#4,,,,,
,199152211#1,,,,,
,179260409#1,,,,,
,199152211#4,,,,,
,178899419#0,,,,,
,46151432#5,,,,,
,97685717#1,,,,,
,95396853#2,,,,,
,97672288#3,,,,,
,97671440,,,,,
,-95282572#1,,,,,
,257357819#1,,,,,
,-95282572#8,,,,,
,97671395#2,,,,,
,97671395#6,,,,,
,97671346,,,,,
,97685717#0,,,,,
,97671390#0,,,,,
,46151431#6,,,,,
,97671395#3,,,,,
,95396781#1,,,,,
,157279305,,,,,
,-335539651#0,,,,,
,97672286#0,,,,,
,273211103#2,,,,,
,-95282572#0,,,,,
,-46151431#5,,,,,
,97671375#0,,,,,
,-95282545#2,,,,,
,-276139664,,,,,
,97672290#2,,,,,
,95282545#1,,,,,
,95396781#2,,,,,
,178899421#1,,,,,
,-97672293#0,,,,,
,-97671410#1,,,,,
,-95282545#0,,,,,
,46151431#3,,,,,
,97671348#0,,,,,
,97671395#5,,,,,
,97671381#2,,,,,
,-97671473#0,,,,,
,95396839,,,,,
,95396827#2,,,,,
,178899421#2,,,,,
,95396757#3,,,,,
,95396805#2,,,,,
,335539639#0,,,,,
,-157279302,,,,,
,199152211#2,,,,,
,95396848#2,,,,,
,-97672286#0,,,,,
,22562788#1,,,,,
,95396853#0,,,,,
,178899418#1,,,,,
,46151432#3,,,,,
,-97672291#0,,,,,
,95396848#1,,,,,
,-95282545#1,,,,,
,97672282,,,,,
,-46151431#3,,,,,
,-273211078#3,,,,,
,273211078#4,,,,,
,-97672288#0,,,,,
,-95396827#2,,,,,
,97671390#2,,,,,
,-335539639#0,,,,,
,95282572#1,,,,,
,-273211078#0,,,,,
,95282572#8,,,,,
,257357805#0,,,,,
,46151435#1,,,,,
,46151432#2,,,,,
,-22562788#1,,,,,
,46151435#9,,,,,
,46151435#0,,,,,
,95396846#2,,,,,
,46151432#4,,,,,
,-95282572#5,,,,,
,-335539639#2,,,,,
,46151436#0,,,,,
,46151431#5,,,,,
,-46151431#4,,,,,
,97672281#2,,,,,
,95282545#2,,,,,
,-273211078#2,,,,,
,335539651#1,,,,,
,-46151431#0,,,,,
,273211078#1,,,,,
,276139664,,,,,
,95396781#0,,,,,
,97671471#0,,,,,
,95396830#2,,,,,
,97672293#0,,,,,
,97671410#1,,,,,
,178899419#5,,,,,
,22562788#2,,,,,
,97671432,,,,,
,-335539639#3,,,,,
,-46151425#1,,,,,
,95396846#0,,,,,
,-257357805#0,,,,,
,157249375,,,,,
,611278104#1,,,,,
,-97672288#2,,,,,
,-178899417#1,,,,,
,-22562788#0,,,,,
,243800062,,,,,
,97671390#1,,,,,
,157279302,,,,,
,-178899417#2,,,,,
,97685751#1,,,,,
,199152211#0,,,,,
,46151435#2,,,,,
,368086013,,,,,
,97672291#0,,,,,
,-335539651#1,,,,,
,-273211078#1,,,,,
,97671381#3,,,,,
,95274339#1,,,,,
,95396757#1,,,,,
,157292774,,,,,
,273211078#3,,,,,
,-97672292#0,,,,,
,97672288#0,,,,,
,97671471#2,,,,,
,-97672293#1,,,,,
,157296589#2,,,,,
,95396757#2,,,,,
,95396805#0,,,,,
,611278105,,,,,
,273211078#0,,,,,
,-95396827#0,,,,,
,97672287#1,,,,,
,46151432#1,,,,,
,178899419#3,,,,,
,199152211#5,,,,,
,257357807#2,,,,,
,97671395#0,,,,,
,178899419#4,,,,,
,46151425#0,,,,,
,968221178,,,,,
,-413095251#2,,,,,
,854239336#2,,,,,
,-159625689#0,,,,,
,891285334,,,,,
,-154824596#1,,,,,
,47905475#11,,,,,
,-146744473#0,,,,,
,134192154#0,,,,,
,-891285338#1,,,,,
,-146744473#3,,,,,
,47905475#9,,,,,
,-134923821#0,,,,,
,146744472#0,,,,,
,759287234#1,,,,,
,-1278542561,,,,,
,208646345,,,,,
,253812419#0,,,,,
,208646342,,,,,
,598962880,,,,,
,134923801#2,,,,,
,-159625689#1,,,,,
,47905475#2,,,,,
,47905475#10,,,,,
,-968221178,,,,,
,759287234#0-AddedOffRampEdge,,,,,
,134923802#2,,,,,
,47905475#5,,,,,
,968218279#0,,,,,
,-47905475#11,,,,,
,59254369#1,,,,,
,186846963#0,,,,,
,154824596#0,,,,,
,-146744472#0,,,,,
,-208646342,,,,,
,354858501,,,,,
,139085555,,,,,
,134923819#0,,,,,
,-47905475#10,,,,,
,69962703#1,,,,,
,139082412#1,,,,,
,45174351#0,,,,,
,-186846963#1,,,,,
,413095251#2,,,,,
,134923812#1,,,,,
,-146744473#2,,,,,
,151329169#9,,,,,
,1278542562,,,,,
,-968218276,,,,,
,891285338#0,,,,,
,146744473#1,,,,,
,759287234#2,,,,,
,-139085555,,,,,
,854239336#6,,,,,
,150868759#0,,,,,
,134923821#0,,,,,
,431519956#1,,,,,
,-150868759#1,,,,,
,-47905475#1,,,,,
,159625689#1,,,,,
,134923802#5,,,,,
,968218275#0,,,,,
,208646339,,,,,
,-211240835#2,,,,,
,-47025795,,,,,
,134923819#2,,,,,
,-45242991#2,,,,,
,-47905475#8,,,,,
,25868299,,,,,
,-1108009356,,,,,
,134923802#3,,,,,
,-146744473#1,,,,,
,-150868759#0,,,,,
,-1030288624#0,,,,,
,253812419#2,,,,,
,-47905475#0,,,,,
,-146744467,,,,,
,-186846961#3,,,,,
,-146744471#0,,,,,
,134923812#0,,,,,
,-208646339,,,,,
,-1030281993#3,,,,,
,-598962877,,,,,
,968218274#0,,,,,
,413095251#0,,,,,
,1030281243,,,,,
,-134923810,,,,,
,134923812#2,,,,,
,968218278#2,,,,,
,282055767#1,,,,,
,-25868299,,,,,
,354858481#0,,,,,
,186846961#0,,,,,
,968218278#3,,,,,
,134923819#1,,,,,
,134923821#1,,,,,
,146744473#2,,,,,
,59254378#4,,,,,
,968218276,,,,,
,59254369#0,,,,,
,69962703#0,,,,,
,150868759#1,,,,,
,47905475#1,,,,,
,134923801#0,,,,,
,-413095251#0,,,,,
,211240835#2,,,,,
,47025795,,,,,
,-186846961#0,,,,,
,-134923821#1,,,,,
,45242991#2,,,,,
,47905475#8,,,,,
,45242995#8,,,,,
,-146744471#1,,,,,
,134192154#3,,,,,
,854239336#5,,,,,
,1108009356,,,,,
,282055767#2,,,,,
,1030288624#0,,,,,
,854239336#3,,,,,
,47905475#0,,,,,
,146744467,,,,,
,186846961#1,,,,,
,25824165#0,,,,,
,59254378#1,,,,,
,-431524249,,,,,
,146744471#0,,,,,
,186846962#0,,,,,
,1030281993#0,,,,,
,598962877,,,,,
,-59254370#2,,,,,
,134923810,,,,,
,968218277#0,,,,,
,-211240835#0,,,,,
,134923801#3,,,,,
,642608817#2,,,,,
,-1278542560,,,,,
,134923819#3,,,,,
,968218278#4,,,,,
,968218277#2,,,,,
,134923802#4,,,,,
,431519955#0,,,,,
,45174351#1,,,,,
,642608819,,,,,
,146744466,,,,,
,151474633,,,,,
,150868759#2,,,,,
,-186846962#1,,,,,
,59254378#3,,,,,
,45242992#1,,,,,
,69962703#2,,,,,
,134923802#0,,,,,
,759287234#3,,,,,
,139082412#0,,,,,
,146744472#1,,,,,
,59254370#3,,,,,
,208646346,,,,,
,134923801#4,,,,,
,968218278#0,,,,,
,146744471#1,,,,,
,45242993,,,,,
,-47905475#9,,,,,
,-146744466,,,,,
,282055767#0,,,,,
,1030288624#1,,,,,
,45242991#0,,,,,
,-208646345,,,,,
,134923802#1,,,,,
,759287234#0,,,,,
,-150868759#2,,,,,
,-47905475#4,,,,,
,431524249,,,,,
,186846962#2,,,,,
,134923821#3,,,,,
,-47905475#7,,,,,
,-146744472#1,,,,,
,-968218279#4,,,,,
,59254370#0,,,,,
,-59254370#6,,,,,
,-208646346,,,,,
,211240823,,,,,
,159625689#0,,,,,
,-154824596#0,,,,,
,-139085551,,,,,
,154824596#1,,,,,
,-1030288624#2,,,,,
,-45242991#1,,,,,
,642608817#5,,,,,
,891285336#0,,,,,
,642608817#0,,,,,
,146744473#3,,,,,
,45242996#0,,,,,
,-354858501,,,,,
,431519954,,,,,
,146744473#4,,,,,
,-186846962#2,,,,,
,-134923821#3,,,,,
,23260765#1,,,,,
,690601674,,,,,
,174757575,,,,,
,21957625#1,,,,,
,263956787#0,,,,,
,203035366#0,,,,,
,27085151#7,,,,,
,23260765#0,,,,,
,993526140,,,,,
,139504332#1,,,,,
,1105155924,,,,,
,436862683#0,,,,,
,147801987#0,,,,,
,72465971#4,,,,,
,269039964,,,,,
,-203035387#3,,,,,
,59266960#1,,,,,
,203133457#0,,,,,
,89043372,,,,,
,1196926578,,,,,
,436042878,,,,,
,72465971#1,,,,,
,232802296#3,,,,,
,-1254262172#2,,,,,
,227081759,,,,,
,647930457#0,,,,,
,257233105#3,,,,,
,174758265#0,,,,,
,550689175#2,,,,,
,196380156,,,,,
,-371560393#2,,,,,
,203035351#0,,,,,
,24461574#0,,,,,
,90795016,,,,,
,196380149#0,,,,,
,23874647,,,,,
,23815145#0,,,,,
,1105155927,,,,,
,31046191#0,,,,,
,40969565#0,,,,,
,92219075#2,,,,,
,-263956787#0,,,,,
,1065038799#0,,,,,
,23579065#1,,,,,
,517127275#0-AddedOnRampEdge,,,,,
,196380137#0,,,,,
,1254563378#0,,,,,
,203035379#0,,,,,
,51933184#4,,,,,
,23261468#0,,,,,
,92403874#0,,,,,
,1254262177#0,,,,,
,263956787#1,,,,,
,274503992#1,,,,,
,42294745#2,,,,,
,269039975#0,,,,,
,152413934#3,,,,,
,145397104#1,,,,,
,145405916,,,,,
,-436042878,,,,,
,-286703474#2,,,,,
,27085151#5,,,,,
,51933186#2,,,,,
,-227081759,,,,,
,174757564#2,,,,,
,92243929,,,,,
,-550689175#3,,,,,
,517127276#0,,,,,
,72465972,,,,,
,-1031963654#1,,,,,
,958539573#0,,,,,
,24461574#2,,,,,
,1031963656#2,,,,,
,174758259#0,,,,,
,51933186#1,,,,,
,342448077#3,,,,,
,631239772#0,,,,,
,1104965190,,,,,
,1254563376,,,,,
,232802296#1,,,,,
,152413934#5,,,,,
,286703470#0,,,,,
,-145405917#1,,,,,
,387312965#0,,,,,
,174758259#2,,,,,
,27085151#0,,,,,
,-174757564#1,,,,,
,51933184#0,,,,,
,286703486#0,,,,,
,1196926577#1,,,,,
,23260464#0,,,,,
,23579065#0,,,,,
,239796983#0,,,,,
,158180858,,,,,
,254328041,,,,,
,51933184#2,,,,,
,23579065#2,,,,,
,174758265#2,,,,,
,691015446#1,,,,,
,203035387#3,,,,,
,51933184#3,,,,,
,550689174,,,,,
,-72465972,,,,,
,174757576,,,,,
,1254563377,,,,,
,-1031963656#3,,,,,
,22730601#1,,,,,
,269039960,,,,,
,92219075#0,,,,,
,196380152#2,,,,,
,38790699#4,,,,,
,23579065#8,,,,,
,152413934#0,,,,,
,-153190951#2,,,,,
,-1031963656#2,,,,,
,33847140,,,,,
,371560393#0,,,,,
,196380133,,,,,
,92403812#0-AddedOffRampEdge,,,,,
,-1254563376,,,,,
,538982921#0,,,,,
,254711096#0,,,,,
,92219077#0,,,,,
,-147801989,,,,,
,257233098#3,,,,,
,92403812#3,,,,,
,538982923#1,,,,,
,23261468#1,,,,,
,-265068932,,,,,
,1105155921#0,,,,,
,263956786,,,,,
,-1254563377,,,,,
,145405910#1,,,,,
,286703474#2,,,,,
,203035354#3,,,,,
,163198807#0,,,,,
,1126405651,,,,,
,274503992#0,,,,,
,538982923#3,,,,,
,1031963654#0,,,,,
,392936653#0,,,,,
,31046191#2,,,,,
,92403812#0,,,,,
,-23578870#1,,,,,
,203035348#0,,,,,
,537438905#1,,,,,
,-389357542#3,,,,,
,40969570#0,,,,,
,-257233098#5,,,,,
,128703671#0,,,,,
,39520757#0,,,,,
,-257233105#1,,,,,
,287006578#0,,,,,
,145405917#0,,,,,
,-174757567#1,,,,,
,174757564#0,,,,,
,657589863#0,,,,,
,1245149971,,,,,
,273211040,,,,,
,-23260465,,,,,
,-1031963656#0,,,,,
,-263956786,,,,,
,-257233105#0,,,,,
,1031963656#4,,,,,
,257357817#0,,,,,
,1031963656#3,,,,,
,993526142#0,,,,,
,203035346,,,,,
,196380145,,,,,
,203035387#0,,,,,
,-286703474#1,,,,,
,254711100#3,,,,,
,153190951#0,,,,,
,-40969570#1,,,,,
,265068939#0,,,,,
,1105155925#0,,,,,
,145405914#0,,,,,
,-203035386,,,,,
,647930456#2-AddedOnRampEdge,,,,,
,92219072,,,,,
,257233098#0,,,,,
,691011135,,,,,
,436862684,,,,,
,691011141,,,,,
,862139022#0,,,,,
,147801989,,,,,
,51933184#1,,,,,
,144508549#0,,,,,
,-1031963656#5,,,,,
,-196380138#2,,,,,
,196380139#0,,,,,
,203035357,,,,,
,-227081771,,,,,
,196380152#0,,,,,
,287006577,,,,,
,265068932,,,,,
,-257233105#2,,,,,
,-203035387#2,,,,,
,152413923#0,,,,,
,691011143,,,,,
,1254563378#2,,,,,
,269150825#0,,,,,
,1196926577#0,,,,,
,691015446#0,,,,,
,-92219086,,,,,
,196380147#0,,,,,
,1031963658#0,,,,,
,39520757#1,,,,,
,23578870#1,,,,,
,1254563380#0,,,,,
,1031963657#0,,,,,
,-257233098#2,,,,,
,27085151#8,,,,,
,163198815#0,,,,,
,174757591#1,,,,,
,389357542#0,,,,,
,-550689175#1,,,,,
,-23578870#2,,,,,
,92219075#1,,,,,
,862139022#0-AddedOffRampEdge,,,,,
,257233105#1,,,,,
,174757567#0,,,,,
,445409146,,,,,
,-24061006#2,,,,,
,-287006577,,,,,
,884082444,,,,,
,-59262030,,,,,
,1254262171#0,,,,,
,1031963656#0,,,,,
,203035379#7,,,,,
,257233105#0,,,,,
,23260765#5,,,,,
,51933192,,,,,
,203035347,,,,,
,51933186#0,,,,,
,178989940#0,,,,,
,-550689175#6,,,,,
,203301447,,,,,
,538982923#4,,,,,
,263956785,,,,,
,-1031963658#4,,,,,
,286703474#0,,,,,
,23260765#7,,,,,
,40969565#1,,,,,
,152413934#2,,,,,
,203035354#2,,,,,
,254711100#0,,,,,
,59266960#0,,,,,
,387312973#1,,,,,
,39520757#2,,,,,
,-147801987#2,,,,,
,-72465971#6,,,,,
,174758263,,,,,
,203035379#3,,,,,
,22730601#1-AddedOnRampEdge,,,,,
,-203133457#1,,,,,
,196380138#0,,,,,
,-89043372,,,,,
,145405919#0,,,,,
,42294745#3,,,,,
,227081771,,,,,
,-72465971#3,,,,,
,273211149#0,,,,,
,-257233105#5,,,,,
,1004202301#0,,,,,
,257233105#2,,,,,
,286703492#0,,,,,
,152413934#4,,,,,
,691011140,,,,,
,92206657,,,,,
,-23874647,,,,,
,1196926577#2,,,,,
,92219086,,,,,
,647930456#2,,,,,
,92403739,,,,,
,21957625#0,,,,,
,387312967#1,,,,,
,203035355,,,,,
,538982925#3,,,,,
,667863965#3,,,,,
,203035354#1,,,,,
,-92403874#0,,,,,
,550689175#0,,,,,
,23578870#2,,,,,
,-263956787#1,,,,,
,-145397104#1,,,,,
,59266960#2,,,,,
,-216895901,,,,,
,690601673#0,,,,,
,24061006#0,,,,,
,1105155926,,,,,
,436862683#1,,,,,
,884082446,,,,,
,59262030,,,,,
,-174757564#4,,,,,
,691015447#1,,,,,
,647930456#1,,,,,
,342448077#0,,,,,
,974064479#0,,,,,
,1105524769#0,,,,,
,387312972#1,,,,,
,257228938#0,,,,,
,550689175#4,,,,,
,958539572#0,,,,,
,1254262172#0,,,,,
,174758265#1,,,,,
,203035379#2,,,,,
,23579065#6,,,,,
,667863965#1,,,,,
,254711100#2,,,,,
,1057198633,,,,,
,-71367237,,,,,
,47111169#0,,,,,
,-44886286#1,,,,,
,-47113636#14,,,,,
,728136201#4,,,,,
,398675574#2,,,,,
,271934577#1,,,,,
,47113630#0,,,,,
,1058036879#1,,,,,
,45663908#0,,,,,
,47113642#0,,,,,
,-1056405594#2,,,,,
,47981647#1,,,,,
,-724540987#1,,,,,
,-136400684#11,,,,,
,1058036874#0,,,,,
,164774173#2,,,,,
,796894966#9,,,,,
,71367225#1,,,,,
,44886285#2,,,,,
,71367244,,,,,
,-151560757#0,,,,,
,297026346#2,,,,,
,23604986#0,,,,,
,47113620#1,,,,,
,1195136380,,,,,
,-1056874653#3,,,,,
,579777156,,,,,
,749803802#12,,,,,
,190527310#1,,,,,
,151560714#2,,,,,
,47113644#1,,,,,
,41529971#1,,,,,
,149986653,,,,,
,47981601#6,,,,,
,-60185722#2,,,,,
,1229651927#0,,,,,
,-1056408312,,,,,
,136400684#9,,,,,
,1058036873#1,,,,,
,1057198632#0,,,,,
,-47113636#10,,,,,
,60185726,,,,,
,149852649#0,,,,,
,1057215456,,,,,
,-47981601#9,,,,,
,-190521610#4,,,,,
,47113624#2,,,,,
,136400684#2,,,,,
,44886287#0,,,,,
,-1057215458#2,,,,,
,462324823#2,,,,,
,1058027400#2,,,,,
,-302028394#0,,,,,
,149986664#0,,,,,
,136400684#14,,,,,
,190527312#1,,,,,
,44886288#1,,,,,
,190898553#2,,,,,
,1058027400#4,,,,,
,47113636#15,,,,,
,72843620#0,,,,,
,-199783479,,,,,
,164774174#1,,,,,
,-72843607#1,,,,,
,47114116#2,,,,,
,-164774173#4,,,,,
,-151801165#2,,,,,
,-796894969#2,,,,,
,777680434,,,,,
,313310947#0,,,,,
,878626252,,,,,
,44885597#6,,,,,
,47113651#1,,,,,
,149986664#1,,,,,
,47113644#0,,,,,
,59584804#0,,,,,
,-749803802#5,,,,,
,-194569422,,,,,
,1124066513#0,,,,,
,-47981602#0,,,,,
,-1229890434,,,,,
,199783481,,,,,
,-231449996,,,,,
,1056874654#0,,,,,
,-47981601#4,,,,,
,1066886860#0,,,,,
,1066890910#0,,,,,
,47113630#4,,,,,
,190533567#1,,,,,
,1058036870#0,,,,,
,681031181#0,,,,,
,41529969,,,,,
,46876487,,,,,
,271934577#2,,,,,
,303736644#1,,,,,
,1057215462#0,,,,,
,297026357,,,,,
,-148940705#2,,,,,
,-47981647#0,,,,,
,386246055#1,,,,,
,151560793,,,,,
,46876069#0,,,,,
,-72843607#3,,,,,
,-224195459#2,,,,,
,-297026345#2,,,,,
,-164774174#0,,,,,
,136400684#6,,,,,
,-313310947#2,,,,,
,-190898553#4,,,,,
,-44886288#0,,,,,
,44885597#5,,,,,
,-47113642#2,,,,,
,47113636#0,,,,,
,164774173#5,,,,,
,136550178#0,,,,,
,-44886227#0,,,,,
,44886286#4,,,,,
,-147297543#0,,,,,
,44885597#5-AddedOnRampEdge,,,,,
,1056874644#2,,,,,
,47113636#6,,,,,
,149986655#0,,,,,
,71367225#0,,,,,
,-47113636#1,,,,,
,-1229890420,,,,,
,1057215448,,,,,
,47981652,,,,,
,796894969#1,,,,,
,190533567#0,,,,,
,579776240#1,,,,,
,-47113636#5,,,,,
,47981636#0,,,,,
,149852649#1,,,,,
,1066886864#1,,,,,
,-71367240#1,,,,,
,-1056876862,,,,,
,4857837,,,,,
,-47114116#0,,,,,
,-1057198633,,,,,
,47981657#0,,,,,
,1229890430,,,,,
,-47111169#0,,,,,
,1056876860#4,,,,,
,1056878773#2,,,,,
,462324821#2,,,,,
,-398675574#2,,,,,
,-47113630#0,,,,,
,-47981623#1,,,,,
,-72843607#0,,,,,
,302028394#1,,,,,
,1058036876#3,,,,,
,-47113642#0,,,,,
,-71367221,,,,,
,382681596,,,,,
,190521610#0,,,,,
,796894969#0,,,,,
,-164774173#2,,,,,
,-1058029001#1,,,,,
,147259695#1,,,,,
,-71367225#1,,,,,
,1056874653#0,,,,,
,1058036873#3,,,,,
,47113620#3,,,,,
,44885799#0,,,,,
,47113632#0,,,,,
,47113644#3,,,,,
,-44886285#4,,,,,
,-71367244,,,,,
,44885597#2,,,,,
,-297026346#3,,,,,
,1229651928,,,,,
,1066890904,,,,,
,44886286#0,,,,,
,796894969#3,,,,,
,-1195136380,,,,,
,462324820#0,,,,,
,149986652,,,,,
,-749803802#13,,,,,
,-1058029001#3,,,,,
,-47113624#3,,,,,
,-149986653,,,,,
,-47981601#7,,,,,
,-749803802#1,,,,,
,-136400684#10,,,,,
,44886285#5,,,,,
,-60185726,,,,,
,1056876860#2-AddedOffRampEdge,,,,,
,136400684#1,,,,,
,-1057198634,,,,,
,-47981601#3,,,,,
,1058036877#0,,,,,
,-136400684#13,,,,,
,1056874646#0,,,,,
,516926839#0,,,,,
,-1056405594#0,,,,,
,147297552,,,,,
,1056408300#1,,,,,
,681031183#0,,,,,
,47113644#4,,,,,
,1058036872,,,,,
,728136201#0,,,,,
,1056408312,,,,,
,-72843620#1,,,,,
,1058036874#2,,,,,
,-47113636#3,,,,,
,190521610#3,,,,,
,1124642414#0,,,,,
,-164774174#1,,,,,
,-149986796#2,,,,,
,44885796#4,,,,,
,60185717#1,,,,,
,1057215458#0,,,,,
,987284423#1,,,,,
,-190527310#0,,,,,
,1237755658,,,,,
,-1066886864#0,,,,,
,1056874645#1,,,,,
,302028394#0,,,,,
,680701145,,,,,
,303736644#0,,,,,
,432603495#0,,,,,
,579779585#0,,,,,
,681031183#2,,,,,
,-47113644#0,,,,,
,579779585#1,,,,,
,441655820,,,,,
,199783479,,,,,
,-199783481,,,,,
,-1066886860#1,,,,,
,1056876859#1-AddedOnRampEdge,,,,,
,72843607#1,,,,,
,151696093,,,,,
,151560672#1,,,,,
,-41529969,,,,,
,47113620#2,,,,,
,-297026342#0,,,,,
,-1058027398#1,,,,,
,-60185717#0,,,,,
,-297026357,,,,,
,1296331245#0,,,,,
,1124066512#0,,,,,
,194569422,,,,,
,1070304259#0,,,,,
,579779877,,,,,
,1057215449,,,,,
,47981602#0,,,,,
,-398675574#1,,,,,
,462324823#4,,,,,
,-136400684#8,,,,,
,47113638#1,,,,,
,749803802#14,,,,,
,190533570#0,,,,,
,1237755657#0,,,,,
,151696104#1,,,,,
,-47113651#0,,,,,
,-136550178#1,,,,,
,-44886286#4,,,,,
,-47981633#1,,,,,
,-151560697,,,,,
,190527311,,,,,
,148940705#2,,,,,
,72843607#2,,,,,
,-47113636#7,,,,,
,1056405592#1,,,,,
,224195459#1,,,,,
,382680734,,,,,
,297026345#2,,,,,
,-47981652,,,,,
,46876836,,,,,
,-47111170#1,,,,,
,-297026342#1,,,,,
,4857840#5,,,,,
,386246054#0-AddedOffRampEdge,,,,,
,190898553#4,,,,,
,44886288#0,,,,,
,1124642416#1,,,,,
,749803802#9,,,,,
,47113632#4,,,,,
,151696104#0,,,,,
,44886227#0,,,,,
,-1124642416#0,,,,,
,151801148#0,,,,,
,-47113624#1,,,,,
,-511201795#1,,,,,
,1058297394#0,,,,,
,47113636#1,,,,,
,-1124642414#2,,,,,
,1229890420,,,,,
,-190521610#0,,,,,
,-151801165#0,,,,,
,47113636#4,,,,,
,-149986796#0,,,,,
,-1056874653#1,,,,,
,149986724,,,,,
,47113630#1,,,,,
,71367240#0,,,,,
,1296331246#1,,,,,
,44885597#3,,,,,
,1057215464,,,,,
,-44885799#2,,,,,
,-47113632#2,,,,,
,-47113644#3,,,,,
,44886288#2,,,,,
,148940705#3,,,,,
,47981623#2,,,,,
,189616564,,,,,
,1056878775#2,,,,,
,1233716013#0,,,,,
,-1056408301,,,,,
,-796894969#4,,,,,
,-149986652,,,,,
,1066886859#0,,,,,
,47981623#1,,,,,
,-151560714#1,,,,,
,44885597#0,,,,,
,72843607#0,,,,,
,579776871,,,,,
,71367221,,,,,
,-44886285#7,,,,,
,1058029001#1,,,,,
,-136400684#1,,,,,
,1056876860#2,,,,,
,-151560714#0,,,,,
,1056874644#1,,,,,
,151560672#2,,,,,
,-579799544,,,,,
,1058029001#2,,,,,
,47113624#3,,,,,
,-1056408300#1,,,,,
,47113636#11,,,,,
,-681031183#0,,,,,
,-47113644#4,,,,,
,45663908#3,,,,,
,749803802#0,,,,,
,190898553#5,,,,,
,-660841900#1,,,,,
,-1124642414#0,,,,,
,1056876859#1,,,,,
,1057198634,,,,,
,-60185717#1,,,,,
,47981601#2,,,,,
,1056874645#0,,,,,
,-1058036871#1,,,,,
,136400684#13,,,,,
,44886286#5,,,,,
,1056405594#0,,,,,
,-303736644#0,,,,,
,-47981623#0,,,,,
,-681031183#2,,,,,
,516926840,,,,,
,44886227#5,,,,,
,-47981604,,,,,
,-72843607#4,,,,,
,271934569,,,,,
,46876070#2,,,,,
,749803802#10,,,,,
,47113636#2,,,,,
,149986796#2,,,,,
,1066886862,,,,,
,462324821#7,,,,,
,986505224,,,,,
,-151695968#0,,,,,
,-151696093,,,,,
,-151560672#1,,,,,
,1057215462#1,,,,,
,297026346#0,,,,,
,-210903531,,,,,
,190527310#0,,,,,
,136550113,,,,,
,-149986796#1,,,,,
,1066886864#0,,,,,
,-1058027400#1,,,,,
,1056876860#0,,,,,
,-749803802#8,,,,,
,-533486486,,,,,
,1057198635#1,,,,,
,-147297543#1,,,,,
,986505223,,,,,
,1237754025#0,,,,,
,1056876859#0,,,,,
,-47113638#1,,,,,
,239698986,,,,,
,-749803802#15,,,,,
,-151696104#1,,,,,
,151560672#0,,,,,
,1066890910#1,,,,,
,224195459#3,,,,,
,-44886227#3,,,,,
,1058027398#0,,,,,
,60185717#0,,,,,
,-44886286#2,,,,,
,-190898553#1,,,,,
,-1066886863,,,,,
,1058297390,,,,,
,-72843607#2,,,,,
,568498782,,,,,
,533486486,,,,,
,-1056405592#1,,,,,
,462324821#4,,,,,
,-1058027399,,,,,
,511201795#0,,,,,
,398675574#1,,,,,
,164774173#0,,,,,
,1057198635#0,,,,,
,-1124642416#1,,,,,
,-749803802#9,,,,,
,1237755124#1,,,,,
,47113651#0,,,,,
,47981633#0,,,,,
,-47113632#5,,,,,
,-151696104#0,,,,,
,47981633#1,,,,,
,151560697,,,,,
,1237754031,,,,,
,681031183#1,,,,,
,728136201#2,,,,,
,-149986654,,,,,
,1057215447,,,,,
,47113650,,,,,
,199783476,,,,,
,47111170#0,,,,,
,297026342#1,,,,,
,796894966#1,,,,,
,-149986724,,,,,
,-47113630#1,,,,,
,-398675574#0,,,,,
,-1057215464,,,,,
,1066890912#1,,,,,
,-44886288#2,,,,,
,-148940705#3,,,,,
,-190898553#0,,,,,
,-224195459#0,,,,,
,-47981626,,,,,
,136400684#12,,,,,
,1056405592#0,,,,,
,1124642416#0,,,,,
,44885611#2,,,,,
,1296331246#0,,,,,
,47113624#1,,,,,
,-1066886859#0,,,,,
,511201795#1,,,,,
,-579776871,,,,,
,151801148#1,,,,,
,1124642414#1,,,,,
,-749803802#3,,,,,
,151801165#0,,,,,
,149986796#0,,,,,
,47113636#12,,,,,
,151695968#1,,,,,
,1058036877#1,,,,,
,-164774173#1,,,,,
,-151560672#2,,,,,
,-151560757#1,,,,,
,136400683#0,,,,,
,47113642#3,,,,,
,44885989,,,,,
,-44886285#1,,,,,
,136400684#15,,,,,
,151560714#1,,,,,
,-47113636#11,,,,,
,1058036878#2,,,,,
,-190898553#5,,,,,
,462324820#2,,,,,
,462324823#0,,,,,
,151560714#0,,,,,
,-44886287#1,,,,,
,136400684#0,,,,,
,796894966#4,,,,,
,-44886227#1,,,,,
,41529971#0,,,,,
,-44886286#6,,,,,
,190527312#0,,,,,
,462324820#4,,,,,
,148940705#0,,,,,
,579799544,,,,,
,1058036876#0,,,,,
,1066890912#0,,,,,
,-44886227#6,,,,,
,44885597#2-AddedOnRampEdge,,,,,
,1057215461,,,,,
,47111169#1,,,,,
,46876069#2,,,,,
,1058029001#0,,,,,
,190521610#1,,,,,
,-749803802#10,,,,,
,660841900#0,,,,,
,365706946#1,,,,,
,-386246056,,,,,
,297026345#0,,,,,
,47981601#0,,,,,
,-986505224,,,,,
,72843608,,,,,
,-1056876861,,,,,
,644730737,,,,,
,-1057215462#1,,,,,
,-297026346#1,,,,,
,-136550113,,,,,
,1058297391,,,,,
,149986655#1,,,,,
,47113630#3,,,,,
,47981623#0,,,,,
,1056876859#3,,,,,
,-47114116#1,,,,,
,149986797#0,,,,,
,72843607#4,,,,,
,-1057198635#1,,,,,
,-986505223,,,,,
,1056408300#0,,,,,
,462324821#0,,,,,
,151801157#0,,,,,
,35956071,,,,,
,-151560672#0,,,,,
,151695968#0,,,,,
,-47981602#1,,,,,
,1056405591,,,,,
,-44886289,,,,,
,-47113632#3,,,,,
,1124642416#2,,,,,
,-47113657,,,,,
,-224195459#3,,,,,
,796894968,,,,,
,1110807852,,,,,
,149986796#1,,,,,
,-189790242#1,,,,,
,1058027400#0,,,,,
,1066886859#1,,,,,
,749803802#7,,,,,
,-151561487,,,,,
,1057198632#1,,,,,
,44885796#1,,,,,
,462324823#1,,,,,
,-511201795#0,,,,,
,41529971#0-AddedOffRampEdge,,,,,
,147297543#1,,,,,
,4857840#0,,,,,
,47111169#3,,,,,
,-164774173#0,,,,,
,-1057198635#0,,,,,
,-47981633#0,,,,,
,46876070#0,,,,,
,44886227#2,,,,,
,44886286#2,,,,,
,190898553#1,,,,,
,47113638#0,,,,,
,1237754027#0,,,,,
,72843613#1,,,,,
,-681031183#1,,,,,
,164774171,,,,,
,148940706#0,,,,,
,579776240#0,,,,,
,44886286#3,,,,,
,-47113650,,,,,
,-199783476,,,,,
,1058027399,,,,,
,-47981647#1,,,,,
,386246054#0,,,,,
,1056878773#0,,,,,
,-1066890912#1,,,,,
,-136400684#12,,,,,
,71367237,,,,,
,-1056405592#0,,,,,
,59584804#2,,,,,
,151801157#1,,,,,
,44885597#7,,,,,
,47113636#14,,,,,
,-190527310#1,,,,,
,-151560714#2,,,,,
,-47113644#1,,,,,
,1058036878#1,,,,,
,149986654,,,,,
,-189790242#0,,,,,
,-1229651927#1,,,,,
,1056405594#2,,,,,
,-1057198632#0,,,,,
,724540987#0,,,,,
,136400684#11,,,,,
,47114118,,,,,
,-47113636#12,,,,,
,-151695968#1,,,,,
,398675574#0,,,,,
,1057215452,,,,,
,-47113624#2,,,,,
,-136400684#4,,,,,
,-44886287#0,,,,,
,224195459#0,,,,,
,151560757#0,,,,,
,-136400683#1,,,,,
,-47113642#4,,,,,
,44885797#0,,,,,
,-1058027400#3,,,,,
,680260861,,,,,
,-136400684#16,,,,,
,1056874653#2,,,,,
,-136400684#14,,,,,
,-190527312#2,,,,,
,-44886288#1,,,,,
,-190898553#3,,,,,
,749803802#2,,,,,
,60185722#0,,,,,
,-297026350,,,,,
,-47113636#15,,,,,
,47113636#9,,,,,
,-136400684#0,,,,,
,47981601#8,,,,,
,164774173#1,,,,,
,47113620#0,,,,,
,-47114116#3,,,,,
,-190527312#0,,,,,
,151560757#1,,,,,
,-148940705#1,,,,,
,44885598#0,,,,,
,44886285#0,,,,,
,-1066890912#0,,,,,
,-313310947#1,,,,,
,-47113651#1,,,,,
,-47111169#2,,,,,
,-1058029001#0,,,,,
,-190521610#2,,,,,
,44886287#1,,,,,
,-297026345#1,,,,,
,-47981601#1,,,,,
,-72843608,,,,,
,-644730737,,,,,
,44886227#1,,,,,
,-47113630#4,,,,,
,1296331245#3,,,,,
,164774173#3,,,,,
,151801165#1,,,,,
,4857841,,,,,
,-1057215462#0,,,,,
,-47113630#3,,,,,
,796894969#2,,,,,
,1058036879#8,,,,,
,-149986797#1,,,,,
,749803802#4,,,,,
,-1056408300#0,,,,,
,-147259688,,,,,
,1124642414#4,,,,,
,1194311027#0,,,,,
,462324820#7,,,,,
,231449996,,,,,
,47981601#4,,,,,
,1056876861,,,,,
,-1056405591,,,,,
,681031181#1,,,,,
,-47113636#0,,,,,
,-164774173#5,,,,,
,-1066886859#1,,,,,
,47114116#1,,,,,
,-1057198632#1,,,,,
,432603494#0,,,,,
,47981647#0,,,,,
,-71367225#0,,,,,
,-47111169#4,,,,,
,72843607#3,,,,,
,72843611#0,,,,,
,164774174#0,,,,,
,-796894969#1,,,,,
,46876069#4,,,,,
,313310947#2,,,,,
,-47981636#1,,,,,
,-1066886864#1,,,,,
,47981602#1,,,,,
,44886289,,,,,
,47113632#3,,,,,
,47113657,,,,,
,47113642#1,,,,,
,-47981657#1,,,,,
,-120456303,,,,,
,-47113638#0,,,,,
,147297543#0,,,,,
,-164774171,,,,,
,151561487,,,,,
,-148940706#1,,,,,
,-302028394#1,,,,,
,-44886286#3,,,,,
,-680260860,,,,,
,-796894969#0,,,,,
,72843619,,,,,
,1056876862,,,,,
,47114116#0,,,,,
,196629668#1,,,,,
,680497649,,,,,
,296443891#0,,,,,
,208649512#0,,,,,
,1021561144#0,,,,,
,-59525014,,,,,
,-46655820#1,,,,,
,57478195#0,,,,,
,-401190982,,,,,
,46655809#0,,,,,
,680508518#0,,,,,
,-46655815#1,,,,,
,261324420,,,,,
,-46655814,,,,,
,46655816,,,,,
,46655813#5,,,,,
,1021561409,,,,,
,1021555392,,,,,
,154458448#4,,,,,
,744698554#6,,,,,
,59584806#0,,,,,
,72157141,,,,,
,1021561146,,,,,
,-680497679#1,,,,,
,-71500770,,,,,
,1024102265#0,,,,,
,185216953,,,,,
,-401190994,,,,,
,792190865#3,,,,,
,46655813#6,,,,,
,1063455943#2,,,,,
,-71502410#0,,,,,
,-1024100274,,,,,
,46655813#2,,,,,
,72002813#1,,,,,
,-157366923#3,,,,,
,46655808,,,,,
,296443882,,,,,
,45701220#0,,,,,
,-56016102#1,,,,,
,70330617#0,,,,,
,-185216958,,,,,
,-871138580#0,,,,,
,262334436#0,,,,,
,46655820#2,,,,,
,99702590,,,,,
,196629668#0,,,,,
,185217013#0,,,,,
,1057083595#2,,,,,
,1021555391,,,,,
,-57362799#1,,,,,
,196629586#1,,,,,
,-46655816,,,,,
,-46655813#3,,,,,
,-46655813#5,,,,,
,-46655490#0,,,,,
,71500768,,,,,
,210903524#0,,,,,
,-45701220#2,,,,,
,46771119#3,,,,,
,680497677,,,,,
,59585493#2-AddedOnRampEdge,,,,,
,46771119#0,,,,,
,71500772,,,,,
,-46655813#6,,,,,
,-56016112#3,,,,,
,46655813#1,,,,,
,56016110#0,,,,,
,-46655813#2,,,,,
,792190864,,,,,
,-46655808,,,,,
,1057080943,,,,,
,680497644#0,,,,,
,-296443882,,,,,
,-45701220#1,,,,,
,1021555395,,,,,
,-1196019587#1,,,,,
,-57015985#3,,,,,
,-1196019588,,,,,
,-1021561140,,,,,
,56016110#5,,,,,
,72374661,,,,,
,56016125#3,,,,,
,208649503#2,,,,,
,154522201,,,,,
,388577154#0,,,,,
,750339758#4,,,,,
,793657045#1,,,,,
,162521831#1,,,,,
,46655817,,,,,
,-185217013#0,,,,,
,46771116#1,,,,,
,1057083594#0,,,,,
,-56016125#1,,,,,
,59525014,,,,,
,46655820#1,,,,,
,-1021551457,,,,,
,-1024102263#1,,,,,
,401190983,,,,,
,-679653112,,,,,
,680497679#0,,,,,
,208649499#2,,,,,
,72002813#2-AddedOnRampEdge,,,,,
,208649503#1,,,,,
,46655812#2-AddedOnRampEdge,,,,,
,-46655813#1,,,,,
,145988606#2,,,,,
,46655819#2,,,,,
,1063455941,,,,,
,57741626,,,,,
,-56016157,,,,,
,46771119#4,,,,,
,-1024100297#0,,,,,
,680497679#1,,,,,
,71500770,,,,,
,-1021555395,,,,,
,46655812#1,,,,,
,45701220#3,,,,,
,-55886805#1,,,,,
,72157146#1,,,,,
,145988603,,,,,
,1057083594#1,,,,,
,-56016125#3,,,,,
,43097007,,,,,
,59585493#3,,,,,
,1024102264#0,,,,,
,157366923#1,,,,,
,46771119#6,,,,,
,1021555393,,,,,
,46655464#7,,,,,
,56016102#1,,,,,
,46655812#2,,,,,
,185216958,,,,,
,871138580#0,,,,,
,-750339758#3,,,,,
,1056881227#1,,,,,
,71500760,,,,,
,-1021561138,,,,,
,-401190983,,,,,
,146937564,,,,,
,-680497679#0,,,,,
,57362799#0,,,,,
,386246055#1-AddedOnRampEdge,,,,,
,46655813#3,,,,,
,59584806#2,,,,,
,46655493#1,,,,,
,-1064731222,,,,,
,71686368,,,,,
,-1021561139,,,,,
,-46655819#2,,,,,
,1063455939#1,,,,,
,45701220#2,,,,,
,145719422,,,,,
,1063455939#0,,,,,
,-157044177,,,,,
,-57207543,,,,,
,208649499#0,,,,,
,793657045#0,,,,,
,208649508#0,,,,,
,208649503#3,,,,,
,1056779402,,,,,
,145988606#1,,,,,
,-46655493#0,,,,,
,1196019587#1,,,,,
,680497644#1,,,,,
,57015985#3,,,,,
,154458522,,,,,
,208649499#3,,,,,
,72002813#2,,,,,
,59585493#7,,,,,
,-154458448#3,,,,,
,-71652104,,,,,
,386246054#1,,,,,
,1021561410#0,,,,,
,56016110#4,,,,,
,-146937564,,,,,
,59584806#1,,,,,
,750339758#3,,,,,
,56016125#1,,,,,
,262334436#1,,,,,
,1021551457,,,,,
,388577154#1,,,,,
,1024102263#0,,,,,
,46771117#1,,,,,
,46771114#1,,,,,
,1021551461,,,,,
,70794981#9,,,,,
,46655490#1,,,,,
,56016110#6,,,,,
,56016157,,,,,
,-1024100300,,,,,
,156575056#1,,,,,
,1024100297#0,,,,,
,-56016102#2,,,,,
,154475500,,,,,
,146901451,,,,,
,1021561410#1,,,,,
,-157366923#4,,,,,
,1024102265#2,,,,,
,210903524#1,,,,,
,197666540#1,,,,,
,1057083595#1,,,,,
,208649499#5,,,,,
,46655464#0,,,,,
,998681826,,,,,
,59585493#1,,,,,
,46655806,,,,,
,208649510,,,,,
,1021561138,,,,,
,46655464#4,,,,,
,680497647,,,,,
,196629587#0,,,,,
,46771114#0,,,,,
,-1024102261#1,,,,,
,-750339758#2,,,,,
,185216941#0,,,,,
,146191009#1,,,,,
,-46655490#1,,,,,
,1064731222,,,,,
,1021561139,,,,,
,208649503#4,,,,,
,-1024100297#1,,,,,
,145988608,,,,,
,154082986#4,,,,,
,-154475500,,,,,
,72002813#0,,,,,
,46655464#6,,,,,
,-154458448#0,,,,,
,70794981#10,,,,,
,-46655805#0,,,,,
,70936552#5,,,,,
,410104678,,,,,
,72157144,,,,,
,46655819#1,,,,,
,-46655813#0,,,,,
,-46655464#3,,,,,
,-998681826,,,,,
,-46771112#1,,,,,
,99702517#0,,,,,
,70794981#8,,,,,
,154458448#2,,,,,
,46771119#2,,,,,
,-46655464#5,,,,,
,71652104,,,,,
,-46771113#1,,,,,
,792190865#0,,,,,
,-1024100299#1,,,,,
,116439672#0,,,,,
,46771117#0,,,,,
,792190865#2,,,,,
,59584797#1,,,,,
,-46655464#6,,,,,
,-71502410#1,,,,,
,-1021551458,,,,,
,197666540#0,,,,,
,1024100300,,,,,
,-70936552#5,,,,,
,314279960#3,,,,,
,56016102#2,,,,,
,-46655819#1,,,,,
,-99702517#0,,,,,
,-56016125#2,,,,,
,680508518#2,,,,,
,59584797#0,,,,,
,56016102#0,,,,,
,-792190865#2,,,,,
,157366923#4,,,,,
,208649512#3,,,,,
,59584806#0-AddedOffRampEdge,,,,,
,154088882#0,,,,,
,-262334435#3,,,,,
,296443891#1,,,,,
,-46655809#1,,,,,
,46771111,,,,,
,168683388#1,,,,,
,59585493#6,,,,,
,-261324420,,,,,
,-792190865#1,,,,,
,157366923#0,,,,,
,-116439672#1,,,,,
,1024102261#0,,,,,
,-154458448#4,,,,,
,196629586#2,,,,,
,1275740416,,,,,
,56016125#0,,,,,
,1024102264#2,,,,,
,-792190865#3,,,,,
,1024100297#1,,,,,
,59585493#5,,,,,
,46771119#5,,,,,
,215290851,,,,,
,46655813#4,,,,,
,154458448#0,,,,,
,1024100285,,,,,
,1063455940#1,,,,,
,-56016102#0,,,,,
,314279960#2,,,,,
,46655813#0,,,,,
,46771112#1,,,,,
,59585493#4,,,,,
,57015985#0,,,,,
,-46771111,,,,,
,-1021555391,,,,,
,1060235877#1,,,,,
,-157366923#0,,,,,
,215298730#0,,,,,
,46771113#1,,,,,
,59585493#2,,,,,
,401190982,,,,,
,210903489#1,,,,,
,-680497677,,,,,
,-56016125#0,,,,,
,46655815#1,,,,,
,46655814,,,,,
,680508518#1,,,,,
,1024100299#0,,,,,
,-215290851,,,,,
,208649501,,,,,
,157044175#0,,,,,
,-46655813#4,,,,,
,71502410#1,,,,,
,1021551458,,,,,
,-1024100285,,,,,
,401190994,,,,,
,154088882#2,,,,,
,46655809#2,,,,,
,196629587#2,,,,,
,-750339758#4,,,,,
,71500780,,,,,
,57601580,,,,,
,145988606#0,,,,,
,-57015985#2,,,,,
,56016125#2,,,,,
,-46655817,,,,,
,162521831#1-AddedOnRampEdge,,,,,
,55886811#2,,,,,
,46771115,,,,,
,174022717,,,,,
,31133895#1,,,,,
,209210741#0,,,,,
,991009315,,,,,
,174022680#1,,,,,
,44884380#7,,,,,
,1253807732#1,,,,,
,44884353#0,,,,,
,24804076#0,,,,,
,-30998616,,,,,
,304727809#3,,,,,
,1253807732#0,,,,,
,429870959#3,,,,,
,673085464#1,,,,,
,673085464#3,,,,,
,46876504#3,,,,,
,648435893#1,,,,,
,-31283330#0,,,,,
,-304727997#2,,,,,
,24804076#8,,,,,
,30969218#0,,,,,
,1056328010,,,,,
,46876504#8,,,,,
,368083811#1,,,,,
,-1056328003,,,,,
,-368083792#1,,,,,
,31133842#0,,,,,
,-24804076#4,,,,,
,209366286#1,,,,,
,-31133855#0,,,,,
,-44884346#1,,,,,
,171018750,,,,,
,209210739#2,,,,,
,-31238049#1,,,,,
,425464570#2,,,,,
,1056330401,,,,,
,101134266#0,,,,,
,-31133881#0,,,,,
,44884379#0,,,,,
,-44884353#0,,,,,
,-24804076#1,,,,,
,-31258035#1,,,,,
,61184936,,,,,
,-429870959#3,,,,,
,648435891#1,,,,,
,174405496#1,,,,,
,46876504#3-AddedOnRampEdge,,,,,
,648435894,,,,,
,101134275#2,,,,,
,648408839#2,,,,,
,1249368539#0,,,,,
,31133881#2,,,,,
,116436260,,,,,
,31133842#1,,,,,
,-131633149,,,,,
,174022686#0,,,,,
,-31133855#1,,,,,
,-24804076#7,,,,,
,1056330398#2,,,,,
,174022680#5,,,,,
,174022686#2,,,,,
,648435889#3,,,,,
,24804076#3,,,,,
,-648435893#3,,,,,
,-1056330401,,,,,
,44884348,,,,,
,174022675#1,,,,,
,682476163#1,,,,,
,1056330392,,,,,
,174022720#1,,,,,
,174022720#7-AddedOnRampEdge,,,,,
,367851538#1,,,,,
,382681595,,,,,
,30998616,,,,,
,209366286#0,,,,,
,-31133930#0,,,,,
,648435889#2,,,,,
,-31133881#2,,,,,
,-161392517,,,,,
,-31133842#1,,,,,
,-25822382#2,,,,,
,-1056328000,,,,,
,31283330#0,,,,,
,44884381#1,,,,,
,1056328003,,,,,
,368083792#0,,,,,
,-648435893#0,,,,,
,-1056330402,,,,,
,-44884348,,,,,
,31133855#0,,,,,
,648435889#0,,,,,
,44884346#0,,,,,
,31133850#1,,,,,
,1056330398#0,,,,,
,-31133923,,,,,
,31238049#1,,,,,
,367851541#1,,,,,
,-31283330#2,,,,,
,31258035#0,,,,,
,44884379#1,,,,,
,31133895#0,,,,,
,1028570793#0,,,,,
,648435887#1,,,,,
,1056328496,,,,,
,184580011,,,,,
,429870959#0,,,,,
,304727918#0,,,,,
,-44884381#2,,,,,
,61184933#1,,,,,
,209210745#1,,,,,
,-44884446#0,,,,,
,31133855#1,,,,,
,24804076#6,,,,,
,388577168#1,,,,,
,174022720#8,,,,,
,174022649,,,,,
,44884380#0,,,,,
,44884105#0,,,,,
,61184931#0,,,,,
,-31133850#1,,,,,
,-1056330398#1,,,,,
,648408839#0,,,,,
,46876504#4,,,,,
,131633157#1,,,,,
,174022635#0,,,,,
,648435893#2,,,,,
,1056328004,,,,,
,304919608,,,,,
,1056328493,,,,,
,184293861#0,,,,,
,-102126347#3,,,,,
,425464570#0,,,,,
,1056328002#0,,,,,
,174022630#2,,,,,
,-44884381#0,,,,,
,-31133895#0,,,,,
,44884103,,,,,
,-1056328496,,,,,
,209210741#1,,,,,
,209210741#2,,,,,
,648435891#1-AddedOnRampEdge,,,,,
,-1122405187,,,,,
,174022716,,,,,
,154125442,,,,,
,31133930#0,,,,,
,-101134275#1,,,,,
,161392517,,,,,
,-429870959#1,,,,,
,648435888,,,,,
,25822382#1,,,,,
,916714465#0,,,,,
,1056328000,,,,,
,154125452#0,,,,,
,-31133881#4,,,,,
,44884104,,,,,
,1056328009,,,,,
,45018632#2,,,,,
,44884551#0,,,,,
,1056328001,,,,,
,31283330#1,,,,,
,-648408839#1,,,,,
,-1056328004,,,,,
,648435893#0,,,,,
,1056330402,,,,,
,1056330400#0,,,,,
,45018632#3,,,,,
,-1056328493,,,,,
,46876504#10-AddedOnRampEdge,,,,,
,131633156#0,,,,,
,304727761#1,,,,,
,174022720#0,,,,,
,174022720#7,,,,,
,-31238049#0,,,,,
,367851541#0,,,,,
,174022719#1,,,,,
,31133923,,,,,
,31283330#2,,,,,
,209210745#0,,,,,
,174022711#4,,,,,
,174022720#10,,,,,
,44884551#1,,,,,
,154125441,,,,,
,-44884347#5,,,,,
,-31133931,,,,,
,24804076#9,,,,,
,648435887#0,,,,,
,-44884446#1,,,,,
,31133930#1,,,,,
,4857047,,,,,
,44884352#0,,,,,
,-304727997#1,,,,,
,174022667#1,,,,,
,368083811#0,,,,,
,-31283330#1,,,,,
,44884446#0,,,,,
,367851538#3,,,,,
,-1056330400#1,,,,,
,-648435888,,,,,
,648435892#0,,,,,
,61184933#3,,,,,
,174022711#0,,,,,
,-25822382#3,,,,,
,102126347#2,,,,,
,368083792#2,,,,,
,1056330396#1,,,,,
,102126347#4,,,,,
,44884381#0,,,,,
,-24804076#9,,,,,
,-31133930#2,,,,,
,44884347#0,,,,,
,44884350,,,,,
,209210741#4,,,,,
,-44884349#0,,,,,
,154125452#1,,,,,
,101134275#0,,,,,
,304727809#0,,,,,
,1028570792#3,,,,,
,174022711#1,,,,,
,-429870959#4,,,,,
,184250108,,,,,
,388577152,,,,,
,1056330397#0,,,,,
,31133881#4,,,,,
,304727772#0,,,,,
,-31133895#1,,,,,
,304727990#0,,,,,
,1056330399#0,,,,,
,31238049#0,,,,,
,44884346#2,,,,,
,91096670#3,,,,,
,304727781#0,,,,,
,-368083792#3,,,,,
,209366292#5,,,,,
,-102126347#4,,,,,
,174022635#1,,,,,
,31133881#1,,,,,
,-44884347#2,,,,,
,44884344#0,,,,,
,24804076#2,,,,,
,-648435893#1,,,,,
,174022680#0,,,,,
,44884347#4,,,,,
,174022635#4,,,,,
,31133931,,,,,
,-24804076#8,,,,,
,304919602#1,,,,,
,44884446#1,,,,,
,174022726,,,,,
,-31133842#0,,,,,
,-1056330397#1,,,,,
,304727809#6,,,,,
,304727997#0,,,,,
,368083811#2,,,,,
,743671372#0,,,,,
,-304727990#2,,,,,
,44884349#1,,,,,
,1056330391,,,,,
,44884352#1,,,,,
,648435891#0,,,,,
,174022720#5,,,,,
,-44884346#3,,,,,
,45018632#0,,,,,
,44883352#1,,,,,
,25822382#3,,,,,
,-31133881#1,,,,,
,209366292#0,,,,,
,174405496#0,,,,,
,1056328005,,,,,
,-648435894,,,,,
,-102126347#1,,,,,
,154125460,,,,,
,-24804076#2,,,,,
,44884351,,,,,
,-1253807732#0,,,,,
,-648408839#3,,,,,
,-116436260,,,,,
,154125453,,,,,
,44884349#0,,,,,
,304727997#2,,,,,
,-1056330398#4,,,,,
,174022680#7,,,,,
,-743671372#1,,,,,
,44884354#1,,,,,
,429870959#4,,,,,
,-44884349#1,,,,,
,46876504#10,,,,,
,156919888#1,,,,,
,208649513#8,,,,,
,-31035836#1,,,,,
,-208649513#7,,,,,
,71470190#12,,,,,
,1028619489#0,,,,,
,349459713#1,,,,,
,-190552056#0,,,,,
,744266431#0,,,,,
,-24294874#1,,,,,
,-161392518#3,,,,,
,-1057054858#3,,,,,
,-228076698#2,,,,,
,749829569#9,,,,,
,1057527741#2,,,,,
,-71470213#0,,,,,
,154253453,,,,,
,88956628#2,,,,,
,185216947#1,,,,,
,-103945938#6,,,,,
,-161392626#1,,,,,
,70794980#1,,,,,
,-230293774#3,,,,,
,-161392586#0,,,,,
,44886562#3,,,,,
,-1237936909#1,,,,,
,88937129#2,,,,,
,-749869679#1,,,,,
,304727895#2,,,,,
,161392519#1,,,,,
,23288386,,,,,
,-228514822#2,,,,,
,-23217864#1,,,,,
,31303247#2,,,,,
,30842030#1,,,,,
,-154253462#0,,,,,
,545585643#1,,,,,
,228511424#0,,,,,
,-185216948,,,,,
,71470185#9,,,,,
,70936552#0,,,,,
,258044916,,,,,
,148642786#6,,,,,
,228514822#7,,,,,
,-120469241#1,,,,,
,120469239#1,,,,,
,-58672755#2,,,,,
,161392513#0,,,,,
,1255617398#5,,,,,
,-161392519#2,,,,,
,443243639,,,,,
,-116436239,,,,,
,-148642786#5,,,,,
,-88561227,,,,,
,304727895#0,,,,,
,-174022595#2,,,,,
,744777945#6,,,,,
,45018631#5,,,,,
,-104353087#4,,,,,
,88083336#2,,,,,
,-185216944,,,,,
,161392513#1,,,,,
,70364448#1,,,,,
,120588503#3,,,,,
,161392603,,,,,
,24294870#1,,,,,
,1144401621,,,,,
,-1060235884,,,,,
,-616560955#1,,,,,
,1057050907#0,,,,,
,-154253470#1,,,,,
,44884989#1,,,,,
,168663960#6,,,,,
,1057527743#5,,,,,
,-88561232#1,,,,,
,-161392543,,,,,
,-154253434#1,,,,,
,154253460#1,,,,,
,1057050910#2,,,,,
,44886560#1-AddedOnRampEdge,,,,,
,-1057054858#7,,,,,
,30841649#7,,,,,
,-154253457#1,,,,,
,1057054858#0,,,,,
,23217864#4,,,,,
,88954527#0,,,,,
,1057527743#3,,,,,
,44886564#0,,,,,
,-174022668,,,,,
,228056325#3,,,,,
,-1057054858#6,,,,,
,161392635#0,,,,,
,70350396#2,,,,,
,-1060224075#0,,,,,
,261321460#1,,,,,
,1144401620,,,,,
,58209119#2,,,,,
,71470195#3,,,,,
,70794984#1,,,,,
,31035836#2,,,,,
,1057054855#1,,,,,
,-261368286#3,,,,,
,70944770#1,,,,,
,1261366105#3,,,,,
,70794981#0,,,,,
,1057050910#3,,,,,
,365706961#1,,,,,
,-44886562#0,,,,,
,88083347#4,,,,,
,-156938647,,,,,
,161392518#0,,,,,
,671522408#3,,,,,
,156919937#2,,,,,
,-156919888#5,,,,,
,746884464#0,,,,,
,-88083349#5,,,,,
,-208649513#10,,,,,
,156919888#7,,,,,
,-154253469#2,,,,,
,156919937#1,,,,,
,71470190#3,,,,,
,168663961#3,,,,,
,749829569#7,,,,,
,70610417#0,,,,,
,-262334435#2,,,,,
,313849721#1,,,,,
,792462092#2,,,,,
,71470195#1,,,,,
,148642786#3,,,,,
,70794980#0,,,,,
,-1057050913#1,,,,,
,161392595#1,,,,,
,261368286#4,,,,,
,-261324434,,,,,
,-120588503#0,,,,,
,744892450#1,,,,,
,-23243740,,,,,
,71488888#2,,,,,
,-31303247#0,,,,,
,116436279#0,,,,,
,228056325#0,,,,,
,190433608,,,,,
,208649513#6,,,,,
,-23288386,,,,,
,304727900#0,,,,,
,23288277#2,,,,,
,-70936554#1,,,,,
,1257441179,,,,,
,23243742,,,,,
,104353087#0,,,,,
,23243736#0,,,,,
,156919938#0,,,,,
,24294873#0,,,,,
,154800540,,,,,
,-70936552#0,,,,,
,103945938#0,,,,,
,34078512#2,,,,,
,88083336#0,,,,,
,-228514822#7,,,,,
,23288277#3,,,,,
,-71488888#0,,,,,
,-24294871,,,,,
,-120469239#1,,,,,
,-154253449#0,,,,,
,228514822#6,,,,,
,1060226507#0,,,,,
,34078512#1,,,,,
,88083349#3,,,,,
,154253456#1,,,,,
,161392507#1,,,,,
,120588459#4,,,,,
,70936551#0,,,,,
,71502569#0,,,,,
,88956620#0,,,,,
,1060235882,,,,,
,228090234#1,,,,,
,185216946,,,,,
,-30841649#1,,,,,
,-23288277#0,,,,,
,163816326#0,,,,,
,-679653135#1,,,,,
,-1144401621,,,,,
,46655426#0,,,,,
,89477498,,,,,
,-44884989#1,,,,,
,70350393#2,,,,,
,261321460#0,,,,,
,120469241#1,,,,,
,-208649513#5,,,,,
,-1057054858#0,,,,,
,-70350388,,,,,
,59262035#0,,,,,
,749869680#1,,,,,
,-44886564#1,,,,,
,266525174,,,,,
,266525183#1,,,,,
,-161392598#1,,,,,
,185216943,,,,,
,154253470#2,,,,,
,261368286#5,,,,,
,71470190#0,,,,,
,-155035371,,,,,
,-1144401620,,,,,
,161392555,,,,,
,365706946#0,,,,,
,120588503#6,,,,,
,161392551,,,,,
,208649499#6,,,,,
,31280557#3,,,,,
,70794984#6,,,,,
,161392586#1,,,,,
,-70936554#0,,,,,
,-31035836#4,,,,,
,201348370,,,,,
,744266431#3,,,,,
,-261324433#2,,,,,
,88561232#6,,,,,
,742072643,,,,,
,-161392626#0,,,,,
,792462092#3,,,,,
,-161392518#0,,,,,
,-671522408#3,,,,,
,-71470213#3,,,,,
,148642786#2,,,,,
,-156919888#7,,,,,
,-871138585#3,,,,,
,-70610417#0,,,,,
,228514822#4,,,,,
,88083349#2,,,,,
,682712378,,,,,
,88561232#5,,,,,
,154800507,,,,,
,-148642786#3,,,,,
,-58209110#1,,,,,
,120588896#6,,,,,
,986505886#2,,,,,
,156919887#1,,,,,
,-161392595#1,,,,,
,154253459,,,,,
,70794984#4,,,,,
,679937858,,,,,
,744892450#0,,,,,
,154253452#1,,,,,
,-154253469#1,,,,,
,-116436279#0,,,,,
,24294874#0,,,,,
,88083355,,,,,
,88956620#2,,,,,
,-304727900#1,,,,,
,-23288277#2,,,,,
,23288278#1,,,,,
,-104353087#0,,,,,
,185217008,,,,,
,1057054858#1,,,,,
,1229917617,,,,,
,669100015#2,,,,,
,154253443,,,,,
,1261366105#0,,,,,
,-154253470#5,,,,,
,-34078512#2,,,,,
,1057527743#2,,,,,
,-88083336#0,,,,,
,58209119#4,,,,,
,24294874#1,,,,,
,1057054858#3,,,,,
,228076698#1,,,,,
,157296587#1,,,,,
,-228514822#6,,,,,
,304727900#2,,,,,
,-34078512#1,,,,,
,-161392519#3,,,,,
,-71470213#6,,,,,
,-154253456#1,,,,,
,103945938#4,,,,,
,-161392507#1,,,,,
,685193060#0,,,,,
,749829569#5,,,,,
,669100015#3,,,,,
,70364449#10,,,,,
,-120588459#4,,,,,
,161392586#0,,,,,
,-31280270#0,,,,,
,34078513#1,,,,,
,693896095,,,,,
,185217013#1,,,,,
,-1229917614#9,,,,,
,-1080435559,,,,,
,1057054856#1,,,,,
,228514822#2,,,,,
,23217864#1,,,,,
,-1056779405,,,,,
,749869680#0,,,,,
,-185216947#0,,,,,
,88083347#2,,,,,
,-23288277#1,,,,,
,31280557#1,,,,,
,185216948,,,,,
,671522408#2,,,,,
,-616560955#3,,,,,
,70936546#3,,,,,
,-261321460#0,,,,,
,744266431#5,,,,,
,-120588503#5,,,,,
,-139116576,,,,,
,120469239#0,,,,,
,115591852#3,,,,,
,261480762,,,,,
,58672755#2,,,,,
,168663960#4,,,,,
,163816326#2,,,,,
,71470226,,,,,
,116436239,,,,,
,23298951#0,,,,,
,1057527743#4,,,,,
,88561227,,,,,
,-266525183#1,,,,,
,71470210#1,,,,,
,70350393#4,,,,,
,45018631#3,,,,,
,104353087#4,,,,,
,-154253470#2,,,,,
,70936552#2,,,,,
,70350396#4,,,,,
,-161392555,,,,,
,-174022637,,,,,
,185216944,,,,,
,197530527#2,,,,,
,-70794984#7,,,,,
,-88561232#6,,,,,
,156575055#6,,,,,
,1060235884,,,,,
,-1144401619,,,,,
,616560955#1,,,,,
,616560955#2,,,,,
,-648082983#1,,,,,
,154253470#1,,,,,
,190552057#1,,,,,
,-197665252#1,,,,,
,88561232#1,,,,,
,161392543,,,,,
,154253434#1,,,,,
,1057527741#4,,,,,
,-148642786#2,,,,,
,24294873#1,,,,,
,-154253469#3,,,,,
,-88083336#1,,,,,
,-1060235883,,,,,
,671522408#4,,,,,
,-88083349#2,,,,,
,685193060#2,,,,,
,-679653135#0,,,,,
,88083348,,,,,
,-154800507,,,,,
,1057054858#6,,,,,
,-986505886#2,,,,,
,669100015#0,,,,,
,-154253459,,,,,
,-70794984#4,,,,,
,-185216966,,,,,
,-746533317,,,,,
,71470177#4,,,,,
,154253438,,,,,
,-30841649#3,,,,,
,-88083355,,,,,
,1279886348,,,,,
,44886562#0,,,,,
,30841649#9,,,,,
,545585643#0,,,,,
,154253444,,,,,
,156919888#5,,,,,
,88083349#5,,,,,
,-154253443,,,,,
,103945938#2,,,,,
,-88083349#8,,,,,
,154253469#2,,,,,
,88956628#0,,,,,
,1057050905#1,,,,,
,156919888#6,,,,,
,154253434#2,,,,,
,-46655387#0,,,,,
,120588459#2,,,,,
,-746533321#3,,,,,
,1057050913#1,,,,,
,679937856,,,,,
,31280557#6,,,,,
,-685193060#0,,,,,
,261324434,,,,,
,88956627,,,,,
,-156919888#0,,,,,
,120588503#0,,,,,
,365706946#0-AddedOffRampEdge,,,,,
,-693896095,,,,,
,23243740,,,,,
,31303247#0,,,,,
,-261324433#3,,,,,
,-154253463#0,,,,,
,1057054855#0,,,,,
,45664134#3,,,,,
,-161392518#8,,,,,
,1060226506#0,,,,,
,70936554#1,,,,,
,-115591840,,,,,
,88561232#7,,,,,
,-88561232#3,,,,,
,161392615#0,,,,,
,-671522408#2,,,,,
,-70794980#5,,,,,
,743631281#3,,,,,
,46655427#1,,,,,
,24294870#10,,,,,
,-286703477#0,,,,,
,120469241#0,,,,,
,71488888#0,,,,,
,24294871,,,,,
,-154253449#1,,,,,
,-261480762,,,,,
,120588896#4,,,,,
,71470195#2,,,,,
,154253449#0,,,,,
,-746533321#4,,,,,
,156575055#8,,,,,
,148642786#0,,,,,
,1237936906#1,,,,,
,24294870#6,,,,,
,-1260445648#0,,,,,
,31280557#5,,,,,
,1259423448,,,,,
,-70936552#2,,,,,
,-746533321#2,,,,,
,30841649#0,,,,,
,197530515#1,,,,,
,679653135#1,,,,,
,1057527740#2,,,,,
,-616560955#2,,,,,
,960810633,,,,,
,197530515#2,,,,,
,685193060#1,,,,,
,-702450016,,,,,
,184314060#0,,,,,
,-71502569#4,,,,,
,88956624#1,,,,,
,-70794984#0,,,,,
,-671522408#5,,,,,
,71470185#1,,,,,
,986505886#3,,,,,
,208649513#4,,,,,
,1057054856#0,,,,,
,156575055#9,,,,,
,91096669#6,,,,,
,-671522408#4,,,,,
,1057050910#1,,,,,
,-685193060#2,,,,,
,156919888#3,,,,,
,-88083348,,,,,
,-70794984#5,,,,,
,266525183#0,,,,,
,161392598#1,,,,,
,-148642786#4,,,,,
,-23217864#0,,,,,
,-161392513#4,,,,,
,-120588896#1,,,,,
,45664134#0,,,,,
,-1237936908#1,,,,,
,154253448,,,,,
,208649513#3,,,,,
,-88083349#7,,,,,
,261324433#2,,,,,
,-154253438,,,,,
,70350396#3,,,,,
,161392626#0,,,,,
,71470210#0,,,,,
,-154253444,,,,,
,71470213#2,,,,,
,-103945938#3,,,,,
,742072642,,,,,
,871138585#2,,,,,
,-156919888#6,,,,,
,115591852#0,,,,,
,-154253434#2,,,,,
,71502569#9,,,,,
,-120588459#2,,,,,
,58209110#1,,,,,
,103945933#0,,,,,
,-679937857,,,,,
,70794980#4,,,,,
,669100015#4,,,,,
,154253469#1,,,,,
,-88083360,,,,,
,-70936554#2,,,,,
,-887406167,,,,,
,-161392620#0,,,,,
,-88937127#0,,,,,
,116436274#1,,,,,
,-88561232#8,,,,,
,-161392615#0,,,,,
,31280557#0,,,,,
,-154253456#0,,,,,
,-120588503#4,,,,,
,190433604#1,,,,,
,154253470#5,,,,,
,161392595#3,,,,,
,1257221457,,,,,
,116436274#0,,,,,
,-120469241#0,,,,,
,-34078514,,,,,
,-871138585#4,,,,,
,71470177#0,,,,,
,70944770#0,,,,,
,45664134#2,,,,,
,71470190#18,,,,,
,-88083349#4,,,,,
,-120588896#5,,,,,
,-44886562#2,,,,,
,161392519#3,,,,,
,-148642786#0,,,,,
,71470213#6,,,,,
,-70794980#7,,,,,
,70936546#4,,,,,
,31280270#0,,,,,
,1229917614#3,,,,,
,154253462#2,,,,,
,-58209110#3,,,,,
,-749995746#0,,,,,
,951228305,,,,,
,1056779405,,,,,
,-71470213#4,,,,,
,566057084,,,,,
,185216947#0,,,,,
,23288277#1,,,,,
,168663960#0,,,,,
,1080759180#9,,,,,
,71470185#0,,,,,
,669103389,,,,,
,749829569#8,,,,,
,-70639085#4,,,,,
,190552057#4,,,,,
,-88083349#1,,,,,
,-685193060#1,,,,,
,-266525191#2,,,,,
,616560955#3,,,,,
,1057054858#4,,,,,
,-161392518#2,,,,,
,120588503#5,,,,,
,139116576,,,,,
,-228076698#0,,,,,
,286703487#1,,,,,
,-230293774#1,,,,,
,1028619488,,,,,
,31280557#9,,,,,
,45018631#0,,,,,
,-44886562#1,,,,,
,-749995746#1,,,,,
,1057050907#2,,,,,
,-104353087#3,,,,,
,-156919888#4,,,,,
,154083062,,,,,
,190552056#2,,,,,
,-266525183#0,,,,,
,91096669#4,,,,,
,24294870#5,,,,,
,-208649513#3,,,,,
,871138585#0,,,,,
,744698554#2,,,,,
,-201348372,,,,,
,1144401619,,,,,
,44886564#3,,,,,
,648082983#1,,,,,
,349459713#2,,,,,
,197665252#1,,,,,
,103945933#2,,,,,
,161392595#2,,,,,
,-71470210#0,,,,,
,30841649#4,,,,,
,-261324433#1,,,,,
,156344565,,,,,
,-88561232#0,,,,,
,-174022595#0,,,,,
,154253469#3,,,,,
,88083336#1,,,,,
,-161392557,,,,,
,1060235883,,,,,
,-71488888#1,,,,,
,58672755#0,,,,,
,-71502569#12,,,,,
,227968024#1,,,,,
,71470190#17,,,,,
,-70794980#4,,,,,
,986505887,,,,,
,-228090234#0,,,,,
,116436279#1,,,,,
,-88937127#1,,,,,
,-161392595#0,,,,,
,70794980#3,,,,,
,185216975#0,,,,,
,185216966,,,,,
,746533317,,,,,
,156919887#0,,,,,
,30841649#2,,,,,
,154253434#3,,,,,
,-70936552#1,,,,,
,23313775,,,,,
,161392564,,,,,
,-44886563,,,,,
,120588459#1,,,,,
,702450013,,,,,
,120588691#0,,,,,
,88083349#8,,,,,
,-190433604#1,,,,,
,-161392595#3,,,,,
,-1257221457,,,,,
,1060226511,,,,,
,960810636,,,,,
,1256063070#1,,,,,
,31280270#1,,,,,
,46655387#0,,,,,
,70364449#3,,,,,
,-161392610,,,,,
,746533321#3,,,,,
,-70794984#2,,,,,
,-190552056#1,,,,,
,157296585#0,,,,,
,744698554#0,,,,,
,-23288278#0,,,,,
,154253457#0,,,,,
,154800556#1,,,,,
,103761128#1,,,,,
,-70936554#5,,,,,
,-23288277#5,,,,,
,-154253462#2,,,,,
,261324433#3,,,,,
,154253463#0,,,,,
,70936552#4,,,,,
,-951228305,,,,,
,161392615#2,,,,,
,-616560955#0,,,,,
,161392518#7,,,,,
,1060226507#1,,,,,
,-46655425,,,,,
,-161392507#0,,,,,
,24294870#3,,,,,
,115591840,,,,,
,88561232#2,,,,,
,154253469#4,,,,,
,-669103389,,,,,
,266525226#1,,,,,
,70794980#5,,,,,
,744266431#2,,,,,
,-71502569#6,,,,,
,-1057054858#4,,,,,
,24294873#2,,,,,
,1028619490,,,,,
,-161392616#0,,,,,
,744698554#1,,,,,
,-28063955#2,,,,,
,751972892#1,,,,,
,154253449#1,,,,,
,156919938#2,,,,,
,1057054858#2,,,,,
,1229917616,,,,,
,746533321#4,,,,,
,45018631#7,,,,,
,-742072640,,,,,
,161392508,,,,,
,986505885,,,,,
,1261366106#0,,,,,
,-154083062,,,,,
,-190552056#2,,,,,
,749829569#6,,,,,
,47120880,,,,,
,-228076698#5,,,,,
,746533321#1,,,,,
,-31277568,,,,,
,1237936904,,,,,
,-46655387#2,,,,,
,-871138585#1,,,,,
,1256063071#1,,,,,
,-44886564#4,,,,,
,197530527#0,,,,,
,70350401,,,,,
,-161392595#2,,,,,
,70364449#0,,,,,
,702450016,,,,,
,24294873#4,,,,,
,-30841649#6,,,,,
,-986505886#0,,,,,
,746884464#2,,,,,
,71502569#4,,,,,
,70794984#0,,,,,
,71470185#6,,,,,
,671522408#5,,,,,
,70350393#3,,,,,
,669100015#1,,,,,
,-58672755#0,,,,,
,313849721#0,,,,,
,104353087#2,,,,,
,70794984#5,,,,,
,148642786#4,,,,,
,23217864#0,,,,,
,1060224075#1,,,,,
,-116436279#1,,,,,
,161392513#4,,,,,
,120588896#1,,,,,
,-70794980#3,,,,,
,-185216975#0,,,,,
,23298949,,,,,
,88083349#7,,,,,
,208649513#0,,,,,
,-228090234#2,,,,,
,-154253434#3,,,,,
,792462092#1,,,,,
,1060235885,,,,,
,-161392564,,,,,
,1229917612#0,,,,,
,-120588459#1,,,,,
,-88956622,,,,,
,1261366104#1,,,,,
,1060226510,,,,,
,1057527743#1,,,,,
,-71502569#3,,,,,
,227968024#3,,,,,
,749869682,,,,,
,-648082983#0,,,,,
,-208649513#14,,,,,
,88937129#0,,,,,
,185216971,,,,,
,-28063955#1,,,,,
,208649513#12,,,,,
,951228304,,,,,
,70364448#0,,,,,
,-228514822#1,,,,,
,70936546#1,,,,,
,744698554#4,,,,,
,58209114#0,,,,,
,154253462#3,,,,,
,-154253457#0,,,,,
,-154800556#1,,,,,
,-154253470#3,,,,,
,23243736#1,,,,,
,23313778,,,,,
,70936554#2,,,,,
,88083360,,,,,
,-70936552#4,,,,,
,887406167,,,,,
,-161392615#2,,,,,
,-228056325#2,,,,,
,156919887#2,,,,,
,161392635#1,,,,,
,-746203451,,,,,
,88956628#1,,,,,
,88937127#0,,,,,
,1259700450#0,,,,,
,161392620#2,,,,,
,-161392518#6,,,,,
,-154253469#4,,,,,
,154253456#0,,,,,
,-266525226#2,,,,,
,120588503#4,,,,,
,190433614,,,,,
,-58672755#1,,,,,
,1261366105#2,,,,,
,-154253461#1,,,,,
,792462092#4,,,,,
,227968024#2,,,,,
,230293774#2,,,,,
,34078514,,,,,
,-120588896#3,,,,,
,-1229917614#2,,,,,
,871138585#4,,,,,
,88083349#4,,,,,
,-1057054858#2,,,,,
,-1229917616,,,,,
,-58209110#2,,,,,
,44886562#2,,,,,
,-70936552#3,,,,,
,154253460#0,,,,,
,-161392508,,,,,
,70794980#7,,,,,
,-71470184,,,,,
,-161392598#0,,,,,
,58209110#3,,,,,
,749995746#0,,,,,
,1057527744#1,,,,,
,70364449#2,,,,,
,1057527744#3,,,,,
,71470213#4,,,,,
,286703487#3,,,,,
,671522408#1,,,,,
,70639085#0,,,,,
,349459713#0,,,,,
,88083349#1,,,,,
,-228514822#0,,,,,
,156575055#11,,,,,
,266525191#0,,,,,
,161392518#2,,,,,
,24294870#2,,,,,
,749995745#1,,,,,
,-228056323,,,,,
,71470194,,,,,
,-154253462#1,,,,,
,230293774#1,,,,,
,-154253461#0,,,,,
,184250113#3,,,,,
,1057527744#0,,,,,
,-120588896#0,,,,,
,261324433#0,,,,,
,44886562#1,,,,,
,749995746#1,,,,,
,-120588503#1,,,,,
,-313849721#0,,,,,
,467596342,,,,,
,-104353087#2,,,,,
,104353087#3,,,,,
,-120588459#3,,,,,
,792462092#0,,,,,
,-1060224075#1,,,,,
,161392507#2,,,,,
,228076698#10,,,,,
,-261368286#0,,,,,
,-208649513#11,,,,,
,-185216975#1,,,,,
,120469241#2,,,,,
,-88083349#6,,,,,
,-116436279#2,,,,,
,31280557#2,,,,,
,-70936554#4,,,,,
,-208649513#1,,,,,
,161392519#0,,,,,
,201348372,,,,,
,-261368286#1,,,,,
,-71502569#8,,,,,
,-1060235885,,,,,
,88954527#2,,,,,
,261324433#1,,,,,
,156575055#10,,,,,
,-262334435#0,,,,,
,1060226508,,,,,
,88561232#0,,,,,
,-156919890#1,,,,,
,286703477#1,,,,,
,24294873#6,,,,,
,1056779401,,,,,
,161392557,,,,,
,71488888#1,,,,,
,70364449#1,,,,,
,154800556#0,,,,,
,59262038#0,,,,,
,234268630#1,,,,,
,-208649513#2,,,,,
,-116436279#3,,,,,
,-1301304519#2,,,,,
,71470219,,,,,
,-951228306,,,,,
,-208649513#13,,,,,
,228090234#0,,,,,
,-154253465,,,,,
,197665252#0,,,,,
,-70364448#0,,,,,
,88937127#1,,,,,
,161392595#0,,,,,
,-156919888#2,,,,,
,156575055#5,,,,,
,-58209114#0,,,,,
,-154253462#3,,,,,
,71470185#3,,,,,
,190552057#3,,,,,
,154253454#0,,,,,
,-23313778,,,,,
,743631281#4,,,,,
,-154253453,,,,,
,70936552#1,,,,,
,103945933#1,,,,,
,-185216947#1,,,,,
,-70794980#1,,,,,
,-161392620#2,,,,,
,44886563,,,,,
,-44886562#3,,,,,
,103945938#1,,,,,
,46655387#1,,,,,
,154253452#0,,,,,
,24294870#9,,,,,
,-190433614,,,,,
,-230293774#2,,,,,
,266525183#2,,,,,
,-161392519#1,,,,,
,566057086,,,,,
,28063955#3,,,,,
,58209114#1,,,,,
,-31303247#2,,,,,
,184250113#1,,,,,
,161392610,,,,,
,741687375,,,,,
,70794984#2,,,,,
,190552056#1,,,,,
,44886560#1,,,,,
,23288278#0,,,,,
,31280557#9-AddedOnRampEdge,,,,,
,-154253460#0,,,,,
,24294870#4,,,,,
,88956623#1,,,,,
,156919937#0,,,,,
,70350396#5,,,,,
,-258044916,,,,,
,23298951#2,,,,,
,70936554#5,,,,,
,23288277#5,,,,,
,-148642786#6,,,,,
,161392518#1,,,,,
,-120469239#0,,,,,
,-161392513#0,,,,,
,1057054855#2,,,,,
,116436279#4,,,,,
,1057527740#1,,,,,
,161392507#0,,,,,
,792462092#5,,,,,
,1279886347#0,,,,,
,-671522408#1,,,,,
,120588691#1,,,,,
,154253470#6,,,,,
,-88083336#2,,,,,
,71502569#5,,,,,
,-161392513#1,,,,,
,31280557#8,,,,,
,161392616#0,,,,,
,-120588503#3,,,,,
,-161392603,,,,,
,70936551#4,,,,,
,28063955#2,,,,,
,70936551#2,,,,,
,190552056#3,,,,,
,-261324433#0,,,,,
,91096669#0,,,,,
,58209112,,,,,
,185216952,,,,,
,1028573258,,,,,
,742072640,,,,,
,71470223,,,,,
,-154253460#1,,,,,
,88083341,,,,,
,1057527741#1,,,,,
,157058384#3,,,,,
,161392620#1,,,,,
,-161392507#2,,,,,
,23217864#2,,,,,
,-228076698#11,,,,,
,228076698#3,,,,,
,1057050907#1,,,,,
,31277568,,,,,
,-30841649#8,,,,,
,-120469241#2,,,,,
,46655387#2,,,,,
,70794980#6,,,,,
,71470190#15,,,,,
,-161392519#0,,,,,
,88956624#0,,,,,
,-228056325#4,,,,,
,-161392635#0,,,,,
,88083347#3,,,,,
,227968024#0,,,,,
,-70794984#1,,,,,
,156919887#3,,,,,
,986505886#0,,,,,
,71470190#9,,,,,
,-1060226508,,,,,
,154253434#0,,,,,
,161392513#3,,,,,
,1057050911,,,,,
,-1056779406#0,,,,,
,960810631#0,,,,,
,23288277#4,,,,,
,-154800556#0,,,,,
,-234268630#1,,,,,
,98593792#1,,,,,
,154253469#0,,,,,
,-197665252#0,,,,,
,184314060#2,,,,,
,365706952,,,,,
,1028619491,,,,,
,148642786#1,,,,,
,154253470#4,,,,,
,749829569#4,,,,,
,-154253454#0,,,,,
,-313849721#1,,,,,
,154253454#1,,,,,
,228090234#2,,,,,
,71470213#5,,,,,
,-70794980#0,,,,,
,-261368286#4,,,,,
,-103945938#1,,,,,
,-46655387#1,,,,,
,-71488888#3,,,,,
,-154253452#0,,,,,
,88956622,,,,,
,960810634#0,,,,,
,1057050913#0,,,,,
,161392616#1,,,,,
,71502569#3,,,,,
,-190433608,,,,,
,-228056325#1,,,,,
,228076698#6,,,,,
,-266525183#3,,,,,
,-208649513#6,,,,,
,1237936906#0,,,,,
,-28063955#3,,,,,
,-58209114#2,,,,,
,208649513#14,,,,,
,234268630#0,,,,,
,-262334435#1,,,,,
,-1257441179,,,,,
,-23243742,,,,,
,70936546#0,,,,,
,28063955#1,,,,,
,228514822#1,,,,,
,31035836#1,,,,,
,208649513#7,,,,,
,-154800540,,,,,
,46655427#0,,,,,
,70364449#6,,,,,
,-103945938#0,,,,,
,58209119#0,,,,,
,174022633#2,,,,,
,154253470#3,,,,,
,190552056#0,,,,,
,-161392518#1,,,,,
,-23288277#3,,,,,
,161392518#3,,,,,
,1060226506#1,,,,,
,-88083349#3,,,,,
,228056325#2,,,,,
,749995746#2,,,,,
,103945933#3,,,,,
,161392626#1,,,,,
,161392518#5,,,,,
,230293774#3,,,,,
,-71502569#2,,,,,
,-154253470#6,,,,,
,58672755#1,,,,,
,749869679#1,,,,,
,154253461#1,,,,,
,-228090234#1,,,,,
,120588896#2,,,,,
,1229917614#0,,,,,
,24294873#5,,,,,
,-190552056#3,,,,,
,185217007,,,,,
,154253463#1,,,,,
,58209110#2,,,,,
,-46655426#1,,,,,
,70936552#3,,,,,
,-671522408#0,,,,,
,34078513#2,,,,,
,-88083341,,,,,
,-23217864#3,,,,,
,-161392620#1,,,,,
,88937129#1,,,,,
,161392598#0,,,,,
,168663961#1,,,,,
,71470177#2,,,,,
,161392519#2,,,,,
,-70794980#6,,,,,
,148642786#5,,,,,
,174022595#2,,,,,
,91096669#1,,,,,
,-679941679,,,,,
,-261368286#5,,,,,
,88083347#0,,,,,
,-161392551,,,,,
,228056323,,,,,
,-161392586#1,,,,,
,88083347#1,,,,,
,-154253434#0,,,,,
,-201348370,,,,,
,-161392513#3,,,,,
,743631281#1,,,,,
,154253462#1,,,,,
,154253461#0,,,,,
,120588458#1,,,,,
,120588503#1,,,,,
,-23288277#4,,,,,
,120588459#3,,,,,
,196629589#5,,,,,
,24294873#7,,,,,
,-154253469#0,,,,,
,261368286#0,,,,,
,-365706952,,,,,
,208649513#11,,,,,
,185216975#1,,,,,
,1057527740#3,,,,,
,1057054858#7,,,,,
,88083349#6,,,,,
,116436279#2,,,,,
,154253457#1,,,,,
,-148642786#1,,,,,
,-154253470#4,,,,,
,31280557#7,,,,,
,70936554#4,,,,,
,-228514822#5,,,,,
,1057050908,,,,,
,-154253454#1,,,,,
,-88561232#5,,,,,
,744777945#0,,,,,
,228514822#8,,,,,
,-120588896#6,,,,,
,261368286#1,,,,,
,71502569#7,,,,,
,-71470213#5,,,,,
,70350393#1,,,,,
,365706961#0,,,,,
,88956623#0,,,,,
,156919938#1,,,,,
,1060224075#0,,,,,
,-679937858,,,,,
,-154253452#1,,,,,
,28063955#4,,,,,
,-1057050913#0,,,,,
,88956620#1,,,,,
,-161392616#1,,,,,
,-228076698#8,,,,,
,-24294874#0,,,,,
,261368286#3,,,,,
,-234268630#0,,,,,
,71470177#3,,,,,
,-23288278#1,,,,,
,208649513#2,,,,,
,116436279#3,,,,,
,88561230,,,,,
,-1057054858#1,,,,,
,-1229917617,,,,,
,1057527744#2,,,,,
,154253465,,,,,
,89881814#0,,,,,
,683457657#2,,,,,
,-89828177,,,,,
,956159234,,,,,
,254327781#3,,,,,
,182236078,,,,,
,-585279933#0,,,,,
,89825903#10,,,,,
,90835548#7,,,,,
,395264636#2,,,,,
,-89831417#2,,,,,
,34605313#1,,,,,
,-199311779#20,,,,,
,89881857#3,,,,,
,89934436#0,,,,,
,156938659#14,,,,,
,145581936#1,,,,,
,199311779#8,,,,,
,-438132738#2,,,,,
,533092485#2,,,,,
,-89934436#2,,,,,
,98883477#11,,,,,
,89822308,,,,,
,683455644#3,,,,,
,89934506#1,,,,,
,43991629#0,,,,,
,89929109#1,,,,,
,-89881836#0,,,,,
,260425576#3,,,,,
,-543019008#1,,,,,
,89881837#4,,,,,
,812846556#0,,,,,
,583741284#1,,,,,
,89881827,,,,,
,89822282#1,,,,,
,89213766#9,,,,,
,395264607#6,,,,,
,395264622#3,,,,,
,54681242#0,,,,,
,395264612#6,,,,,
,618452916,,,,,
,19922745#3,,,,,
,-89822310#1,,,,,
,-395264639#3,,,,,
,-543018988,,,,,
,89213766#3,,,,,
,591738594#2,,,,,
,231524291#0,,,,,
,553054661#0,,,,,
,-577159986#1,,,,,
,31050856#3,,,,,
,156938659#10,,,,,
,579417817#0,,,,,
,199311779#22,,,,,
,199311801#9,,,,,
,-683457660#1,,,,,
,89934511#0,,,,,
,583258515#1,,,,,
,587119225#2,,,,,
,89825900#1,,,,,
,89820772#0,,,,,
,-395264626#4,,,,,
,-31050856#15,,,,,
,89825899,,,,,
,89881820#0,,,,,
,22720676#0,,,,,
,683458164#3,,,,,
,1024849139,,,,,
,89881824#3,,,,,
,37672006#2,,,,,
,89825903#19,,,,,
,89934509#0,,,,,
,-89881824#1,,,,,
,98883477#9,,,,,
,395264635#0,,,,,
,89041314#4,,,,,
,92034752,,,,,
,395264632#2,,,,,
,19922745#0,,,,,
,-533092485#4,,,,,
,89825903#7,,,,,
,-89825914#9,,,,,
,-199311779#26,,,,,
,-44776183#2,,,,,
,89881814#2,,,,,
,89929096#1,,,,,
,99508337#4,,,,,
,77100166#3,,,,,
,-581895213,,,,,
,265225085#1,,,,,
,395264637#0,,,,,
,618273211,,,,,
,597967644,,,,,
,-231439986#1,,,,,
,542927920#0,,,,,
,-32358841#1,,,,,
,89881854#1,,,,,
,199311796#7,,,,,
,92034773#7,,,,,
,89828176#1,,,,,
,89934487,,,,,
,395264607#7,,,,,
,-89820776#3,,,,,
,-683457657#3,,,,,
,260425576#14,,,,,
,-254327781#6,,,,,
,-182236078,,,,,
,-198164112,,,,,
,89881837#3,,,,,
,395264619#9,,,,,
,27916859#1,,,,,
,89825903#1,,,,,
,381697487#4,,,,,
,92029879#1,,,,,
,92034761#2,,,,,
,145581936#3,,,,,
,1126142886,,,,,
,395264628#0,,,,,
,-77100175#1,,,,,
,89881819,,,,,
,438137495#0,,,,,
,193618810#0,,,,,
,89825900#2,,,,,
,89934497#1,,,,,
,-533092485#2,,,,,
,89934518#1,,,,,
,607060797#2,,,,,
,395264631#4,,,,,
,-395264611#3,,,,,
,395264626#6,,,,,
,89041314#7,,,,,
,722841716#3,,,,,
,-395264617#4,,,,,
,-196947991,,,,,
,58683159#0,,,,,
,37672006#9,,,,,
,503056678#0,,,,,
,91006344#0,,,,,
,193618810#1,,,,,
,166180319,,,,,
,89881824#0,,,,,
,395264639#1,,,,,
,89820772#2,,,,,
,872286905#1,,,,,
,43699315#0,,,,,
,89929096#3,,,,,
,-395264612#7,,,,,
,89881854#2,,,,,
,77100175#0,,,,,
,92028366,,,,,
,89881861#0,,,,,
,89823547#0,,,,,
,89825914#10,,,,,
,-231524291#0,,,,,
,-683459298#2,,,,,
,89041314#15,,,,,
,199311779#6,,,,,
,736550490#4,,,,,
,89823564#0,,,,,
,395264620#6,,,,,
,-579417817#0,,,,,
,89825910#2,,,,,
,579331696,,,,,
,89828168,,,,,
,-395264626#3,,,,,
,543019008#0,,,,,
,681548746#0,,,,,
,89825903#23,,,,,
,89825903#11,,,,,
,-395264637#3,,,,,
,-89934511#1,,,,,
,-583258515#1,,,,,
,90835548#0,,,,,
,683457657#4,,,,,
,89881861#1,,,,,
,579417817#1,,,,,
,722841716#0,,,,,
,22720676#8,,,,,
,156938700,,,,,
,-89825899,,,,,
,89213766#8,,,,,
,-22720676#1,,,,,
,-89881824#3,,,,,
,89881837#5,,,,,
,581537566,,,,,
,314205672#4,,,,,
,1024849137,,,,,
,737611521#0,,,,,
,-199311779#12,,,,,
,91689528#9,,,,,
,91686853#2,,,,,
,89820753#1,,,,,
,395264639#0,,,,,
,-92034752,,,,,
,-89822310#2,,,,,
,260425576#16,,,,,
,581742830#3,,,,,
,193618808,,,,,
,-265225085#1,,,,,
,89828174#1,,,,,
,591995053#1,,,,,
,23994706#4,,,,,
,772804655#0,,,,,
,543018993,,,,,
,89828151#1,,,,,
,91689528#11,,,,,
,813026176#0,,,,,
,145581932#0,,,,,
,587119225#3,,,,,
,89934511#2,,,,,
,90835548#5,,,,,
,89934450,,,,,
,597398401,,,,,
,395264610#0,,,,,
,27916859#10,,,,,
,744419622#1,,,,,
,91686853#1,,,,,
,-395264639#4,,,,,
,395264640#7,,,,,
,23994706#6,,,,,
,265221586#2,,,,,
,98883477#10,,,,,
,-683453782#6,,,,,
,265225086,,,,,
,89934444#1,,,,,
,236999711#0,,,,,
,91730169#1,,,,,
,395264624#1,,,,,
,586176997#3,,,,,
,580443868,,,,,
,1013424772,,,,,
,260425576#9,,,,,
,750083498#0,,,,,
,89934509#4,,,,,
,-89881824#0,,,,,
,580443871#0,,,,,
,89828177,,,,,
,579331698#2,,,,,
,585279933#0,,,,,
,395264640#3,,,,,
,89820772#1,,,,,
,531417291#1,,,,,
,196306518,,,,,
,89820763,,,,,
,199311779#21,,,,,
,89929096#2,,,,,
,-89881861#0,,,,,
,-231439988#0,,,,,
,89825910#1,,,,,
,199311794#18,,,,,
,89041314#10,,,,,
,-91689528#8,,,,,
,89822302#3,,,,,
,89881836#0,,,,,
,683455644#4,,,,,
,228056312#1,,,,,
,-543019008#0,,,,,
,89934489#1,,,,,
,-683457657#6,,,,,
,-89881861#1,,,,,
,89822282#0,,,,,
,395264639#3,,,,,
,1299028152#3,,,,,
,543018988,,,,,
,43699315#13,,,,,
,-89823533,,,,,
,945962606#7,,,,,
,91686844,,,,,
,89825903#22,,,,,
,-395264617#2,,,,,
,586176997#1,,,,,
,199311801#11,,,,,
,-91686853#2,,,,,
,89831415#0,,,,,
,577159986#0,,,,,
,37672006#3,,,,,
,-395264639#0,,,,,
,91006343#0,,,,,
,579331697#1,,,,,
,-89046648#6,,,,,
,591365961,,,,,
,89934506#0,,,,,
,395264630#3,,,,,
,683457660#0,,,,,
,89046669#6,,,,,
,314054616#2,,,,,
,89820767#1,,,,,
,92034761#11,,,,,
,-254327781#9,,,,,
,541057035,,,,,
,89934443#0,,,,,
,77100175#2,,,,,
,395264626#4,,,,,
,31050856#12,,,,,
,77100164#6,,,,,
,543019002,,,,,
,237393906#0,,,,,
,-89934511#2,,,,,
,89213766#12,,,,,
,731838356,,,,,
,89823568#0,,,,,
,90835548#10,,,,,
,89881832#0,,,,,
,579331694#0,,,,,
,89881824#1,,,,,
,-89881824#2,,,,,
,-395264610#4,,,,,
,89041314#3,,,,,
,254326640#3,,,,,
,89881841#0,,,,,
,89934497#0,,,,,
,395264640#8,,,,,
,1126142879#0,,,,,
,-91686853#1,,,,,
,533092485#4,,,,,
,-265221586#3,,,,,
,89213766#5,,,,,
,89825914#7,,,,,
,-89822277,,,,,
,395264640#2,,,,,
,-89820776#0,,,,,
,581895213,,,,,
,314054616#0,,,,,
,738893122#2,,,,,
,231439986#1,,,,,
,91686849#5,,,,,
,89881837#0,,,,,
,32358841#0,,,,,
,750083498#2,,,,,
,-531417291#2,,,,,
,27916859#21,,,,,
,395264612#0,,,,,
,759797589#0,,,,,
,89820776#2,,,,,
,23994706#2,,,,,
,198164112,,,,,
,236667129#2,,,,,
,395264624#0,,,,,
,89820776#1,,,,,
,-531417291#1,,,,,
,89929086,,,,,
,-196306518,,,,,
,-200681431,,,,,
,-89820763,,,,,
,-199311779#21,,,,,
,612573410#3,,,,,
,-199311779#15,,,,,
,77100175#1,,,,,
,199311779#16,,,,,
,89881814#1,,,,,
,583741284#5,,,,,
,91006344#5,,,,,
,89934449#0,,,,,
,89881836#2,,,,,
,43699315#2,,,,,
,395264611#2,,,,,
,395264617#3,,,,,
,-89820745,,,,,
,196947991,,,,,
,236667129#0,,,,,
,731838355,,,,,
,-543019008#3,,,,,
,-395264610#8,,,,,
,89823539#1,,,,,
,89828155#1,,,,,
,199311801#0,,,,,
,-534412966,,,,,
,89822302#1,,,,,
,89823555#0,,,,,
,581742828,,,,,
,89881857#1,,,,,
,542927920#3,,,,,
,-91686844,,,,,
,945962606#4,,,,,
,41972125#0,,,,,
,89822296,,,,,
,683459298#1,,,,,
,34605308#0,,,,,
,89822284,,,,,
,89213766#7,,,,,
,182236082#0,,,,,
,772804655#2,,,,,
,199311796#3,,,,,
,48390839#0,,,,,
,-591365961,,,,,
,-89934506#0,,,,,
,607060797#1,,,,,
,91006344#3,,,,,
,91686849#4,,,,,
,395264626#2,,,,,
,-89934449#2,,,,,
,395264637#2,,,,,
,40189499,,,,,
,89823567#2,,,,,
,-89934443#0,,,,,
,-77100175#2,,,,,
,395264612#2,,,,,
,156938659#12,,,,,
,89825903#8,,,,,
,34605311#0,,,,,
,89823568#1,,,,,
,89825903#13,,,,,
,199311801#17,,,,,
,-585279933#1,,,,,
,199311796#1,,,,,
,583741284#3,,,,,
,199311779#11,,,,,
,395264617#5,,,,,
,-254326640#3,,,,,
,328531813#0,,,,,
,89822310#0,,,,,
,395264622#1,,,,,
,89822363,,,,,
,-254326640#2,,,,,
,89822310#2,,,,,
,175252040#2,,,,,
,89881820#2,,,,,
,32358841#4,,,,,
,44776176#0,,,,,
,683459397#0,,,,,
,89823558,,,,,
,-31050856#11,,,,,
,-89828180,,,,,
,231439977#1,,,,,
,89934445#4,,,,,
,89825903#0,,,,,
,89934489#0,,,,,
,-683458162#5,,,,,
,-231524291#1,,,,,
,577500018#2,,,,,
,-395264612#1,,,,,
,89213766#0,,,,,
,-89939071,,,,,
,199311779#2,,,,,
,-89820776#1,,,,,
,89041314#1,,,,,
,-199311779#18,,,,,
,227968022#0,,,,,
,89881857#0,,,,,
,395264639#4,,,,,
,89822307#2,,,,,
,89934458#0,,,,,
,-89934449#0,,,,,
,-89881836#2,,,,,
,89828176#3,,,,,
,683453782#0,,,,,
,395264623#3,,,,,
,-254326640#1,,,,,
,89213766#2,,,,,
,1047436418#0,,,,,
,77100164#3,,,,,
,-597169249,,,,,
,561014429,,,,,
,231439988#2,,,,,
,33549841#0,,,,,
,395264621#0,,,,,
,738893122#3,,,,,
,27916859#25,,,,,
,89046669#4,,,,,
,22720676#2,,,,,
,595117873#0,,,,,
,683459297,,,,,
,89929074#3,,,,,
,-89825914#6,,,,,
,-231439988#1,,,,,
,-608531036,,,,,
,-22720676#10,,,,,
,311890257,,,,,
,-683458162#2,,,,,
,91006341#3,,,,,
,533092484,,,,,
,683457657#0,,,,,
,-89939069,,,,,
,231439988#0,,,,,
,542927920#2,,,,,
,-395264612#5,,,,,
,395264640#0,,,,,
,89929074#0,,,,,
,395264628#4,,,,,
,91689528#0,,,,,
,91689528#2,,,,,
,683458164#5,,,,,
,736550490#3,,,,,
,395264607#0,,,,,
,91689528#6,,,,,
,89823567#4,,,,,
,-34605308#0,,,,,
,-89822284,,,,,
,744419622#2,,,,,
,98883477#0,,,,,
,89823567#3,,,,,
,-48390839#0,,,,,
,265221586#0,,,,,
,-89934432,,,,,
,89934489#2,,,,,
,89041314#9,,,,,
,772804654#0,,,,,
,89825903#20,,,,,
,-231439973,,,,,
,199311785,,,,,
,579331697#0,,,,,
,23994706#7,,,,,
,89934445#2,,,,,
,-395264612#3,,,,,
,182234686#27,,,,,
,89820753#0,,,,,
,89823533,,,,,
,395264617#0,,,,,
,-196947998,,,,,
,89828166,,,,,
,175252040#4,,,,,
,-395264617#6,,,,,
,-89822310#0,,,,,
,90835548#3,,,,,
,581742830#2,,,,,
,89881836#1,,,,,
,89046648#0,,,,,
,89825903#16,,,,,
,577500018#1,,,,,
,-32358841#6,,,,,
,27916859#14,,,,,
,-89823558,,,,,
,89822302#2,,,,,
,585469371#0,,,,,
,254327781#8,,,,,
,-231439977#1,,,,,
,89934460#2,,,,,
,577500018#0,,,,,
,89934445#0,,,,,
,34605313#0,,,,,
,-89828187,,,,,
,586176997#0,,,,,
,-231439977#0,,,,,
,48390839#1,,,,,
,587259249#0,,,,,
,-89934511#4,,,,,
,-199311779#2,,,,,
,89934428#1,,,,,
,587119225#1,,,,,
,89881824#2,,,,,
,587259249#1,,,,,
,236667144,,,,,
,34605308#1,,,,,
,77100164#0,,,,,
,199311779#4,,,,,
,89822277,,,,,
,89820776#0,,,,,
,37672006#12,,,,,
,395264626#8,,,,,
,-231439988#2,,,,,
,89934460#0,,,,,
,-22720676#3,,,,,
,531417291#2,,,,,
,-595117873#1,,,,,
,89929074#1,,,,,
,-683459297,,,,,
,-89934443#1,,,,,
,89820774#1,,,,,
,-311890257,,,,,
,37672006#8,,,,,
,34605309#0,,,,,
,-91006341#3,,,,,
,-533092484,,,,,
,-683457657#1,,,,,
,89881854#4,,,,,
,597967648,,,,,
,395264619#0,,,,,
,77100166#2,,,,,
,200681431,,,,,
,-796186459,,,,,
,89934445#1,,,,,
,199311779#14,,,,,
,-89831417#0,,,,,
,89823539#0,,,,,
,89041314#5,,,,,
,-91689528#0,,,,,
,98883477#7,,,,,
,254327781#0,,,,,
,89825900#0,,,,,
,-91689528#4,,,,,
,-736550490#3,,,,,
,89934434#1,,,,,
,-583258515#0,,,,,
,-581537565,,,,,
,99508337#0,,,,,
,-265221586#1,,,,,
,199311801#19,,,,,
,581742830#0,,,,,
,48390814,,,,,
,332630470,,,,,
,89820745,,,,,
,591738594#1,,,,,
,543019008#3,,,,,
,395264610#8,,,,,
,534412966,,,,,
,182236082#2,,,,,
,182236082#1,,,,,
,92034773#0,,,,,
,395264612#8,,,,,
,438137502#0,,,,,
,-89828166,,,,,
,89881845#1,,,,,
,-1024849140,,,,,
,77100164#8,,,,,
,395264627,,,,,
,-91686853#0,,,,,
,89934509#2,,,,,
,89831417#3,,,,,
,-89881836#1,,,,,
,89934518#0,,,,,
,37672006#14,,,,,
,796186458,,,,,
,254327781#7,,,,,
,683455644#1,,,,,
,91006341#4,,,,,
,683457667#0,,,,,
,89934449#2,,,,,
,89934518#2,,,,,
,37672006#11,,,,,
,503056678#1,,,,,
,579331694#1,,,,,
,34605311#1,,,,,
,595262922#0,,,,,
,89881837#2,,,,,
,395264620#3,,,,,
,98883477#3,,,,,
,395264636#0,,,,,
,92034773#5,,,,,
,89823567#0,,,,,
,196306517,,,,,
,260425576#1,,,,,
,585279933#1,,,,,
,23994704#0,,,,,
,589240680,,,,,
,89831415#1,,,,,
,90835548#1,,,,,
,-48390839#1,,,,,
,89041314#11,,,,,
,-543019008#2,,,,,
,955942947,,,,,
,89831415#2,,,,,
,-34605308#1,,,,,
,254326640#2,,,,,
,89820774#0,,,,,
,175252040#0,,,,,
,-533092485#0,,,,,
,-199311779#5,,,,,
,-533092495,,,,,
,33549841#1,,,,,
,265225085#2,,,,,
,-395264610#6,,,,,
,381697487#1,,,,,
,37672006#0,,,,,
,22720676#6,,,,,
,89828180,,,,,
,31050856#7,,,,,
,-395264626#9,,,,,
,156938659#7,,,,,
,683458162#3,,,,,
,231524291#1,,,,,
,835269971,,,,,
,395264620#4,,,,,
,872286905#2,,,,,
,-395264626#1,,,,,
,193618810#2,,,,,
,23994706#1,,,,,
,91686849#2,,,,,
,-91689528#1,,,,,
,199311779#13,,,,,
,381697487#6,,,,,
,89939071,,,,,
,925874568#1,,,,,
,-265225082,,,,,
,582894155#0,,,,,
,44776176#14,,,,,
,-705001281,,,,,
,1013426567,,,,,
,89881820#1,,,,,
,89825903#12,,,,,
,156938659#8,,,,,
,89828151#0,,,,,
,-231439986#0,,,,,
,-254327781#2,,,,,
,89046669#7,,,,,
,533092485#1,,,,,
,579331698#1,,,,,
,-89881836#3,,,,,
,231211075,,,,,
,254326640#0,,,,,
,683458161#0,,,,,
,23363176#0,,,,,
,-314205672#7,,,,,
,438137502#3,,,,,
,89820771,,,,,
,597169249,,,,,
,-89939060,,,,,
,-23995046,,,,,
,89041314#13,,,,,
,91730193,,,,,
,89825914#5,,,,,
,231439988#1,,,,,
,608531036,,,,,
,43699315#5,,,,,
,22720676#9,,,,,
,683458162#1,,,,,
,553054644#0,,,,,
,156938659#13,,,,,
,89831417#1,,,,,
,-199311779#1,,,,,
,89939069,,,,,
,925874568#3,,,,,
,-92034773#4,,,,,
,-231524291#3,,,,,
,260425576#11,,,,,
,-561014433,,,,,
,-395264612#10,,,,,
,395264612#4,,,,,
,145581936#2,,,,,
,89934458#1,,,,,
,228056331,,,,,
,-231524291#2,,,,,
,199311801#7,,,,,
,-89831417#3,,,,,
,89823564#2,,,,,
,77100164#5,,,,,
,32358841#2,,,,,
,395264608,,,,,
,89934432,,,,,
,-254327781#7,,,,,
,1024849141,,,,,
,-91006341#4,,,,,
,743780246#1,,,,,
,156938659#0,,,,,
,-503056678#1,,,,,
,166180318,,,,,
,231439973,,,,,
,89828174#0,,,,,
,89934460#1,,,,,
,872286905#0,,,,,
,38790522,,,,,
,27916859#18,,,,,
,-91006341#2,,,,,
,395264607#2,,,,,
,-22720676#5,,,,,
,395264629#0,,,,,
,-92034773#6,,,,,
,89825903#25,,,,,
,395264640#5,,,,,
,-395264626#5,,,,,
,196947998,,,,,
,89929074#2,,,,,
,237393906#0-AddedOnRampEdge,,,,,
,89881815#0,,,,,
,587119225#0,,,,,
,89881837#1,,,,,
,-314205672#3,,,,,
,260425576#6,,,,,
,89213766#10,,,,,
,34605309#1,,,,,
,-583258514,,,,,
,-265225085#2,,,,,
,89823547#1,,,,,
,145581936#0,,,,,
,580443871#2,,,,,
,92028365#0,,,,,
,-89934511#3,,,,,
,27916859#19,,,,,
,89825910#3,,,,,
,-91689533,,,,,
,-22720676#7,,,,,
,199311801#3,,,,,
,89825903#6,,,,,
,236667129#11,,,,,
,89934514,,,,,
,32389616#0,,,,,
,89881857#2,,,,,
,543019007#1,,,,,
,395264631#0,,,,,
,47416766,,,,,
,89828187,,,,,
,-199311779#13,,,,,
,724402164#3,,,,,
,91006344#2,,,,,
,231439977#0,,,,,
,683455643#1,,,,,
,89934511#4,,,,,
,-198164114,,,,,
,182234686#10,,,,,
,182234686#17,,,,,
,591738594#0,,,,,
,89934428#0,,,,,
,-618273211,,,,,
,738893122#0,,,,,
,-533092485#1,,,,,
,89881831#0,,,,,
,23994706#0,,,,,
,531417291#0,,,,,
,395264623#0,,,,,
,-89820771,,,,,
,89825912#1,,,,,
,92034761#14,,,,,
,-89934436#0,,,,,
,89046669#0,,,,,
,-199311779#9,,,,,
,772804653#0,,,,,
,89934445#3,,,,,
,199311797#1,,,,,
,89825903#27,,,,,
,-89934506#1,,,,,
,89934443#1,,,,,
,231204850,,,,,
,585469371#1,,,,,
,145581932#1,,,,,
,-89831417#1,,,,,
,682261291#0,,,,,
,796186459,,,,,
,89823541,,,,,
,89831417#0,,,,,
,89825914#1,,,,,
,265221586#4,,,,,
,592386073#0,,,,,
,89881832#2,,,,,
,89934452,,,,,
,-54681242#0,,,,,
,89825903#2,,,,,
,89823549,,,,,
,583258515#0,,,,,
,89825903#21,,,,,
,581537565,,,,,
,-32358841#3,,,,,
,99510470#0,,,,,
,395264620#0,,,,,
,260425576#0,,,,,
,31050856#0,,,,,
,89825903#18,,,,,
,587259249#2,,,,,
,-89828174#0,,,,,
,750083498#4,,,,,
,-31050856#6,,,,,
,92034761#4,,,,,
,591995053#0,,,,,
,381697486#2,,,,,
,-199311779#23,,,,,
,395264623#6,,,,,
,89822286,,,,,
,89820767#0,,,,,
,395264637#1,,,,,
,90835548#4,,,,,
,395264639#2,,,,,
,89934434#0,,,,,
,582894155#2,,,,,
,1024849140,,,,,
,89823567#5,,,,,
,587259249#4,,,,,
,92034761#9,,,,,
,395264636#3,,,,,
,737611521#1,,,,,
,91686853#0,,,,,
,89934509#5,,,,,
,182234686#23,,,,,
,607060797#0,,,,,
,512189144,,,,,
,27916859#23,,,,,
,48390906,,,,,
,1299028152#0,,,,,
,89822307#0,,,,,
,89823555#3,,,,,
,19922745#6,,,,,
,945962606#0,,,,,
,34605310,,,,,
,19922745#9,,,,,
,89831418#0,,,,,
,89881843,,,,,
,-47416766,,,,,
,683464858#1,,,,,
,438137502#1,,,,,
,-395264637#0,,,,,
,544170376,,,,,
,77100166#0,,,,,
,543019008#2,,,,,
,582894155#1,,,,,
,292495147,,,,,
,-92034773#10,,,,,
,583741284#7,,,,,
,89881831#1,,,,,
,533092485#0,,,,,
,533092495,,,,,
,34605313#2,,,,,
,395264610#5,,,,,
,772804653#2,,,,,
,89822295,,,,,
,182234686#3,,,,,
,-92029879#2,,,,,
,89825903#4,,,,,
,98883477#5,,,,,
,89881854#0,,,,,
,-531417291#0,,,,,
,199311794#16,,,,,
,-89881819,,,,,
,43991629#1,,,,,
,89831418#1,,,,,
,395264631#2,,,,,
,759797589#1,,,,,
,395264626#0,,,,,
,89881845#0,,,,,
,91689528#1,,,,,
,-395264626#6,,,,,
,89823562#1,,,,,
,592386073#1,,,,,
,30931326,,,,,
,265225082,,,,,
,-89823541,,,,,
,705001281,,,,,
,199311794#15,,,,,
,23363176#1,,,,,
,-503056678#0,,,,,
,89929096#0,,,,,
,99510466#2,,,,,
,-89825914#4,,,,,
,-166180319,,,,,
,-265221586#4,,,,,
,27916859#7,,,,,
,92034761#0,,,,,
,-395264639#1,,,,,
,89823562#0,,,,,
,89828176#0,,,,,
,231439986#0,,,,,
,586176997#2,,,,,
,89881854#3,,,,,
,89881836#3,,,,,
,89823555#2,,,,,
,589240682,,,,,
,237393909#1,,,,,
,43699315#11,,,,,
,543019007#0,,,,,
,-77100175#0,,,,,
,89831417#2,,,,,
,314205672#6,,,,,
,89881841#1,,,,,
,-683459298#0,,,,,
,89939060,,,,,
,89823564#1,,,,,
,199311779#19,,,,,
,945962606#2,,,,,
,23995046,,,,,
,-89825914#20,,,,,
,-31050856#2,,,,,
,438132738#0,,,,,
,89934436#1,,,,,
,-199311779#7,,,,,
,-736550490#5,,,,,
,-591995053#0,,,,,
,-579331696,,,,,
,-89828168,,,,,
,381697486#4,,,,,
,199311779#0,,,,,
,-395264637#1,,,,,
,543019008#1,,,,,
,89881845#2,,,,,
,395264623#5,,,,,
,37672006#6,,,,,
,231524291#3,,,,,
,19922745#11,,,,,
,561014433,,,,,
,-395264639#2,,,,,
,89825910#0,,,,,
,579331698#0,,,,,
,589249428#0,,,,,
,156938659#5,,,,,
,-579417817#1,,,,,
,91686849#3,,,,,
,438137485#0,,,,,
,-22720676#8,,,,,
,231524291#2,,,,,
,89046669#8,,,,,
,772804657#0,,,,,
,89822310#1,,,,,
,27916859#12,,,,,
,-512189144,,,,,
,-581537566,,,,,
,-314205672#5,,,,,
,-1024849137,,,,,
,89822307#1,,,,,
,542927921#0,,,,,
,-91689528#10,,,,,
,27916859#16,,,,,
,395264620#8,,,,,
,91006341#1,,,,,
,89934444#0,,,,,
,22720676#4,,,,,
,89828155#0,,,,,
,91006343#1,,,,,
,91730169#2,,,,,
,395264626#5,,,,,
,395264632#0,,,,,
,-89828174#1,,,,,
,99510466#0,,,,,
,381697488#0,,,,,
,-591995053#1,,,,,
,314205672#1,,,,,
,395264628#5,,,,,
,-292495147,,,,,
,23994706#8,,,,,
,-91689528#12,,,,,
,583258514,,,,,
,89934509#3,,,,,
,314054616#1,,,,,
,381697487#3,,,,,
,89929109#0,,,,,
,-89822295,,,,,
,587259249#3,,,,,
,89934511#3,,,,,
,-597398401,,,,,
,395264607#4,,,,,
,89881832#1,,,,,
,436048944#0,,,,,
,89823547#2,,,,,
,166276326,,,,,
,89823552#0,,,,,
,772804655#3,,,,,
,1126144531#0,,,,,
,683458164#0,,,,,
,199311779#24,,,,,
,44776183#1,,,,,
,395264606#0,,,,,
,-265221590,,,,,
,89881815#1,,,,,
,395264619#3,,,,,
,198164114,,,,,
,89825903#9,,,,,
,44776176#8,,,,,
,236667129#7,,,,,
,182234686#0,,,,,
,-54680197,,,,,
,-54680194#2,,,,,
,173185148#6,,,,,
,-58686903#6,,,,,
,-91008672#12,,,,,
,682270676,,,,,
,683457664#0,,,,,
,238153162#0,,,,,
,34996350#1,,,,,
,160733175#0,,,,,
,1126144529,,,,,
,126855578#0,,,,,
,-32837821#3,,,,,
,32837821#0,,,,,
,58686905#0,,,,,
,54680197,,,,,
,54680194#0,,,,,
,34996350#0,,,,,
,23443532#0,,,,,
,587870652,,,,,
,58686903#0,,,,,
,91008672#11,,,,,
,381697489#0,,,,,
,-126855578#0,,,,,
,1126151010#1,,,,,
,-32837821#1,,,,,
,-34996350#0,,,,,
,-23443532#2,,,,,
,-587870652,,,,,
,236999710,,,,,
,160733175#4,,,,,
,683457663#0,,,,,
,-91008672#15,,,,,
,32837821#2,,,,,
,91008672#4,,,,,
,173185148#0,,,,,
,193267476#0,,,,,
,91008672#0,,,,,
,193267476#14,,,,,
,173185153#4,,,,,
,-91008672#7,,,,,
,173185148#3,,,,,
,173185152#1,,,,,
,126855578#1,,,,,
,-91008672#2,,,,,
,1126151010#0,,,,,
,91008672#13,,,,,
,91008672#9,,,,,
,682272135#0,,,,,
,173185153#1,,,,,
,1061617399#0,,,,,
,-126855578#3,,,,,
,-91899428,,,,,
,724813381,,,,,
,193267476#10,,,,,
,-91008672#10,,,,,
,682270675,,,,,
,58686905#3,,,,,
,1126151009,,,,,
,26457335#0,,,,,
,-34996350#1,,,,,
,238153162#6,,,,,
,91899428,,,,,
,-148642772#1,,,,,
,157058382#1,,,,,
,-43097008#7,,,,,
,135838552#8,,,,,
,136228820#5,,,,,
,-43100782#1,,,,,
,304727835#1,,,,,
,30952224#6,,,,,
,196629583#0,,,,,
,43322798#8,,,,,
,135838552#4,,,,,
,135838553#5,,,,,
,1062056472#3,,,,,
,31047306#3,,,,,
,98593790#0,,,,,
,436042882#2,,,,,
,1024102271,,,,,
,319196848#0,,,,,
,-154722999,,,,,
,136228820#0,,,,,
,436042879#0,,,,,
,-706102496#3,,,,,
,-99702521#2,,,,,
,1024120792#0,,,,,
,148642793#1,,,,,
,70610410#1,,,,,
,53542680#5,,,,,
,114496998#1,,,,,
,154819659,,,,,
,312195000#0,,,,,
,706096498#0,,,,,
,70324971#2,,,,,
,196629589#2,,,,,
,-810145521,,,,,
,706096498#1,,,,,
,-154723062#1,,,,,
,196629589#3,,,,,
,1009087387,,,,,
,-1284307159#1,,,,,
,157366892#2,,,,,
,70509855#2,,,,,
,-91899427#5,,,,,
,154819636#2,,,,,
,51843919#9,,,,,
,98593775#2,,,,,
,-148642793#0,,,,,
,-154819598#0,,,,,
,148642780,,,,,
,-319196848#11,,,,,
,-42305099#0,,,,,
,-27727791#12,,,,,
,436042882#1,,,,,
,31047303#5,,,,,
,148642784#1,,,,,
,157050773#0,,,,,
,-150349479,,,,,
,70509858#1,,,,,
,-31297782#2,,,,,
,319196855#3,,,,,
,-43322798#7,,,,,
,-98593790#2,,,,,
,256511169#1,,,,,
,429967547,,,,,
,878619654,,,,,
,-148642794#0,,,,,
,127518238,,,,,
,-98593794#1,,,,,
,31297682#5,,,,,
,-152185714,,,,,
,-1024120799#1,,,,,
,1023908217#1,,,,,
,436042880#10,,,,,
,-30919189#1,,,,,
,-1055857400,,,,,
,956136645#4,,,,,
,817841031#1,,,,,
,154971172#0,,,,,
,98593790#1,,,,,
,-199311778#8,,,,,
,43051364#2,,,,,
,-155035368,,,,,
,96828486#6,,,,,
,312195003#3,,,,,
,-156942465#4,,,,,
,-436048954#1,,,,,
,-70610406#2,,,,,
,71281737,,,,,
,-56240930#1,,,,,
,-43680742#0,,,,,
,1258451873#1,,,,,
,960810620#0,,,,,
,51843919#7,,,,,
,-126859160#0,,,,,
,319185011#1,,,,,
,193809619,,,,,
,1024128479,,,,,
,58686258#0,,,,,
,-30949704#2,,,,,
,55886812#2,,,,,
,157058468#1,,,,,
,-30949704#1,,,,,
,148642782#2,,,,,
,312195002#0,,,,,
,31047306#2,,,,,
,492041970#3,,,,,
,31047303#8,,,,,
,319185011#2,,,,,
,1024120796#1,,,,,
,-98593814#1,,,,,
,-30952224#5,,,,,
,-153792698#1,,,,,
,103751347#6,,,,,
,-55886807,,,,,
,-57889595#2,,,,,
,70330617#4,,,,,
,46655805#1,,,,,
,70330617#1,,,,,
,-158177940#5,,,,,
,312195005#3,,,,,
,70509860#2,,,,,
,127518234,,,,,
,1055855908,,,,,
,-152185736#0,,,,,
,157058455#7,,,,,
,648488816#4,,,,,
,-43051364#5,,,,,
,464084177#0,,,,,
,669098840#1,,,,,
,156575070#0,,,,,
,290874174#6,,,,,
,70324971#1,,,,,
,43322798#6,,,,,
,157058457#0,,,,,
,43097008#11,,,,,
,-31297682#7,,,,,
,43100783#0,,,,,
,-158177940#6,,,,,
,156942446,,,,,
,-136228820#6,,,,,
,492041970#1,,,,,
,-43322798#2,,,,,
,1055857401#1,,,,,
,56240964#0,,,,,
,1257133852#1,,,,,
,312195005#7,,,,,
,-98593749#1,,,,,
,114496998#0,,,,,
,135838552#7,,,,,
,156942465#7,,,,,
,98320321,,,,,
,-43322798#8,,,,,
,-135838553#5,,,,,
,70610406#0,,,,,
,71359525#0,,,,,
,-30948680#4,,,,,
,-1024102271,,,,,
,1024115417,,,,,
,98593741#0,,,,,
,-319196848#1,,,,,
,-136228820#2,,,,,
,98593757,,,,,
,43680741#1,,,,,
,-148642793#1,,,,,
,1284307157,,,,,
,-114496998#1,,,,,
,157058455#1,,,,,
,319197093#2,,,,,
,-154819659,,,,,
,31047303#0,,,,,
,956136645#0,,,,,
,-70324971#3,,,,,
,-31297782#1,,,,,
,43051364#0,,,,,
,-196629130,,,,,
,878619659#0-AddedOnRampEdge,,,,,
,98593789#1,,,,,
,1024128477#0,,,,,
,51843919#1,,,,,
,156942465#5,,,,,
,-31297682#0,,,,,
,1024128472#0,,,,,
,-98593775#2,,,,,
,135838553#1,,,,,
,-150349482#1,,,,,
,-148642780,,,,,
,-41527657#0,,,,,
,156938653,,,,,
,98593775#1,,,,,
,55886806#0,,,,,
,152185706#0,,,,,
,-135838553#0,,,,,
,817841031#0,,,,,
,-157050773#1,,,,,
,1284303462#1,,,,,
,-70509858#1,,,,,
,1024125610#0,,,,,
,436048947#10,,,,,
,148642782#0,,,,,
,98320323,,,,,
,127518236#0,,,,,
,70509855#0,,,,,
,70509861#0,,,,,
,-127518238,,,,,
,-31297682#6,,,,,
,148642797#1,,,,,
,148642782#3,,,,,
,43051364#6,,,,,
,-31297551#1,,,,,
,-150349482#2,,,,,
,-43051364#2,,,,,
,70610410#0,,,,,
,135838438#1,,,,,
,-43101595#0,,,,,
,126859159#1,,,,,
,-71281733#0,,,,,
,-30949727,,,,,
,156942465#8,,,,,
,103751347#13,,,,,
,154027639,,,,,
,464084177#11,,,,,
,-319185011#1,,,,,
,127518258,,,,,
,-98593737#1,,,,,
,-148642782#2,,,,,
,464084172#7,,,,,
,-98593749#2,,,,,
,-319185011#3,,,,,
,-30952224#0,,,,,
,154027661#1,,,,,
,-58686246,,,,,
,-31297682#4,,,,,
,30950818#0,,,,,
,-71281733#2,,,,,
,98593764#3,,,,,
,-148642781#0,,,,,
,58686258#3,,,,,
,-43099711#0,,,,,
,-1273185318#1,,,,,
,156575077#6,,,,,
,1024115418,,,,,
,-1024102270#1,,,,,
,53542680#1,,,,,
,-518647368,,,,,
,-30948680#2,,,,,
,174653382#1,,,,,
,-70324971#1,,,,,
,1023908217#2,,,,,
,31047303#12,,,,,
,-43322798#6,,,,,
,1256858472#1,,,,,
,312195005#5,,,,,
,759086770#3,,,,,
,154971175#0,,,,,
,31047306#4,,,,,
,243206488#0,,,,,
,148642782#1,,,,,
,91689539,,,,,
,-156942465#0,,,,,
,-158808588,,,,,
,1023912412,,,,,
,156575077#2,,,,,
,-91689534,,,,,
,1056397447,,,,,
,-114496998#0,,,,,
,-436048957#1,,,,,
,-436048951#2,,,,,
,314088440#6,,,,,
,70509858#0,,,,,
,126855548,,,,,
,-1258453171#1,,,,,
,174653382#0,,,,,
,772804660#0,,,,,
,304727821#0,,,,,
,1023908217#0,,,,,
,436042880#14,,,,,
,27727758#4,,,,,
,173185144#1,,,,,
,98593799#1,,,,,
,-43680733,,,,,
,-98593789#2,,,,,
,319196848#2,,,,,
,154971188,,,,,
,-98593757,,,,,
,-43680741#2,,,,,
,99702562#3,,,,,
,126859160#1,,,,,
,-27727791#8,,,,,
,70324974#1,,,,,
,-30952224#9,,,,,
,157058468#2,,,,,
,148642768,,,,,
,126859160#2,,,,,
,43699319#0,,,,,
,314088440#4,,,,,
,30950818#5,,,,,
,157360310,,,,,
,70509858#3,,,,,
,70330619#2,,,,,
,153792698#0,,,,,
,1024128476#0,,,,,
,31297738#2,,,,,
,43322645#1,,,,,
,1257133852#0,,,,,
,436042880#2,,,,,
,312195000#3,,,,,
,148642772#1,,,,,
,156575080#1,,,,,
,1056781891#1,,,,,
,1257133853,,,,,
,43100782#0,,,,,
,156575068#3,,,,,
,-30949704#0,,,,,
,-706102508,,,,,
,-158177940#2,,,,,
,-30919469#1,,,,,
,-436048949#3,,,,,
,-98593775#1,,,,,
,-304727814#2,,,,,
,-152185706#0,,,,,
,-98593737#2,,,,,
,158177939,,,,,
,-1284303462#1,,,,,
,-30948214#3,,,,,
,43322798#1,,,,,
,-91899427#1,,,,,
,152185720,,,,,
,648488815#4,,,,,
,304727835#0,,,,,
,71366316#1,,,,,
,706102496#3,,,,,
,960810619#0,,,,,
,1024120793#0,,,,,
,-127518236#0,,,,,
,-43051364#1,,,,,
,260425589,,,,,
,-31297682#3,,,,,
,23243743#3,,,,,
,810145521,,,,,
,51843919#5,,,,,
,154723062#1,,,,,
,157050775,,,,,
,-148642770,,,,,
,669098840#2,,,,,
,-314088440#2,,,,,
,1284307159#0,,,,,
,70509860#0,,,,,
,-56241383,,,,,
,31047303#1,,,,,
,-70610410#0,,,,,
,154027538,,,,,
,148642793#0,,,,,
,-154971175#3,,,,,
,43100782#5,,,,,
,-126859159#2,,,,,
,154819598#0,,,,,
,51843919#0,,,,,
,-30948680#3,,,,,
,156575077#1,,,,,
,319196848#11,,,,,
,-157366896#4,,,,,
,157058457#1,,,,,
,-127518258,,,,,
,464084177#7,,,,,
,42305097#0,,,,,
,156942442#0,,,,,
,436042880#12,,,,,
,150349479,,,,,
,156575066#1,,,,,
,-70509859#0,,,,,
,31297782#2,,,,,
,-57889595#0,,,,,
,312195002#3,,,,,
,-114496998#2,,,,,
,1284307158,,,,,
,312195005#0,,,,,
,31297738#0,,,,,
,148642794#0,,,,,
,319185011#0,,,,,
,98593794#0,,,,,
,152185714,,,,,
,154458450#0,,,,,
,1024120799#0,,,,,
,436048947#0,,,,,
,1055855909,,,,,
,154819743#1,,,,,
,30919189#1,,,,,
,70324971#5,,,,,
,-99702562#1,,,,,
,51843919#11,,,,,
,464084172#9,,,,,
,312194996#1,,,,,
,1055857400,,,,,
,59262037#5,,,,,
,55943333#1,,,,,
,198929895#2,,,,,
,156575077#4,,,,,
,878619666#0,,,,,
,199311778#8,,,,,
,-154971175#1,,,,,
,1011347580#2,,,,,
,70610406#2,,,,,
,436042880#8,,,,,
,436042884,,,,,
,1024120796#2,,,,,
,154819713,,,,,
,114496980#0,,,,,
,126859160#0,,,,,
,30919524,,,,,
,155046189,,,,,
,30949704#2,,,,,
,30949704#1,,,,,
,154082984#4,,,,,
,148642793#3,,,,,
,43100782#3,,,,,
,148642796#5,,,,,
,154082986#1,,,,,
,98593814#1,,,,,
,372443876#4,,,,,
,-70509858#0,,,,,
,30952224#5,,,,,
,153792698#1,,,,,
,43051364#3,,,,,
,286703485,,,,,
,-1023908217#0,,,,,
,98593807,,,,,
,-173185144#1,,,,,
,158177940#5,,,,,
,-1258451874#2,,,,,
,1023908216#0,,,,,
,1056779413#0,,,,,
,152185736#0,,,,,
,62332141#1,,,,,
,-126859160#1,,,,,
,43051364#5,,,,,
,30950818#2,,,,,
,1024128478#1,,,,,
,156938673#1,,,,,
,-148642787#2,,,,,
,23243743#1-AddedOnRampEdge,,,,,
,-126859160#3,,,,,
,156575056#4,,,,,
,30952224#1,,,,,
,-157360310,,,,,
,-70509858#3,,,,,
,153792684#0,,,,,
,-43322645#2,,,,,
,158177940#6,,,,,
,-120531314#2,,,,,
,464084177#1,,,,,
,960810632,,,,,
,98593764#5,,,,,
,-156575080#1,,,,,
,158808588,,,,,
,43322798#2,,,,,
,30948214#1,,,,,
,1024125610#2,,,,,
,98593749#1,,,,,
,960810622,,,,,
,526781973#0,,,,,
,153792689#2,,,,,
,148642781#1,,,,,
,-30948214#0,,,,,
,-126859161#1,,,,,
,30948680#4,,,,,
,-43322798#1,,,,,
,-1024128471#1,,,,,
,23243743#1,,,,,
,-152185720,,,,,
,319196854#0,,,,,
,-43097008#8,,,,,
,199311767#3,,,,,
,-152185736#1,,,,,
,-150349482#0,,,,,
,51843919#12,,,,,
,103751347#12,,,,,
,98593741#1,,,,,
,31297782#0,,,,,
,464084172#8,,,,,
,-43097008#9,,,,,
,154971175#4,,,,,
,196629130,,,,,
,312195005#6,,,,,
,42305097#4,,,,,
,103751347#5,,,,,
,31297682#0,,,,,
,120531314#4,,,,,
,156575070#5,,,,,
,-43100782#7,,,,,
,150349482#1,,,,,
,41527657#0,,,,,
,43724391#0,,,,,
,27727758#0,,,,,
,648488815#0-AddedOnRampEdge,,,,,
,157366896#0,,,,,
,71366317#0,,,,,
,-70509857#1,,,,,
,-157058457#1,,,,,
,-135838552#0,,,,,
,157366892#3,,,,,
,-156942442#2,,,,,
,1258453170,,,,,
,1257133855#0,,,,,
,98593737#3,,,,,
,-55886805#4,,,,,
,156938654#4,,,,,
,-126855563#1,,,,,
,-1284307158,,,,,
,156575077#8,,,,,
,-154819598#1,,,,,
,-31297738#0,,,,,
,1257133851#0,,,,,
,-319185011#0,,,,,
,878619655#1,,,,,
,154458450#4,,,,,
,120531314#1,,,,,
,126859159#0,,,,,
,158177940#7,,,,,
,43724405,,,,,
,154458450#3,,,,,
,154084101#0,,,,,
,-1258451874#1,,,,,
,31297551#1,,,,,
,150349482#2,,,,,
,-156942465#2,,,,,
,-1284303462#0,,,,,
,43101595#0,,,,,
,98593749#3,,,,,
,-126859163#1,,,,,
,304727921,,,,,
,30949727,,,,,
,-1024120796#3,,,,,
,154082984#0,,,,,
,-154819713,,,,,
,-30919524,,,,,
,154082984#4-AddedOffRampEdge,,,,,
,98593737#0,,,,,
,-43100782#4,,,,,
,-148642793#3,,,,,
,-126855579,,,,,
,1055855907,,,,,
,98593749#2,,,,,
,-148642796#6,,,,,
,58070987,,,,,
,30952224#0,,,,,
,148642777#0,,,,,
,58686246,,,,,
,31297682#4,,,,,
,-43051364#3,,,,,
,71281733#1,,,,,
,1023600527#0,,,,,
,148642781#0,,,,,
,1273185319,,,,,
,-1023908216#0,,,,,
,31297738#3,,,,,
,1273185318#2,,,,,
,1024102270#1,,,,,
,156942465#1,,,,,
,148642769,,,,,
,518647368,,,,,
,30948680#2,,,,,
,55949732#1,,,,,
,43100782#2,,,,,
,1056397449,,,,,
,-135838552#3,,,,,
,1237946796#1,,,,,
,-43101595#2,,,,,
,135838552#5,,,,,
,42305097#2,,,,,
,148642796#2,,,,,
,-30952224#1,,,,,
,98320320,,,,,
,154458437,,,,,
,-153792684#2,,,,,
,-1023912413#1,,,,,
,312194999#3,,,,,
,30946041,,,,,
,1186502809#0,,,,,
,-41527657#3,,,,,
,1067778049,,,,,
,158806764,,,,,
,135838438#2,,,,,
,-30948214#1,,,,,
,30947123#2,,,,,
,648488816#6,,,,,
,436048957#0,,,,,
,70330618,,,,,
,436048951#0,,,,,
,99702521#0,,,,,
,1258453171#1,,,,,
,-526781973#0,,,,,
,-153792689#2,,,,,
,-148642781#1,,,,,
,-319196848#13,,,,,
,198929893#3,,,,,
,55886812#0,,,,,
,381697485#0,,,,,
,-70610406#1,,,,,
,43680733,,,,,
,62332142#1,,,,,
,98593789#2,,,,,
,198929895#0,,,,,
,76187053#1,,,,,
,-1024102266,,,,,
,157366892#0,,,,,
,71366317#9,,,,,
,27727791#7,,,,,
,956136645#1,,,,,
,-31297738#7,,,,,
,30952224#8,,,,,
,312195005#9,,,,,
,648488815#0,,,,,
,-43680741#0,,,,,
,-319196848#8,,,,,
,-154971175#5,,,,,
,-99702521#3,,,,,
,1186502809#2,,,,,
,71281735#2,,,,,
,156575077#3,,,,,
,-41527657#2,,,,,
,436048947#9,,,,,
,-120531314#4,,,,,
,-1024115416,,,,,
,-31297682#9,,,,,
,-199311778#2,,,,,
,-157366896#1,,,,,
,27727791#4,,,,,
,199311765#6,,,,,
,98593764#0,,,,,
,30949704#0,,,,,
,154458468,,,,,
,706102508,,,,,
,158177940#2,,,,,
,43097008#1,,,,,
,30919469#0,,,,,
,436048949#2,,,,,
,304727814#1,,,,,
,-154824101#0,,,,,
,-1258453170,,,,,
,98593737#2,,,,,
,154819636#0,,,,,
,103751347#10,,,,,
,-57889595#3,,,,,
,-55670063#0,,,,,
,30948214#3,,,,,
,1284308176,,,,,
,126855545,,,,,
,319196855#2,,,,,
,154027557#1,,,,,
,43051364#1,,,,,
,706102496#2,,,,,
,31297682#1,,,,,
,319197093#0,,,,,
,260425575#1,,,,,
,98593789#0,,,,,
,156575077#5,,,,,
,-56240930#0,,,,,
,-120531314#1,,,,,
,-126859159#0,,,,,
,-158177940#7,,,,,
,1055857388,,,,,
,148642770,,,,,
,154458464,,,,,
,314088440#2,,,,,
,56241383,,,,,
,98593775#0,,,,,
,1023600527#2,,,,,
,154971175#2,,,,,
,-1024100296,,,,,
,-98593749#3,,,,,
,43680742#3,,,,,
,30948680#3,,,,,
,312195005#8,,,,,
,1257133851#2,,,,,
,157366896#2,,,,,
,-43099711#3,,,,,
,-43680742#2,,,,,
,1011347576#0,,,,,
,-1055857401#0,,,,,
,-58070987,,,,,
,96828486#1,,,,,
,198929893#2,,,,,
,-148642777#0,,,,,
,70353937#2,,,,,
,-148642796#0,,,,,
,148642771#1,,,,,
,-58686248#1,,,,,
,70509859#0,,,,,
,156575070#3,,,,,
,199311764#0,,,,,
,57889595#0,,,,,
,198929895#1,,,,,
,44308179,,,,,
,114496998#2,,,,,
,-43101595#5,,,,,
,-960810617,,,,,
,-31297738#5,,,,,
,198929893#4,,,,,
,-1273185318#3,,,,,
,55670063#1,,,,,
,1024125610#1,,,,,
,71359525#2,,,,,
,-156942465#1,,,,,
,312194999#1,,,,,
,1258451875#0,,,,,
,-148642769,,,,,
,-135838552#1,,,,,
,99702562#0,,,,,
,-1024120794#1,,,,,
,58686258#4,,,,,
,154458450#1,,,,,
,-43100782#2,,,,,
,-135838552#5,,,,,
,199311767#0,,,,,
,-148642796#3,,,,,
,31047303#6,,,,,
,956136646#1,,,,,
,436048947#2,,,,,
,154027637#0,,,,,
,-157366894,,,,,
,-43322650#2,,,,,
,372443876#7,,,,,
,30956014#0,,,,,
,1257133857,,,,,
,436048949#0,,,,,
,436042882#0,,,,,
,148642787#0,,,,,
,43097008#4,,,,,
,-99702521#0,,,,,
,103751347#9,,,,,
,154027637#1,,,,,
,96828486#5,,,,,
,1258451874#3,,,,,
,120531314#3,,,,,
,-381697485#0,,,,,
,1258451874#2,,,,,
,-1055855910,,,,,
,-43097008#3,,,,,
,-76187053#1,,,,,
,960810628,,,,,
,304727814#3,,,,,
,-290874174#5,,,,,
,199311765#0,,,,,
,436042880#5,,,,,
,135838552#6,,,,,
,772804658#0,,,,,
,436042879#1,,,,,
,1023600527#3,,,,,
,-706102496#0,,,,,
,312195003#4,,,,,
,-148642777#1,,,,,
,-43097008#6,,,,,
,1011347575,,,,,
,148642787#2,,,,,
,759086770#0,,,,,
,464084177#8,,,,,
,-71281735#3,,,,,
,70330619#1,,,,,
,58064598#0,,,,,
,59262037#0,,,,,
,120531314#2,,,,,
,43322798#3,,,,,
,-156942465#3,,,,,
,878619655#0,,,,,
,154082984#1,,,,,
,-27727791#6,,,,,
,154458459,,,,,
,464084172#6,,,,,
,199311778#6,,,,,
,-43097008#1,,,,,
,154027661#0,,,,,
,-120531314#0,,,,,
,464084172#4,,,,,
,-154819636#1,,,,,
,-173185145#5,,,,,
,-148642787#1,,,,,
,30948214#0,,,,,
,-30919189#0,,,,,
,126859161#1,,,,,
,-30952224#2,,,,,
,70509860#1,,,,,
,1024128471#0,,,,,
,30919189#2,,,,,
,173185147#1,,,,,
,1062056472#2,,,,,
,126859151,,,,,
,43097008#8,,,,,
,114496981#0,,,,,
,286703476#0,,,,,
,-706102496#2,,,,,
,152185736#1,,,,,
,150349482#0,,,,,
,-319197093#1,,,,,
,-57872683#0,,,,,
,-98593789#0,,,,,
,199311765#3,,,,,
,158177940#1,,,,,
,43097008#9,,,,,
,31047303#2,,,,,
,43097008#0,,,,,
,157058468#3,,,,,
,148642784#3,,,,,
,155035384,,,,,
,55886812#1,,,,,
,-98593775#0,,,,,
,878619659#0,,,,,
,-1024100281,,,,,
,30948214#2,,,,,
,-43680742#3,,,,,
,70509857#1,,,,,
,148642784#2,,,,,
,-154723062#0,,,,,
,135838551,,,,,
,-127518255,,,,,
,148642797#0,,,,,
,956136645#5,,,,,
,43680742#1,,,,,
,-148642771#1,,,,,
,126855563#0,,,,,
,199311778#3,,,,,
,-1126340239#2,,,,,
,-70509858#2,,,,,
,43724393#0,,,,,
,55886808,,,,,
,464084177#3,,,,,
,157058455#11,,,,,
,98593793#0,,,,,
,-31297738#1,,,,,
,154819598#1,,,,,
,70509855#3,,,,,
,464084177#6,,,,,
,-71284538,,,,,
,648488815#1,,,,,
,648488815#2,,,,,
,114496980#8,,,,,
,464084181#3,,,,,
,436048957#2,,,,,
,436042880#3,,,,,
,-43322645#3,,,,,
,1023908212#0,,,,,
,-436042881#2,,,,,
,156942465#2,,,,,
,156575075#1,,,,,
,1284303462#0,,,,,
,98593753,,,,,
,126859163#1,,,,,
,1011347581,,,,,
,-154027637#0,,,,,
,98593820,,,,,
,43099711#3,,,,,
,-152185706#1,,,,,
,98593775#3,,,,,
,-793145062,,,,,
,-148642788#1,,,,,
,31297551#2,,,,,
,-436048949#0,,,,,
,126855579,,,,,
,-148642787#0,,,,,
,-43097008#5,,,,,
,156575070#2,,,,,
,-43321686#1,,,,,
,-148642793#2,,,,,
,114496980#4,,,,,
,-878619657,,,,,
,103751347#4,,,,,
,-154027637#1,,,,,
,-1258451874#3,,,,,
,-120531314#3,,,,,
,70509855#4,,,,,
,154082984#5,,,,,
,70330619#3,,,,,
,-304727814#4,,,,,
,1010964742,,,,,
,30948680#1,,,,,
,-148642771#3,,,,,
,59262037#4,,,,,
,759086770#4,,,,,
,156575105#0,,,,,
,198929894#0,,,,,
,-135838552#6,,,,,
,135838552#3,,,,,
,1257133850#0,,,,,
,43101595#1,,,,,
,98593775#4,,,,,
,43322798#5,,,,,
,-71361922,,,,,
,-58064598#1,,,,,
,1023912413#0,,,,,
,55887208,,,,,
,-43322798#3,,,,,
,41527657#3,,,,,
,126859148#0,,,,,
,1265530081#0,,,,,
,312195003#2,,,,,
,31047303#3,,,,,
,-43097008#2,,,,,
,-199311778#7,,,,,
,27727791#1,,,,,
,-1024102268,,,,,
,-154027661#0,,,,,
,96828486#2,,,,,
,-98593736#3,,,,,
,114496980#7,,,,,
,319196848#12,,,,,
,156938673#0,,,,,
,99702562#2,,,,,
,-31297738#9,,,,,
,397645478,,,,,
,878619655#2,,,,,
,120531314#5,,,,,
,70610406#1,,,,,
,1024102266,,,,,
,-1024102269,,,,,
,1062056471#0,,,,,
,-126859163#0,,,,,
,156575070#6,,,,,
,-91899427#4,,,,,
,31297738#6,,,,,
,-71359527#3,,,,,
,-1024120796#0,,,,,
,98593799#0,,,,,
,-158177940#1,,,,,
,-30952224#3,,,,,
,56240964#2,,,,,
,319196848#8,,,,,
,-148642772#0,,,,,
,99702521#3,,,,,
,-304727814#0,,,,,
,98593803#1,,,,,
,-43097008#0,,,,,
,-28050206,,,,,
,41527657#2,,,,,
,-266525226#0,,,,,
,41184057,,,,,
,-30948214#2,,,,,
,1024120795#0,,,,,
,31297682#8,,,,,
,199311778#0,,,,,
,-148642784#2,,,,,
,-173185144#0,,,,,
,47036733,,,,,
,-71281735#1,,,,,
,-148642797#0,,,,,
,154824101#0,,,,,
,53542680#3,,,,,
,57889595#3,,,,,
,55670063#0,,,,,
,-43680742#1,,,,,
,-126859161#0,,,,,
,-199311778#5,,,,,
,70509855#1,,,,,
,260425575#0,,,,,
,-43724393#0,,,,,
,157058455#0,,,,,
,148642794#1,,,,,
,59262037#2,,,,,
,683464859#1,,,,,
,372443876#6,,,,,
,312195005#4,,,,,
,1023908216#1,,,,,
,312195002#2,,,,,
,-706102496#1,,,,,
,157058371,,,,,
,156575077#7,,,,,
,-1023908212#1,,,,,
,464084177#10,,,,,
,1056781891#0,,,,,
,464084181#1,,,,,
,55886812#4,,,,,
,43724391#1,,,,,
,-98593775#3,,,,,
,381697485#2,,,,,
,154819743#0,,,,,
,-319196848#9,,,,,
,43680742#2,,,,,
,-31297551#2,,,,,
,70324971#4,,,,,
,436042880#16,,,,,
,148642796#0,,,,,
,58686248#0,,,,,
,312194995#1,,,,,
,-43099711#2,,,,,
,314088440#0,,,,,
,156575056#7,,,,,
,196629589#1,,,,,
,43101595#3,,,,,
,960810617,,,,,
,-153792680#6,,,,,
,98593801,,,,,
,1055857399,,,,,
,157058455#10,,,,,
,-30948680#1,,,,,
,135838552#1,,,,,
,669098840#4,,,,,
,173185147#2,,,,,
,1024120794#0,,,,,
,-156575105#1,,,,,
,-30947123#0,,,,,
,-43322798#4,,,,,
,157058374,,,,,
,42305097#1,,,,,
,-70509862,,,,,
,-772804659,,,,,
,157058455#3,,,,,
,103751347#3,,,,,
,-43322798#5,,,,,
,492041969,,,,,
,243206488#2,,,,,
,154458450#2,,,,,
,43322650#0,,,,,
,-126859163#2,,,,,
,157058468#0,,,,,
,96828486#0,,,,,
,-27727791#3,,,,,
,-319196848#7,,,,,
,-99702562#2,,,,,
,153792689#1,,,,,
,1011347580#1,,,,,
,-120531314#5,,,,,
,114496980#5,,,,,
,-135838552#8,,,,,
,43097008#3,,,,,
,1055855910,,,,,
,53542680#0,,,,,
,290874174#3,,,,,
,42305097#3,,,,,
,1024125610#3,,,,,
,43680715,,,,,
,669098840#3,,,,,
,314088440#3,,,,,
,70509859#1,,,,,
,-30952224#7,,,,,
,-135838552#4,,,,,
,42305099#2,,,,,
,436048947#4,,,,,
,492215761,,,,,
,706102496#0,,,,,
,148642777#1,,,,,
,43097008#6,,,,,
,-98593799#0,,,,,
,30949764#1,,,,,
,-98593790#0,,,,,
,464084177#4,,,,,
,148642790,,,,,
,960810626,,,,,
,156942465#3,,,,,
,-70610410#1,,,,,
,23243743#6,,,,,
,42137610,,,,,
,100599688#1,,,,,
,314088440#7,,,,,
,157058455#5,,,,,
,-47036733,,,,,
,114496981#3,,,,,
,120531314#0,,,,,
,-1009087387,,,,,
,98593803#0,,,,,
,135838553#3,,,,,
,154664728,,,,,
,173185145#0,,,,,
,148642787#1,,,,,
,30919189#0,,,,,
,290874174#0,,,,,
,30952224#2,,,,,
,-154819636#2,,,,,
,31297551#0,,,,,
,154458472,,,,,
,1056397448,,,,,
,154084101#1,,,,,
,-1256474316,,,,,
,70324974#0,,,,,
,27727791#9,,,,,
,57872683#0,,,,,
,96828486#3,,,,,
,154458434,,,,,
,156575063#1,,,,,
,71366317#6,,,,,
,-148642784#1,,,,,
,1010971912#0,,,,,
,136228820#3,,,,,
,-256511169#2,,,,,
,-429967547,,,,,
,960810629#0,,,,,
,154723062#0,,,,,
,27727791#13,,,,,
,-1023908217#1,,,,,
,127518255,,,,,
,-381697485#3,,,,,
,55886809,,,,,
,1265530082#0,,,,,
,156575070#1,,,,,
,-70324971#4,,,,,
,126859148#1,,,,,
,-98593790#1,,,,,
,312195003#0,,,,,
,30954993#0,,,,,
,156942465#6,,,,,
,55887660,,,,,
,198929894#1,,,,,
,1126340239#0,,,,,
,70509858#2,,,,,
,-314088440#1,,,,,
,648488815#5,,,,,
,31297738#1,,,,,
,312194996#5,,,,,
,-98593801,,,,,
,114496980#2,,,,,
,-1024120796#1,,,,,
,1024128475#1,,,,,
,436048947#7,,,,,
,43322645#3,,,,,
,436048952#0,,,,,
,103751347#0,,,,,
,-127518234,,,,,
,23243743#2,,,,,
,152185706#1,,,,,
,793145062,,,,,
,148642788#1,,,,,
,196629589#4,,,,,
,464084172#2,,,,,
,51843919#3,,,,,
,-290874175#0,,,,,
,-157058457#0,,,,,
,43724393#1,,,,,
,793094546#0,,,,,
,55886812#3,,,,,
,158177940#8,,,,,
,43321686#0,,,,,
,-43097008#11,,,,,
,148642793#2,,,,,
,878619657,,,,,
,-153792689#1,,,,,
,-1055857401#1,,,,,
,-56240964#1,,,,,
,-43680715,,,,,
,148642771#3,,,,,
,-135838552#7,,,,,
,55943333#0,,,,,
,-70509859#1,,,,,
,-314088440#3,,,,,
,-156942465#7,,,,,
,-42305099#2,,,,,
,156575075#2,,,,,
,158177940#3,,,,,
,71281733#3,,,,,
,148642788#0,,,,,
,956136646#3,,,,,
,243206488#3,,,,,
,-70610406#0,,,,,
,98593816,,,,,
,-1024115417,,,,,
,71361922,,,,,
,156575070#4,,,,,
,91689530#1,,,,,
,-148642790,,,,,
,1021568757,,,,,
,42305099#1,,,,,
,-1284307157,,,,,
,-100599688#1,,,,,
,-30919579,,,,,
,135838552#2,,,,,
,-319197093#2,,,,,
,43097008#2,,,,,
,148642776,,,,,
,1024102268,,,,,
,98593736#1,,,,,
,-43051364#0,,,,,
,31297738#8,,,,,
,-98593789#1,,,,,
,-135838553#4,,,,,
,-154664728,,,,,
,98593799#2,,,,,
,-290874174#2,,,,,
,-156942465#5,,,,,
,43097008#7,,,,,
,-1024128472#2,,,,,
,-31297551#0,,,,,
,-135838553#2,,,,,
,319185014#0,,,,,
,314085053#0,,,,,
,91899427#2,,,,,
,51843919#10,,,,,
,-27727791#10,,,,,
,71359527#0,,,,,
,43322798#9,,,,,
,1067777042#0,,,,,
,114496981#4,,,,,
,-154458434,,,,,
,30952224#3,,,,,
,148642772#0,,,,,
,304727814#0,,,,,
,28050206,,,,,
,154722999,,,,,
,436042880#1,,,,,
,-148642782#0,,,,,
,99702521#2,,,,,
,-136228820#4,,,,,
,372443876#3,,,,,
,-98320323,,,,,
,157058455#9,,,,,
,154971162#1,,,,,
,173185144#0,,,,,
,55886810,,,,,
,-148642797#1,,,,,
,-27727791#14,,,,,
,71281735#0,,,,,
,-148642782#3,,,,,
,464084177#2,,,,,
,-43051364#6,,,,,
,59262036,,,,,
,648488816#2,,,,,
,135838438#3,,,,,
,91899427#5,,,,,
,-30954993#2,,,,,
,-156942465#6,,,,,
,126859161#0,,,,,
,683464859#2,,,,,
,-156942465#8,,,,,
,372443876#0,,,,,
,42305099#0,,,,,
,70353937#5,,,,,
,27727791#11,,,,,
,706102496#1,,,,,
,55886806#1,,,,,
,312195005#2,,,,,
,-154027661#1,,,,,
,1062056472#0,,,,,
,70509861#1,,,,,
,43322798#7,,,,,
,156575068#1,,,,,
,1024120795#1,,,,,
,98593790#2,,,,,
,312194996#4,,,,,
,-706096493,,,,,
,154082984#3,,,,,
,70353937#6,,,,,
,319196848#9,,,,,
,30949764#0,,,,,
,793094546#1,,,,,
,304727850,,,,,
,-1023908217#2,,,,,
,-70509857#0,,,,,
,-43724393#1,,,,,
,157366912#0,,,,,
,1257133856,,,,,
,156942465#4,,,,,
,-158177940#8,,,,,
,1257133854,,,,,
,43099711#1,,,,,
,290874175#1,,,,,
,56240930#1,,,,,
,-148642782#1,,,,,
,174653382#2,,,,,
,878619658,,,,,
,153792680#0,,,,,
,-1023912412,,,,,
,-314088440#6,,,,,
,319196855#0,,,,,
,30947123#0,,,,,
,-158177940#3,,,,,
,43322798#4,,,,,
,55886807,,,,,
,-256511169#0,,,,,
,-148642788#0,,,,,
,1011347580#0,,,,,
,57889595#2,,,,,
,156938654#2,,,,,
,70509862,,,,,
,772804659,,,,,
,-98593799#1,,,,,
,-319196848#6,,,,,
,-42305099#1,,,,,
,126859163#2,,,,,
,-99702562#3,,,,,
,103751347#8,,,,,
,-135838552#2,,,,,
,-148642768,,,,,
,154027557#0,,,,,
,-43699319#1,,,,,
,-314088440#4,,,,,
,319196848#7,,,,,
,198929893#1,,,,,
,-153792698#0,,,,,
,31297682#7,,,,,
,956136646#2,,,,,
,-31297738#2,,,,,
,-98593799#2,,,,,
,-22736445#0,,,,,
,168663972#4,,,,,
,209210746#1,,,,,
,174022677#5,,,,,
,-168683414#1,,,,,
,-120525537#6,,,,,
,22562407#5,,,,,
,392940747#0,,,,,
,315539209#8,,,,,
,50877021#1,,,,,
,95396832#0,,,,,
,392088983#3,,,,,
,71470206#5,,,,,
,76187048#1,,,,,
,528899353#1,,,,,
,392090724#6,,,,,
,168663959#2,,,,,
,-174022632#2,,,,,
,30998553,,,,,
,135704845,,,,,
,1024125617#0,,,,,
,174022679#1,,,,,
,319196849#0,,,,,
,184293865#2,,,,,
,30929622#1,,,,,
,-157058385#0,,,,,
,-157293029#1,,,,,
,-449602008,,,,,
,-157058466#2,,,,,
,969494639#0,,,,,
,667865212#2,,,,,
,151175258#1,,,,,
,151175274#1,,,,,
,-157058385#2,,,,,
,28063951#2,,,,,
,-151175220#0,,,,,
,-22562407#3,,,,,
,151175223#0,,,,,
,-368084601#0,,,,,
,220551731,,,,,
,168663971#4,,,,,
,151175272#1,,,,,
,-184314043#0,,,,,
,133287965#1,,,,,
,174022655,,,,,
,-151175271#2,,,,,
,220549212#2,,,,,
,157058387#2,,,,,
,-151175234#1,,,,,
,184315498,,,,,
,-157058466#1,,,,,
,168663974#1,,,,,
,76187048#2,,,,,
,528899357,,,,,
,27727759#1,,,,,
,31096712#1,,,,,
,-71470206#1,,,,,
,228090233#5,,,,,
,30998306#1,,,,,
,392090724#8,,,,,
,59262034#4,,,,,
,-184314048#1,,,,,
,168663962#3,,,,,
,-174022677#0,,,,,
,-220549214#0,,,,,
,420083581#1,,,,,
,-220549209#1,,,,,
,31096752#1,,,,,
,-157058387#0,,,,,
,209210758#3,,,,,
,95396820#3,,,,,
,31857045#1,,,,,
,-22562407#6,,,,,
,157296628#1,,,,,
,199921334,,,,,
,157292797,,,,,
,168663972#1,,,,,
,708004651#1,,,,,
,-151175260#0,,,,,
,133434896#0,,,,,
,133288858,,,,,
,151175252#0,,,,,
,-397642511#4,,,,,
,-172365185#0,,,,,
,174022662,,,,,
,-172365184,,,,,
,-103761129#4,,,,,
,372741502#1,,,,,
,-31096719#2,,,,,
,1080759180#6,,,,,
,228090236,,,,,
,-133288284#3,,,,,
,133288286#0,,,,,
,331676700,,,,,
,-151175272#2,,,,,
,367848150,,,,,
,228090248#2,,,,,
,71470206#10,,,,,
,151175252#2,,,,,
,1028570796#3,,,,,
,-151175274#2,,,,,
,313606688#3,,,,,
,397642511#5,,,,,
,168664002#0,,,,,
,392090724#1,,,,,
,392943665#2,,,,,
,-400705708#0,,,,,
,120525530#1,,,,,
,-174022677#4,,,,,
,-174022674#4,,,,,
,30955664#0,,,,,
,131633148,,,,,
,-151175244#1,,,,,
,151175245#0,,,,,
,22736448#2,,,,,
,-449585989#2,,,,,
,420083582,,,,,
,50877021#6,,,,,
,-199922052#1,,,,,
,131633158#1,,,,,
,228076708#3,,,,,
,-71470206#4,,,,,
,151175252#1,,,,,
,133287965#0,,,,,
,392943690#0,,,,,
,-157058466#0,,,,,
,368084601#2,,,,,
,184315497#5,,,,,
,-31096771,,,,,
,95396764#1,,,,,
,-261326133#0,,,,,
,184314043#1,,,,,
,-133287966#0,,,,,
,372741505,,,,,
,-22562403#2,,,,,
,-449399206#13,,,,,
,184314051#0,,,,,
,22730774#4,,,,,
,95396812,,,,,
,228090243#1,,,,,
,667865216#1,,,,,
,-162173400#1,,,,,
,103760979#0,,,,,
,184293857,,,,,
,-151175271#1,,,,,
,667865207#1,,,,,
,-174022677#5,,,,,
,95396853#6,,,,,
,-22562407#5,,,,,
,1024125617#1,,,,,
,71470206#2,,,,,
,372741501#0,,,,,
,184315506#0,,,,,
,367848147#3,,,,,
,174022674#3,,,,,
,1030678058#1,,,,,
,-162173400#2,,,,,
,162173421#0,,,,,
,151175222#8,,,,,
,319196849#7,,,,,
,436182375#2,,,,,
,-30998553,,,,,
,-174022679#1,,,,,
,-71470206#3,,,,,
,-319196849#0,,,,,
,-22736181#1,,,,,
,-152333576#1,,,,,
,-133434827,,,,,
,304727996#1,,,,,
,368084608#3,,,,,
,168663971#2,,,,,
,-151175259#2,,,,,
,-22736181#3,,,,,
,157058379#1,,,,,
,71470206#6,,,,,
,-151175274#1,,,,,
,95396798,,,,,
,-220551731,,,,,
,59262034#5,,,,,
,220549212#5,,,,,
,392092819#2,,,,,
,22562403#1,,,,,
,151175229,,,,,
,151175269#3,,,,,
,-220549212#2,,,,,
,261326126#2,,,,,
,-174022679#0,,,,,
,151175245#1,,,,,
,517046814#3,,,,,
,667865211#0,,,,,
,667865214#0,,,,,
,157058381,,,,,
,-28063954,,,,,
,95396795#1,,,,,
,103761129#9,,,,,
,-407109951#0,,,,,
,-120525563#1,,,,,
,174022625,,,,,
,-31857045#1,,,,,
,-120525537#3,,,,,
,151175223#4,,,,,
,50877021#3,,,,,
,-220552217#0,,,,,
,104107445#1,,,,,
,31096719#1,,,,,
,-667865209#0,,,,,
,449150695,,,,,
,-1024125616#0,,,,,
,436182375#7,,,,,
,168683397#1,,,,,
,449396163#3,,,,,
,95396782,,,,,
,266525206#1,,,,,
,392943690#3,,,,,
,162173401#0,,,,,
,28063946#1,,,,,
,169811755#1,,,,,
,-174022674#0,,,,,
,-151175252#2,,,,,
,172365194#1,,,,,
,184314051#1,,,,,
,184315497#2,,,,,
,120525515#1,,,,,
,-168664002#1,,,,,
,71470206#12,,,,,
,319196849#4,,,,,
,-22736181#0,,,,,
,1057054850#2,,,,,
,151175266#1,,,,,
,133434896#1,,,,,
,261328669,,,,,
,-30955664#0,,,,,
,220548976#2,,,,,
,-151175244#0,,,,,
,1030678059#3,,,,,
,1024125607#0,,,,,
,449399206#3,,,,,
,392092817#2,,,,,
,133434898,,,,,
,157058398,,,,,
,667865216#0,,,,,
,-152333600#1,,,,,
,372741506#1,,,,,
,168663974#2,,,,,
,273211100#0,,,,,
,888035089#1,,,,,
,157296628#0,,,,,
,-133287965#0,,,,,
,304727996#0,,,,,
,-151175267#0,,,,,
,71470206#7,,,,,
,-368084601#2,,,,,
,449399206#8,,,,,
,1080759176#4,,,,,
,667865210#0,,,,,
,103760979#5,,,,,
,-184314043#1,,,,,
,1080759180#2,,,,,
,220548976#0,,,,,
,22736448#0,,,,,
,-27904494,,,,,
,156290978#1,,,,,
,151175272#2,,,,,
,184315508#2,,,,,
,152333600#0,,,,,
,-157293029#0,,,,,
,449399206#0,,,,,
,151175222#6,,,,,
,-367359810,,,,,
,22736451#1,,,,,
,-22736444#1,,,,,
,-667865216#1,,,,,
,151175231,,,,,
,151175274#0,,,,,
,-103760979#0,,,,,
,392090724#4,,,,,
,131633158#6,,,,,
,-273211100#1,,,,,
,449490580#2,,,,,
,162173391#1,,,,,
,151175267#2,,,,,
,151175253#3,,,,,
,528899356#0,,,,,
,-103761128#0,,,,,
,392088983#4,,,,,
,-71470206#2,,,,,
,154971367#10,,,,,
,-174022674#3,,,,,
,-367848147#3,,,,,
,168663988,,,,,
,449585989#2,,,,,
,392940747#4,,,,,
,228076702,,,,,
,22730774#3,,,,,
,667865207#0,,,,,
,151175222#0,,,,,
,-31035595,,,,,
,368084601#1,,,,,
,667865210#1,,,,,
,-746533316,,,,,
,-220548970#1,,,,,
,220551730#1,,,,,
,-168683414#3,,,,,
,-184314051#2,,,,,
,71470206#0,,,,,
,682462419#0,,,,,
,-397642511#3,,,,,
,28063951#4,,,,,
,46151430,,,,,
,-156919890#4,,,,,
,-22562407#4,,,,,
,-162173421#1,,,,,
,708004651#0,,,,,
,220551730#2,,,,,
,-27904509#2,,,,,
,1058417656,,,,,
,22736445#0,,,,,
,-151175229,,,,,
,157058384#5,,,,,
,50877021#4,,,,,
,-151175269#3,,,,,
,-266525189,,,,,
,-319196849#6,,,,,
,-162173424#2,,,,,
,319196849#5,,,,,
,120525537#6,,,,,
,-261326126#2,,,,,
,136506337#2,,,,,
,151175222#5,,,,,
,152333598#3,,,,,
,172365185#1,,,,,
,-151175259#0,,,,,
,-397642511#1,,,,,
,154971367#7,,,,,
,702669087#5,,,,,
,-174022625,,,,,
,156919890#6,,,,,
,313606688#2,,,,,
,702669087#6,,,,,
,-168683414#0,,,,,
,133287968,,,,,
,-449150695,,,,,
,315539209#4,,,,,
,1080759181,,,,,
,157058385#0,,,,,
,157293029#1,,,,,
,-168663974#0,,,,,
,157058466#2,,,,,
,-120525569#1,,,,,
,449598456,,,,,
,228076693#1,,,,,
,-162173401#0,,,,,
,151175220#0,,,,,
,-28063946#1,,,,,
,667865215,,,,,
,-449648375,,,,,
,1080759180#5,,,,,
,184314043#0,,,,,
,-31053660#1,,,,,
,209210746#4,,,,,
,154971171,,,,,
,162173401#2,,,,,
,151175234#0,,,,,
,-22736451#4,,,,,
,1135574250#3-AddedOffRampEdge,,,,,
,-151175260#2,,,,,
,-184314051#1,,,,,
,-174022681#0,,,,,
,71470206#1,,,,,
,743671371#0,,,,,
,71470206#9,,,,,
,71470206#14,,,,,
,199922052#0,,,,,
,184314048#1,,,,,
,420082429,,,,,
,220549214#0,,,,,
,-449399206#4,,,,,
,220549209#1,,,,,
,1024125616#1,,,,,
,-667865216#0,,,,,
,184315502#0,,,,,
,28063951#0,,,,,
,-120528221#1,,,,,
,31336390#4,,,,,
,28063951#1,,,,,
,184293855#7,,,,,
,-168663974#2,,,,,
,151175260#0,,,,,
,315539209#7,,,,,
,152333575#2,,,,,
,220551734,,,,,
,131633159,,,,,
,-888035089#1,,,,,
,1060039307#0,,,,,
,172365185#0,,,,,
,-397642511#0,,,,,
,209210758#0,,,,,
,-304727996#0,,,,,
,261326126#0,,,,,
,-517046027#0,,,,,
,103761129#4,,,,,
,-103761129#8,,,,,
,28063947#1,,,,,
,-103760979#5,,,,,
,157292846#2,,,,,
,172365186,,,,,
,156290978#2,,,,,
,367842333#1,,,,,
,151175274#2,,,,,
,-151175274#0,,,,,
,-120528221#0,,,,,
,368086015#0,,,,,
,436182375#0,,,,,
,227454631#1,,,,,
,174022674#4,,,,,
,392943665#4,,,,,
,-449490580#3,,,,,
,-220549209#0,,,,,
,-162173391#1,,,,,
,396771658,,,,,
,449602006,,,,,
,-103760987,,,,,
,153792687,,,,,
,-22562396#1,,,,,
,168663958#0,,,,,
,199922052#1,,,,,
,-184315507#1,,,,,
,-220552213,,,,,
,151175223#1,,,,,
,-667865207#0,,,,,
,-31046060#1,,,,,
,-368084601#1,,,,,
,71470206#4,,,,,
,368084608#1,,,,,
,133434897,,,,,
,184314056#1,,,,,
,184315505#0,,,,,
,1024125612,,,,,
,313606688#1,,,,,
,31096771,,,,,
,-22562407#9,,,,,
,261326133#0,,,,,
,365814436#0,,,,,
,436182375#8,,,,,
,392090724#2,,,,,
,22562403#2,,,,,
,120525547#0,,,,,
,449399206#13,,,,,
,615528182#1,,,,,
,162173400#0,,,,,
,392092819#3,,,,,
,151175271#1,,,,,
,304727995#0,,,,,
,-672919572,,,,,
,392940747#3,,,,,
,304727916#0,,,,,
,392943690#8,,,,,
,367848147#4,,,,,
,162173421#2,,,,,
,-367842334#0,,,,,
,-319196849#5,,,,,
,-387345131#0,,,,,
,1135574250#1,,,,,
,678687042#1,,,,,
,-157058385#1,,,,,
,-227454631#0,,,,,
,157058382#0,,,,,
,-261326133#1,,,,,
,-152333598#3,,,,,
,-172365185#1,,,,,
,162173400#2,,,,,
,151175222#9,,,,,
,1028570796#1,,,,,
,151175222#3,,,,,
,312195000#4,,,,,
,174022632#3,,,,,
,151175223#3,,,,,
,313606688#6,,,,,
,157058384#0,,,,,
,-156919890#7,,,,,
,184315497#4,,,,,
,71470206#3,,,,,
,22730774#2,,,,,
,22736181#1,,,,,
,667865217#1,,,,,
,22736446#0,,,,,
,-151175242#0,,,,,
,152333576#1,,,,,
,136506337#6,,,,,
,1057054850#3,,,,,
,133434827,,,,,
,-133288284#7,,,,,
,151175259#2,,,,,
,22736181#3,,,,,
,31096712#2,,,,,
,-449598456,,,,,
,-228076693#1,,,,,
,372741506#0,,,,,
,372741501#1,,,,,
,-162173388,,,,,
,168663959#1,,,,,
,184314048#0,,,,,
,-162173401#2,,,,,
,-120525586,,,,,
,517046027#2,,,,,
,-22736450#0,,,,,
,-71470206#9,,,,,
,-162173401#3,,,,,
,-199922052#0,,,,,
,-71470206#14,,,,,
,702669087#3,,,,,
,120525525#1,,,,,
,154971367#4,,,,,
,-22375367,,,,,
,151175267#3,,,,,
,220548975#0,,,,,
,168664008#2,,,,,
,-220548969#1,,,,,
,95396810,,,,,
,420083581#3,,,,,
,28063954,,,,,
,1287664259,,,,,
,-157238663,,,,,
,154971367#3,,,,,
,667865208,,,,,
,407109951#0,,,,,
,120525563#1,,,,,
,120525537#3,,,,,
,-31096752#2,,,,,
,397642511#6,,,,,
,220552217#0,,,,,
,-174022665,,,,,
,315539209#2,,,,,
,1135574250#3,,,,,
,667865207#2,,,,,
,1024125616#0,,,,,
,1057054851,,,,,
,-184315507#2,,,,,
,-261326126#1,,,,,
,151175266#0,,,,,
,50877021#5,,,,,
,436182375#4,,,,,
,152333593,,,,,
,-367842333#1,,,,,
,-162173400#3,,,,,
,-133288284#1,,,,,
,-162173401#1,,,,,
,168663984,,,,,
,172365194#0,,,,,
,-120525537#2,,,,,
,162173387#1,,,,,
,22736181#0,,,,,
,-397642511#9,,,,,
,517046814#5,,,,,
,-220549214#1,,,,,
,-449602006,,,,,
,151175244#0,,,,,
,392943690#2,,,,,
,-22562407#11,,,,,
,152333600#1,,,,,
,209210758#2,,,,,
,-22736451#2,,,,,
,-392091746,,,,,
,449585989#0,,,,,
,517046814#7,,,,,
,-220548976#1,,,,,
,368084608#2,,,,,
,-151175253#0,,,,,
,315539209#0,,,,,
,-133434897,,,,,
,-184315508#0,,,,,
,-184314056#1,,,,,
,151175267#0,,,,,
,22736449#2,,,,,
,95396809#1,,,,,
,199152198#0,,,,,
,31336390#3,,,,,
,136506337#4,,,,,
,27904494,,,,,
,172365189#0,,,,,
,-120525547#0,,,,,
,157293029#0,,,,,
,95396820#2,,,,,
,367359810,,,,,
,103761129#1,,,,,
,22736449#1,,,,,
,22730774#6,,,,,
,184293855#0,,,,,
,273211100#1,,,,,
,174022633#0,,,,,
,-304727916#0,,,,,
,-367848147#4,,,,,
,-162173421#2,,,,,
,103761128#0,,,,,
,54786435,,,,,
,367848146,,,,,
,168663958#1,,,,,
,-1024125608#0,,,,,
,152333575#3,,,,,
,-387345131#1,,,,,
,30955568#0,,,,,
,220551730#0,,,,,
,209210760#1,,,,,
,95396760,,,,,
,31035595,,,,,
,-174022632#3,,,,,
,120525515#2,,,,,
,184293865#3,,,,,
,1057052866#1,,,,,
,392090724#9,,,,,
,746533316,,,,,
,-220548969#0,,,,,
,168663971#1,,,,,
,157058384#2,,,,,
,168683414#3,,,,,
,184314051#2,,,,,
,397642511#3,,,,,
,-28063946#0,,,,,
,103761129#0,,,,,
,103760983#0,,,,,
,156919890#4,,,,,
,162173421#1,,,,,
,22562407#4,,,,,
,-969494638#1,,,,,
,27904509#2,,,,,
,-31050180#0,,,,,
,392940747#2,,,,,
,228090233#1,,,,,
,372741502#2,,,,,
,151175223#2,,,,,
,-184314048#0,,,,,
,266525189,,,,,
,319196849#6,,,,,
,220549212#3,,,,,
,449399206#5,,,,,
,667865205#6,,,,,
,76187048#0,,,,,
,-151175266#2,,,,,
,151175259#0,,,,,
,-133288284#6,,,,,
,397642511#1,,,,,
,-151175267#3,,,,,
,-220548975#0,,,,,
,168683423#1,,,,,
,372741506#3,,,,,
,-168664008#2,,,,,
,667865213,,,,,
,151175254#1,,,,,
,969494639#1,,,,,
,-667865208,,,,,
,-397642511#7,,,,,
,174022652,,,,,
,-667865207#2,,,,,
,151175272#0,,,,,
,30955568#3,,,,,
,168664005#1,,,,,
,407109951#1,,,,,
,-220549213,,,,,
,-319196849#2,,,,,
,-22736450#1,,,,,
,-151175266#0,,,,,
,436182375#9,,,,,
,154971367#1,,,,,
,228090241,,,,,
,133434896#2,,,,,
,157058447,,,,,
,174022712#1,,,,,
,151175261,,,,,
,-184314056#0,,,,,
,449648375,,,,,
,157292846#5,,,,,
,95396820#1,,,,,
,31053660#1,,,,,
,103760989#2,,,,,
,22736451#4,,,,,
,-168663984,,,,,
,-152333598#0,,,,,
,27727759#2,,,,,
,151175260#2,,,,,
,436182375#6,,,,,
,30998350#1,,,,,
,228090248#0,,,,,
,-157058387#1,,,,,
,392092819#0,,,,,
,22736446#4,,,,,
,-151175266#3,,,,,
,1080759180#4,,,,,
,392943665#3,,,,,
,31336390#1,,,,,
,-228076708#0,,,,,
,-120528162,,,,,
,-133434826,,,,,
,133287965#3,,,,,
,315539210#3,,,,,
,-71488894,,,,,
,392088983#0,,,,,
,95396795#0,,,,,
,95396764#0,,,,,
,-184250112#1,,,,,
,30954498#1,,,,,
,209210746#3,,,,,
,682462419#1,,,,,
,-449585989#0,,,,,
,667865207#3,,,,,
,220552212#0,,,,,
,517046027#0,,,,,
,-103760979#1,,,,,
,103761129#7,,,,,
,154971367#5,,,,,
,151175222#7,,,,,
,-365818022,,,,,
,174022682#1,,,,,
,156919890#2,,,,,
,-367848147#1,,,,,
,-22736444#0,,,,,
,-162173391#0,,,,,
,31096719#0,,,,,
,168663972#3,,,,,
,-103761129#1,,,,,
,-184315508#1,,,,,
,392940747#1,,,,,
,419753739#1,,,,,
,168683423#4,,,,,
,220549209#0,,,,,
,-120525537#7,,,,,
,103760987,,,,,
,436182375#1,,,,,
,120528204#1,,,,,
,-30955568#2,,,,,
,-220551730#0,,,,,
,-151175260#1,,,,,
,184315507#1,,,,,
,168663974#3,,,,,
,220552213,,,,,
,136506337#5,,,,,
,31046060#1,,,,,
,168663972#2,,,,,
,228090251#1,,,,,
,-22736451#0,,,,,
,184293866#2,,,,,
,22562407#8,,,,,
,969494640,,,,,
,103760989#0,,,,,
,-220548975#1,,,,,
,1080759176#9,,,,,
,-367842332,,,,,
,-103761129#0,,,,,
,168664008#3,,,,,
,517046027#1,,,,,
,-120525530#0,,,,,
,103760979#7,,,,,
,392090724#10,,,,,
,-31053667,,,,,
,-151175269#0,,,,,
,-151175242#1,,,,,
,-195531443#2,,,,,
,-22562396#0,,,,,
,672919572,,,,,
,-228076693#0,,,,,
,-220549212#3,,,,,
,368085648#0,,,,,
,387345131#0,,,,,
,-449399206#7,,,,,
,-103760979#6,,,,,
,157058385#1,,,,,
,667865216#2,,,,,
,261326133#1,,,,,
,22736448#1,,,,,
,157058379#3,,,,,
,151175247#1,,,,,
,133230931#2,,,,,
,220551732,,,,,
,-449490580#1,,,,,
,-31096752#0,,,,,
,1024125607#2,,,,,
,-31053515#0,,,,,
,133287965#2,,,,,
,120525525#0,,,,,
,30955660#0,,,,,
,95396813,,,,,
,220552212#1,,,,,
,157296628#3,,,,,
,-151175272#0,,,,,
,425640363,,,,,
,-162173424#1,,,,,
,-407109951#1,,,,,
,154971367#8,,,,,
,151175242#0,,,,,
,31050180#1,,,,,
,95396831,,,,,
,-151175237,,,,,
,168664005#0,,,,,
,199297129,,,,,
,31047306#1,,,,,
,168664005#2,,,,,
,-392092815,,,,,
,-228090241,,,,,
,59262034#2,,,,,
,76187048#3,,,,,
,-133434896#2,,,,,
,199922055,,,,,
,-157058447,,,,,
,162173388,,,,,
,28063950#0,,,,,
,367848148,,,,,
,151175254#2,,,,,
,-71470206#11,,,,,
,-103760989#3,,,,,
,-157058463#1,,,,,
,120525586,,,,,
,-152333598#2,,,,,
,1080759176#11,,,,,
,682462419#0-AddedOnRampEdge,,,,,
,392092817#1,,,,,
,22736450#0,,,,,
,220548972#0,,,,,
,162173401#3,,,,,
,372741501#2,,,,,
,372741506#5,,,,,
,22375367,,,,,
,-133287965#3,,,,,
,-133288284#0,,,,,
,220548969#1,,,,,
,22562407#1,,,,,
,157238663,,,,,
,-220548970#2-AddedOffRampEdge,,,,,
,517046814#2,,,,,
,-969494638#2,,,,,
,162173387#0,,,,,
,31096752#2,,,,,
,168683423#6,,,,,
,184314030,,,,,
,172365189#2,,,,,
,449399206#11,,,,,
,-168664008#0,,,,,
,95396807,,,,,
,103760983#2,,,,,
,30998306#0,,,,,
,184315507#2,,,,,
,-220548970#0,,,,,
,228076708#1,,,,,
,154971368#1,,,,,
,1297669676,,,,,
,-174022682#1,,,,,
,184293866#3,,,,,
,-156919890#3,,,,,
,22730774#5,,,,,
,162173400#3,,,,,
,-220549212#1,,,,,
,367848145,,,,,
,168664008#4,,,,,
,22730778#0,,,,,
,174022712#2,,,,,
,-22736181#2,,,,,
,392091747,,,,,
,-31096719#0,,,,,
,95396809#2,,,,,
,-156919890#5,,,,,
,162173401#1,,,,,
,-103760979#2,,,,,
,120525537#2,,,,,
,392092817#0,,,,,
,228090243#0,,,,,
,397642511#9,,,,,
,420082433,,,,,
,174022674#1,,,,,
,220549214#1,,,,,
,304727708,,,,,
,313606688#5,,,,,
,315539210#1,,,,,
,136506337#1,,,,,
,131633150,,,,,
,-133434783,,,,,
,528899353#2,,,,,
,133230931#0,,,,,
,22562407#10,,,,,
,392943690#4,,,,,
,1030678059#0,,,,,
,151175269#1,,,,,
,22736451#2,,,,,
,-220548970#2,,,,,
,-168663974#3,,,,,
,152333575#5,,,,,
,220548976#1,,,,,
,151175253#0,,,,,
,151175220#1,,,,,
,151175254#0,,,,,
,436182375#3,,,,,
,-103760989#1,,,,,
,365814433,,,,,
,-168664008#3,,,,,
,-517046027#1,,,,,
,28063951#3,,,,,
,-103760979#7,,,,,
,-157292942#0,,,,,
,151175230,,,,,
,261326133#2,,,,,
,-449396163#2,,,,,
,-454877730#1,,,,,
,1024125608#0,,,,,
,92377217,,,,,
,387345131#1,,,,,
,392090724#7,,,,,
,228090233#3,,,,,
,1184567002#0,,,,,
,-151175247#1,,,,,
,-157292953,,,,,
,184314046#1,,,,,
,-103761129#6,,,,,
,-133287965#2,,,,,
,-30955660#1,,,,,
,528899354#1,,,,,
,-103761129#2,,,,,
,220548969#0,,,,,
,-174022677#1,,,,,
,28063950#1,,,,,
,-169811760,,,,,
,-199297129,,,,,
,969494638#1,,,,,
,151175247#0,,,,,
,31050180#0,,,,,
,-199922055,,,,,
,95396832#1,,,,,
,152333575#1,,,,,
,-969494638#0,,,,,
,-133288286#1,,,,,
,-151175269#2,,,,,
,392943665#1,,,,,
,103761129#3,,,,,
,-162173424#0,,,,,
,315539209#5,,,,,
,151175266#2,,,,,
,-22736451#3,,,,,
,174022632#1,,,,,
,-22562403#3,,,,,
,400705708#2,,,,,
,-168683414#4,,,,,
,-22562407#1,,,,,
,1024125608#1,,,,,
,-151175271#0,,,,,
,120525537#4,,,,,
,969494643,,,,,
,-449399206#12,,,,,
,30954471,,,,,
,184314035,,,,,
,220549213,,,,,
,-30998306#0,,,,,
,319196849#1,,,,,
,22736450#1,,,,,
,152333575#4,,,,,
,-228076708#1,,,,,
,368085651#1,,,,,
,319196849#8,,,,,
,22736449#0,,,,,
,-174022682#0,,,,,
,184314056#0,,,,,
,-397642511#8,,,,,
,888035089#2,,,,,
,152333598#0,,,,,
,-1024125611,,,,,
,157058387#1,,,,,
,-22562407#0,,,,,
,368083806#1,,,,,
,-133288284#5,,,,,
,31053660#2,,,,,
,392092817#4,,,,,
,368086015#1,,,,,
,151175266#3,,,,,
,157292846#6,,,,,
,-174022674#1,,,,,
,392943690#7,,,,,
,420083581#0,,,,,
,228076708#0,,,,,
,174022677#3,,,,,
,157058463#2,,,,,
,120528162,,,,,
,133434826,,,,,
,184315497#1,,,,,
,103760983#1,,,,,
,1135574250#2,,,,,
,392088983#1,,,,,
,492041972,,,,,
,-454877732#1,,,,,
,71488894,,,,,
,702669087#1,,,,,
,-151175269#1,,,,,
,220548972#1,,,,,
,184250112#0,,,,,
,184315506#1,,,,,
,59262034#1,,,,,
,-151175253#2,,,,,
,168683396,,,,,
,103760979#1,,,,,
,372741506#4,,,,,
,-151175267#1,,,,,
,1024125613,,,,,
,174022681#1,,,,,
,-22736451#5,,,,,
,-162173400#4,,,,,
,365818022,,,,,
,419753739#0,,,,,
,367848147#0,,,,,
,120525547#1,,,,,
,220551733#0,,,,,
,162173391#0,,,,,
,157058379#2,,,,,
,449490580#4,,,,,
,-151175253#1,,,,,
,-151175230,,,,,
,184315508#1,,,,,
,22730774#0,,,,,
,454877730#0,,,,,
,-22562409,,,,,
,22736445#1,,,,,
,315539209#3,,,,,
,-261326133#2,,,,,
,615528182#0,,,,,
,120525537#7,,,,,
,103760979#3,,,,,
,-120525537#5,,,,,
,168663974#4,,,,,
,-449399214,,,,,
,-92377217,,,,,
,23298952#1,,,,,
,-184314046#1,,,,,
,392092819#1,,,,,
,151175260#1,,,,,
,392092817#3,,,,,
,184293866#1,,,,,
,1024125608#2,,,,,
,1080759176#0,,,,,
,30929622#3,,,,,
,22736451#0,,,,,
,95396837,,,,,
,220548975#1,,,,,
,133230931#1,,,,,
,425464569,,,,,
,261326126#3,,,,,
,120525530#0,,,,,
,151175259#3,,,,,
,-71470206#5,,,,,
,22730778#1,,,,,
,151175269#0,,,,,
,31053667,,,,,
,1056330394,,,,,
,-151175247#0,,,,,
,-135704845,,,,,
,151175242#1,,,,,
,156942470#0,,,,,
,228076693#0,,,,,
,220551733#1,,,,,
,184293863#1,,,,,
,151175267#4,,,,,
,151175222#2,,,,,
,667865212#0,,,,,
,103760979#6,,,,,
,-103761129#3,,,,,
,-184315507#0,,,,,
,157292942#1,,,,,
,-174022632#1,,,,,
,174022674#6,,,,,
,372741504,,,,,
,31096752#0,,,,,
,-400705708#2,,,,,
,31053515#0,,,,,
,-1024125608#1,,,,,
,-151175272#1,,,,,
,-133287965#1,,,,,
,156290978#0,,,,,
,151175223#6,,,,,
,-266525211#1,,,,,
,-120525537#4,,,,,
,136506337#0,,,,,
,-168663974#1,,,,,
,-30998306#1,,,,,
,228076708#2,,,,,
,174022674#5,,,,,
,-30954471,,,,,
,168683414#2,,,,,
,392943665#0,,,,,
,372741506#2,,,,,
,151175237,,,,,
,168663971#3,,,,,
,517046814#4,,,,,
,152333576#0,,,,,
,-31096752#1,,,,,
,162173413,,,,,
,120528204#0,,,,,
,-319196849#8,,,,,
,-199921334,,,,,
,1057054850#1,,,,,
,392088983#2,,,,,
,71470206#11,,,,,
,-888035089#2,,,,,
,-133434896#0,,,,,
,184314046#0,,,,,
,-151175252#0,,,,,
,157058463#1,,,,,
,152333598#2,,,,,
,28063946#2,,,,,
,-31053660#2,,,,,
,667865211#2,,,,,
,184315497#6,,,,,
,30998306#2,,,,,
,-133288286#0,,,,,
,-174022677#3,,,,,
,-266525170,,,,,
,1051315753#4,,,,,
,-331676700,,,,,
,-104107445#0,,,,,
,-71470206#10,,,,,
,969494638#2,,,,,
,104107450,,,,,
,-397642511#5,,,,,
,372741501#3,,,,,
,-120525530#1,,,,,
,228511415,,,,,
,392943690#6,,,,,
,1102474289,,,,,
,-133288284#2,,,,,
,-174022681#1,,,,,
,157058379#6,,,,,
,1028570796#2,,,,,
,-120525547#1,,,,,
,-449585989#1,,,,,
,220549212#1,,,,,
,151175259#1,,,,,
,372741502#3,,,,,
,449399206#1,,,,,
,1030683394#1,,,,,
,22736181#2,,,,,
,-120525537#0,,,,,
,-228076708#3,,,,,
,156919890#5,,,,,
,162173387#3,,,,,
,103760979#2,,,,,
,-151175252#1,,,,,
,-454877730#0,,,,,
,-22736445#1,,,,,
,168663962#9,,,,,
,228090233#0,,,,,
,22736446#3,,,,,
,95396820#0,,,,,
,-103760979#3,,,,,
,-168663974#4,,,,,
,1056781891#4,,,,,
,-27904509#0,,,,,
,227454633,,,,,
,392090724#5,,,,,
,-184314051#0,,,,,
,209210750,,,,,
,168664002#2,,,,,
,-667865207#1,,,,,
,184293865#1,,,,,
,-1024125608#2,,,,,
,1030683393#1,,,,,
,209210758#4,,,,,
,154971367#0,,,,,
,220552211#0,,,,,
,-261326126#3,,,,,
,95396826,,,,,
,-162173421#0,,,,,
,157292942#0,,,,,
,-151175259#3,,,,,
,392940747#5,,,,,
,1056781891#2,,,,,
,-319196849#7,,,,,
,449396163#1,,,,,
,1057052863#0,,,,,
,454877730#1,,,,,
,-304727996#1,,,,,
,436182375#5,,,,,
,-151175267#4,,,,,
,95396818#1,,,,,
,162173391#2,,,,,
,157058384#7,,,,,
,1030683394#2,,,,,
,-71470206#6,,,,,
,157292953,,,,,
,133287966#1,,,,,
,-157292942#1,,,,,
,-220549212#5,,,,,
,103761129#6,,,,,
,-22562403#1,,,,,
,133230931#3,,,,,
,168683414#1,,,,,
,103761129#2,,,,,
,174022677#1,,,,,
,184293866#0,,,,,
,1030683394#3,,,,,
,368085648#1,,,,,
,667865212#3,,,,,
,-228076708#2,,,,,
,-174022674#5,,,,,
,-168683414#2,,,,,
,157058384#1,,,,,
,162173387#2,,,,,
,-152333576#0,,,,,
,-103761129#9,,,,,
,174022632#2,,,,,
,-157058463#0,,,,,
,-31096719#1,,,,,
,517046814#1,,,,,
,969494638#0,,,,,
,184315502#1,,,,,
,71470180,,,,,
,-184314046#0,,,,,
,199152198#1,,,,,
,133288286#1,,,,,
,449602008,,,,,
,151175269#2,,,,,
,365814435,,,,,
,-22562403#0,,,,,
,1024125607#1,,,,,
,315539210#2,,,,,
,-449396163#0,,,,,
,22736451#3,,,,,
,30876642,,,,,
,28063947#2,,,,,
,157058385#2,,,,,
,22562407#3,,,,,
,368084601#0,,,,,
,22562403#3,,,,,
,168683414#4,,,,,
,151175271#0,,,,,
,151175271#2,,,,,
,-104107450,,,,,
,157058466#1,,,,,
,61185358#0,,,,,
,-71470206#12,,,,,
,-319196849#4,,,,,
,-174022632#0,,,,,
,-151175266#1,,,,,
,151175222#4,,,,,
,-133434896#1,,,,,
,-449294638,,,,,
,-220548976#2,,,,,
,-133288284#4,,,,,
,151175277,,,,,
,22736446#2,,,,,
,-133434898,,,,,
,-157058398,,,,,
,22562407#6,,,,,
,-151175259#1,,,,,
,154971367#9,,,,,
,-449399206#2,,,,,
,152333597,,,,,
,28063947#0,,,,,
,397642511#8,,,,,
,-273211100#0,,,,,
,397642511#4,,,,,
,172365184,,,,,
,103760989#5,,,,,
,-71470206#7,,,,,
,-449399206#10,,,,,
,228090248#3,,,,,
,528899359#1,,,,,
,22562407#0,,,,,
,31096719#2,,,,,
,1058417654,,,,,
,172365189#1,,,,,
,-220548976#0,,,,,
,151175274#3,,,,,
,-184315508#2,,,,,
,151175223#5,,,,,
,-152333600#0,,,,,
,-227454633,,,,,
,-449399206#0,,,,,
,392090724#0,,,,,
,168683423#2,,,,,
,157296628#2,,,,,
,-22736451#1,,,,,
,1255617398#7,,,,,
,-151175231,,,,,
,-168664002#3,,,,,
,157292846#7,,,,,
,392090724#3,,,,,
,228090248#1,,,,,
,120525546#1,,,,,
,174022677#4,,,,,
,169811755#0,,,,,
,151175253#2,,,,,
,-151175267#2,,,,,
,-151175253#3,,,,,
,184315505#1,,,,,
,151175267#1,,,,,
,151175244#1,,,,,
,209210753#0,,,,,
,22736451#5,,,,,
,162173400#4,,,,,
,-168663981,,,,,
,449585989#1,,,,,
,-174022661,,,,,
,184293855#3,,,,,
,151175253#1,,,,,
,168683423#3,,,,,
,-220551730#1,,,,,
,392943690#5,,,,,
,95396853#7,,,,,
,-71470206#0,,,,,
,168663962#1,,,,,
,133287966#0,,,,,
,-22736444#2,,,,,
,120525537#5,,,,,
,27904509#3,,,,,
,-162173391#2,,,,,
,23298952#0,,,,,
,-133287966#1,,,,,
,-708004651#0,,,,,
,-220551730#2,,,,,
,492041976#0,,,,,
